hour_index,timestamp,bus,SCL_intact_MVA,SCL_contingency_MVA,delta_SCL_MVA,delta_SCL_pct
0,2025-11-12 17:00:00,1,3250.982749740668,3105.968620932701,-145.01412880796715,-4.460624370262653
0,2025-11-12 17:00:00,3,2033.037027789054,1980.1737011144835,-52.863326674570544,-2.6002146518728133
0,2025-11-12 17:00:00,5,1182.226886842859,1154.804554445558,-27.422332397300806,-2.31954903940074
0,2025-11-12 17:00:00,10,1831.7355822139784,1703.5022947684024,-128.23328744557602,-7.000644017112081
0,2025-11-12 17:00:00,12,2292.762472490394,2223.3812339268434,-69.3812385635506,-3.0260979667984897
0,2025-11-12 17:00:00,13,1044.3500211713176,1009.5572080175602,-34.79281315375738,-3.3315279789753443
0,2025-11-12 17:00:00,14,2056.2687096718223,2022.6447916669515,-33.6239180048708,-1.6351908603539045
0,2025-11-12 17:00:00,15,2609.2926294940044,2321.495938706355,-287.79669078764937,-11.029682433260046
0,2025-11-12 17:00:00,16,1912.6180930318235,1783.242715830848,-129.37537720097544,-6.764307922858429
0,2025-11-12 17:00:00,17,1212.960114765346,1175.125420174253,-37.83469459109301,-3.1192035195990226
0,2025-11-12 17:00:00,18,1129.7417449634374,1102.782453340033,-26.959291623404397,-2.3863234003340206
0,2025-11-12 17:00:00,19,1127.7982892519751,1089.973560702074,-37.82472854990101,-3.353855818932718
0,2025-11-12 17:00:00,20,1047.8866955396074,1040.8911790039003,-6.995516535707111,-0.6675832955494088
0,2025-11-12 17:00:00,21,1604.8038951771869,1380.0572310862638,-224.7466640909231,-14.00461855597059
0,2025-11-12 17:00:00,24,1855.6576663829053,1718.0466948946762,-137.6109714882291,-7.415752052826849
0,2025-11-12 17:00:00,27,1769.8751619744787,1672.4265619868245,-97.44859998765423,-5.505958955824898
0,2025-11-12 17:00:00,28,6362.0139753213625,6241.349519657857,-120.66445566350558,-1.8966392738458342
0,2025-11-12 17:00:00,29,3550.4142855905397,3491.227581496398,-59.18670409414153,-1.667036557799818
0,2025-11-12 17:00:00,30,2098.9721018844243,2069.999035509624,-28.97306637480051,-1.3803454723761666
0,2025-11-12 17:00:00,31,5277.4927464553175,4908.001174149572,-369.49157230574565,-7.001271059139181
0,2025-11-12 17:00:00,32,2177.4769960793,2150.1342107829905,-27.342785296309557,-1.2557094906417914
0,2025-11-12 17:00:00,33,1217.1741632010633,1210.5875672543566,-6.586595946706666,-0.5411383305561207
0,2025-11-12 17:00:00,34,1184.0186778366606,1170.5545473774273,-13.464130459233274,-1.137155241827249
0,2025-11-12 17:00:00,35,2500.3768197399763,2355.5130832661466,-144.8637364738297,-5.793676190330969
0,2025-11-12 17:00:00,37,1076.7399456854362,1050.909960192783,-25.829985492653122,-2.3989065879979172
0,2025-11-12 17:00:00,38,3946.87790509866,3577.599817919962,-369.2780871786981,-9.356207515354273
0,2025-11-12 17:00:00,39,3490.814699375071,2816.086268802828,-674.7284305722433,-19.328680800302397
0,2025-11-12 17:00:00,40,2776.4322972535238,2664.362551914264,-112.06974533925995,-4.036465987307543
0,2025-11-12 17:00:00,41,2779.1647636551165,2726.1570095392563,-53.00775411586028,-1.907326791454612
0,2025-11-12 17:00:00,44,2966.799136498165,2902.378521405957,-64.42061509220775,-2.1713844493107834
0,2025-11-12 17:00:00,47,3033.8432953952183,2072.1216676541712,-961.7216277410471,-31.699779260212708
0,2025-11-12 17:00:00,48,2513.403213675999,2087.5613729948823,-425.84184068111654,-16.942838234789157
0,2025-11-12 17:00:00,50,1284.332235315212,1283.914999861666,-0.4172354535460272,-0.03248656711038835
0,2025-11-12 17:00:00,53,3026.2847659789163,2209.559048630266,-816.7257173486505,-26.987735144100466
0,2025-11-12 17:00:00,54,2642.41783599461,2332.151376070759,-310.266459923851,-11.741763762621071
0,2025-11-12 17:00:00,55,1044.1284849599722,999.618796322357,-44.50968863761523,-4.2628555085652655
0,2025-11-12 17:00:00,56,1840.0255458478468,1802.7723794645683,-37.25316638327854,-2.02460049901715
1,2025-11-12 18:00:00,1,3250.633185513449,3106.762782351345,-143.87040316210414,-4.425919350213589
1,2025-11-12 18:00:00,3,2036.5276127831876,1987.3429748977735,-49.18463788541408,-2.4151225633615
1,2025-11-12 18:00:00,5,1185.8165353484371,1161.7611502475036,-24.055385100933563,-2.028592483226353
1,2025-11-12 18:00:00,10,1834.7635064186943,1708.3270451838523,-126.436461234842,-6.891158494951507
1,2025-11-12 18:00:00,12,2296.368339169885,2232.483908807917,-63.88443036196804,-2.7819766224899984
1,2025-11-12 18:00:00,13,1047.6297030297608,1016.2574714111616,-31.37223161859913,-2.99459165083523
1,2025-11-12 18:00:00,14,2061.9214485282814,2032.5729668680428,-29.348481660238576,-1.423355951856768
1,2025-11-12 18:00:00,15,2616.936557394929,2344.434253364196,-272.50230403073283,-10.413026760648703
1,2025-11-12 18:00:00,16,1918.4687333687984,1799.6649494686935,-118.80378390010492,-6.192635920184506
1,2025-11-12 18:00:00,17,1215.9005031742745,1180.7048025708025,-35.195700603472005,-2.8946201199513295
1,2025-11-12 18:00:00,18,1132.6446672075824,1108.7609680099072,-23.88369919767524,-2.108666547343397
1,2025-11-12 18:00:00,19,1130.6313794711716,1094.876961355896,-35.75441811527571,-3.1623408623241174
1,2025-11-12 18:00:00,20,1048.9780652692148,1042.8407318739207,-6.137333395294036,-0.5850773813577237
1,2025-11-12 18:00:00,21,1611.9651169834394,1399.296768899571,-212.66834808386852,-13.193111057008895
1,2025-11-12 18:00:00,24,1863.0079472662,1736.104843932177,-126.90310333402317,-6.811731722360192
1,2025-11-12 18:00:00,27,1775.3844105060884,1687.201630025011,-88.18278048107754,-4.966968277925809
1,2025-11-12 18:00:00,28,6359.654920207897,6238.671480943685,-120.98343926421148,-1.9023585521878683
1,2025-11-12 18:00:00,29,3551.1550448405574,3493.443691729634,-57.71135311092348,-1.6251431543314847
1,2025-11-12 18:00:00,30,2101.3700997073047,2074.990647437535,-26.3794522697699,-1.2553453707866233
1,2025-11-12 18:00:00,31,5272.861265920668,4903.42115418378,-369.44011173688796,-7.006444757510263
1,2025-11-12 18:00:00,32,2179.4394476348825,2154.319708007847,-25.119739627035415,-1.1525780013890836
1,2025-11-12 18:00:00,33,1217.3650449173315,1211.4162487184308,-5.948796198900709,-0.4886616568906559
1,2025-11-12 18:00:00,34,1186.3213877000042,1174.5567547967726,-11.764632903231586,-0.9916901967046569
1,2025-11-12 18:00:00,35,2500.954173134306,2356.2544924041736,-144.6996807301325,-5.78577897526161
1,2025-11-12 18:00:00,37,1079.70220758271,1056.8446268143307,-22.857580768379194,-2.117026399302625
1,2025-11-12 18:00:00,38,3946.1658296627375,3576.9914972884662,-369.1743323742712,-9.355266562779573
1,2025-11-12 18:00:00,39,3493.6495168699767,2819.1977740109783,-674.4517428589984,-19.305077386905477
1,2025-11-12 18:00:00,40,2779.6040480250103,2672.0863353639534,-107.51771266105698,-3.8680945488423593
1,2025-11-12 18:00:00,41,2783.760602537529,2735.917413158614,-47.84318937891476,-1.7186531534106575
1,2025-11-12 18:00:00,44,2973.7409665172645,2917.322539849711,-56.418426667553376,-1.8972206154737328
1,2025-11-12 18:00:00,47,3043.017495920566,2098.3450161365013,-944.6724797840648,-31.043938493632776
1,2025-11-12 18:00:00,48,2522.640062674533,2113.9218753317355,-408.7181873427976,-16.202001759595845
1,2025-11-12 18:00:00,50,1283.8738838547956,1283.4251229835563,-0.4487608712393012,-0.03495365681027089
1,2025-11-12 18:00:00,53,3035.898960242733,2236.764282837988,-799.1346774047452,-26.322835109797293
1,2025-11-12 18:00:00,54,2650.198838502189,2355.871716357616,-294.32712214457297,-11.105850544818653
1,2025-11-12 18:00:00,55,1048.2201765559696,1009.1250764530032,-39.0951001029664,-3.7296649098491113
1,2025-11-12 18:00:00,56,1840.7881240849763,1804.074665500398,-36.71345858457835,-1.9944423860746043
2,2025-11-12 19:00:00,1,3250.2837892674806,3107.500015502771,-142.78377376470962,-4.39296329250342
2,2025-11-12 19:00:00,3,2039.8733899307229,1994.01936148038,-45.85402845034287,-2.2478860049201455
2,2025-11-12 19:00:00,5,1189.2844039884487,1168.274784798779,-21.00961918966982,-1.7665765328470482
2,2025-11-12 19:00:00,10,1837.6539592153256,1712.7667299839568,-124.88722923136879,-6.796014483852846
2,2025-11-12 19:00:00,12,2299.814734300766,2240.9463102772884,-58.86842402347747,-2.5597028815182274
2,2025-11-12 19:00:00,13,1050.787124020611,1022.5045649986248,-28.282559021986117,-2.691559343986724
2,2025-11-12 19:00:00,14,2067.408448087141,2041.926170555776,-25.48227753136507,-1.2325710265401313
2,2025-11-12 19:00:00,15,2624.31278284408,2365.994502302675,-258.31828054140533,-9.843273341124176
2,2025-11-12 19:00:00,16,1924.1106516837,1815.067889437896,-109.04276224580417,-5.6671773086639226
2,2025-11-12 19:00:00,17,1218.7255631117105,1185.8976269978295,-32.827936113880924,-2.69362825458941
2,2025-11-12 19:00:00,18,1135.4395293473578,1114.3383016053665,-21.10122774199135,-1.8584193342396824
2,2025-11-12 19:00:00,19,1133.3544889178993,1099.435079644604,-33.91940927329529,-2.992833187229951
2,2025-11-12 19:00:00,20,1050.038668966444,1044.678895076839,-5.359773889605094,-0.5104358580318509
2,2025-11-12 19:00:00,21,1618.8910388657102,1417.406826177336,-201.48421268837433,-12.445816787616907
2,2025-11-12 19:00:00,24,1870.1232183690224,1753.077951835047,-117.04526653397534,-6.258692763359904
2,2025-11-12 19:00:00,27,1780.6956868622656,1701.0472252893703,-79.64846157289526,-4.472884511403658
2,2025-11-12 19:00:00,28,6357.383052271324,6236.171857259427,-121.21119501189696,-1.9066209164255317
2,2025-11-12 19:00:00,29,3551.842366136077,3495.4738374410376,-56.36852869503946,-1.5870222516761288
2,2025-11-12 19:00:00,30,2103.664523041713,2079.6333186886623,-24.031204353050725,-1.1423496517545357
2,2025-11-12 19:00:00,31,5268.403233678326,4899.153702420489,-369.2495312578367,-7.008756066684588
2,2025-11-12 19:00:00,32,2181.310142895701,2158.20168885169,-23.10845404401107,-1.0593841558603156
2,2025-11-12 19:00:00,33,1217.5288320600566,1212.152615349136,-5.376216710920517,-0.4415679176832279
2,2025-11-12 19:00:00,34,1188.5580010063452,1178.330236320993,-10.227764685352213,-0.8605187695251241
2,2025-11-12 19:00:00,35,2501.485724505594,2356.911031138163,-144.57469336743134,-5.779553005284721
2,2025-11-12 19:00:00,37,1082.5571221303524,1062.3867340712677,-20.170388059084644,-1.8632169745825105
2,2025-11-12 19:00:00,38,3945.4637228388337,3576.4090240959567,-369.054698742877,-9.35389917810055
2,2025-11-12 19:00:00,39,3496.3374526562434,2822.0470708729235,-674.2903817833198,-19.285620764982134
2,2025-11-12 19:00:00,40,2782.623089434535,2679.256258739085,-103.36683069545006,-3.7147262627097493
2,2025-11-12 19:00:00,41,2788.1792567518296,2745.033459478463,-43.1457972733665,-1.5474542093692516
2,2025-11-12 19:00:00,44,2980.4415714418874,2931.3093011781957,-49.13227026369168,-1.6484896310153907
2,2025-11-12 19:00:00,47,3051.858114683491,2123.01206298363,-928.8460516998607,-30.435427100325455
2,2025-11-12 19:00:00,48,2531.562248222317,2138.7342947177176,-392.82795350459946,-15.517214865265364
2,2025-11-12 19:00:00,50,1283.4255889729957,1282.951134220398,-0.4744547525976941,-0.03696784267620497
2,2025-11-12 19:00:00,53,3045.16845807265,2262.356119785294,-782.8123382873559,-25.706700600163646
2,2025-11-12 19:00:00,54,2657.707183498037,2378.1767024337423,-279.5304810642947,-10.517730576187125
2,2025-11-12 19:00:00,55,1052.1697130574844,1018.013992589082,-34.155720468402365,-3.246217795905735
2,2025-11-12 19:00:00,56,1841.506587952573,1805.26532871428,-36.24125923829297,-1.9680222419723616
3,2025-11-12 20:00:00,1,3249.6214509477268,3108.4663879011664,-141.15506304656037,-4.343738653171236
3,2025-11-12 20:00:00,3,2045.3347339248676,2004.257574475459,-41.077159449408555,-2.0083343214234715
3,2025-11-12 20:00:00,5,1194.8979031155209,1178.3609851528413,-16.53691796267958,-1.3839607484088803
3,2025-11-12 20:00:00,10,1842.889556188645,1720.060375331516,-122.8291808571289,-6.665032120055905
3,2025-11-12 20:00:00,12,2305.8664260809096,2254.3292248988623,-51.53720118204728,-2.2350471215126193
3,2025-11-12 20:00:00,13,1056.279557129342,1032.473995379199,-23.805561750142942,-2.253717928124963
3,2025-11-12 20:00:00,14,2066.141197765233,2046.274881279185,-19.866316486047936,-0.961517853065203
3,2025-11-12 20:00:00,15,2637.185916245587,2400.2928738096853,-236.89304243590186,-8.982796433751366
3,2025-11-12 20:00:00,16,1933.883425325787,1839.525698729421,-94.35772659636586,-4.87918378950221
3,2025-11-12 20:00:00,17,1223.547164064947,1194.0833751032992,-29.46378896164788,-2.408063197479154
3,2025-11-12 20:00:00,18,1140.1806766886928,1123.140045141606,-17.040631547086832,-1.494555371397466
3,2025-11-12 20:00:00,19,1138.0817283738616,1106.736594074027,-31.345134299834626,-2.754207674050075
3,2025-11-12 20:00:00,20,1049.4302451299295,1045.1886442335544,-4.2416008963750755,-0.40418130848229217
3,2025-11-12 20:00:00,21,1630.8492170786735,1446.2127696199443,-184.6364474587292,-11.321491007578672
3,2025-11-12 20:00:00,24,1881.8479298162329,1779.6847107335814,-102.1632190826515,-5.428877512574992
3,2025-11-12 20:00:00,27,1789.8638391487186,1723.0156309065812,-66.84820824213739,-3.73482087184527
3,2025-11-12 20:00:00,28,6353.708075897138,6232.281637557515,-121.42643833962302,-1.9111113839217064
3,2025-11-12 20:00:00,29,3553.1720930359406,3498.7144099829407,-54.45768305299998,-1.5326497458351263
3,2025-11-12 20:00:00,30,2107.2690745058617,2086.606105839792,-20.6629686660699,-0.980556727000571
3,2025-11-12 20:00:00,31,5261.185679005106,4892.518723944063,-368.66695506104315,-7.00729792776974
3,2025-11-12 20:00:00,32,2184.367218560491,2164.128645713629,-20.2385728468621,-0.9265187956903794
3,2025-11-12 20:00:00,33,1218.745418859418,1214.190977259074,-4.554441600343807,-0.3736991770279763
3,2025-11-12 20:00:00,34,1187.9713621695944,1179.9648115269515,-8.006550642642878,-0.6739683209215162
3,2025-11-12 20:00:00,35,2502.666355093428,2358.1414802691656,-144.5248748242625,-5.774835887737308
3,2025-11-12 20:00:00,37,1087.391201021755,1071.139068483642,-16.252132538113074,-1.4945984961844403
3,2025-11-12 20:00:00,38,3944.381125817093,3575.498950210963,-368.8821756061302,-9.352092605648368
3,2025-11-12 20:00:00,39,3501.2294882876217,2826.6806791706726,-674.5488091169491,-19.26605529210417
3,2025-11-12 20:00:00,40,2787.8261100205746,2690.423260485997,-97.4028495345774,-3.4938638814118343
3,2025-11-12 20:00:00,41,2794.5999472197345,2758.283827773728,-36.316119446006724,-1.2995104892253564
3,2025-11-12 20:00:00,44,2990.134125793822,2951.847401335536,-38.286724458286244,-1.2804350188847087
3,2025-11-12 20:00:00,47,3067.0163128529216,2162.242404095012,-904.7739087579098,-29.500133565194314
3,2025-11-12 20:00:00,48,2547.1212886286626,2178.231485359887,-368.8898032687757,-14.48261631339045
3,2025-11-12 20:00:00,50,1282.7133622466472,1282.2068968002254,-0.506465446421771,-0.03948391443702643
3,2025-11-12 20:00:00,53,3060.998582215194,2303.067483548528,-757.931098666666,-24.760909824341176
3,2025-11-12 20:00:00,54,2670.98458432152,2413.7234184403123,-257.2611658812075,-9.631697891156367
3,2025-11-12 20:00:00,55,1059.121897826666,1032.3657145106458,-26.75618331602027,-2.5262609876091084
3,2025-11-12 20:00:00,56,1842.8521215291928,1807.220983883544,-35.63113764564878,-1.9334778536696788
4,2025-11-12 21:00:00,1,3210.4993783409413,3071.9329632938566,-138.56641504708477,-4.316039304723068
4,2025-11-12 21:00:00,3,1984.5161289315145,1945.839155392436,-38.67697353907852,-1.9489372232969773
4,2025-11-12 21:00:00,5,1148.7477588132294,1133.8560782931468,-14.891680520082673,-1.296340332839235
4,2025-11-12 21:00:00,10,1827.162522568702,1706.422969755765,-120.73955281293684,-6.60803575607473
4,2025-11-12 21:00:00,12,2252.8440660320475,2204.1708993008438,-48.673166731203764,-2.160520892905482
4,2025-11-12 21:00:00,13,1052.4727633429827,1029.6497998119924,-22.822963530990364,-2.16850870881423
4,2025-11-12 21:00:00,14,1025.6209789788056,1016.5977650376258,-9.023213941179847,-0.8797805550120588
4,2025-11-12 21:00:00,15,2587.4034193290327,2363.703900657324,-223.69951867170857,-8.645714734724997
4,2025-11-12 21:00:00,16,1906.2266991590689,1817.5371958062065,-88.6895033528624,-4.652620981124006
4,2025-11-12 21:00:00,17,1213.0507237501456,1184.4776833690653,-28.573040381080318,-2.3554695464627216
4,2025-11-12 21:00:00,18,1114.4914807373923,1098.705238455483,-15.78624228190938,-1.416452485708062
4,2025-11-12 21:00:00,19,1130.8554329732149,1100.2258546027292,-30.62957837048566,-2.7085317430854263
4,2025-11-12 21:00:00,20,874.4759058680934,871.2239407131376,-3.2519651549557693,-0.37187590111216834
4,2025-11-12 21:00:00,21,1623.7152163110618,1444.844863018922,-178.87035329213973,-11.016116095685637
4,2025-11-12 21:00:00,24,1834.7900393623231,1740.5010274222357,-94.28901194008745,-5.138953772217848
4,2025-11-12 21:00:00,27,1765.6973948039986,1703.2106220945434,-62.48677270945518,-3.5389287481160685
4,2025-11-12 21:00:00,28,6275.257539800313,6155.377140569315,-119.88039923099768,-1.9103662036285516
4,2025-11-12 21:00:00,29,3468.3349247198166,3415.8058046842143,-52.52912003560232,-1.514534241235246
4,2025-11-12 21:00:00,30,2013.6381007724872,1994.6367876544537,-19.001313118033522,-0.9436309886440912
4,2025-11-12 21:00:00,31,5187.018489545644,4826.21245490384,-360.8060346418042,-6.9559427129285005
4,2025-11-12 21:00:00,32,2090.466097029245,2071.7401683558583,-18.725928673386534,-0.895777678480311
4,2025-11-12 21:00:00,33,1166.9573144461551,1162.7694956675657,-4.187818778589417,-0.3588664920941843
4,2025-11-12 21:00:00,34,862.257922454652,856.9344264171716,-5.323496037480368,-0.6173902145573318
4,2025-11-12 21:00:00,35,2479.4682859715654,2336.660053935299,-142.80823203626642,-5.759631322741756
4,2025-11-12 21:00:00,37,1064.4781778737554,1049.40481186241,-15.073366011345342,-1.416033350862455
4,2025-11-12 21:00:00,38,3896.039528811412,3534.021428284528,-362.0181005268837,-9.291951425280502
4,2025-11-12 21:00:00,39,3449.814944645187,2791.282211072589,-658.5327335725983,-19.088929236473245
4,2025-11-12 21:00:00,40,2718.186750017103,2625.270683880749,-92.91606613635395,-3.4183106122406532
4,2025-11-12 21:00:00,41,2594.452679448548,2562.461971134518,-31.990708314030144,-1.2330426593415371
4,2025-11-12 21:00:00,44,2576.724155814928,2546.258493758592,-30.465662056335987,-1.1823408410862963
4,2025-11-12 21:00:00,47,3034.9322667964743,2154.794497777944,-880.1377690185304,-29.000244211300327
4,2025-11-12 21:00:00,48,2523.9186955471423,2167.313243596422,-356.6054519507202,-14.12903880698955
4,2025-11-12 21:00:00,50,1174.2331644289063,1173.7950899257164,-0.4380745031899096,-0.03730728414598723
4,2025-11-12 21:00:00,53,3030.5100799675424,2294.1913108173862,-736.3187691501562,-24.296859265290493
4,2025-11-12 21:00:00,54,2622.930534475189,2379.2606047577465,-243.6699297174423,-9.289987916748133
4,2025-11-12 21:00:00,55,1055.7404625188517,1030.9744390111352,-24.766023507716454,-2.3458439253742465
4,2025-11-12 21:00:00,56,1824.861588040576,1789.6141428909818,-35.247445149594114,-1.9315133476748036
5,2025-11-12 22:00:00,1,3121.85914128675,3027.633953680905,-94.2251876058449,-3.018239559873534
5,2025-11-12 22:00:00,3,1931.8280442165983,1909.4016800012744,-22.42636421532393,-1.1608882210020068
5,2025-11-12 22:00:00,5,1132.9340762114928,1121.31163460241,-11.62244160908267,-1.02587095340515
5,2025-11-12 22:00:00,10,1747.4869281270155,1669.032070159894,-78.4548579671216,-4.48958196506859
5,2025-11-12 22:00:00,12,2139.4364527806624,2115.019875958249,-24.41657682241339,-1.1412620735090657
5,2025-11-12 22:00:00,13,1014.4885807140416,1000.5101188950164,-13.978461819025256,-1.3778826183717712
5,2025-11-12 22:00:00,14,1019.432321611453,1011.7235076811628,-7.708813930290148,-0.7561869254944312
5,2025-11-12 22:00:00,15,2159.141067712032,1908.376920780363,-250.76414693166907,-11.614069626186827
5,2025-11-12 22:00:00,16,1708.7907613937325,1600.7256544794436,-108.06510691428889,-6.324069005742299
5,2025-11-12 22:00:00,17,1181.2432525678605,1164.0301716243343,-17.213080943526165,-1.4572003612386604
5,2025-11-12 22:00:00,18,1094.5578922656885,1083.3722883129672,-11.185603952721294,-1.0219289479122542
5,2025-11-12 22:00:00,19,1103.1502642508308,1084.3461337246297,-18.804130526201106,-1.7045846912769704
5,2025-11-12 22:00:00,20,871.3133399520492,868.670529931252,-2.642810020797242,-0.30331338906651917
5,2025-11-12 22:00:00,21,1269.9277225233914,1089.2071275816766,-180.7205949417148,-14.230777999130265
5,2025-11-12 22:00:00,24,1668.7259012264597,1552.8731755843594,-115.85272564210027,-6.942585691092363
5,2025-11-12 22:00:00,27,1613.6282034218905,1538.1276255474763,-75.50057787441415,-4.678932712895461
5,2025-11-12 22:00:00,28,6186.5993258256185,6106.374621373082,-80.22470445253657,-1.2967496394609386
5,2025-11-12 22:00:00,29,3416.8920476669164,3384.6848727935,-32.207174873416534,-0.9425868427832794
5,2025-11-12 22:00:00,30,1987.4799651379883,1975.678606107914,-11.801359030074309,-0.5937850563064647
5,2025-11-12 22:00:00,31,5004.507286140706,4747.661552137804,-256.84573400290174,-5.132288141815692
5,2025-11-12 22:00:00,32,2064.9784157286504,2053.6390369530363,-11.339378775614023,-0.549128198592468
5,2025-11-12 22:00:00,33,1160.4284645592106,1157.9254830749696,-2.5029814842409905,-0.2156945956329802
5,2025-11-12 22:00:00,34,858.9599446163716,854.4713959944982,-4.488548621873406,-0.5225562204624198
5,2025-11-12 22:00:00,35,2419.728088116883,2313.449469903547,-106.2786182133359,-4.392171944247076
5,2025-11-12 22:00:00,37,1046.7285282556954,1035.925455160192,-10.80307309550335,-1.0320797421568288
5,2025-11-12 22:00:00,38,3745.7200722887656,3479.0755674505567,-266.64450483820883,-7.118644738320761
5,2025-11-12 22:00:00,39,3218.2728728014117,2734.278272748948,-483.99460005246374,-15.03895471831637
5,2025-11-12 22:00:00,40,2592.602436485386,2542.751447167349,-49.850989318037136,-1.922816572895639
5,2025-11-12 22:00:00,41,2531.840545842725,2512.532140125767,-19.308405716958077,-0.7626232919234359
5,2025-11-12 22:00:00,44,2503.106110879244,2476.8505172586847,-26.255593620559466,-1.0489205194476112
5,2025-11-12 22:00:00,47,2545.914580480304,1739.2747469580077,-806.6398335222962,-31.683695898788486
5,2025-11-12 22:00:00,48,1754.986900433952,1446.6695971083404,-308.31730332561165,-17.56806864195822
5,2025-11-12 22:00:00,50,1168.672715919463,1168.794213342066,0.12149742260316998,0.010396188851519553
5,2025-11-12 22:00:00,53,2580.695077347691,1876.913546114523,-703.7815312331682,-27.271006846592645
5,2025-11-12 22:00:00,54,2170.165053223818,1902.8536421317788,-267.3114110920394,-12.317561316128634
5,2025-11-12 22:00:00,55,1001.3827650776644,975.2044413457768,-26.178323731887644,-2.614217524490481
5,2025-11-12 22:00:00,56,1804.6699055518725,1779.926577716472,-24.743327835400578,-1.3710722254125476
6,2025-11-12 23:00:00,1,3121.563215114956,3027.619668139765,-93.94354697519111,-3.009503268115988
6,2025-11-12 23:00:00,3,1932.9983330683483,1911.212786990321,-21.78554607802721,-1.1270338781640792
6,2025-11-12 23:00:00,5,1134.2014540217835,1123.201509574041,-10.999944447742564,-0.9698404466629522
6,2025-11-12 23:00:00,10,1748.3547397909444,1670.2262436477074,-78.12849614323704,-4.468686723872701
6,2025-11-12 23:00:00,12,2140.496035348241,2117.0226273037047,-23.473408044536427,-1.0966340351439845
6,2025-11-12 23:00:00,13,1015.4273724708346,1002.066590560784,-13.360781910050605,-1.315779175574111
6,2025-11-12 23:00:00,14,1020.26573971033,1012.9770827707084,-7.288656939621546,-0.7143880908606138
6,2025-11-12 23:00:00,15,2160.7324588999786,1912.0683821053908,-248.6640767945878,-11.508323289648818
6,2025-11-12 23:00:00,16,1710.1832684135068,1603.7401704355614,-106.4430979779454,-6.224075509561612
6,2025-11-12 23:00:00,17,1182.1224216092855,1165.3784481559271,-16.74397345335842,-1.4164331161711634
6,2025-11-12 23:00:00,18,1095.5881704126375,1084.9698394174357,-10.618330995201859,-0.9691900005823006
6,2025-11-12 23:00:00,19,1104.0162224443238,1085.579764631569,-18.436457812754725,-1.6699444662086462
6,2025-11-12 23:00:00,20,871.7615388148934,869.2603536568265,-2.5011851580668463,-0.28691162051804386
6,2025-11-12 23:00:00,21,1271.2856233267444,1092.1495910828912,-179.13603224385315,-14.090935109852321
6,2025-11-12 23:00:00,24,1670.5462032147625,1556.374878640854,-114.17132457390858,-6.834370959282645
6,2025-11-12 23:00:00,27,1614.9885842579763,1540.9596364331908,-74.02894782478552,-4.583868180021774
6,2025-11-12 23:00:00,28,6185.694648483512,6105.485762167462,-80.20888631604976,-1.2966835719204763
6,2025-11-12 23:00:00,29,3417.4523273624472,3385.50445949406,-31.94786786838722,-0.9348445803498374
6,2025-11-12 23:00:00,30,1988.602213279284,1977.244138139353,-11.358075139930861,-0.5711587296888775
6,2025-11-12 23:00:00,31,5002.85925336514,4746.266821013536,-256.59243235160375,-5.128915673152479
6,2025-11-12 23:00:00,32,2066.0292423330698,2055.060460878807,-10.968781454262626,-0.5309112392753984
6,2025-11-12 23:00:00,33,1161.6277054102627,1159.222353898333,-2.4053515119296662,-0.2070673332537421
6,2025-11-12 23:00:00,34,859.5652212765506,855.322894741289,-4.2423265352615545,-0.49354329726849866
6,2025-11-12 23:00:00,35,2419.947465056614,2313.70189498606,-106.2455700705541,-4.390408122684949
6,2025-11-12 23:00:00,37,1047.768585377367,1037.5154126631185,-10.253172714248421,-0.9785722589263939
6,2025-11-12 23:00:00,38,3745.220822915119,3478.739599167247,-266.4812237478718,-7.115233956764512
6,2025-11-12 23:00:00,39,3218.806245958399,2734.9561449836506,-483.85010097474833,-15.031973470981074
6,2025-11-12 23:00:00,40,2593.516000317367,2544.451402867089,-49.06459745027769,-1.89181780425776
6,2025-11-12 23:00:00,41,2533.433998667032,2514.996250480109,-18.437748186922818,-0.7277769303097634
6,2025-11-12 23:00:00,44,2505.293393512748,2480.330073429719,-24.963320083028975,-0.9964230196618666
6,2025-11-12 23:00:00,47,2547.608351199206,1743.5403381793392,-804.0680130198668,-31.56168068931699
6,2025-11-12 23:00:00,48,1756.476200662266,1450.140162319188,-306.3360383430779,-17.44037512307746
6,2025-11-12 23:00:00,50,1168.4756170606847,1168.5834062276103,0.10778916692561324,0.009224768181021891
6,2025-11-12 23:00:00,53,2582.5436061452046,1881.4139093766776,-701.1296967685271,-27.148803803357957
6,2025-11-12 23:00:00,54,2171.786029345733,1906.632658241132,-265.15337110460086,-12.20900068062784
6,2025-11-12 23:00:00,55,1002.56044139965,977.365519837502,-25.19492156214801,-2.513057619446265
6,2025-11-12 23:00:00,56,1805.0635515360443,1780.4016023219124,-24.661949214131937,-1.366264871568954
7,2025-11-13 00:00:00,1,3120.242380049955,3027.576301477145,-92.66607857280997,-2.969835906508211
7,2025-11-13 00:00:00,3,1938.1784661981824,1919.185510639904,-18.99295555827848,-0.9799384261829074
7,2025-11-13 00:00:00,5,1139.829213750966,1131.5305863890503,-8.298627361915578,-0.7280588409035718
7,2025-11-13 00:00:00,10,1752.2675227934185,1675.5399954982422,-76.72752729517629,-4.378756456825685
7,2025-11-13 00:00:00,12,2145.232949339279,2125.8952204188536,-19.337728920425434,-0.901427927740032
7,2025-11-13 00:00:00,13,1019.6521145455342,1008.9713938352664,-10.680720710267792,-1.047486741596006
7,2025-11-13 00:00:00,14,1023.8016072078568,1018.339243736566,-5.462363471290814,-0.5335373018399473
7,2025-11-13 00:00:00,15,2167.87436388498,1928.4444252409423,-239.42993864403775,-11.044456386991119
7,2025-11-13 00:00:00,16,1716.428993190406,1617.103308745426,-99.32568444497997,-5.7867633813595
7,2025-11-13 00:00:00,17,1186.0613006678352,1171.346267009745,-14.715033658090306,-1.2406638383534405
7,2025-11-13 00:00:00,18,1100.180392707775,1092.0252174292827,-8.155175278492152,-0.7412580093724951
7,2025-11-13 00:00:00,19,1107.9062309567285,1091.051315185782,-16.85491577094649,-1.5213305332159284
7,2025-11-13 00:00:00,20,873.6666092597432,871.7843444160067,-1.8822648437364933,-0.21544429234068296
7,2025-11-13 00:00:00,21,1277.395710447131,1105.2010865207171,-172.1946239264139,-13.480131686534321
7,2025-11-13 00:00:00,24,1678.671981862768,1571.8558054949,-106.81617636786791,-6.363135712156073
7,2025-11-13 00:00:00,27,1621.088731265766,1553.5107208842803,-67.57801038148568,-4.168680534144478
7,2025-11-13 00:00:00,28,6181.673484058867,6101.600950635889,-80.07253342297827,-1.2953213014156628
7,2025-11-13 00:00:00,29,3419.8798677387663,3389.083537750635,-30.79632998813122,-0.9005091166694646
7,2025-11-13 00:00:00,30,1993.444530898228,1984.021747444983,-9.422783453245074,-0.4726885201565781
7,2025-11-13 00:00:00,31,4995.525242472566,4740.168288389791,-255.3569540827748,-5.111713817632204
7,2025-11-13 00:00:00,32,2070.5329435292592,2061.185030095642,-9.347913433617123,-0.45147378421728673
7,2025-11-13 00:00:00,33,1166.9520543295105,1164.9727303877182,-1.979323941792245,-0.16961484702381321
7,2025-11-13 00:00:00,34,862.1181869139333,858.9473420114934,-3.1708449024398533,-0.3677970086433641
7,2025-11-13 00:00:00,35,2420.9419929924547,2314.840952616183,-106.10104037627161,-4.3826345564407045
7,2025-11-13 00:00:00,37,1052.407526370529,1044.5404664213202,-7.867059949208851,-0.7475298068553565
7,2025-11-13 00:00:00,38,3743.012384162631,3477.2956900596937,-265.71669410293725,-7.099006544227135
7,2025-11-13 00:00:00,39,3221.23033961019,2737.9949370655977,-483.2354025445925,-15.001578639144139
7,2025-11-13 00:00:00,40,2597.5884208793877,2551.978939470337,-45.60948140905066,-1.755839417917101
7,2025-11-13 00:00:00,41,2540.400778666856,2525.769293333526,-14.631485333329692,-0.5759518520147817
7,2025-11-13 00:00:00,44,2514.9058037787845,2495.583886459336,-19.321917319448403,-0.76829586581001
7,2025-11-13 00:00:00,47,2555.223305412849,1762.455003524165,-792.7683018886842,-31.02540197599662
7,2025-11-13 00:00:00,48,1763.1793738253275,1465.540576111072,-297.6387977142556,-16.880800792746893
7,2025-11-13 00:00:00,50,1167.5947949360911,1167.648769377015,0.053974440923866496,0.004622703112240305
7,2025-11-13 00:00:00,53,2590.848748925513,1901.371585851884,-689.4771630736291,-26.612019067480173
7,2025-11-13 00:00:00,54,2179.071136678167,1923.4042063612212,-255.6669303169458,-11.732840016718828
7,2025-11-13 00:00:00,55,1007.8654417206984,986.9617891439692,-20.9036525767292,-2.074051923145715
7,2025-11-13 00:00:00,56,1806.800309212636,1782.489214562513,-24.311094650122868,-1.3455330135911427
8,2025-11-13 01:00:00,1,3080.8607167177856,2990.194330751614,-90.66638596617167,-2.94289142882005
8,2025-11-13 01:00:00,3,1887.1127703526995,1869.2806751216183,-17.83209523108121,-0.9449406262959267
8,2025-11-13 01:00:00,5,1116.5668148378943,1109.1147121212844,-7.452102716609943,-0.6674121617784115
8,2025-11-13 01:00:00,10,1736.3309057104634,1661.9669814386689,-74.36392427179453,-4.28281982583076
8,2025-11-13 01:00:00,12,2104.8667377716783,2087.747884813259,-17.11885295841921,-0.8132986593033495
8,2025-11-13 01:00:00,13,1014.6761407790292,1005.6401241959502,-9.036016583079004,-0.8905320840737911
8,2025-11-13 01:00:00,14,906.6546122300977,900.8868537431164,-5.767758486981279,-0.6361582910601786
8,2025-11-13 01:00:00,15,2135.094831107608,1908.2959441433936,-226.7988869642145,-10.622426866471294
8,2025-11-13 01:00:00,16,1695.1086285521574,1602.308999082205,-92.79962946995238,-5.4745535422833225
8,2025-11-13 01:00:00,17,1176.068710105074,1162.5057116867094,-13.562998418364486,-1.1532488112155217
8,2025-11-13 01:00:00,18,1084.5961976333583,1077.3764198628064,-7.2197777705519,-0.6656650453233938
8,2025-11-13 01:00:00,19,1100.365308643566,1084.5687232738958,-15.79658536967031,-1.4355764622517004
8,2025-11-13 01:00:00,20,647.536301982653,643.896381468714,-3.6399205139389323,-0.5621183712471526
8,2025-11-13 01:00:00,21,1269.1584554702474,1103.465748650391,-165.6927068198563,-13.05532072104141
8,2025-11-13 01:00:00,24,1650.6465446070802,1551.324088811837,-99.32245579524306,-6.017184970322388
8,2025-11-13 01:00:00,27,1601.723558666863,1539.3407034692025,-62.38285519766055,-3.8947329493975023
8,2025-11-13 01:00:00,28,6070.189699657384,5991.960842106441,-78.22885755094285,-1.2887382671971235
8,2025-11-13 01:00:00,29,3286.5619049062625,3256.641669232544,-29.920235673718707,-0.9103810163762023
8,2025-11-13 01:00:00,30,1831.350911808769,1821.5905870752697,-9.760324733499374,-0.5329576473063483
8,2025-11-13 01:00:00,31,4917.939154995135,4668.871844784378,-249.06731021075757,-5.064465060690731
8,2025-11-13 01:00:00,32,1872.0429974487924,1862.157664455405,-9.885332993387465,-0.5280505312569813
8,2025-11-13 01:00:00,33,937.9367524478804,933.8968224504011,-4.039929997479248,-0.430725204757742
8,2025-11-13 01:00:00,34,709.4261826332415,705.1951535298211,-4.231029103420383,-0.5964015999121555
8,2025-11-13 01:00:00,35,2393.026926408944,2288.882399247163,-104.14452716178084,-4.351999804618313
8,2025-11-13 01:00:00,37,1038.3312064304748,1031.3630928757746,-6.968113554700267,-0.6710877523035172
8,2025-11-13 01:00:00,38,3692.958349735814,3433.33660846613,-259.62174126968375,-7.030183302453344
8,2025-11-13 01:00:00,39,3172.314113060357,2702.4221893622266,-469.89192369813054,-14.812276053105663
8,2025-11-13 01:00:00,40,2541.204482048332,2498.235622133792,-42.96885991454019,-1.6908855709204966
8,2025-11-13 01:00:00,41,2385.7765427360173,2372.01467221656,-13.761870519457261,-0.576829819261912
8,2025-11-13 01:00:00,44,2362.4440294304486,2345.5761911506856,-16.867838279762964,-0.7139994882261638
8,2025-11-13 01:00:00,47,2526.259873003902,1756.855747675782,-769.4041253281202,-30.45625406752965
8,2025-11-13 01:00:00,48,1746.206391604425,1459.5289432494087,-286.6774483550164,-16.417157200507976
8,2025-11-13 01:00:00,50,666.3196129152692,663.0157891891092,-3.303823726159976,-0.4958316792905356
8,2025-11-13 01:00:00,53,2562.3601159380246,1894.802769894779,-667.5573460432456,-26.052440556305932
8,2025-11-13 01:00:00,54,2147.2121040642824,1904.5202768205047,-242.69182724377765,-11.302648060916113
8,2025-11-13 01:00:00,55,1003.0661835169828,984.8987002571852,-18.167483259797677,-1.8111948701229528
8,2025-11-13 01:00:00,56,1779.2620205392816,1755.162817855383,-24.09920268389851,-1.3544493394286141
9,2025-11-13 02:00:00,1,3080.0765265561604,2990.1067863248995,-89.96974023126086,-2.9210228854883744
9,2025-11-13 02:00:00,3,1887.1779574027137,1871.3294061486308,-15.84855125408285,-0.8398016303610764
9,2025-11-13 02:00:00,5,1117.075469852012,1111.3190905183037,-5.75637933370831,-0.515308006402728
9,2025-11-13 02:00:00,10,1735.8802573737255,1663.1860091829544,-72.69424819077108,-4.18774554765389
9,2025-11-13 02:00:00,12,2104.3396753005213,2089.93951492978,-14.400160370741105,-0.684307792119379
9,2025-11-13 02:00:00,13,1014.7311476625016,1007.4869569231832,-7.2441907393183556,-0.7139024712117898
9,2025-11-13 02:00:00,14,907.1411548469528,902.674095554018,-4.467059292934778,-0.49243265715228546
9,2025-11-13 02:00:00,15,2133.8107598674487,1912.6663840766664,-221.1443757907823,-10.363823256965846
9,2025-11-13 02:00:00,16,1694.4914543129976,1605.8808751779627,-88.61057913503487,-5.229331721295726
9,2025-11-13 02:00:00,17,1176.163207095247,1164.0969911344391,-12.066215960807767,-1.025896396692048
9,2025-11-13 02:00:00,18,1084.8557272770895,1079.2090894869636,-5.646637790125851,-0.520496656665906
9,2025-11-13 02:00:00,19,1100.4820623614055,1085.9888974846367,-14.493164876768788,-1.3169832905471872
9,2025-11-13 02:00:00,20,647.9499552903798,645.1256451984199,-2.8243100919598874,-0.435883985931316
9,2025-11-13 02:00:00,21,1268.7047725035063,1107.080621392372,-161.62415111113432,-12.739303470278989
9,2025-11-13 02:00:00,24,1650.6436790904204,1555.5612860733406,-95.08239301707977,-5.760322122911136
9,2025-11-13 02:00:00,27,1601.311608139362,1542.6932298343777,-58.61837830498439,-3.6606478093976844
9,2025-11-13 02:00:00,28,6068.872315632789,5990.535581146779,-78.33673448600985,-1.2907955615448112
9,2025-11-13 02:00:00,29,3286.252925705945,3257.372782711059,-28.880142994886228,-0.8788168058818012
9,2025-11-13 02:00:00,30,1831.6436704146663,1823.4372343423288,-8.20643607233751,-0.44803671177372906
9,2025-11-13 02:00:00,31,4915.830201140796,4666.893519693444,-248.93668144735148,-5.063980472506593
9,2025-11-13 02:00:00,32,1872.2985335935336,1863.8507683947623,-8.447765198771322,-0.4511975546205971
9,2025-11-13 02:00:00,33,938.2316028871004,935.0347676533524,-3.1968352337479473,-0.34072986071996875
9,2025-11-13 02:00:00,34,709.8623779889712,706.5882707294287,-3.274107259542461,-0.4612312697593518
9,2025-11-13 02:00:00,35,2392.488361143675,2288.980127959121,-103.50823318455377,-4.326383980195164
9,2025-11-13 02:00:00,37,1038.649928500728,1033.203619822275,-5.446308678453079,-0.5243642279275679
9,2025-11-13 02:00:00,38,3691.5782977728127,3432.746083477224,-258.8322142955885,-7.01142420443164
9,2025-11-13 02:00:00,39,3170.7215956240443,2702.9912196282157,-467.7303759958286,-14.751543517455131
9,2025-11-13 02:00:00,40,2540.5292645390705,2500.0619590454257,-40.467305493644744,-1.5928690945816264
9,2025-11-13 02:00:00,41,2385.9666484058907,2374.7596791068995,-11.206969298991226,-0.46970351854996856
9,2025-11-13 02:00:00,44,2362.7771134701097,2349.3470159383955,-13.430097531714182,-0.5684030649844061
9,2025-11-13 02:00:00,47,2523.932317071928,1762.043062714524,-761.8892543574041,-30.18659609863427
9,2025-11-13 02:00:00,48,1745.1262962903477,1463.7490722273417,-281.377224063006,-16.123602323862496
9,2025-11-13 02:00:00,50,666.7122878677704,664.1533058379916,-2.5589820297788037,-0.3838210389016152
9,2025-11-13 02:00:00,53,2559.7701810536205,1900.26718442402,-659.5029966296006,-25.76414873143589
9,2025-11-13 02:00:00,54,2145.872013971134,1909.001108489718,-236.870905481416,-11.038445160718815
9,2025-11-13 02:00:00,55,1003.139276627027,987.4413119703772,-15.697964656649788,-1.5648838623319483
9,2025-11-13 02:00:00,56,1779.2101293614955,1755.6497989684165,-23.560330393079084,-1.3242016782769874
10,2025-11-13 03:00:00,1,3080.6263235870906,2990.1678494835382,-90.45847410355236,-2.9363663295008866
10,2025-11-13 03:00:00,3,1887.132632544762,1869.8962091054611,-17.23642343930078,-0.9133657667748448
10,2025-11-13 03:00:00,5,1116.7190249132614,1109.77662064295,-6.942404270311272,-0.6216786958429859
10,2025-11-13 03:00:00,10,1736.1965069008734,1662.33376162039,-73.8627452804833,-4.2542848684984955
10,2025-11-13 03:00:00,12,2104.7094971599904,2088.4064493490464,-16.30304781094401,-0.7745984817830052
10,2025-11-13 03:00:00,13,1014.692742318937,1006.1949681268596,-8.497774192077372,-0.8374726493713662
10,2025-11-13 03:00:00,14,906.8001803157144,901.4234867121564,-5.37669360355801,-0.5929303633007708
10,2025-11-13 03:00:00,15,2134.710762136277,1909.607624426577,-225.10313770969992,-10.54490105649871
10,2025-11-13 03:00:00,16,1694.924128749887,1603.3813175089165,-91.54281124097042,-5.400997583796804
10,2025-11-13 03:00:00,17,1176.0971811686431,1162.9838642925315,-13.11331687611164,-1.1149858265183012
10,2025-11-13 03:00:00,18,1084.673960513186,1077.9269134293036,-6.747047083882535,-0.6220345771636613
10,2025-11-13 03:00:00,19,1100.400412866283,1084.9955094276206,-15.404903438662359,-1.3999361740092615
10,2025-11-13 03:00:00,20,647.6600738669587,644.2654477130576,-3.394626153901072,-0.5241370111998583
10,2025-11-13 03:00:00,21,1269.02271092027,1104.550614423962,-164.4720964963078,-12.960532154466797
10,2025-11-13 03:00:00,24,1650.645566864083,1552.5958321717917,-98.0497346922914,-5.940084089558214
10,2025-11-13 03:00:00,27,1601.6004807099137,1540.3472923850431,-61.25318832487051,-3.8244986226352697
10,2025-11-13 03:00:00,28,6069.7952968491545,5991.532106091556,-78.26319075759875,-1.2893876470302938
10,2025-11-13 03:00:00,29,3286.469667912132,3256.861276118684,-29.608391793447936,-0.9009178475776991
10,2025-11-13 03:00:00,30,1831.43871120526,1822.145260675034,-9.293450530225982,-0.5074398871972086
10,2025-11-13 03:00:00,31,4917.307993713945,4668.276760400942,-249.0312333130023,-5.064381438611373
10,2025-11-13 03:00:00,32,1872.119659415505,1862.666232324844,-9.45342709066108,-0.5049584861264977
10,2025-11-13 03:00:00,33,938.0251040523128,934.2386854483528,-3.786418603959987,-0.4036585574951544
10,2025-11-13 03:00:00,34,709.5566922130345,705.613425277769,-3.9432669352654557,-0.555736698496467
10,2025-11-13 03:00:00,35,2392.8661189753693,2288.911983877037,-103.95413509833224,-4.344335618026371
10,2025-11-13 03:00:00,37,1038.4266480616295,1031.9158858015226,-6.510762260106958,-0.6269833572029587
10,2025-11-13 03:00:00,38,3692.5457490945264,3433.1590122880384,-259.386736806488,-7.024604552837129
10,2025-11-13 03:00:00,39,3171.838345108969,2702.593497233649,-469.2448478753199,-14.794097202302375
10,2025-11-13 03:00:00,40,2541.0030438818767,2498.7844993675303,-42.21854451434638,-1.6614913002957026
10,2025-11-13 03:00:00,41,2385.833682180657,2372.8390784522594,-12.994603728397578,-0.544656730494327
10,2025-11-13 03:00:00,44,2362.5437850758603,2346.70852781364,-15.835257262220239,-0.6702630174412524
10,2025-11-13 03:00:00,47,2525.5636997163647,1758.412658195616,-767.1510415207488,-30.375438228182656
10,2025-11-13 03:00:00,48,1745.8833126422182,1460.7954058477878,-285.0879067944304,-16.329150105855508
10,2025-11-13 03:00:00,50,666.4371307306399,663.3573344465602,-3.0797962840796345,-0.46212855527769575
10,2025-11-13 03:00:00,53,2561.585325446854,1896.4428359410076,-665.1424895058462,-25.96604855978459
10,2025-11-13 03:00:00,54,2146.811276703815,1905.8650292935863,-240.9462474102288,-11.22344800518164
10,2025-11-13 03:00:00,55,1003.0880631831744,985.662234650798,-17.425828532376386,-1.7372182136309846
10,2025-11-13 03:00:00,56,1779.2466928742642,1755.3092528359552,-23.937440038308978,-1.3453693708790604
11,2025-11-13 04:00:00,1,3120.3860444365496,3027.580058187409,-92.80598624914046,-2.9741828391588805
11,2025-11-13 04:00:00,3,1937.625576161993,1918.3353943972636,-19.29018176472937,-0.9955577590454263
11,2025-11-13 04:00:00,5,1139.2261488652678,1130.6411616865012,-8.584987178766596,-0.7535805939248953
11,2025-11-13 04:00:00,10,1751.8436132333804,1674.9685269315382,-76.8750863018422,-4.388239094011008
11,2025-11-13 04:00:00,12,2144.723894054271,2124.9441901122404,-19.779703942030665,-0.9222494325197343
11,2025-11-13 04:00:00,13,1019.194017063519,1008.22910766532,-10.964909398198984,-1.0758412249898068
11,2025-11-13 04:00:00,14,1023.436881853786,1017.7807327316248,-5.656149122161196,-0.552662232761831
11,2025-11-13 04:00:00,15,2167.1033597425303,1926.684916334972,-240.41844340755824,-11.093999846694986
11,2025-11-13 04:00:00,16,1715.7544993093595,1615.668131545483,-100.08636776387652,-5.833373469465716
11,2025-11-13 04:00:00,17,1185.6359342362873,1170.7061791460578,-14.929755090229492,-1.2592191801141983
11,2025-11-13 04:00:00,18,1099.68697021076,1091.270513588972,-8.416456621787802,-0.7653502178146887
11,2025-11-13 04:00:00,19,1107.4852279665122,1090.4636283159998,-17.02159965051237,-1.536959520603833
11,2025-11-13 04:00:00,20,873.4706207927154,871.5224305279874,-1.948190264728055,-0.2230401593770814
11,2025-11-13 04:00:00,21,1276.7333869711392,1103.797751482109,-172.93563548903012,-13.54516434314405
11,2025-11-13 04:00:00,24,1677.796642885698,1570.1962655578436,-107.6003773278544,-6.413195412215687
11,2025-11-13 04:00:00,27,1620.4298972645297,1552.162952457135,-68.2669448073948,-4.21289096940492
11,2025-11-13 04:00:00,28,6182.107154911041,6102.0149084625655,-80.09224644847563,-1.2955493077283637
11,2025-11-13 04:00:00,29,3419.627327765751,3388.7066107871638,-30.92071697858728,-0.9042130622692635
11,2025-11-13 04:00:00,30,1992.9392760211197,1983.3101699549693,-9.62910606615037,-0.4831610366661432
11,2025-11-13 04:00:00,31,4996.316950036776,4740.818417439091,-255.49853259768497,-5.113737482082764
11,2025-11-13 04:00:00,32,2070.0661211668985,2060.5450981141425,-9.521023052755936,-0.4599381128651545
11,2025-11-13 04:00:00,33,1166.3857935403614,1164.3609799014623,-2.0248136388991043,-0.17359724802144016
11,2025-11-13 04:00:00,34,861.8566161876347,858.5719889243098,-3.2846272633248645,-0.3811106397087481
11,2025-11-13 04:00:00,35,2420.834979568168,2314.7182587851967,-106.11672078297124,-4.383476018753682
11,2025-11-13 04:00:00,37,1051.9086785961083,1043.7886365065408,-8.120042089567505,-0.7719341283888469
11,2025-11-13 04:00:00,38,3743.250638908382,3477.448290630918,-265.8023482774638,-7.100842928192965
11,2025-11-13 04:00:00,39,3220.9678858243947,2737.667219136263,-483.3006666881315,-15.004827238891657
11,2025-11-13 04:00:00,40,2597.1524189505176,2551.172917404151,-45.979501546366464,-1.7703813303705258
11,2025-11-13 04:00:00,41,2539.665163328248,2524.6277720510207,-15.03739127722747,-0.592101332662329
11,2025-11-13 04:00:00,44,2513.88597384042,2493.9635377361155,-19.922436104304325,-0.7924956148217481
11,2025-11-13 04:00:00,47,2554.3993378287464,1760.4220310726714,-793.977306756075,-31.08274007896354
11,2025-11-13 04:00:00,48,1762.4533818157556,1463.8845758121042,-298.5688060036514,-16.940522176878968
11,2025-11-13 04:00:00,50,1167.690190049697,1167.7494311074838,0.059241057786721285,0.005073354070414857
11,2025-11-13 04:00:00,53,2589.950268362637,1899.2264500587007,-690.7238183039362,-26.669385383241778
11,2025-11-13 04:00:00,54,2178.2839285081463,1921.6015240747129,-256.6824044334335,-11.783698216477639
11,2025-11-13 04:00:00,55,1007.2897831458022,985.9294756403506,-21.3603075054516,-2.1205722387794497
11,2025-11-13 04:00:00,56,1806.6159840094044,1782.267697749263,-24.34828626014132,-1.3477289294266852
12,2025-11-13 05:00:00,1,3210.820517743972,3072.26700284208,-138.55351490189196,-4.315205852715935
12,2025-11-13 05:00:00,3,1984.280065982236,1945.7961469606496,-38.483919021586416,-1.9394398845878915
12,2025-11-13 05:00:00,5,1148.3021179221555,1133.5560506548743,-14.746067267281205,-1.2841626813302502
12,2025-11-13 05:00:00,10,1827.038837208391,1706.3441978363169,-120.6946393720741,-6.6060248372436625
12,2025-11-13 05:00:00,12,2252.757722463725,2204.371857951924,-48.38586451180072,-2.1478503449045374
12,2025-11-13 05:00:00,13,1052.2333395432129,1029.5950881641306,-22.63825137908225,-2.1514478327506508
12,2025-11-13 05:00:00,14,1025.3595420229262,1016.426125539644,-8.933416483282258,-0.8712472178936931
12,2025-11-13 05:00:00,15,2587.639059212947,2364.9292541566697,-222.70980505627722,-8.606679678270753
12,2025-11-13 05:00:00,16,1906.1417255705144,1818.1018460028724,-88.03987956764195,-4.618747829010003
12,2025-11-13 05:00:00,17,1212.77844279097,1184.3535879197211,-28.424854871248954,-2.343779693662328
12,2025-11-13 05:00:00,18,1114.1880639790563,1098.5475166411454,-15.640547337910903,-1.4037618821776305
12,2025-11-13 05:00:00,19,1130.5756793515304,1100.0520719870551,-30.52360736447531,-2.699828761749313
12,2025-11-13 05:00:00,20,874.4398662456085,871.2222514756551,-3.2176147699534567,-0.36796295481909197
12,2025-11-13 05:00:00,21,1623.9968889088093,1445.8815935549833,-178.115295353826,-10.967711611412302
12,2025-11-13 05:00:00,24,1834.320323455388,1740.6426759552123,-93.67764750017568,-5.1069405001036605
12,2025-11-13 05:00:00,27,1765.5063133667018,1703.5686071414443,-61.93770622525744,-3.508212106426649
12,2025-11-13 05:00:00,28,6275.81937837847,6155.886908909552,-119.93246946891759,-1.9110248756060508
12,2025-11-13 05:00:00,29,3468.400142078141,3415.926089955265,-52.474052122875946,-1.5129180594323057
12,2025-11-13 05:00:00,30,2013.4737504452144,1994.5955923254005,-18.87815811981386,-0.9375914692525577
12,2025-11-13 05:00:00,31,5188.017103581771,4826.992523898677,-361.0245796830941,-6.958816296766739
12,2025-11-13 05:00:00,32,2090.357715116831,2071.735583759449,-18.62213135738193,-0.8908585943311206
12,2025-11-13 05:00:00,33,1167.008935534356,1162.842464283511,-4.166471250845007,-0.35702136667336154
12,2025-11-13 05:00:00,34,862.1206031404076,856.8514544739561,-5.269148666451542,-0.6111846355669791
12,2025-11-13 05:00:00,35,2479.5704105820478,2336.76179119523,-142.80861938681755,-5.759409725868403
12,2025-11-13 05:00:00,37,1064.144753767199,1049.2115319276777,-14.933221839521366,-1.4033073777468699
12,2025-11-13 05:00:00,38,3896.612202080976,3534.4497540926163,-362.1624479883599,-9.294290250257593
12,2025-11-13 05:00:00,39,3450.201216059266,2791.496950678969,-658.7042653802969,-19.09176375900338
12,2025-11-13 05:00:00,40,2718.226987046843,2625.548395641217,-92.67859140562587,-3.4095236287207364
12,2025-11-13 05:00:00,41,2594.169090699524,2562.425838393853,-31.74325230567092,-1.2236385214624261
12,2025-11-13 05:00:00,44,2576.1865340097565,2546.034446018488,-30.152087991268672,-1.1704155577716595
12,2025-11-13 05:00:00,47,3035.571367041248,2156.1395393258017,-879.4318277154462,-28.97088295349889
12,2025-11-13 05:00:00,48,2524.7481993830143,2169.2102681144274,-355.5379312685868,-14.082114460185435
12,2025-11-13 05:00:00,50,1174.4076043448065,1173.9701839274212,-0.43742041738528314,-0.03724604777481127
12,2025-11-13 05:00:00,53,3031.0207372543955,2295.5192632561266,-735.5014739982689,-24.265801449597202
12,2025-11-13 05:00:00,54,2623.33153645783,2380.7403650933734,-242.59117136445684,-9.247446157416194
12,2025-11-13 05:00:00,55,1055.3887914842478,1030.8543758119588,-24.534415672289015,-2.324680332996999
12,2025-11-13 05:00:00,56,1824.82442803632,1789.6054163806443,-35.21901165567556,-1.9299945306833972
13,2025-11-13 06:00:00,1,3249.9288852524523,3108.1915895124057,-141.73729574004665,-4.361242991599695
13,2025-11-13 06:00:00,3,2043.1248368219535,2000.341387224897,-42.78344959705646,-2.0940203371814223
13,2025-11-13 06:00:00,5,1192.682096358898,1174.4796156790994,-18.202480679798555,-1.5261804243870467
13,2025-11-13 06:00:00,10,1840.4510087476797,1716.9187128009576,-123.53229594672212,-6.712066518455098
13,2025-11-13 06:00:00,12,2303.154051151992,2248.9458974883964,-54.20815366359557,-2.353648625305013
13,2025-11-13 06:00:00,13,1053.8697458177437,1028.4301186501534,-25.439627167590288,-2.413925180843916
13,2025-11-13 06:00:00,14,2072.8101106315285,2050.8904834858195,-21.919627145709,-1.0574836080392667
13,2025-11-13 06:00:00,15,2631.531525023981,2386.6145136569403,-244.9170113670407,-9.307014148911204
13,2025-11-13 06:00:00,16,1929.628447927303,1829.768384040094,-99.86006388720898,-5.175092852433481
13,2025-11-13 06:00:00,17,1221.4778858918517,1190.81324873491,-30.66463715694158,-2.5104537307731984
13,2025-11-13 06:00:00,18,1138.1682685071032,1119.6313714009614,-18.53689710614185,-1.6286605082090428
13,2025-11-13 06:00:00,19,1136.0086146055191,1103.744371678917,-32.26424292660204,-2.840140691873701
13,2025-11-13 06:00:00,20,1051.0840427236456,1046.4421881771573,-4.6418545464882754,-0.44162544171634116
13,2025-11-13 06:00:00,21,1625.684837192124,1434.7558854943568,-190.92895169776716,-11.744524358579786
13,2025-11-13 06:00:00,24,1877.1092122909483,1769.312872260462,-107.79634003048636,-5.742678120412854
13,2025-11-13 06:00:00,27,1785.888740336636,1714.2494197133565,-71.63932062327945,-4.011410061848287
13,2025-11-13 06:00:00,28,6355.164012447058,6233.796366235949,-121.36764621110888,-1.9097484498181538
13,2025-11-13 06:00:00,29,3552.4869988595024,3497.3611854593087,-55.12581340019369,-1.5517527134621856
13,2025-11-13 06:00:00,30,2105.8900736484893,2084.02379922568,-21.86627442280951,-1.0383388333715744
13,2025-11-13 06:00:00,31,5264.050562255164,4895.104335453833,-368.94622680133034,-7.008789570654707
13,2025-11-13 06:00:00,32,2183.11758000648,2161.861778194278,-21.255801812201753,-0.9736443885051149
13,2025-11-13 06:00:00,33,1217.6687177390208,1212.8156455617489,-4.853072177271997,-0.39855439386528946
13,2025-11-13 06:00:00,34,1190.7612544971955,1181.9497751898257,-8.811479307369837,-0.7399870691199576
13,2025-11-13 06:00:00,35,2501.979809598468,2357.4977015759123,-144.48210802255562,-5.774711189445727
13,2025-11-13 06:00:00,37,1085.3474235859087,1067.6518367700785,-17.69558681583021,-1.630407594037058
13,2025-11-13 06:00:00,38,3944.7604064665848,3575.837173759212,-368.9232327073728,-9.352234221946729
13,2025-11-13 06:00:00,39,3498.9191783970773,2824.6942910107045,-674.2248873863728,-19.269518757368047
13,2025-11-13 06:00:00,40,2785.535354088536,2686.020869397309,-99.51448469122715,-3.572544306255614
13,2025-11-13 06:00:00,41,2792.486910763975,2753.6920955205287,-38.794815243446465,-1.3892568338962379
13,2025-11-13 06:00:00,44,2987.000760024217,2944.626791916763,-42.37396810745395,-1.4186125653048178
13,2025-11-13 06:00:00,47,3060.497694784878,2146.62582964973,-913.8718651351483,-29.86023700303372
13,2025-11-13 06:00:00,48,2540.302967947787,2162.5017752197773,-377.8011927280095,-14.87228875826652
13,2025-11-13 06:00:00,50,1282.9810255107195,1282.4853508443985,-0.49567466632106516,-0.0386346061605822
13,2025-11-13 06:00:00,53,3054.23214812302,2286.855587114514,-767.3765610085061,-25.125024025436236
13,2025-11-13 06:00:00,54,2665.0550800160486,2399.518306886545,-265.5367731295037,-9.963650474642522
13,2025-11-13 06:00:00,55,1056.0362108512595,1026.4723318144938,-29.563879036765684,-2.799513760322154
13,2025-11-13 06:00:00,56,1842.192005949828,1806.3702651525405,-35.821740797287475,-1.944517220875568
14,2025-11-13 07:00:00,1,3249.965384334286,3108.123099707312,-141.84228462697365,-4.36442447389415
14,2025-11-13 07:00:00,3,2042.797266120799,1999.7114785929537,-43.08578752784524,-2.1091563143543683
14,2025-11-13 07:00:00,5,1192.3384946685949,1173.8596083677671,-18.478886300827753,-1.5498020388886191
14,2025-11-13 07:00:00,10,1840.169772713038,1716.5074324871978,-123.66234022584013,-6.720159305927499
14,2025-11-13 07:00:00,12,2302.8180901154365,2248.149461502196,-54.668628613240344,-2.3739881516433585
14,2025-11-13 07:00:00,13,1053.5585098402566,1027.8391758499902,-25.719333990266477,-2.4411870579609394
14,2025-11-13 07:00:00,14,2072.2626688861,2049.9922547368574,-22.270414149242697,-1.074690698414872
14,2025-11-13 07:00:00,15,2630.801885011712,2384.5502728285182,-246.25161218319363,-9.360325214382206
14,2025-11-13 07:00:00,16,1929.0708981231155,1828.298124515669,-100.77277360744642,-5.22390201964547
14,2025-11-13 07:00:00,17,1221.2002710605498,1190.3235087005326,-30.87676236001721,-2.528394653335798
14,2025-11-13 07:00:00,18,1137.892760049214,1119.1033831617729,-18.78937688744122,-1.6512432056100417
14,2025-11-13 07:00:00,19,1135.7408523234008,1103.315297022135,-32.42555530126583,-2.855013556563755
14,2025-11-13 07:00:00,20,1050.978037857925,1046.2654313653816,-4.7126064925435,-0.4484019953593518
14,2025-11-13 07:00:00,21,1624.997411118552,1433.0176913047897,-191.97971981376236,-11.814155425737871
14,2025-11-13 07:00:00,24,1876.4020408740123,1767.687469660686,-108.71457121332628,-5.7937781373701736
14,2025-11-13 07:00:00,27,1785.3640666969454,1712.9295606508626,-72.43450604608279,-4.057128033280738
14,2025-11-13 07:00:00,28,6355.388110037732,6234.033528451402,-121.35458158632991,-1.90947554240884
14,2025-11-13 07:00:00,29,3552.423156560711,3497.1748191077227,-55.24833745298838,-1.555229628287786
14,2025-11-13 07:00:00,30,2105.66605528973,2083.586615315184,-22.07943997454595,-1.0485727268613787
14,2025-11-13 07:00:00,31,5264.490069619522,4895.50835735411,-368.98171226541217,-7.008878493184801
14,2025-11-13 07:00:00,32,2182.935981956004,2161.4978436673264,-21.438138288677692,-0.9820781949577927
14,2025-11-13 07:00:00,33,1217.6555253077263,1212.751163579704,-4.904361728022195,-0.4027708679581414
14,2025-11-13 07:00:00,34,1190.537895425233,1181.5869601728289,-8.950935252404179,-0.7518395917340462
14,2025-11-13 07:00:00,35,2501.9310964969823,2357.440921892646,-144.49017460433606,-5.7751460384596705
14,2025-11-13 07:00:00,37,1085.0655630766253,1067.12638748213,-17.939175594495282,-1.653280336685835
14,2025-11-13 07:00:00,38,3944.832281053349,3575.89521731245,-368.93706374089925,-9.352414436296026
14,2025-11-13 07:00:00,39,3498.6605281106613,2824.4329844311437,-674.2275436795176,-19.271019244716847
14,2025-11-13 07:00:00,40,2785.2429777370394,2685.3480748338948,-99.89490290314461,-3.586577677481749
14,2025-11-13 07:00:00,41,2792.052296352927,2752.828137495501,-39.22415885742612,-1.404850435955732
14,2025-11-13 07:00:00,44,2986.3377155521075,2943.2963650777856,-43.041350474321916,-1.4412753872468347
14,2025-11-13 07:00:00,47,3059.6250128402294,2144.260757446514,-915.3642553937152,-29.9175307938795
14,2025-11-13 07:00:00,48,2539.419068552383,2160.1206728657394,-379.29839568664374,-14.936423861023693
14,2025-11-13 07:00:00,50,1283.0262266910895,1282.5325345068186,-0.49369218427091255,-0.038478728961304186
14,2025-11-13 07:00:00,53,3053.3163927567048,2284.401806844885,-768.9145859118198,-25.182931835557362
14,2025-11-13 07:00:00,54,2664.3123920475623,2397.3814012291677,-266.93099081839455,-10.018757245401478
14,2025-11-13 07:00:00,55,1055.645337998135,1025.6275018865083,-30.017836111626593,-2.8435531358051267
14,2025-11-13 07:00:00,56,1842.1235567758451,1806.2612423166693,-35.86231445917588,-1.9467920231118192
15,2025-11-13 08:00:00,1,3250.165509180102,3107.7368655259825,-142.4286436541197,-4.382196637427527
15,2025-11-13 08:00:00,3,2040.9734519534104,1996.175888308985,-44.79756364442551,-2.1949116291321613
15,2025-11-13 08:00:00,5,1190.4307883762483,1170.3870103829297,-20.0437779933186,-1.6837415655771455
15,2025-11-13 08:00:00,10,1838.6016405008795,1714.1889616521728,-124.41267884870672,-6.766701177032219
15,2025-11-13 08:00:00,12,2300.945652729659,2243.6766107815856,-57.26904194807321,-2.488935011573775
15,2025-11-13 08:00:00,13,1051.8284316556485,1024.5245778805308,-27.30385377511766,-2.5958467135309853
15,2025-11-13 08:00:00,14,2069.228084866804,2044.9716344861947,-24.256450380609067,-1.172246334660128
15,2025-11-13 08:00:00,15,2626.7493138785558,2373.0045211592965,-253.7447927192593,-9.660030798469672
15,2025-11-13 08:00:00,16,1925.973472215453,1820.0689264943576,-105.90454572109547,-5.49875412350686
15,2025-11-13 08:00:00,17,1219.6559588426785,1187.5745300088083,-32.08142883387018,-2.630367080263518
15,2025-11-13 08:00:00,18,1136.3612890892346,1116.1423964410108,-20.2188926482238,-1.7792662282986376
15,2025-11-13 08:00:00,19,1134.2515626174186,1100.905772360247,-33.34579025717153,-2.9398937022596825
15,2025-11-13 08:00:00,20,1050.3906757197096,1045.2777620652937,-5.112913654415934,-0.4867630466076494
15,2025-11-13 08:00:00,21,1621.182346224305,1423.3014486582658,-197.88089756603927,-12.205961780110618
15,2025-11-13 08:00:00,24,1872.478619087467,1758.5968825528398,-113.88173653462718,-6.081871129194856
15,2025-11-13 08:00:00,27,1782.4490264473325,1705.5399002452607,-76.90912620207177,-4.314800875700906
15,2025-11-13 08:00:00,28,6356.633586176642,6235.36265907921,-121.27092709743192,-1.9077853938467042
15,2025-11-13 08:00:00,29,3552.0631418471653,3496.121738361854,-55.941403485311184,-1.5748989038584544
15,2025-11-13 08:00:00,30,2104.417973202139,2081.131634505264,-23.286338696874736,-1.1065453248073918
15,2025-11-13 08:00:00,31,5266.932983374302,4897.773658633253,-369.1593247410492,-7.008999846900356
15,2025-11-13 08:00:00,32,2181.9228558895643,2159.4520223800514,-22.470833509512886,-1.0298637941693674
15,2025-11-13 08:00:00,33,1217.5783551449372,1212.382678149601,-5.195676995336271,-0.4267221878067791
15,2025-11-13 08:00:00,34,1189.3000413459304,1179.5595765030787,-9.74046484285168,-0.8190081984549836
15,2025-11-13 08:00:00,35,2501.655472406454,2357.1152368467256,-144.54023555972844,-5.777783437968329
15,2025-11-13 08:00:00,37,1083.4993450259565,1064.1806781067994,-19.318666919157067,-1.7829883338502863
15,2025-11-13 08:00:00,38,3945.2282255866025,3576.2164933789736,-369.01173220762894,-9.353368451903993
15,2025-11-13 08:00:00,39,3497.214439971908,2822.956044917685,-674.258395054223,-19.279869925838437
15,2025-11-13 08:00:00,40,2783.610881919717,2681.5666944880813,-102.04418743163569,-3.665892675389346
15,2025-11-13 08:00:00,41,2789.6351179050457,2747.9840005187984,-41.65111738624728,-1.493066857343205
15,2025-11-13 08:00:00,44,2982.655310424948,2935.843521524885,-46.811788900062766,-1.5694669356008606
15,2025-11-13 08:00:00,47,3054.775609295625,2131.0371317403105,-923.7384775553146,-30.239159784581087
15,2025-11-13 08:00:00,48,2534.5114596857,2146.810018510794,-387.701441174906,-15.296890439902928
15,2025-11-13 08:00:00,50,1283.2761891172404,1282.7941629613624,-0.4820261558779748,-0.03756215224483814
15,2025-11-13 08:00:00,53,3048.2286011227893,2270.6821797499106,-777.5464213728787,-25.508140074746233
15,2025-11-13 08:00:00,54,2660.1873236498272,2385.430983521496,-274.75634012833143,-10.32845836402831
15,2025-11-13 08:00:00,55,1053.4746140388006,1020.8942704634976,-32.580343575303004,-3.092655783170399
15,2025-11-13 08:00:00,56,1841.7399532956424,1805.6448520124245,-36.0951012832179,-1.9598370127459461
16,2025-11-13 09:00:00,1,3250.5289693912146,3106.9885823659324,-143.54038702528214,-4.415908560635457
16,2025-11-13 09:00:00,3,2037.540611997113,1989.3836541776063,-48.156957819506715,-2.363484562514082
16,2025-11-13 09:00:00,5,1186.8635962307392,1163.7481964911228,-23.11539973961635,-1.947603735848552
16,2025-11-13 09:00:00,10,1835.6399091440887,1709.6897497029854,-125.95015944110332,-6.861376178067005
16,2025-11-13 09:00:00,12,2297.412853276605,2235.072014114182,-62.34083916242298,-2.7135235651490124
16,2025-11-13 09:00:00,13,1048.584188364871,1018.166000515972,-30.418187848898924,-2.900881797229089
16,2025-11-13 09:00:00,14,2063.575412686091,2035.42023587923,-28.155176806861164,-1.364388072942411
16,2025-11-13 09:00:00,15,2619.164555095472,2351.0025744889035,-268.1619806065687,-10.23845485709827
16,2025-11-13 09:00:00,16,1920.173278711328,1804.360856252661,-115.81242245866702,-6.031352677524571
16,2025-11-13 09:00:00,17,1216.755126209854,1182.2922728127442,-34.46285339710994,-2.8323573621966496
16,2025-11-13 09:00:00,18,1133.4895380721698,1110.4645573373682,-23.024980734801602,-2.0313359728015055
16,2025-11-13 09:00:00,19,1131.4550406215574,1096.2709957569402,-35.184044864617135,-3.1096281868424054
16,2025-11-13 09:00:00,20,1049.2976349471912,1043.4001346333112,-5.897500313880073,-0.5620426576275358
16,2025-11-13 09:00:00,21,1614.0554484395973,1404.8110381489334,-209.24441029066384,-12.963892318132736
16,2025-11-13 09:00:00,24,1865.154741591932,1741.2756008414224,-123.87914075050958,-6.6417621009170125
16,2025-11-13 09:00:00,27,1776.989210523618,1691.4240591950768,-85.56515132854133,-4.81517562525482
16,2025-11-13 09:00:00,28,6358.96822767752,6237.9082114729845,-121.06001620453571,-1.9037682194671124
16,2025-11-13 09:00:00,29,3551.365584854577,3494.067912802322,-57.29767205225471,-1.6133983022364893
16,2025-11-13 09:00:00,30,2102.065220131949,2076.410331161,-25.654888970948832,-1.220461131521811
16,2025-11-13 09:00:00,31,5271.513571598606,4902.117334596292,-369.3962370023146,-7.007403698863926
16,2025-11-13 09:00:00,32,2180.006943851013,2155.5079635465263,-24.49898030448685,-1.123802856389487
16,2025-11-13 09:00:00,33,1217.416676496107,1211.6450792673238,-5.771597228783094,-0.47408560603872674
16,2025-11-13 09:00:00,34,1186.9954273740634,1175.7051425824948,-11.290284791568638,-0.9511649776567065
16,2025-11-13 09:00:00,35,2501.1174609682644,2356.4588775221114,-144.658583446153,-5.783758088280705
16,2025-11-13 09:00:00,37,1080.564921982028,1058.536855545765,-22.02806643626286,-2.038569454564363
16,2025-11-13 09:00:00,38,3945.9553990251593,3576.815397872879,-369.1400011522801,-9.354895426427664
16,2025-11-13 09:00:00,39,3494.466505386068,2820.07401247486,-674.3924929112081,-19.298868421596197
16,2025-11-13 09:00:00,40,2780.520390558701,2674.28042615239,-106.23996440631072,-3.8208662222744394
16,2025-11-13 09:00:00,41,2785.0970001279497,2738.700926520332,-46.396073607617836,-1.6658692176784637
16,2025-11-13 09:00:00,44,2975.764704003134,2921.589971237188,-54.17473276594592,-1.8205314651749047
16,2025-11-13 09:00:00,47,3045.6891156988645,2105.857600783505,-939.8315149153595,-30.85776253626942
16,2025-11-13 09:00:00,48,2525.334076301587,2121.4770728679373,-403.8570034336499,-15.992220879746265
16,2025-11-13 09:00:00,50,1283.7391029898165,1283.2821214269673,-0.4569815628492506,-0.03559769752163386
16,2025-11-13 09:00:00,53,3038.699664640455,2244.5584346329406,-794.1412300075144,-26.13424548824172
16,2025-11-13 09:00:00,54,2652.4667589464834,2362.6658997254394,-289.800859221044,-10.92571125513928
16,2025-11-13 09:00:00,55,1049.4130112207472,1011.837875011803,-37.57513620894417,-3.5805860807113747
16,2025-11-13 09:00:00,56,1841.006993004873,1804.4410022431323,-36.56599076174075,-1.9861951041292956
17,2025-11-13 10:00:00,1,3250.8392921966056,3106.3013938504946,-144.53789834611098,-4.446171753032003
17,2025-11-13 10:00:00,3,2034.486738836644,1983.1779813143007,-51.308757522343285,-2.52195094432921
17,2025-11-13 10:00:00,5,1183.7143767072323,1157.7153463943469,-25.999030312885452,-2.1963938957307927
17,2025-11-13 10:00:00,10,1832.9946209808877,1705.530988704142,-127.46363227674578,-6.953846498934969
17,2025-11-13 10:00:00,12,2294.2612969451675,2227.197604164136,-67.06369278103148,-2.9231061374886753
17,2025-11-13 10:00:00,13,1045.7104424575875,1012.3641948300786,-33.34624762750889,-3.188860536683544
17,2025-11-13 10:00:00,14,2058.607843410219,2026.791504873897,-31.816338536322064,-1.5455269267611556
17,2025-11-13 10:00:00,15,2612.461199871666,2331.083321754727,-281.377878116939,-10.77060505743631
17,2025-11-13 10:00:00,16,1915.0437950967323,1790.110899609019,-124.93289548771327,-6.523761796340677
17,2025-11-13 10:00:00,17,1214.1805030393332,1177.463941709876,-36.716561329457136,-3.0239788266693743
17,2025-11-13 10:00:00,18,1130.945861118072,1105.2866423658988,-25.659218752173047,-2.2688282113527447
17,2025-11-13 10:00:00,19,1128.9740010274313,1092.0294647332196,-36.94453629421173,-3.2723992103086585
17,2025-11-13 10:00:00,20,1048.3381591443913,1041.7052628593206,-6.6328962850707285,-0.6327057950923216
17,2025-11-13 10:00:00,21,1607.7704587137944,1388.0955152095396,-219.67494350425477,-13.663327517535883
17,2025-11-13 10:00:00,24,1858.701735845464,1725.5945366378758,-133.10719920758834,-7.161299558750459
17,2025-11-13 10:00:00,27,1772.1595034264606,1678.6074652755794,-93.55203815088112,-5.278985213802639
17,2025-11-13 10:00:00,28,6361.035510717529,6240.227799044233,-120.80771167329658,-1.89918310422495
17,2025-11-13 10:00:00,29,3550.724738066933,3492.160406178322,-58.56433188861092,-1.649362769824118
17,2025-11-13 10:00:00,30,2099.9685449883127,2072.091500119389,-27.877044868923804,-1.3274982111257743
17,2025-11-13 10:00:00,31,5275.571425016626,4906.081750552892,-369.48967446373354,-7.00378489260183
17,2025-11-13 10:00:00,32,2178.293324480708,2151.890138346445,-26.40318613426325,-1.2121042578394536
17,2025-11-13 10:00:00,33,1217.2558322503814,1210.939402289314,-6.3164299610673424,-0.5189073482925892
17,2025-11-13 10:00:00,34,1184.971375578545,1172.225760643445,-12.745614935099866,-1.0756053013413094
17,2025-11-13 10:00:00,35,2500.6192974253354,2355.8279964544545,-144.7913009708809,-5.790217692071704
17,2025-11-13 10:00:00,37,1077.9683115200787,1053.39504495687,-24.57326656320879,-2.2795908099151094
17,2025-11-13 10:00:00,38,3946.584516810449,3577.34660696512,-369.2379098453289,-9.355885025965177
17,2025-11-13 10:00:00,39,3491.9956418477063,2817.3960912352,-674.5995506125064,-19.31845339461988
17,2025-11-13 10:00:00,40,2777.752197554764,2667.6019590922588,-110.15023846250506,-3.965445101959403
17,2025-11-13 10:00:00,41,2781.0718300836884,2730.243691879554,-50.828138204134575,-1.8276456456216397
17,2025-11-13 10:00:00,44,2969.6764198936885,2908.6321103847367,-61.044309508951756,-2.0555879118687646
17,2025-11-13 10:00:00,47,3037.64772763203,2083.0799205414623,-954.5678070905678,-31.424572323094626
17,2025-11-13 10:00:00,48,2517.230996978124,2098.5747311813407,-418.6562657967834,-16.631618881992566
17,2025-11-13 10:00:00,50,1284.1429969696271,1283.7120426417796,-0.4309543278475303,-0.033559683685112474
17,2025-11-13 10:00:00,53,3030.2710559969755,2220.927403661224,-809.3436523357514,-26.708622343669283
17,2025-11-13 10:00:00,54,2645.6432466525043,2342.064364233967,-303.57888241853743,-11.474671908340309
17,2025-11-13 10:00:00,55,1045.8244453150876,1003.598180578468,-42.226264736619555,-4.037605443798703
17,2025-11-13 10:00:00,56,1840.3438002537173,1803.3208778265453,-37.022922427172034,-2.0117394598806975
18,2025-11-13 11:00:00,1,3250.940294834888,3106.068095634489,-144.87219920039888,-4.456316821030907
18,2025-11-13 11:00:00,3,2033.468537475597,1981.0720374335967,-52.3965000420003,-2.576705716187118
18,2025-11-13 11:00:00,5,1182.669153519441,1155.6743098271545,-26.994843692286395,-2.2825355351455565
18,2025-11-13 11:00:00,10,1832.110553424476,1704.109926060006,-128.0006273644699,-6.986512201745602
18,2025-11-13 11:00:00,12,2293.208780769095,2224.522682880663,-68.68609788843196,-2.9951960093836747
18,2025-11-13 11:00:00,13,1044.7547084736443,1010.3964570403508,-34.3582514332935,-3.2886428895343185
18,2025-11-13 11:00:00,14,2056.963712617857,2023.8827397935504,-33.0809728243064,-1.6082428980822858
18,2025-11-13 11:00:00,15,2610.2348768513407,2324.359146397602,-285.87573045373847,-10.952107528291975
18,2025-11-13 11:00:00,16,1913.3395033592824,1785.2944916069405,-128.0450117523419,-6.692226420221353
18,2025-11-13 11:00:00,17,1213.323248666507,1175.8247622187332,-37.49848644777376,-3.0905602846550715
18,2025-11-13 11:00:00,18,1130.0999319387183,1103.531104908573,-26.568827030145258,-2.3510157181025297
18,2025-11-13 11:00:00,19,1128.1481084620966,1090.588489217757,-37.55961924433973,-3.329316333787183
18,2025-11-13 11:00:00,20,1048.020812474901,1041.1341861103645,-6.886626364536596,-0.657107786654907
18,2025-11-13 11:00:00,21,1605.6857933984393,1382.4573696476612,-223.22842375077812,-13.902372722518422
18,2025-11-13 11:00:00,24,1856.5624868303764,1720.3008506003475,-136.2616362300289,-7.339458660648805
18,2025-11-13 11:00:00,27,1770.5545581155616,1674.2732591243637,-96.2812989911979,-5.437917659745663
18,2025-11-13 11:00:00,28,6361.722919527376,6241.014159612404,-120.70875991497178,-1.8974224662387442
18,2025-11-13 11:00:00,29,3550.507097330247,3491.5071119629565,-58.999985367290265,-1.661734049529276
18,2025-11-13 11:00:00,30,2099.268768580929,2070.624828573903,-28.64394000702623,-1.3644722598521322
18,2025-11-13 11:00:00,31,5276.921176351146,4907.427165036191,-369.49401131495506,-7.00207562263514
18,2025-11-13 11:00:00,32,2177.7201640039243,2150.65955698688,-27.060607017044276,-1.2426117673122445
18,2025-11-13 11:00:00,33,1217.1988203375674,1210.6934477397083,-6.50537259785915,-0.5344543955485437
18,2025-11-13 11:00:00,34,1184.3017175753885,1171.053408576915,-13.248308998473476,-1.118659949729418
18,2025-11-13 11:00:00,35,2500.4493825935447,2355.60785764478,-144.8415249487648,-5.7926197569546725
18,2025-11-13 11:00:00,37,1077.1052931514662,1051.652791222523,-25.452501928943093,-2.3630467783212237
18,2025-11-13 11:00:00,38,3946.790912172695,3577.524323360841,-369.2665888118536,-9.356122404988858
18,2025-11-13 11:00:00,39,3491.166725753349,2816.478781490106,-674.687944263243,-19.325572144299525
18,2025-11-13 11:00:00,40,2776.8255457245277,2665.331585535051,-111.49396018947664,-4.015158977528986
18,2025-11-13 11:00:00,41,2779.732161922879,2727.3785052342246,-52.35365668865461,-1.883406516850853
18,2025-11-13 11:00:00,44,2967.6547247268672,2904.247213355797,-63.407511371070086,-2.136620235593812
18,2025-11-13 11:00:00,47,3034.9748541362023,2075.3939861412528,-959.5808679949496,-31.6174240022842
18,2025-11-13 11:00:00,48,2514.541335874288,2090.849811950507,-423.691523923781,-16.849654363564735
18,2025-11-13 11:00:00,50,1284.2760723317,1283.8546567713431,-0.4214155603569907,-0.032813471296080365
18,2025-11-13 11:00:00,53,3027.4703277391545,2212.9537943784458,-814.5165333607088,-26.904195423410506
18,2025-11-13 11:00:00,54,2643.3769890828207,2335.111638326417,-308.2653507564037,-11.661800493442417
18,2025-11-13 11:00:00,55,1044.632799291481,1000.8081258336748,-43.82467345780617,-4.195222808199218
18,2025-11-13 11:00:00,56,1840.1204977830712,1802.9367930998385,-37.18370468323269,-2.0207211825546554
19,2025-11-13 12:00:00,1,3250.9799197688862,3105.97527771276,-145.00464205612616,-4.460336441156321
19,2025-11-13 12:00:00,3,2033.065856171476,1980.2338275808868,-52.83202859058929,-2.598638328916643
19,2025-11-13 12:00:00,5,1182.256421126369,1154.8627516915851,-27.393669434783988,-2.3170666655111303
19,2025-11-13 12:00:00,10,1831.7606390074768,1703.542990758467,-128.2176482490097,-6.9996944752827135
19,2025-11-13 12:00:00,12,2292.79229425162,2223.457639609886,-69.33465464173423,-3.0240268521299023
19,2025-11-13 12:00:00,13,1044.3770512061988,1009.6133775024076,-34.76367370379114,-3.3286516266937296
19,2025-11-13 12:00:00,14,2056.315108972308,2022.7275963182797,-33.58751265402816,-1.63338354649421
19,2025-11-13 12:00:00,15,2609.355556233476,2321.6874818808,-287.66807435267583,-11.024487393658065
19,2025-11-13 12:00:00,16,1912.6662733599571,1783.3799926534507,-129.28628070650643,-6.759479293760476
19,2025-11-13 12:00:00,17,1212.984372028004,1175.1722299906598,-37.812142037344074,-3.117281880072822
19,2025-11-13 12:00:00,18,1129.7656690225006,1102.8325575547512,-26.933111467749313,-2.3839555587710914
19,2025-11-13 12:00:00,19,1127.8216565471257,1090.0147231090982,-37.8069334380275,-3.352208500214036
19,2025-11-13 12:00:00,20,1047.895648790567,1040.9074327062324,-6.988216084334681,-0.6668809143735026
19,2025-11-13 12:00:00,21,1604.862784319598,1380.2177844805578,-224.6449998390401,-13.997769904938085
19,2025-11-13 12:00:00,24,1855.718083054417,1718.1974949792518,-137.52058807516528,-7.410640082183897
19,2025-11-13 12:00:00,27,1769.9205370374962,1672.550123992526,-97.37041304497006,-5.5014002610506605
19,2025-11-13 12:00:00,28,6361.994535255282,6241.327074922486,-120.66746033279651,-1.8966922977395262
19,2025-11-13 12:00:00,29,3550.4204967423384,3491.2463062855886,-59.174190456749784,-1.6666811863846724
19,2025-11-13 12:00:00,30,2098.99192356209,2070.0409232044867,-28.951000357603334,-1.3792811698137502
19,2025-11-13 12:00:00,31,5277.454569042859,4907.962752973288,-369.49181606957063,-7.001326325705978
19,2025-11-13 12:00:00,32,2177.4932465497723,2150.169380294616,-27.32386625515619,-1.2548312743771182
19,2025-11-13 12:00:00,33,1217.1758196149149,1210.5946717177833,-6.581147897131586,-0.5406899965539657
19,2025-11-13 12:00:00,34,1184.037573266711,1170.5879139867166,-13.449659279994421,-1.1359149053764708
19,2025-11-13 12:00:00,35,2500.381677678261,2355.519442479964,-144.86223519829718,-5.793604892066301
19,2025-11-13 12:00:00,37,1076.7643466197596,1050.9596719840067,-25.804674635752917,-2.3965015852131835
19,2025-11-13 12:00:00,38,3946.8721019312993,3577.594770413656,-369.27733151764323,-9.356202126158255
19,2025-11-13 12:00:00,39,3490.8382310692405,2816.1125621265764,-674.725668942664,-19.328471395135267
19,2025-11-13 12:00:00,40,2776.4585793215338,2664.4274202708425,-112.03115905069126,-4.035038011554548
19,2025-11-13 12:00:00,41,2779.2026641150383,2726.23875225172,-52.96391186331812,-1.9057232690219459
19,2025-11-13 12:00:00,44,2966.856274803399,2902.5035621798247,-64.35271262357446,-2.1690539299157265
19,2025-11-13 12:00:00,47,3033.918870892386,2072.340572269513,-961.5782986228733,-31.694265388844695
19,2025-11-13 12:00:00,48,2513.4792175490466,2087.781347065781,-425.69787048326543,-16.93659798382473
19,2025-11-13 12:00:00,50,1284.3284874742862,1283.910970153496,-0.41751732079023895,-0.03250860857344318
19,2025-11-13 12:00:00,53,3026.3639459961664,2209.786142107059,-816.5778038891076,-26.98214155536143
19,2025-11-13 12:00:00,54,2642.481891839257,2332.349407128206,-310.1324847110509,-11.736409080752042
19,2025-11-13 12:00:00,55,1044.1621644478394,999.6983844267584,-44.46378002108099,-4.258321315884278
19,2025-11-13 12:00:00,56,1840.0318952317664,1802.783394326095,-37.248500905671335,-2.0243399585733592
20,2025-11-13 13:00:00,1,3250.9723729398816,3105.993011555792,-144.97936138408977,-4.459569161240941
20,2025-11-13 13:00:00,3,2033.1426891434585,1980.3939983532016,-52.74869079025689,-2.5944411610618117
20,2025-11-13 13:00:00,5,1182.3351443526003,1155.0177945450368,-27.31734980756346,-2.310457397637567
20,2025-11-13 13:00:00,10,1831.8274160579372,1703.6513821000435,-128.17603395789365,-6.997167573445669
20,2025-11-13 13:00:00,12,2292.871771473413,2223.6611713357056,-69.21060013770739,-3.018511588776386
20,2025-11-13 13:00:00,13,1044.4490957066116,1009.763008789114,-34.68608691749762,-3.320993532387626
20,2025-11-13 13:00:00,14,2056.43879443302,2022.94821597042,-33.49057846260007,-1.628571613862874
20,2025-11-13 13:00:00,15,2609.523283749311,2322.197798793998,-287.32548495531273,-11.010650364555827
20,2025-11-13 13:00:00,16,1912.7946938595276,1783.745719179855,-129.04897467967248,-6.746619231742266
20,2025-11-13 13:00:00,17,1213.0490242512196,1175.296924999881,-37.75209925133868,-3.1121659963118113
20,2025-11-13 13:00:00,18,1129.8294350864464,1102.9660326355868,-26.863402450859667,-2.377651140661269
20,2025-11-13 13:00:00,19,1127.883937147574,1090.1243722782465,-37.759564869327505,-3.3478236213578585
20,2025-11-13 13:00:00,20,1047.9195156465223,1040.9507385718175,-6.9687770747048035,-0.665010716057269
20,2025-11-13 13:00:00,21,1605.0197549239208,1380.6455450620963,-224.3742098618245,-13.979529483888502
20,2025-11-13 13:00:00,24,1855.879127502452,1718.5992615745952,-137.27986592785692,-7.3970262337397585
20,2025-11-13 13:00:00,27,1770.041479851239,1672.879307778906,-97.16217207233308,-5.489259612181459
20,2025-11-13 13:00:00,28,6361.942720506779,6241.267283626802,-120.67543687997659,-1.896833124432215
20,2025-11-13 13:00:00,29,3550.437043241569,3491.2961763792764,-59.14086686229257,-1.6657348417111102
20,2025-11-13 13:00:00,30,2099.044750666444,2070.152505800094,-28.89224486635021,-1.3764473033353366
20,2025-11-13 13:00:00,31,5277.352813503264,4907.860404514133,-369.49240898913104,-7.001472557296221
20,2025-11-13 13:00:00,32,2177.536553668765,2150.263062977162,-27.273490691603,-1.2524928982547723
20,2025-11-13 13:00:00,33,1217.1802279030678,1210.6135848627837,-6.566643040284134,-0.5394963613233356
20,2025-11-13 13:00:00,34,1184.08794281283,1170.6768150112716,-13.41112780155845,-1.1326124789092933
20,2025-11-13 13:00:00,35,2500.3946179080026,2355.536371716514,-144.85824619148843,-5.793415373477589
20,2025-11-13 13:00:00,37,1076.8293846941133,1051.0921036793372,-25.737281014776045,-2.390098318322455
20,2025-11-13 13:00:00,38,3946.856629378832,3577.581320654441,-369.2753087243914,-9.356187553803013
20,2025-11-13 13:00:00,39,3490.9009380131465,2816.182589483353,-674.7183485297937,-19.32791449859391
20,2025-11-13 13:00:00,40,2776.528619026258,2664.600215967552,-111.92840305870641,-4.031235345161335
20,2025-11-13 13:00:00,41,2779.3036803130235,2726.4565156421927,-52.84716467083081,-1.90145341242015
20,2025-11-13 13:00:00,44,2967.008574303287,2902.836680656338,-64.17189364694877,-2.1628482709059114
20,2025-11-13 13:00:00,47,3034.1203088439524,2072.923791657249,-961.1965171867037,-31.67957824167278
20,2025-11-13 13:00:00,48,2513.681804259249,2088.3674220252865,-425.31438223396253,-16.919976964200423
20,2025-11-13 13:00:00,50,1284.3184957784138,1283.9002290567105,-0.41826672170327583,-0.03256721156614412
20,2025-11-13 13:00:00,53,3026.574992978682,2210.391179493818,-816.183813484864,-26.967242357394742
20,2025-11-13 13:00:00,54,2642.652628863584,2332.87701272812,-309.77561613546413,-11.722146632214635
20,2025-11-13 13:00:00,55,1044.2519354684628,999.91040927051,-44.34152619795282,-4.246247930396291
20,2025-11-13 13:00:00,56,1840.0488134578063,1802.81272947028,-37.2360839875264,-2.0236465312869947
21,2025-11-13 14:00:00,1,3251.030852431097,3105.854904814108,-145.1759476169891,-4.465535831763257
21,2025-11-13 14:00:00,3,2032.5456049344252,1979.1463017432536,-53.39930319117161,-2.6272130407078564
21,2025-11-13 14:00:00,5,1181.7237097864363,1153.8104751788446,-27.913234607591676,-2.3620779016641897
21,2025-11-13 14:00:00,10,1831.3083281280915,1702.8063231561405,-128.502004971951,-7.016950832266564
21,2025-11-13 14:00:00,12,2292.254012820334,2222.075501853103,-70.17851096723098,-3.0615503593724775
21,2025-11-13 14:00:00,13,1043.889393453045,1008.5974682172102,-35.2919252358347,-3.380810788688424
21,2025-11-13 14:00:00,14,2055.4784776049805,2021.2310313644184,-34.24744624056211,-1.6661544556996206
21,2025-11-13 14:00:00,15,2608.220454241268,2318.2250355897663,-289.9954186515015,-11.118516388441607
21,2025-11-13 14:00:00,16,1911.7971323461784,1780.8981234375597,-130.89900890861873,-6.8469089472886715
21,2025-11-13 14:00:00,17,1212.546680190937,1174.3255161159766,-38.22116407496037,-3.1521396000145554
21,2025-11-13 14:00:00,18,1129.3340496246,1101.92638634586,-27.407663278740074,-2.426887180799216
21,2025-11-13 14:00:00,19,1127.4000350952851,1089.270101734771,-38.12993336051409,-3.3821121317679785
21,2025-11-13 14:00:00,20,1047.7342240959774,1040.6136878897369,-7.120536206240558,-0.6796128295211901
21,2025-11-13 14:00:00,21,1603.800673142818,1377.3157726879049,-226.48490045491303,-14.121761154463902
21,2025-11-13 14:00:00,24,1854.628489912834,1715.4715123890535,-139.1569775237806,-7.503226564276538
21,2025-11-13 14:00:00,27,1769.101985598855,1670.3160716279704,-98.78591397088462,-5.58395811971489
21,2025-11-13 14:00:00,28,6362.345254677421,6241.73301648401,-120.61223819341103,-1.8957197914517487
21,2025-11-13 14:00:00,29,3550.308176333781,3490.907285678827,-59.400890654953855,-1.6731192816138591
21,2025-11-13 14:00:00,30,2098.6341699856425,2069.2832263131813,-29.3509436724612,-1.3985736100285644
21,2025-11-13 14:00:00,31,5278.14336048374,4908.6577448007565,-369.48561568298373,-7.000295188062503
21,2025-11-13 14:00:00,32,2177.1998762213834,2149.5330916956414,-27.66678452574206,-1.2707507853509004
21,2025-11-13 14:00:00,33,1217.1457275854473,1210.465779632215,-6.679947953232386,-0.5488207206284125
21,2025-11-13 14:00:00,34,1183.696882181163,1169.9848982633637,-13.711983917799216,-1.1584033145827464
21,2025-11-13 14:00:00,35,2500.293787298885,2355.404074465601,-144.8897128332842,-5.794907525239716
21,2025-11-13 14:00:00,37,1076.3241542185456,1050.0606614423273,-26.2634927762183,-2.440109949524142
21,2025-11-13 14:00:00,38,3946.9766401670745,3577.685952684596,-369.29068748247846,-9.356292705772043
21,2025-11-13 14:00:00,39,3490.413273019441,2815.636505189139,-674.7767678303021,-19.332288615971684
21,2025-11-13 14:00:00,40,2775.984064913073,2663.253908208737,-112.73015670433597,-4.060907918355288
21,2025-11-13 14:00:00,41,2778.518833630156,2724.76053450921,-53.75829912094605,-1.9347826068434604
21,2025-11-13 14:00:00,44,2965.8256098699885,2900.242620090054,-65.58298977993445,-2.2112894824861056
21,2025-11-13 14:00:00,47,3032.555476618851,2068.383680038264,-964.1717965805869,-31.79403654819831
21,2025-11-13 14:00:00,48,2512.1083138634167,2083.805321813168,-428.3029920502486,-17.049543193921988
21,2025-11-13 14:00:00,50,1284.3960284779364,1283.9836558831148,-0.4123725948215906,-0.032106343034264094
21,2025-11-13 14:00:00,53,3024.9355754057806,2205.681252395961,-819.2543230098195,-27.083364342393324
21,2025-11-13 14:00:00,54,2641.3264207928614,2328.769789592708,-312.55663120015333,-11.833320892853958
21,2025-11-13 14:00:00,55,1043.5546483490998,998.2591683420392,-45.29548000706063,-4.340499089215686
21,2025-11-13 14:00:00,56,1839.917183996107,1802.5839351792065,-37.33324881690055,-2.0290722398611796
22,2025-11-13 15:00:00,1,3251.24109356597,3105.345354191792,-145.895739374178,-4.487386052756831
22,2025-11-13 15:00:00,3,2030.3667343550803,1974.5333467398343,-55.83338761524601,-2.749916390497836
22,2025-11-13 15:00:00,5,1179.498944815357,1149.3550001137085,-30.14394470164848,-2.5556567756291906
22,2025-11-13 15:00:00,10,1829.4112022834977,1699.6681011729277,-129.74310111057002,-7.092068800531165
22,2025-11-13 15:00:00,12,2289.997293401688,2216.209068962032,-73.788224439656,-3.2221970153531023
22,2025-11-13 15:00:00,13,1041.850163655115,1004.2891089133952,-37.56105474171977,-3.6052261689862015
22,2025-11-13 15:00:00,14,2051.990694314464,2014.9092624316468,-37.081431882817014,-1.807095518783788
22,2025-11-13 15:00:00,15,2603.477892119476,2303.5848342426552,-299.8930578768209,-11.518940060316
22,2025-11-13 15:00:00,16,1908.164826441148,1770.395409286046,-137.76941715510202,-7.219995633818017
22,2025-11-13 15:00:00,17,1210.7150723614825,1170.7327454025751,-39.98232695890738,-3.3023729423738337
22,2025-11-13 15:00:00,18,1127.529213775751,1098.0843233970672,-29.444890378683795,-2.6114525476534527
22,2025-11-13 15:00:00,19,1125.635950304705,1086.1091554224008,-39.5267948823041,-3.5115078610988184
22,2025-11-13 15:00:00,20,1047.0615494879517,1039.3732049708888,-7.6883445170628875,-0.7342781826744327
22,2025-11-13 15:00:00,21,1599.3666487999856,1365.0505990462625,-234.31604975372306,-14.650552450217203
22,2025-11-13 15:00:00,24,1850.0812808168089,1703.9443534362945,-146.1369273805144,-7.8989463271578595
22,2025-11-13 15:00:00,27,1765.6807480737846,1660.8588952710622,-104.82185280272233,-5.936625458315413
22,2025-11-13 15:00:00,28,6363.811748684799,6243.454601452146,-120.357147232653,-1.8912744748857016
22,2025-11-13 15:00:00,29,3549.8325735015,3489.4616300107687,-60.370943490731406,-1.7006701651616893
22,2025-11-13 15:00:00,30,2097.1349173871795,2066.067908681714,-31.06700870546547,-1.4814024814470141
22,2025-11-13 15:00:00,31,5281.024190200045,4911.607477904816,-369.41671229522944,-6.995171750600066
22,2025-11-13 15:00:00,32,2175.968811400713,2146.8303493237363,-29.138462076976793,-1.339102928512096
22,2025-11-13 15:00:00,33,1217.0151846924418,1209.9100336208458,-7.105151071596083,-0.5838177831274687
22,2025-11-13 15:00:00,34,1182.276926686202,1167.438423738134,-14.838502948068026,-1.2550784518529674
22,2025-11-13 15:00:00,35,2499.9207117564147,2354.9068901771257,-145.01382157928902,-5.800736835265628
22,2025-11-13 15:00:00,37,1074.484157777331,1046.2504237518135,-28.23373402551738,-2.627654751459663
22,2025-11-13 15:00:00,38,3947.410276619513,3578.0704833995524,-369.3397932199605,-9.356508884003212
22,2025-11-13 15:00:00,39,3488.626925835529,2813.606435701457,-675.0204901340721,-19.34917388658302
22,2025-11-13 15:00:00,40,2773.991903119284,2658.271407232037,-115.72049588724713,-4.171623419560898
22,2025-11-13 15:00:00,41,2775.658038833312,2718.496971913921,-57.16106691939103,-2.0593699266865544
22,2025-11-13 15:00:00,44,2961.519922505653,2890.668315008185,-70.8516074974682,-2.3924069177803395
22,2025-11-13 15:00:00,47,3026.856191185935,2051.656047552255,-975.20014363368,-32.218251612792756
22,2025-11-13 15:00:00,48,2506.3825683440245,2067.001484255397,-439.38108408862763,-17.530487549589374
22,2025-11-13 15:00:00,50,1284.6767563388166,1284.287314254061,-0.3894420847557285,-0.030314402656867113
22,2025-11-13 15:00:00,53,3018.965795459086,2188.328568523639,-830.637226935447,-27.51396614644765
22,2025-11-13 15:00:00,54,2636.498715161912,2313.6366337982395,-322.8620813636726,-12.245865302606266
22,2025-11-13 15:00:00,55,1041.0166125545657,992.1612861404788,-48.8553264140869,-4.693040036527382
22,2025-11-13 15:00:00,56,1839.4339005726797,1801.732676328924,-37.70122424375563,-2.0496101671290243
23,2025-11-13 16:00:00,1,3251.0478270901217,3105.81452076993,-145.2333063201918,-4.467276830257649
23,2025-11-13 16:00:00,3,2032.3715552135368,1978.7813017528972,-53.59025346063959,-2.6368334728542773
23,2025-11-13 16:00:00,5,1181.5456227310067,1153.4574721486986,-28.088150582308117,-2.3772379197161757
23,2025-11-13 16:00:00,10,1831.156949629488,1702.5588028368784,-128.59814679260967,-7.022781243226032
23,2025-11-13 16:00:00,12,2292.0738825300823,2221.611545078711,-70.46233745137124,-3.0741739168369264
23,2025-11-13 16:00:00,13,1043.726313457357,1008.2565247667134,-35.46978869064367,-3.3983802298851247
23,2025-11-13 16:00:00,14,2055.198918792439,2020.7292886062728,-34.46963018616634,-1.6771919190391291
23,2025-11-13 16:00:00,15,2607.8409440327805,2317.0639197706428,-290.77702426213773,-11.150105796424779
23,2025-11-13 16:00:00,16,1911.5065238949971,1780.0656631639995,-131.44086073099766,-6.876296737045192
23,2025-11-13 16:00:00,17,1212.4002819903676,1174.041314137198,-38.35896785316959,-3.163886417957328
23,2025-11-13 16:00:00,18,1129.189710851667,1101.622289770619,-27.567421081047996,-2.441345401584988
23,2025-11-13 16:00:00,19,1127.2590177541897,1089.0201391264266,-38.23887862776314,-3.3921998427606743
23,2025-11-13 16:00:00,20,1047.6802901866686,1040.5152134265015,-7.1650767601670395,-0.6838991653541955
23,2025-11-13 16:00:00,21,1603.4456413592225,1376.342710328351,-227.10293103087156,-14.163431872773623
23,2025-11-13 16:00:00,24,1854.2643038625845,1714.557350202398,-139.7069536601864,-7.534360305009668
23,2025-11-13 16:00:00,27,1768.8282850869862,1669.5666683471404,-99.26161673984575,-5.611715822090912
23,2025-11-13 16:00:00,28,6362.4625380863545,6241.869250534256,-120.59328755209845,-1.8953869956831122
23,2025-11-13 16:00:00,29,3550.270491096421,3490.793342842363,-59.47714825405819,-1.6752849790802844
23,2025-11-13 16:00:00,30,2098.5144641114225,2069.028896040859,-29.48556807056366,-1.4050686128126728
23,2025-11-13 16:00:00,31,5278.373712417527,4908.891029909025,-369.48268250850197,-6.999934120603914
23,2025-11-13 16:00:00,32,2177.1016793689714,2149.319459319052,-27.782220049919488,-1.2761103587027736
23,2025-11-13 16:00:00,33,1217.1355663867753,1210.4223355341298,-6.713230852645438,-0.5515598293273554
23,2025-11-13 16:00:00,34,1183.5830478029447,1169.7827453590523,-13.800302443892406,-1.1659766899762174
23,2025-11-13 16:00:00,35,2500.264279485052,2355.3651912487408,-144.8990882363114,-5.795350892512628
23,2025-11-13 16:00:00,37,1076.1769628455563,1049.758997819191,-26.41796502636521,-2.454797485769679
23,2025-11-13 16:00:00,38,3947.011525043338,3577.716503997466,-369.2950210458721,-9.356319805572832
23,2025-11-13 16:00:00,39,3490.270965775984,2815.476503278988,-674.7944624969964,-19.333583813799134
23,2025-11-13 16:00:00,40,2775.825215257624,2662.8599472283486,-112.96526802927565,-4.069610269708258
23,2025-11-13 16:00:00,41,2778.2901244360924,2724.264544471268,-54.025579964824374,-1.9445622143508108
23,2025-11-13 16:00:00,44,2965.4810278792947,2899.484125678079,-65.99690220121556,-2.225504111500317
23,2025-11-13 16:00:00,47,3032.099578829871,2067.056825611185,-965.0427532186859,-31.827541547666097
23,2025-11-13 16:00:00,48,2511.650007872828,2082.472145756184,-429.17786211664406,-17.08748674263435
23,2025-11-13 16:00:00,50,1284.4185798197518,1284.0079560545073,-0.41062376524450883,-0.03196962202945815
23,2025-11-13 16:00:00,53,3024.457973969123,2204.3047817084,-820.1531922607232,-27.117361170815077
23,2025-11-13 16:00:00,54,2640.940099574897,2327.569431698364,-313.37066787653293,-11.865875637504052
23,2025-11-13 16:00:00,55,1043.3515360945603,997.7762803396142,-45.575255754946056,-4.368159165753652
23,2025-11-13 16:00:00,56,1839.878747676185,1802.5168837521876,-37.36186392399736,-2.0306698999152184
24,2025-11-13 17:00:00,1,3251.1110006734684,3105.6630563569,-145.44794431656828,-4.473792014066536
24,2025-11-13 17:00:00,3,2031.7209066049943,1977.411551991736,-54.30935461325839,-2.6730716033241655
24,2025-11-13 17:00:00,5,1180.880458054926,1152.1334720363457,-28.7469860185804,-2.434368849318641
24,2025-11-13 17:00:00,10,1830.590796443515,1701.6286968881927,-128.9620995553223,-7.044834913726803
24,2025-11-13 17:00:00,12,2291.400288994422,2219.8700896483647,-71.53019934605754,-3.1216806460929822
24,2025-11-13 17:00:00,13,1043.116960641075,1006.9771325631737,-36.13982807790126,-3.464599794800631
24,2025-11-13 17:00:00,14,2054.1553237520825,2018.848764912344,-35.3065588397385,-1.7187872032601792
24,2025-11-13 17:00:00,15,2606.423267212899,2312.71079368241,-293.7124735304892,-11.268794183400683
24,2025-11-13 17:00:00,16,1910.4208562514168,1776.9439092339862,-133.47694701743058,-6.9867823406898895
24,2025-11-13 17:00:00,17,1211.8531400816034,1172.9746655753167,-38.87847450628669,-3.2081836668483366
24,2025-11-13 17:00:00,18,1128.6503904594022,1100.4812478107085,-28.16914264869365,-2.495825358039151
24,2025-11-13 17:00:00,19,1126.732011047137,1088.0818705932606,-38.65014045387625,-3.4302868894224856
24,2025-11-13 17:00:00,20,1047.4789801940967,1040.1461647277908,-7.332815466305874,-0.7000441636496716
24,2025-11-13 17:00:00,21,1602.1197328852911,1372.6951067860336,-229.42462609925747,-14.320067432543375
24,2025-11-13 17:00:00,24,1852.9043493138784,1711.1299946819977,-141.77435463188067,-7.651466449651275
24,2025-11-13 17:00:00,27,1767.8057503849643,1666.756093001789,-101.04965738317537,-5.716106385623556
24,2025-11-13 17:00:00,28,6362.900760935072,6242.38046905493,-120.5202918801424,-1.8941092499835108
24,2025-11-13 17:00:00,29,3550.1291363321634,3490.365047424464,-59.76408890769926,-1.6834342248587857
24,2025-11-13 17:00:00,30,2098.066882384808,2068.074333609279,-29.99254877552903,-1.4295325390884308
24,2025-11-13 17:00:00,31,5279.234475083807,4909.766639326216,-369.4678357575913,-6.998511574004789
24,2025-11-13 17:00:00,32,2176.734371139645,2148.517406620589,-28.21696451905609,-1.2962980184064854
24,2025-11-13 17:00:00,33,1217.09716731835,1210.2584815300415,-6.838685788308567,-0.5618849482146404
24,2025-11-13 17:00:00,34,1183.1581336869622,1169.025150161097,-14.132983525865257,-1.194513490924835
24,2025-11-13 17:00:00,35,2500.1535136556954,2355.218557864895,-144.93495579080036,-5.797042261572097
24,2025-11-13 17:00:00,37,1075.6270467847503,1048.6272178473755,-26.999828937374787,-2.5101478266172563
24,2025-11-13 17:00:00,38,3947.141549932855,3577.830943336177,-369.3106065966781,-9.356406450712681
24,2025-11-13 17:00:00,39,3489.738376036649,2814.875071512971,-674.8633045236779,-19.338507125858843
24,2025-11-13 17:00:00,40,2775.2309447454577,2661.3810719911394,-113.84987275431831,-4.102356705479894
24,2025-11-13 17:00:00,41,2777.4354326737493,2722.4038226569423,-55.03161001680701,-1.9813821545377859
24,2025-11-13 17:00:00,44,2964.193874872932,2896.6391497707614,-67.55472510217078,-2.279025190451373
24,2025-11-13 17:00:00,47,3030.396287315657,2062.082632329624,-968.3136549860328,-31.953367255599787
24,2025-11-13 17:00:00,48,2509.938171289336,2077.474676465086,-432.4634948242501,-17.23004573463644
24,2025-11-13 17:00:00,50,1284.5026872742242,1284.0987262318276,-0.4039610423965314,-0.03144882812614086
24,2025-11-13 17:00:00,53,3022.673697757109,2199.144637275784,-823.5290604813249,-27.245053314633388
24,2025-11-13 17:00:00,54,2639.496976309209,2323.0694089199174,-316.42756738929165,-11.988176922701014
24,2025-11-13 17:00:00,55,1042.5928221397955,995.9647599562588,-46.62806218353671,-4.472317590661929
24,2025-11-13 17:00:00,56,1839.734799160903,1802.264781745972,-37.470017414931135,-2.0367075424143244
25,2025-11-13 18:00:00,1,3251.168507557104,3105.5235779043733,-145.64492965273075,-4.4797717901791225
25,2025-11-13 18:00:00,3,2031.124665850944,1976.1489102151031,-54.97575563584087,-2.706665748299042
25,2025-11-13 18:00:00,5,1180.2717056355043,1150.9139951837649,-29.357710451739422,-2.4873688246158614
25,2025-11-13 18:00:00,10,1830.0716335989769,1700.769625239641,-129.3020083593358,-7.065406948309089
25,2025-11-13 18:00:00,12,2290.7827279921758,2218.264326466896,-72.51840152527984,-3.1656603936786594
25,2025-11-13 18:00:00,13,1042.5589561215206,1005.7978776487948,-36.761078472725785,-3.526043132321518
25,2025-11-13 18:00:00,14,2053.2010229035945,2017.1185727702416,-36.08245013335295,-1.757375421639226
25,2025-11-13 18:00:00,15,2605.12556663394,2308.703865276854,-296.421701357086,-11.378403603788279
25,2025-11-13 18:00:00,16,1909.4269468281132,1774.0693302327743,-135.35761659533887,-7.088913080450194
25,2025-11-13 18:00:00,17,1211.35193820765,1171.9912608708478,-39.360677336802155,-3.249318063175043
25,2025-11-13 18:00:00,18,1128.1565245845193,1099.4296295317372,-28.726895052782083,-2.5463572143379403
25,2025-11-13 18:00:00,19,1126.2492881878916,1087.216654570211,-39.03263361768063,-3.4657188268223647
25,2025-11-13 18:00:00,20,1047.29493022962,1039.8066620490404,-7.488268180579553,-0.7150104487699321
25,2025-11-13 18:00:00,21,1600.9064841709098,1369.338254646136,-231.56822952477387,-14.464819264237052
25,2025-11-13 18:00:00,24,1851.6601421071125,1707.9750871896697,-143.6850549174428,-7.759796284967023
25,2025-11-13 18:00:00,27,1766.869593194145,1664.167655581493,-102.70193761265205,-5.812649558759318
25,2025-11-13 18:00:00,28,6363.302043629882,6242.851684155809,-120.45035947407268,-1.8928908080774205
25,2025-11-13 18:00:00,29,3549.9989497055917,3489.9692906398336,-60.029659065758096,-1.6909768119998028
25,2025-11-13 18:00:00,30,2097.6566097291825,2067.194238505378,-30.46237122380444,-1.4522096268052795
25,2025-11-13 18:00:00,31,5280.022772163415,4910.574022718488,-369.44874944492676,-6.997105228270643
25,2025-11-13 18:00:00,32,2176.3974763173205,2147.777595021109,-28.619881296211588,-1.3150116928383528
25,2025-11-13 18:00:00,33,1217.061411342453,1210.10630610791,-6.955105234542998,-0.5714670738653459
25,2025-11-13 18:00:00,34,1182.7696187137287,1168.3282158207764,-14.441402892952283,-1.2209818940612815
25,2025-11-13 18:00:00,35,2500.051384776424,2355.082413031677,-144.96897174474725,-5.798639685068378
25,2025-11-13 18:00:00,37,1075.1235648478666,1047.584319912596,-27.539244935270744,-2.561495797849769
25,2025-11-13 18:00:00,38,3947.260179102562,3577.936166728889,-369.32401237367276,-9.356464879840813
25,2025-11-13 18:00:00,39,3489.249497115139,2814.31932586111,-674.9301712540291,-19.343133009320532
25,2025-11-13 18:00:00,40,2774.6857595064776,2660.017240016692,-114.66851948978547,-4.132666882976366
25,2025-11-13 18:00:00,41,2776.6526090292923,2720.6894268624187,-55.963182166873594,-2.015490954283911
25,2025-11-13 18:00:00,44,2963.015719015348,2894.018623888643,-68.99709512670506,-2.3286104992258956
25,2025-11-13 18:00:00,47,3028.836778390376,2057.504422457512,-971.3323559328637,-32.06948498720561
25,2025-11-13 18:00:00,48,2508.3714590592804,2072.8756363418006,-435.49582271747977,-17.361695818401817
25,2025-11-13 18:00:00,50,1284.579491951008,1284.1818131835748,-0.3976787674332627,-0.030957894776077396
25,2025-11-13 18:00:00,53,3021.040181313812,2194.3953576169497,-826.6448236968622,-27.362920520221774
25,2025-11-13 18:00:00,54,2638.175977761613,2318.927578264287,-319.24839949732586,-12.101103269395827
25,2025-11-13 18:00:00,55,1041.8983449862817,994.2957327890642,-47.60261219721747,-4.568834611004611
25,2025-11-13 18:00:00,56,1839.6025285489688,1802.0317409874892,-37.57078756147962,-2.0423318069210574
26,2025-11-13 19:00:00,1,3250.920478331235,3106.114241191871,-144.80623713936393,-4.454314958011399
26,2025-11-13 19:00:00,3,2033.6692387079013,1981.4886696411445,-52.18056906675679,-2.56583362100269
26,2025-11-13 19:00:00,5,1182.874998022386,1156.0778654801472,-26.797132542238842,-2.2654238687131083
26,2025-11-13 19:00:00,10,1832.284895886353,1704.3914430336115,-127.89345285274158,-6.979998205512366
26,2025-11-13 19:00:00,12,2293.416313346901,2225.051984918909,-68.36432842799195,-2.980894834929658
26,2025-11-13 19:00:00,13,1044.943004492408,1010.7857108941328,-34.157293598275146,-3.2688188208760165
26,2025-11-13 19:00:00,14,2057.28732594485,2024.457450785112,-32.829875159738094,-1.5957846405659608
26,2025-11-13 19:00:00,15,2610.673383135734,2325.6880806611425,-284.98530247459166,-10.916160723724461
26,2025-11-13 19:00:00,16,1913.6752149931333,1786.2466220493177,-127.4285929438156,-6.658841163090093
26,2025-11-13 19:00:00,17,1213.4921809741477,1176.1490807450095,-37.343100229138145,-3.077325162421768
26,2025-11-13 19:00:00,18,1130.2665930851592,1103.8783574677093,-26.388235617449936,-2.3346912824717743
26,2025-11-13 19:00:00,19,1128.310852707643,1090.87363124302,-37.43722146462301,-3.3179882454186918
26,2025-11-13 19:00:00,20,1048.0832674386354,1041.2470086860526,-6.836258752582808,-0.6522629417879783
26,2025-11-13 19:00:00,21,1606.0962939445103,1383.571499373873,-222.52479457063737,-13.85500952898192
26,2025-11-13 19:00:00,24,1856.9836912205496,1721.3470847151073,-135.6366065054424,-7.3041355800110335
26,2025-11-13 19:00:00,27,1770.870710512747,1675.1301542036988,-95.74055630904832,-5.406411419009076
26,2025-11-13 19:00:00,28,6361.58749205523,6240.858611224444,-120.72888083078578,-1.8977791468176768
26,2025-11-13 19:00:00,29,3550.550149275082,3491.6365822648368,-58.91356701024506,-1.659279957565829
26,2025-11-13 19:00:00,30,2099.406731439311,2070.9150295105314,-28.49170192877955,-1.3571311124284244
26,2025-11-13 19:00:00,31,5276.655241091399,4907.160971900369,-369.49426919103007,-7.002433403524873
26,2025-11-13 19:00:00,32,2177.8332114558625,2150.9031197234967,-26.93009173236578,-1.2365543693019196
26,2025-11-13 19:00:00,33,1217.2101887017604,1210.7423589357163,-6.467829766044133,-0.531365069572949
26,2025-11-13 19:00:00,34,1184.4335163718283,1171.2850190374138,-13.148497334414515,-1.1101085162374633
26,2025-11-13 19:00:00,35,2500.483021117263,2355.651638051909,-144.8313830653542,-5.792136232968333
26,2025-11-13 19:00:00,37,1077.2753012510532,1051.997375423356,-25.277925827697118,-2.346468520938106
26,2025-11-13 19:00:00,38,3946.7503549503326,3577.489249406989,-369.26110554334355,-9.356079618265861
26,2025-11-13 19:00:00,39,3491.3303103043104,2816.660578975492,-674.6697313288182,-19.32414499245741
26,2025-11-13 19:00:00,40,2777.008342934333,2665.7808950442877,-111.22744789004537,-4.0052975776268855
26,2025-11-13 19:00:00,41,2779.9961370048013,2727.945156289703,-52.050980715098376,-1.8723400375361197
26,2025-11-13 19:00:00,44,2968.0529123948663,2905.114235712158,-62.93867668270832,-2.1205375557784203
26,2025-11-13 19:00:00,47,3035.501398621057,2076.912887189523,-958.5885114315338,-31.57924789186372
26,2025-11-13 19:00:00,48,2515.0710441990477,2092.3762927148746,-422.69475148417314,-16.806473616684055
26,2025-11-13 19:00:00,50,1284.2499029155342,1283.8265713415933,-0.4233315739409136,-0.032963333147221295
26,2025-11-13 19:00:00,53,3028.022026309284,2214.5295328889365,-813.4924934203473,-26.865474767099887
26,2025-11-13 19:00:00,54,2643.823362157013,2336.485673014552,-307.33768914246093,-11.624743677721106
26,2025-11-13 19:00:00,55,1044.867504077545,1001.35987948482,-43.50762459272494,-4.1639369989915975
26,2025-11-13 19:00:00,56,1840.164597363364,1803.012929998023,-37.15166736534093,-2.0189317530927835
27,2025-11-13 20:00:00,1,3250.520435017765,3107.0068506447465,-143.5135843730186,-4.41509558983081
27,2025-11-13 20:00:00,3,2037.623001938206,1989.5488757367552,-48.07412620145078,-2.3593238864953046
27,2025-11-13 20:00:00,5,1186.9488654103611,1163.9092200799569,-23.039645330404255,-1.941081541237146
27,2025-11-13 20:00:00,10,1835.7111418692064,1709.7998650820866,-125.91127678711973,-6.858991805154651
27,2025-11-13 20:00:00,12,2297.497766873249,2235.2814997103037,-62.216267162945314,-2.7080012028746285
27,2025-11-13 20:00:00,13,1048.661874754563,1018.3205553571822,-30.341319397380857,-2.893336749224546
27,2025-11-13 20:00:00,14,2063.710209513994,2035.6511973876643,-28.059012126329662,-1.359639158491036
27,2025-11-13 20:00:00,15,2619.345962617827,2351.535181771665,-267.81078084616183,-10.224337856405436
27,2025-11-13 20:00:00,16,1920.3120507078063,1804.7415047220647,-115.57054598574155,-6.018321133960676
27,2025-11-13 20:00:00,17,1216.824661823924,1182.4207900510012,-34.40387177292291,-2.8273483314641426
27,2025-11-13 20:00:00,18,1133.5583034070949,1110.6025284109944,-22.955774996100445,-2.0251075685390956
27,2025-11-13 20:00:00,19,1131.5220615917508,1096.3838305175998,-35.13823107415101,-3.1053951369468535
27,2025-11-13 20:00:00,20,1049.3236845658766,1043.4455177635175,-5.8781668023591465,-0.5601862312667655
27,2025-11-13 20:00:00,21,1614.2257089375562,1405.2582839449278,-208.96742499262837,-12.945365932138797
27,2025-11-13 20:00:00,24,1865.329626934173,1741.6948849644464,-123.63474196972652,-6.628037221117357
27,2025-11-13 20:00:00,27,1777.119856309578,1691.7662780850087,-85.35357822456922,-4.8029162423415315
27,2025-11-13 20:00:00,28,6358.91233396403,6237.846388366187,-121.06594559784298,-1.9038781986537103
27,2025-11-13 20:00:00,29,3551.3826173182365,3494.118314922244,-57.26430239599267,-1.6124509400013562
27,2025-11-13 20:00:00,30,2102.121739692127,2076.525251089301,-25.596488602825957,-1.2176501541045275
27,2025-11-13 20:00:00,31,5271.403883864214,4902.011757002678,-369.39212686153587,-7.007471538886377
27,2025-11-13 20:00:00,32,2180.053058327543,2155.604105606922,-24.448952720621037,-1.121484297238957
27,2025-11-13 20:00:00,33,1217.420799057866,1211.6634643627524,-5.757334695113514,-0.4729124637569017
27,2025-11-13 20:00:00,34,1187.0503667470446,1175.798308385029,-11.252058362015532,-0.9479006685158877
27,2025-11-13 20:00:00,35,2501.1306536900843,2356.4752871677683,-144.65536652231594,-5.783598961889346
27,2025-11-13 20:00:00,37,1080.6351512975948,1058.673929291883,-21.96122200571176,-2.032251308810506
27,2025-11-13 20:00:00,38,3945.938204642942,3576.801071445237,-369.13713319770477,-9.354863509098138
27,2025-11-13 20:00:00,39,3494.5328351860603,2820.144758462668,-674.3880767233923,-19.29837573517851
27,2025-11-13 20:00:00,40,2780.5948342109828,2674.4579742506644,-106.13685996031836,-3.8170559282663556
27,2025-11-13 20:00:00,41,2785.20574689672,2738.926398560196,-46.27934833652398,-1.6616132717695449
27,2025-11-13 20:00:00,44,2975.929487611785,2921.9357661511863,-53.99372146059886,-1.8143481451883927
27,2025-11-13 20:00:00,47,3045.9065947241907,2106.466856216633,-939.4397385075576,-30.842696888169833
27,2025-11-13 20:00:00,48,2525.553463026596,2122.089848225717,-403.463614800879,-15.975255353231468
27,2025-11-13 20:00:00,50,1283.728105122035,1283.2704722706862,-0.4576328513487624,-0.035648736638453395
27,2025-11-13 20:00:00,53,3038.927671168576,2245.190528559744,-793.7371426088321,-26.118987633016346
27,2025-11-13 20:00:00,54,2652.651416442116,2363.2168602775746,-289.4345561645414,-10.911141749365138
27,2025-11-13 20:00:00,55,1049.5101386120973,1012.0576652948832,-37.45247331721407,-3.568567080899505
27,2025-11-13 20:00:00,56,1841.024744034063,1804.4705725537704,-36.55417148029255,-1.9855339586688479
28,2025-11-13 21:00:00,1,3250.170284731616,3107.727426584604,-142.44285814701198,-4.382627544660302
28,2025-11-13 21:00:00,3,2040.9293559832647,1996.0897967893025,-44.83955919396226,-2.19701671998146
28,2025-11-13 21:00:00,5,1190.3847745988144,1170.3026045176182,-20.082170081196182,-1.687031832876417
28,2025-11-13 21:00:00,10,1838.5636789599464,1714.132299504731,-124.43137945521539,-6.7678580230413745
28,2025-11-13 21:00:00,12,2300.900341718152,2243.567643462611,-57.33269825554089,-2.4917506080567065
28,2025-11-13 21:00:00,13,1051.786659345895,1024.4439126909442,-27.342746654950815,-2.599647600774404
28,2025-11-13 21:00:00,14,2069.154991750584,2044.8498159826536,-24.30517576793045,-1.1746425891164076
28,2025-11-13 21:00:00,15,2626.651533917693,2372.7242148466294,-253.92731907106372,-9.66733941644429
28,2025-11-13 21:00:00,16,1925.8987236948592,1819.869019587757,-106.02970410710213,-5.505466242985141
28,2025-11-13 21:00:00,17,1219.6186486040006,1187.507588632645,-32.111059971355644,-2.632877088925345
28,2025-11-13 21:00:00,18,1136.3243123127002,1116.070347442159,-20.253964870541267,-1.7824105892198552
28,2025-11-13 21:00:00,19,1134.2155861645022,1100.8470750585327,-33.368511105969446,-2.9419901747964348
28,2025-11-13 21:00:00,20,1050.3765331517295,1045.2538039284111,-5.122729223318402,-0.4877040815018295
28,2025-11-13 21:00:00,21,1621.0903595348193,1423.065678353043,-198.02468118177626,-12.215523953803569
28,2025-11-13 21:00:00,24,1872.3840451710596,1758.3761942735073,-114.00785089755232,-6.088913820408924
28,2025-11-13 21:00:00,27,1782.37867401011,1705.3603405081628,-77.01833350194715,-4.321098239391877
28,2025-11-13 21:00:00,28,6356.663653483779,6235.394983677694,-121.2686698060852,-1.9077408593047664
28,2025-11-13 21:00:00,29,3552.054343662844,3496.0959519285966,-55.95839173424747,-1.5753810702272004
28,2025-11-13 21:00:00,30,2104.3877804184744,2081.0718325271755,-23.315947891298947,-1.107968222789356
28,2025-11-13 21:00:00,31,5266.991963861019,4897.828773382068,-369.16319047895104,-7.008994754727751
28,2025-11-13 21:00:00,32,2181.898318532909,2159.402142661821,-22.49617587108787,-1.0310368581343479
28,2025-11-13 21:00:00,33,1217.5764125221804,1212.3735694830916,-5.202843039088748,-0.42731141845226644
28,2025-11-13 21:00:00,34,1189.2702311533878,1179.5103964271643,-9.759834726223517,-0.8206574477827595
28,2025-11-13 21:00:00,35,2501.648717854891,2357.1071631451723,-144.54155470971864,-5.777851769438671
28,2025-11-13 21:00:00,37,1083.4615409184112,1064.1090224415889,-19.352518476822297,-1.7861749352374674
28,2025-11-13 21:00:00,38,3945.237712408456,3576.224226599801,-369.0134858086549,-9.353390409101168
28,2025-11-13 21:00:00,39,3497.1793534788803,2822.9198717659224,-674.259481712958,-19.280094429307052
28,2025-11-13 21:00:00,40,2783.571334208073,2681.4745146819087,-102.09681952616438,-3.667835570494225
28,2025-11-13 21:00:00,41,2789.57672978581,2747.8661521025992,-41.710577683210886,-1.4952296252633823
28,2025-11-13 21:00:00,44,2982.566467799412,2935.6623451417727,-46.904122657639164,-1.5726094678535638
28,2025-11-13 21:00:00,47,3054.658554852275,2130.716185909836,-923.9423689424389,-30.24699331697062
28,2025-11-13 21:00:00,48,2534.393085547679,2146.4870154230093,-387.9060701246699,-15.30567899418191
28,2025-11-13 21:00:00,50,1283.2821973977807,1282.80046682856,-0.4817305692206446,-0.037538942735860455
28,2025-11-13 21:00:00,53,3048.105812409961,2270.349195867439,-777.7566165425219,-25.51606356236022
28,2025-11-13 21:00:00,54,2660.087793932131,2385.1408894913875,-274.9469044407433,-10.33600864858366
28,2025-11-13 21:00:00,55,1053.4222444224029,1020.7791917902852,-32.6430526321177,-3.098762419813535
28,2025-11-13 21:00:00,56,1841.7306271549503,1805.6297512749727,-36.10087587997759,-1.960160478828825
29,2025-11-13 22:00:00,1,3249.694279478218,3108.4096262832413,-141.28465319497673,-4.347629070438646
29,2025-11-13 22:00:00,3,2044.844719905996,2003.3914432542729,-41.45327665172317,-2.027209022190635
29,2025-11-13 22:00:00,5,1194.4092563957058,1177.5035208696418,-16.905735526064063,-1.4154056020194825
29,2025-11-13 22:00:00,10,1842.3314833761435,1719.349165659489,-122.9823177166545,-6.675363192039939
29,2025-11-13 22:00:00,12,2305.2534457538272,2253.125064794201,-52.128380959626156,-2.261286326483723
29,2025-11-13 22:00:00,13,1055.7308340921618,1031.5642045500222,-24.166629542139617,-2.289090056076732
29,2025-11-13 22:00:00,14,2067.880021294313,2047.5596426198583,-20.32037867445456,-0.9826671985416142
29,2025-11-13 22:00:00,15,2635.9039661684915,2397.2269242858483,-238.67704188264315,-9.054845887636048
29,2025-11-13 22:00:00,16,1932.919202200262,1837.3385010549332,-95.5807011453287,-4.944888593197699
29,2025-11-13 22:00:00,17,1223.079000245155,1193.3509336348693,-29.728066610285623,-2.4305925131840955
29,2025-11-13 22:00:00,18,1139.730094550934,1122.3584783473968,-17.371616203537087,-1.5241868479731329
29,2025-11-13 22:00:00,19,1137.610603514701,1106.0634903765158,-31.547113138185296,-2.7731029440758563
29,2025-11-13 22:00:00,20,1049.8568765102511,1045.527016260551,-4.329860249700232,-0.41242385953529104
29,2025-11-13 22:00:00,21,1629.6752193172413,1443.6412316108133,-186.03398770642798,-11.415402621411133
29,2025-11-13 22:00:00,24,1880.7873617711405,1777.371175908906,-103.41618586223444,-5.498558102009324
29,2025-11-13 22:00:00,27,1788.9632595077835,1721.0505082691714,-67.91275123861215,-3.7962071539299083
29,2025-11-13 22:00:00,28,6354.036611829476,6232.621228880074,-121.41538294940165,-1.9108385797362177
29,2025-11-13 22:00:00,29,3553.0191307339137,3498.414256373951,-54.60487435996265,-1.5368584392812834
29,2025-11-13 22:00:00,30,2106.9694578137514,2086.0412586896264,-20.928199124125058,-0.9932844088703936
29,2025-11-13 22:00:00,31,5261.832274611111,4893.098332771383,-368.7339418397278,-7.007709911600708
29,2025-11-13 22:00:00,32,2184.092852907831,2163.6302864887584,-20.462566419072573,-0.936890864865446
29,2025-11-13 22:00:00,33,1218.486907745759,1213.8666472753669,-4.620260470392168,-0.379180148840483
29,2025-11-13 22:00:00,34,1188.6982071671907,1180.5139179725977,-8.18428919459302,-0.6885085840330453
29,2025-11-13 22:00:00,35,2502.5066564549675,2357.99339356954,-144.5132628854276,-5.774740399298039
29,2025-11-13 22:00:00,37,1086.9332785630008,1070.361899080971,-16.571379482029897,-1.524599513958978
29,2025-11-13 22:00:00,38,3944.466704797269,3575.575149837048,-368.89155496022113,-9.352127488148763
29,2025-11-13 22:00:00,39,3500.7017152700305,2826.2323562911524,-674.4693589788781,-19.26669033345082
29,2025-11-13 22:00:00,40,2787.3113731588337,2689.442785842468,-97.86858731636585,-3.511218310907701
29,2025-11-13 22:00:00,41,2794.1565920162902,2757.292659757273,-36.86393225901702,-1.3193223445081026
29,2025-11-13 22:00:00,44,2989.4840449734984,2950.289940618789,-39.19410435470945,-1.311065848322897
29,2025-11-13 22:00:00,47,3065.537598557323,2158.738154828249,-906.7994437290736,-29.580437837585936
29,2025-11-13 22:00:00,48,2545.5702444572366,2174.7014112845063,-370.8688331727303,-14.569184801726283
29,2025-11-13 22:00:00,50,1282.7736240574186,1282.2694680870247,-0.5041559703938674,-0.039302021879684415
29,2025-11-13 22:00:00,53,3059.46487925511,2299.42975303524,-760.0351262198701,-24.84209351031728
29,2025-11-13 22:00:00,54,2669.6366377382,2410.5374571251405,-259.0991806130596,-9.70540997791282
29,2025-11-13 22:00:00,55,1058.4182023905712,1031.037590658036,-27.38061173253527,-2.5869369660019736
29,2025-11-13 22:00:00,56,1842.7018692315364,1807.0297734912167,-35.67209574031972,-1.9358582273103182
30,2025-11-13 23:00:00,1,3249.4927345591536,3108.560168330544,-140.93256622860963,-4.337063589333718
30,2025-11-13 23:00:00,3,2046.1609154082496,2005.723215930905,-40.437699477344495,-1.9762717180665321
30,2025-11-13 23:00:00,5,1195.720178706225,1179.8097816085167,-15.910397097708255,-1.3306120763909315
30,2025-11-13 23:00:00,10,1843.8442812295027,1721.2735511552237,-122.57073007427903,-6.647564076970048
30,2025-11-13 23:00:00,12,2306.906906291017,2256.3763196441178,-50.53058664689934,-2.190404238207473
30,2025-11-13 23:00:00,13,1057.219719704515,1034.02769984548,-23.1920198590351,-2.19368021866988
30,2025-11-13 23:00:00,14,2063.0599255567786,2043.965724590598,-19.09420096618055,-0.9255281792664073
30,2025-11-13 23:00:00,15,2639.373542635319,2405.522283551893,-233.85125908342616,-8.860104691734316
30,2025-11-13 23:00:00,16,1935.5296047380136,1843.256088216536,-92.27351652147763,-4.767352371960616
30,2025-11-13 23:00:00,17,1224.3463544948816,1195.3311145309349,-29.01523996394667,-2.369855544342046
30,2025-11-13 23:00:00,18,1140.943410658137,1124.465182874373,-16.47822778376394,-1.4442633727345608
30,2025-11-13 23:00:00,19,1138.8874749320664,1107.8845299373577,-31.00294499470874,-2.722213184103903
30,2025-11-13 23:00:00,20,1048.6760130560858,1044.5845108447295,-4.091502211356328,-0.390158844144126
30,2025-11-13 23:00:00,21,1632.8612059074594,1450.6060508021626,-182.2551551052968,-11.161705259817772
30,2025-11-13 23:00:00,24,1883.6526606374853,1783.6235461787644,-100.02911445872087,-5.310380015860672
30,2025-11-13 23:00:00,27,1791.4016717193983,1726.3672099925234,-65.03446172687495,-3.6303673683889373
30,2025-11-13 23:00:00,28,6353.143579602402,6231.700768938177,-121.44281066422445,-1.911538896336807
30,2025-11-13 23:00:00,29,3553.4251120393174,3499.2182255941307,-54.20688644518668,-1.5254827310565509
30,2025-11-13 23:00:00,30,2107.767796669042,2087.555738051201,-20.212058617841194,-0.9589319397413136
30,2025-11-13 23:00:00,31,5260.074732749754,4891.527537178389,-368.5471955713647,-7.00650112966557
30,2025-11-13 23:00:00,32,2184.824815513477,2164.9670605414804,-19.857754971996656,-0.9088946093524524
30,2025-11-13 23:00:00,33,1219.1875095865894,1214.7446924043825,-4.442817182206909,-0.3644080297142652
30,2025-11-13 23:00:00,34,1186.683274936926,1178.9788955172703,-7.704379419655652,-0.6492363701734274
30,2025-11-13 23:00:00,35,2502.938314717596,2358.392985258999,-144.54532945859683,-5.775025641209449
30,2025-11-13 23:00:00,37,1088.1672198689942,1072.4574660776216,-15.709753791372577,-1.4436893066181404
30,2025-11-13 23:00:00,38,3944.231690640722,3575.3670565237458,-368.86463411697605,-9.352002190750001
30,2025-11-13 23:00:00,39,3502.129473325773,2827.443434345072,-674.6860389807007,-19.265022727443306
30,2025-11-13 23:00:00,40,2788.696607423465,2692.0870072256675,-96.60960019779759,-3.4643281001104387
30,2025-11-13 23:00:00,41,2795.32829292749,2759.944105426628,-35.384187500862026,-1.2658329824939771
30,2025-11-13 23:00:00,44,2991.193310875017,2954.449695110658,-36.743615764358765,-1.228393217876317
30,2025-11-13 23:00:00,47,3069.5464232844733,2168.226934734555,-901.3194885499183,-29.363279268651336
30,2025-11-13 23:00:00,48,2549.777015913106,2184.2605956217703,-365.51642029133563,-14.335230806857039
30,2025-11-13 23:00:00,50,1282.6093495567925,1282.0990494783746,-0.510300078417913,-0.03978608752495434
30,2025-11-13 23:00:00,53,3063.6225739413453,2309.27954553688,-754.3430284044653,-24.62258356563825
30,2025-11-13 23:00:00,54,2673.286653820652,2419.159389530253,-254.12726429039913,-9.506173381264642
30,2025-11-13 23:00:00,55,1060.3279566022418,1034.6345472793737,-25.693409322868092,-2.4231568320806236
30,2025-11-13 23:00:00,56,1843.1065423158911,1807.54456490224,-35.56197741365122,-1.9294585851215666
31,2025-11-14 00:00:00,1,3249.486010094181,3108.5648456562585,-140.92116443792247,-4.33672168460384
31,2025-11-14 00:00:00,3,2046.2027247261544,2005.797582414683,-40.405142311471536,-1.9746402359462698
31,2025-11-14 00:00:00,5,1195.7617339310814,1179.8832171241963,-15.878516806885045,-1.3278997275388824
31,2025-11-14 00:00:00,10,1843.893083995464,1721.3354483974676,-122.5576355979963,-6.646677980505826
31,2025-11-14 00:00:00,12,2306.95980694236,2256.480521152978,-50.479285789382175,-2.188130267266655
31,2025-11-14 00:00:00,13,1057.2678282990914,1034.107034122805,-23.160794176286345,-2.1906269685276345
31,2025-11-14 00:00:00,14,2062.898698656453,2043.8438148750151,-19.05488378143764,-0.9236945950786586
31,2025-11-14 00:00:00,15,2639.4851768550006,2405.789076568256,-233.6961002867447,-8.85385158954362
31,2025-11-14 00:00:00,16,1935.6136353360264,1843.446398474984,-92.16723686104228,-4.76165465971425
31,2025-11-14 00:00:00,17,1224.3871468348004,1195.394717863902,-28.992428970898345,-2.367913535016072
31,2025-11-14 00:00:00,18,1140.9821167867285,1124.5325117099128,-16.449605076815715,-1.4417057756471798
31,2025-11-14 00:00:00,19,1138.928654386475,1107.943090382056,-30.985564004419075,-2.720588676479526
31,2025-11-14 00:00:00,20,1048.6366082023872,1044.552749903583,-4.083858298804216,-0.389444567055972
31,2025-11-14 00:00:00,21,1632.9641778544428,1450.8304370302567,-182.13374082418613,-11.153566213772814
31,2025-11-14 00:00:00,24,1883.7445775516808,1783.824246418023,-99.92033113365778,-5.304346052240538
31,2025-11-14 00:00:00,27,1791.480182523365,1726.5381931751278,-64.94198934823726,-3.6250464828901485
31,2025-11-14 00:00:00,28,6353.114637478206,6231.671075294858,-121.44356218334724,-1.9115594336505288
31,2025-11-14 00:00:00,29,3553.437742653246,3499.2436438797185,-54.19409877352746,-1.5251174411476347
31,2025-11-14 00:00:00,30,2107.7928063251884,2087.603704361606,-20.18910196358229,-0.9578314293035656
31,2025-11-14 00:00:00,31,5260.017775215808,4891.476876037849,-368.54089917795864,-7.00645729591357
31,2025-11-14 00:00:00,32,2184.84779521371,2165.0094288577734,-19.838366355936614,-0.9079976371533072
31,2025-11-14 00:00:00,33,1219.2101022999864,1214.7729588484062,-4.437143451580141,-0.3639359158203877
31,2025-11-14 00:00:00,34,1186.61587339853,1178.9268788093732,-7.688994589156891,-0.6479767177844341
31,2025-11-14 00:00:00,35,2502.952172691766,2358.405778164274,-144.54639452749188,-5.775036219411313
31,2025-11-14 00:00:00,37,1088.2066304759928,1072.524477511691,-15.68215296430185,-1.4411006627888596
31,2025-11-14 00:00:00,38,3944.223944935757,3575.360258815677,-368.8636861200803,-9.351996521234248
31,2025-11-14 00:00:00,39,3502.1753757839697,2827.482280285458,-674.6930954985119,-19.264971713401998
31,2025-11-14 00:00:00,40,2788.7407520673514,2692.171587124824,-96.56916494252755,-3.462823314463305
31,2025-11-14 00:00:00,41,2795.3644722538693,2760.027751792223,-35.33672046164611,-1.2641185366842174
31,2025-11-14 00:00:00,44,2991.24560565207,2954.5805688453675,-36.665036806702574,-1.2257447779420927
31,2025-11-14 00:00:00,47,3069.675769217084,2168.5325164742712,-901.1432527428128,-29.356300811295387
31,2025-11-14 00:00:00,48,2549.912848612091,2184.568469709325,-365.3443789027656,-14.327720223913587
31,2025-11-14 00:00:00,50,1282.6040006525388,1282.0935084363475,-0.5104922161913237,-0.039801233734777466
31,2025-11-14 00:00:00,53,3063.756712274232,2309.5967303392217,-754.1599819350104,-24.615530956281315
31,2025-11-14 00:00:00,54,2673.404191689295,2419.436785670685,-253.9674060186103,-9.499775859112834
31,2025-11-14 00:00:00,55,1060.389684156632,1034.7504218340275,-25.63926232260451,-2.4179094445827602
31,2025-11-14 00:00:00,56,1843.119455827902,1807.560983688286,-35.558472139616015,-1.9292548850906506
32,2025-11-14 01:00:00,1,3211.4871887529,3072.6803897172863,-138.8067990356135,-4.322196878808525
32,2025-11-14 01:00:00,3,1983.1222264755045,1944.1952118666,-38.92701460890453,-1.9629155525167705
32,2025-11-14 01:00:00,5,1146.7440860796396,1131.5506853585252,-15.193400721114358,-1.3249164225521195
32,2025-11-14 01:00:00,10,1826.1151471126773,1705.173361540872,-120.94178557180521,-6.622900300839721
32,2025-11-14 01:00:00,12,2251.805905843601,2202.715824952079,-49.09008089152212,-2.1800316254669094
32,2025-11-14 01:00:00,13,1051.0241966140477,1027.963520643193,-23.060675970854618,-2.194114659314818
32,2025-11-14 01:00:00,14,1024.4467532699057,1015.2210854442494,-9.225667825656274,-0.9005512288666149
32,2025-11-14 01:00:00,15,2586.1291019195496,2361.541272083989,-224.58782983556057,-8.684323983240459
32,2025-11-14 01:00:00,16,1904.5602676886372,1815.1980823105264,-89.36218537811078,-4.692011426162963
32,2025-11-14 01:00:00,17,1211.6216366622346,1182.8961356562847,-28.72550100594981,-2.370830970391267
32,2025-11-14 01:00:00,18,1113.0090980671716,1096.9683008138595,-16.04079725331212,-1.4412098949746444
32,2025-11-14 01:00:00,19,1129.426203853635,1098.6662953793295,-30.759908474305348,-2.7234987438180247
32,2025-11-14 01:00:00,20,874.266022339388,870.9591449721072,-3.3068773672807765,-0.3782461267832567
32,2025-11-14 01:00:00,21,1622.5986484416112,1442.941794528329,-179.65685391328225,-11.072168344638378
32,2025-11-14 01:00:00,24,1831.763962604203,1736.725104487972,-95.03885811623104,-5.188379073748951
32,2025-11-14 01:00:00,27,1763.8427305193306,1700.7305737774243,-63.11215674190635,-3.5781056695074027
32,2025-11-14 01:00:00,28,6277.416892311403,6157.434247511075,-119.98264480032776,-1.9113378457830772
32,2025-11-14 01:00:00,29,3468.427646161711,3415.7384105299648,-52.689235631746214,-1.519110127323949
32,2025-11-14 01:00:00,30,2012.728494821706,1993.528828100846,-19.199666720859796,-0.9539124015114897
32,2025-11-14 01:00:00,31,5190.873548086069,4829.386978766716,-361.4865693193524,-6.963887021532945
32,2025-11-14 01:00:00,32,2089.8092944927,2070.9100160224093,-18.899278470290483,-0.9043542164395567
32,2025-11-14 01:00:00,33,1167.1022869522506,1162.8483024875204,-4.253984464730138,-0.36449114291763707
32,2025-11-14 01:00:00,34,861.6251274289899,856.1916043414234,-5.4335230875665275,-0.6306133508176184
32,2025-11-14 01:00:00,35,2479.635016883564,2336.810674410339,-142.824342473225,-5.759893754554588
32,2025-11-14 01:00:00,37,1062.8963189292408,1047.575568533622,-15.320750395618916,-1.441415321774094
32,2025-11-14 01:00:00,38,3897.7824400723166,3535.3494476043443,-362.4329924679723,-9.298440793972278
32,2025-11-14 01:00:00,39,3450.1953596922613,2791.2173758341128,-658.9779838581485,-19.099729585078503
32,2025-11-14 01:00:00,40,2717.613011803324,2624.355836623244,-93.25717518007968,-3.4315840693667092
32,2025-11-14 01:00:00,41,2592.815619394501,2560.451383218007,-32.36423617649416,-1.2482274456543179
32,2025-11-14 01:00:00,44,2574.053719604851,2542.9369105528144,-31.116809052036388,-1.208864011463335
32,2025-11-14 01:00:00,47,3034.291708613061,2152.066805491788,-882.2249031212732,-29.075151232724682
32,2025-11-14 01:00:00,48,2523.713109949185,2165.962814707829,-357.75029524135607,-14.175553228732857
32,2025-11-14 01:00:00,50,1174.8891957468506,1174.4654694619803,-0.4237262848703267,-0.03606521248167351
32,2025-11-14 01:00:00,53,3029.4216791502067,2291.190973550812,-738.2307055993947,-24.368700821025296
32,2025-11-14 01:00:00,54,2622.0421923369863,2377.553310431416,-244.48888190557045,-9.32436871611365
32,2025-11-14 01:00:00,55,1053.7845247095524,1028.447066743203,-25.337457966349348,-2.404424943831182
32,2025-11-14 01:00:00,56,1824.602083427434,1789.328723651973,-35.27335977546113,-1.9332083469510069
33,2025-11-14 02:00:00,1,3211.4069335951094,3072.7351390878707,-138.6717945072387,-4.318100987345078
33,2025-11-14 02:00:00,3,1983.51233132299,1944.954021336932,-38.55830998605779,-1.9439410270940767
33,2025-11-14 02:00:00,5,1147.1695391707258,1132.309802865925,-14.85973630480089,-1.2953391628183226
33,2025-11-14 02:00:00,10,1826.4758949641755,1705.6891147096596,-120.78678025451586,-6.613105630769081
33,2025-11-14 02:00:00,12,2252.209469859388,2203.6894220181302,-48.520047841257565,-2.1543310464939487
33,2025-11-14 02:00:00,13,1051.437181193375,1028.728035814662,-22.709145378712947,-2.159819510371338
33,2025-11-14 02:00:00,14,1024.695500305436,1015.6836286952388,-9.011871610197318,-0.8794682525209786
33,2025-11-14 02:00:00,15,2587.0590356644893,2364.16723470542,-222.89180095906931,-8.615644169164437
33,2025-11-14 02:00:00,16,1905.276527950336,1817.0712630160212,-88.20526493431476,-4.62952561690373
33,2025-11-14 02:00:00,17,1211.9830246508636,1183.520825026942,-28.462199623921606,-2.3483991974327134
33,2025-11-14 02:00:00,18,1113.3572047883097,1097.626961549214,-15.730243239095671,-1.4128658054614711
33,2025-11-14 02:00:00,19,1129.7782148788262,1099.2166544852264,-30.561560393599848,-2.7050937955001824
33,2025-11-14 02:00:00,20,874.3241458577681,871.0879563189881,-3.2361895387800814,-0.37013612790084527
33,2025-11-14 02:00:00,21,1623.5131724894331,1445.206670158189,-178.30650233124425,-10.982756737220424
33,2025-11-14 02:00:00,24,1832.6645845411329,1738.772261499641,-93.89232304149186,-5.123268263788754
33,2025-11-14 02:00:00,27,1764.5173190093751,1702.4109029279127,-62.106416081462385,-3.519739671148697
33,2025-11-14 02:00:00,28,6277.061995195316,6157.062943473603,-119.99905172171293,-1.911707289390553
33,2025-11-14 02:00:00,29,3468.4643765423225,3415.9239198719183,-52.54045667040418,-1.514804563822023
33,2025-11-14 02:00:00,30,2012.969946345576,1994.0248121895572,-18.945134156018867,-0.9411533535516812
33,2025-11-14 02:00:00,31,5190.233957133777,4828.805273288933,-361.4286838448443,-6.9636299024261605
33,2025-11-14 02:00:00,32,2089.996683651902,2071.3150145026084,-18.68166914929361,-0.8938611862603857
33,2025-11-14 02:00:00,33,1167.0956715854113,1162.9013849326811,-4.19428665273017,-0.3593781345305264
33,2025-11-14 02:00:00,34,861.7637850725972,856.453509708326,-5.310275364271206,-0.6162100863665156
33,2025-11-14 02:00:00,35,2479.6818833161924,2336.8644248563883,-142.81745845980413,-5.759507274731861
33,2025-11-14 02:00:00,37,1063.2556268464632,1048.2348876862598,-15.020739160203448,-1.412711936898358
33,2025-11-14 02:00:00,38,3897.6481949790737,3535.235617221653,-362.4125777574209,-9.298237286378964
33,2025-11-14 02:00:00,39,3450.4982239085343,2791.520885627177,-658.9773382813573,-19.09803441472009
33,2025-11-14 02:00:00,40,2717.948155962905,2625.1607692082634,-92.78738675464137,-3.413876256288229
33,2025-11-14 02:00:00,41,2593.265684122773,2561.40007147089,-31.86561265188311,-1.2287831843447359
33,2025-11-14 02:00:00,44,2574.691136371357,2544.2927236193345,-30.398412752022523,-1.1806625005461646
33,2025-11-14 02:00:00,47,3035.425182112417,2155.1305580719286,-880.2946240404885,-29.000702413224126
33,2025-11-14 02:00:00,48,2524.874480708163,2169.048925937861,-355.825554770302,-14.092801740801862
33,2025-11-14 02:00:00,50,1174.7860391848908,1174.3559361924922,-0.43010299239858796,-0.036611176678351495
33,2025-11-14 02:00:00,53,3030.6133800565717,2294.366993910783,-736.2463861457886,-24.293642699222996
33,2025-11-14 02:00:00,54,2622.9924413750555,2380.2797722949504,-242.71266908010512,-9.253273675194713
33,2025-11-14 02:00:00,55,1054.305390667544,1029.5433267717729,-24.762063895771234,-2.348661413946948
33,2025-11-14 02:00:00,56,1824.6831264357147,1789.4585307530683,-35.224595682646395,-1.9304500147076573
34,2025-11-14 03:00:00,1,3211.527355677635,3072.6527683316613,-138.87458734597385,-4.324253601653385
34,2025-11-14 03:00:00,3,1982.926423464064,1943.813478085692,-39.11294537837216,-1.9724859639544257
34,2025-11-14 03:00:00,5,1146.5307488458031,1131.1690844602654,-15.361664385537779,-1.3398388487183757
34,2025-11-14 03:00:00,10,1825.934011259948,1704.9135586050895,-121.02045265485845,-6.627865624308668
34,2025-11-14 03:00:00,12,2251.603291967751,2202.225971817372,-49.37732015037909,-2.1929848977626345
34,2025-11-14 03:00:00,13,1050.817034895732,1027.579042437054,-23.23799245867781,-2.2114213689906173
34,2025-11-14 03:00:00,14,1024.3220169601427,1014.9885554462588,-9.33346151388389,-0.9111843111195239
34,2025-11-14 03:00:00,15,2585.6627575394587,2360.22183300943,-225.4409245300285,-8.71888353856944
34,2025-11-14 03:00:00,16,1904.2010473175176,1814.256680662392,-89.94436665512558,-4.723470075905684
34,2025-11-14 03:00:00,17,1211.4403150098883,1182.58189726181,-28.85841774807841,-2.3821576177149804
34,2025-11-14 03:00:00,18,1112.8344809239604,1096.6370690371778,-16.197411886782675,-1.4555095267478002
34,2025-11-14 03:00:00,19,1129.249596428027,1098.389411152452,-30.86018527557485,-2.7328046317829022
34,2025-11-14 03:00:00,20,874.2368793492179,870.8943814710299,-3.3424978781880554,-0.3823332047804036
34,2025-11-14 03:00:00,21,1622.1401359049296,1441.804012042423,-180.3361238625066,-11.117172916870343
34,2025-11-14 03:00:00,24,1831.3124667510128,1735.6965145543593,-95.61595219665355,-5.221170823255997
34,2025-11-14 03:00:00,27,1763.5043981662832,1699.886009465588,-63.61838870069528,-3.607498159167994
34,2025-11-14 03:00:00,28,6277.594937049686,6157.620942524751,-119.97399452493573,-1.9111458405330073
34,2025-11-14 03:00:00,29,3468.4090389826933,3415.6448185642894,-52.764220418403966,-1.5212802130708334
34,2025-11-14 03:00:00,30,2012.6072595855564,1993.2792461558392,-19.328013429717203,-0.9603469995282288
34,2025-11-14 03:00:00,31,5191.194422317116,4829.679506666472,-361.51491565064407,-6.964002621371289
34,2025-11-14 03:00:00,32,2089.715150022698,2070.7061348084503,-19.009015214247484,-0.9096462364280133
34,2025-11-14 03:00:00,33,1167.1054640622126,1162.821351865903,-4.284112196309707,-0.3670715567896049
34,2025-11-14 03:00:00,34,861.5556039450225,856.0599485492531,-5.495655395769404,-0.6378758806286045
34,2025-11-14 03:00:00,35,2479.611333073012,2336.7833776831494,-142.82795538986238,-5.760094474679384
34,2025-11-14 03:00:00,37,1062.7161049263395,1047.2440452426474,-15.472059683692123,-1.4558977333616812
34,2025-11-14 03:00:00,38,3897.84966777765,3535.4065359817523,-362.4431317958979,-9.298540546396804
34,2025-11-14 03:00:00,39,3450.043140235432,2791.064318597565,-658.978821637867,-19.100596567986624
34,2025-11-14 03:00:00,40,2717.444646245872,2623.9507208019336,-93.49392544393822,-3.4405089197713496
34,2025-11-14 03:00:00,41,2592.589770813818,2559.974231965843,-32.61553884797513,-1.258029296232896
34,2025-11-14 03:00:00,44,2573.734004351083,2542.255177122301,-31.478827228781938,-1.2230800531665165
34,2025-11-14 03:00:00,47,3033.723194005873,2150.5275722582537,-883.1956217476195,-29.112597467450737
34,2025-11-14 03:00:00,48,2523.1307624205047,2164.4124486657133,-358.7183137547913,-14.21719076543871
34,2025-11-14 03:00:00,50,1174.9408809175316,1174.5204061800682,-0.4204747374633371,-0.03578688462478054
34,2025-11-14 03:00:00,53,3028.823993882639,2289.595332137905,-739.2286617447339,-24.40645819096009
34,2025-11-14 03:00:00,54,2621.565662188809,2376.183442922553,-245.38221926625602,-9.360140118000341
34,2025-11-14 03:00:00,55,1053.5233270119334,1027.8959633290033,-25.62736368293008,-2.4325387987009233
34,2025-11-14 03:00:00,56,1824.561316545343,1789.2632616235278,-35.298054921815265,-1.9346050254232745
35,2025-11-14 04:00:00,1,3249.9202353642013,3108.2077330608204,-141.71250230338092,-4.360491705652583
35,2025-11-14 04:00:00,3,2043.2022393990087,2000.4900069417777,-42.71223245723104,-2.0904554445767687
35,2025-11-14 04:00:00,5,1192.763330606528,1174.6259595957752,-18.13737101075276,-1.520617757550426
35,2025-11-14 04:00:00,10,1840.5174441395825,1717.0156692777343,-123.50177486184816,-6.7101659511618275
35,2025-11-14 04:00:00,12,2303.233420810987,2249.1337869688687,-54.09963384211824,-2.3488558889992714
35,2025-11-14 04:00:00,13,1053.9433113858172,1028.5695639722412,-25.373747413575984,-2.4075059008830704
35,2025-11-14 04:00:00,14,2072.9395760879274,2051.102579778537,-21.836996309390543,-1.05343139574775
35,2025-11-14 04:00:00,15,2631.7040138634543,2387.1018762365507,-244.60213762690364,-9.294439509092712
35,2025-11-14 04:00:00,16,1929.760248716684,1830.11546334044,-99.64478537624382,-5.163583685719971
35,2025-11-14 04:00:00,17,1221.5434954012987,1190.9287965834292,-30.614698817869566,-2.5062307591275816
35,2025-11-14 04:00:00,18,1138.233389346071,1119.755965193536,-18.477424152534923,-1.623342306198769
35,2025-11-14 04:00:00,19,1136.0718973742964,1103.8455977047392,-32.22629966955719,-2.8366426230627675
35,2025-11-14 04:00:00,20,1051.10911400337,1046.4839277757442,-4.625186227625818,-0.44002912409443623
35,2025-11-14 04:00:00,21,1625.847371333285,1435.166317170545,-190.6810541627401,-11.728102989542682
35,2025-11-14 04:00:00,24,1877.276424941148,1769.6966319202606,-107.57979302088734,-5.73063143986693
35,2025-11-14 04:00:00,27,1786.0127673791617,1714.5609762647168,-71.45179111444486,-4.000631597908169
35,2025-11-14 04:00:00,28,6355.1110415297335,6233.740393344438,-121.37064818529507,-1.909811605055449
35,2025-11-14 04:00:00,29,3552.502047134933,3497.4050993076503,-55.09694782728275,-1.5509335982429069
35,2025-11-14 04:00:00,30,2105.943000911016,2084.12693865893,-21.816062252085885,-1.0359284293377555
35,2025-11-14 04:00:00,31,5263.9466758037,4895.0089898409215,-368.93768596277823,-7.008765640781283
35,2025-11-14 04:00:00,32,2183.1604736744093,2161.947619285714,-21.212854388695177,-0.971658045502834
35,2025-11-14 04:00:00,33,1217.6718048119008,1212.8308067605485,-4.840998051352244,-0.39756180870920754
35,2025-11-14 04:00:00,34,1190.814079289247,1182.0354501980353,-8.77862909121177,-0.7371956079366654
35,2025-11-14 04:00:00,35,2501.991284209645,2357.511041376933,-144.48024283271207,-5.774610157299248
35,2025-11-14 04:00:00,37,1085.4140504013965,1067.7758397479631,-17.63821065343336,-1.625021405141253
35,2025-11-14 04:00:00,38,3944.743388215564,3575.8234413670216,-368.9199468485426,-9.352191271823804
35,2025-11-14 04:00:00,39,3498.980246505904,2824.755859766248,-674.224386739656,-19.269168135857278
35,2025-11-14 04:00:00,40,2785.604405977433,2686.179566052057,-99.42483992537609,-3.569237602870935
35,2025-11-14 04:00:00,41,2792.58962830261,2753.8959779182,-38.69365038440992,-1.3855831158382075
35,2025-11-14 04:00:00,44,2987.157507700472,2944.940809982172,-42.216697718299656,-1.41327324084756
35,2025-11-14 04:00:00,47,3060.7039800422926,2147.1842570232848,-913.5197230190079,-29.84671921805339
35,2025-11-14 04:00:00,48,2540.5119384041086,2163.0640080678845,-377.4479303362241,-14.857160268781426
35,2025-11-14 04:00:00,50,1282.9703309940558,1282.4741927719535,-0.4961382221022177,-0.038671059658706666
35,2025-11-14 04:00:00,53,3054.448622992136,2287.4349593993734,-767.0136635927624,-25.111362418052277
35,2025-11-14 04:00:00,54,2665.230653217376,2400.022839625653,-265.20781359172315,-9.95065148570062
35,2025-11-14 04:00:00,55,1056.1286164287003,1026.671731217731,-29.456885210969403,-2.7891380607200933
35,2025-11-14 04:00:00,56,1842.2081596133328,1806.395951724807,-35.81220788852579,-1.943982698244184
36,2025-11-14 05:00:00,1,3250.923309436404,3106.1076597022416,-144.81564973416243,-4.454600614964011
36,2025-11-14 05:00:00,3,2033.6405931349764,1981.429250956448,-52.21134217852841,-2.567382966035388
36,2025-11-14 05:00:00,5,1182.845612898955,1156.0203047304396,-26.82530816851545,-2.267862168653705
36,2025-11-14 05:00:00,10,1832.2600148478584,1704.351305380386,-127.90870946747236,-6.98092565634541
36,2025-11-14 05:00:00,12,2293.386694768646,2224.9765008067666,-68.41019396187949,-2.9829332365940413
36,2025-11-14 05:00:00,13,1044.9161267399531,1010.7301957928108,-34.18593094714231,-3.2716435388742084
36,2025-11-14 05:00:00,14,2057.2411234939354,2024.375465084277,-32.86565840965841,-1.5975598598690608
36,2025-11-14 05:00:00,15,2610.6107863512198,2325.4985122595194,-285.11227409170033,-10.921286144312383
36,2025-11-14 05:00:00,16,1913.6272929550491,1786.1108107194225,-127.51648223562665,-6.663600728578341
36,2025-11-14 05:00:00,17,1213.4680683848796,1176.1028284310844,-37.36523995379525,-3.07921081133418
36,2025-11-14 05:00:00,18,1130.242803493663,1103.828831828469,-26.413971665193912,-2.337017460632919
36,2025-11-14 05:00:00,19,1128.2876231382045,1090.8329672060845,-37.45465593211998,-3.319601772103472
36,2025-11-14 05:00:00,20,1048.074350464817,1041.230913617428,-6.84343684738883,-0.6529533753358043
36,2025-11-14 05:00:00,21,1606.037691868692,1383.4125672574992,-222.62512461119286,-13.86176213287742
36,2025-11-14 05:00:00,24,1856.923559759296,1721.1978431214757,-135.72571663782037,-7.309170909297626
36,2025-11-14 05:00:00,27,1770.82558081023,1675.007929845394,-95.81765096483582,-5.410902801674858
36,2025-11-14 05:00:00,28,6361.606823356824,6240.880795618882,-120.72602773794188,-1.897728531330996
36,2025-11-14 05:00:00,29,3550.544009114472,3491.618124334295,-58.92588478017706,-1.6596297533254218
36,2025-11-14 05:00:00,30,2099.3870411736216,2070.8736432234045,-28.51339795021704,-1.3581772865606134
36,2025-11-14 05:00:00,31,5276.693200876777,4907.19893470665,-369.49426617012705,-7.00238297175837
36,2025-11-14 05:00:00,32,2177.8170785653083,2150.8683868790163,-26.948691686292022,-1.2374175935861955
36,2025-11-14 05:00:00,33,1217.208570024336,1210.735390947595,-6.473179076740962,-0.5318052498276069
36,2025-11-14 05:00:00,34,1184.414699098741,1171.2519778732883,-13.162721225452742,-1.1113270745009056
36,2025-11-14 05:00:00,35,2500.478224330328,2355.64540105176,-144.83282327856796,-5.79220494181095
36,2025-11-14 05:00:00,37,1077.251033313666,1051.9482291264612,-25.302804187204856,-2.3488308114564944
36,2025-11-14 05:00:00,38,3946.756147322621,3577.494253978743,-369.261893343878,-9.35608584772525
36,2025-11-14 05:00:00,39,3491.3069680787908,2816.634661141228,-674.6723069375626,-19.32434796212788
36,2025-11-14 05:00:00,40,2776.982256980631,2665.7168203860488,-111.2654365945823,-4.006703187061751
36,2025-11-14 05:00:00,41,2779.9584577813566,2727.8643368327653,-52.09412094859135,-1.873917245157933
36,2025-11-14 05:00:00,44,2967.996070664369,2904.9905699381734,-63.005500726195805,-2.122829654289009
36,2025-11-14 05:00:00,47,3035.426236882213,2076.6962173776456,-958.7300195045673,-31.584691726500683
36,2025-11-14 05:00:00,48,2514.995426558935,2092.158537904326,-422.8368886546091,-16.812630519696118
36,2025-11-14 05:00:00,50,1284.2536398493917,1283.8305806559908,-0.42305919340083165,-0.0329420279821395
36,2025-11-14 05:00:00,53,3027.9432729663645,2214.304754857388,-813.6385181089763,-26.87099607754159
36,2025-11-14 05:00:00,54,2643.7596424212998,2336.289669100149,-307.469973321151,-11.630027495220903
36,2025-11-14 05:00:00,55,1044.8339997557046,1001.2811837562044,-43.552815999500126,-4.168395746088214
36,2025-11-14 05:00:00,56,1840.158305638004,1803.002076109676,-37.15622952832814,-2.0191865783767797
37,2025-11-14 06:00:00,1,3251.737629327927,3104.0620211163173,-147.67560821160987,-4.5414367653681715
37,2025-11-14 06:00:00,3,2025.0261342132817,1962.785234057306,-62.24090015597562,-3.073585032034961
37,2025-11-14 06:00:00,5,1174.0863665551597,1138.057952950025,-36.028413605134574,-3.068634014620587
37,2025-11-14 06:00:00,10,1824.742966923156,1691.5834171266572,-133.15954979649882,-7.297441459441804
37,2025-11-14 06:00:00,12,2284.450639338881,2201.2418013732754,-83.20883796560565,-3.642400344867432
37,2025-11-14 06:00:00,13,1036.8717791612412,993.3174062906052,-43.55437287063603,-4.200555338276113
37,2025-11-14 06:00:00,14,2043.546420851268,1998.983794730164,-44.56262612110413,-2.1806515216102085
37,2025-11-14 06:00:00,15,2591.926386271828,2266.599692677095,-325.3266935947331,-12.551540634712088
37,2025-11-14 06:00:00,16,1899.311167674898,1743.8014314156014,-155.50973625929646,-8.187691353895879
37,2025-11-14 06:00:00,17,1206.23507861771,1161.5717643945904,-44.66331422311964,-3.702703976599797
37,2025-11-14 06:00:00,18,1123.1235327977115,1088.306771381302,-34.81676141640946,-3.099993936524558
37,2025-11-14 06:00:00,19,1121.3229117488356,1078.0400101559828,-43.282901592852795,-3.859985481376457
37,2025-11-14 06:00:00,20,1045.434711218571,1036.2504949505137,-9.184216268057298,-0.8785069186532048
37,2025-11-14 06:00:00,21,1588.5896171102963,1334.0955772028365,-254.49403990745986,-16.02012484321747
37,2025-11-14 06:00:00,24,1839.039253155988,1674.8128209173892,-164.22643223859882,-8.930012339691428
37,2025-11-14 06:00:00,27,1757.3391807434089,1636.8905511469486,-120.44862959646025,-6.854034264774473
37,2025-11-14 06:00:00,28,6367.391521111236,6247.84224306037,-119.54927805086663,-1.8775235927380654
37,2025-11-14 06:00:00,29,3548.63366639631,3485.7316084108325,-62.90205798547777,-1.7725711893320264
37,2025-11-14 06:00:00,30,2093.454099401327,2057.870004455872,-35.584094945455035,-1.6997790854660322
37,2025-11-14 06:00:00,31,5288.061877326485,4919.142746570862,-368.919130755623,-6.976452608042088
37,2025-11-14 06:00:00,32,2172.9359332395925,2139.922009495313,-33.01392374427951,-1.5193233835964792
37,2025-11-14 06:00:00,33,1216.665862714051,1208.4325783299366,-8.233284384114313,-0.6767087527012629
37,2025-11-14 06:00:00,34,1178.8412192433225,1161.0288112840306,-17.81240795929193,-1.5110099365820788
37,2025-11-14 06:00:00,35,2498.974520564921,2353.590496728346,-145.38402383657512,-5.817747345567551
37,2025-11-14 06:00:00,37,1069.997121951026,1036.5640198134213,-33.43310213760469,-3.1245973892568033
37,2025-11-14 06:00:00,38,3948.447629210755,3579.042633546217,-369.4049956645381,-9.35570204684157
37,2025-11-14 06:00:00,39,3484.2069209320216,2808.369094678372,-675.8378262536494,-19.397178227085995
37,2025-11-14 06:00:00,40,2769.077967949463,2645.5536239507373,-123.52434399872573,-4.460847452778553
37,2025-11-14 06:00:00,41,2768.6665284920527,2702.5895320587724,-66.07699643328033,-2.386600038440491
37,2025-11-14 06:00:00,44,2951.0362739119505,2866.385396233657,-84.65087767829345,-2.8685136277934875
37,2025-11-14 06:00:00,47,3012.9555306294387,2009.4116462504253,-1003.5438843790134,-33.30762350048234
37,2025-11-14 06:00:00,48,2492.4492056336626,2024.599325213132,-467.84988042053055,-18.770688660898415
37,2025-11-14 06:00:00,50,1285.350793533325,1285.0281622947484,-0.32263123857660503,-0.025100637133441052
37,2025-11-14 06:00:00,53,3004.412565872776,2144.511268109731,-859.901297763045,-28.621278832697374
37,2025-11-14 06:00:00,54,2624.739553192262,2275.4232422463742,-349.31631094588784,-13.30860848730847
37,2025-11-14 06:00:00,55,1034.835964343538,976.6674051838108,-58.16855915972724,-5.621041514210152
37,2025-11-14 06:00:00,56,1838.231039204711,1799.5307432414425,-38.700295963268445,-2.10530097348436
38,2025-11-14 07:00:00,1,3251.862690300084,3103.7214913940143,-148.1411989060698,-4.555579771186441
38,2025-11-14 07:00:00,3,2023.639706869698,1959.619611951474,-64.020094918224,-3.1636113237397674
38,2025-11-14 07:00:00,5,1172.6900806342558,1135.024075735448,-37.66600489880784,-3.211931738898651
38,2025-11-14 07:00:00,10,1823.5270657856456,1689.3837972176857,-134.14326856795992,-7.356253224032398
38,2025-11-14 07:00:00,12,2283.0073497664275,2197.202433363636,-85.8049164027916,-3.7584161264995593
38,2025-11-14 07:00:00,13,1035.583664063368,990.3597844740124,-45.22387958935553,-4.3669943007703
38,2025-11-14 07:00:00,14,2041.3772517672908,1994.731201580857,-46.64605018643374,-2.285028411385041
38,2025-11-14 07:00:00,15,2588.9434033885336,2256.6975233250846,-332.245880063449,-12.8332616166344
38,2025-11-14 07:00:00,16,1897.023385751979,1736.6666946412686,-160.35669111071047,-8.453068755773149
38,2025-11-14 07:00:00,17,1205.0740724082495,1159.1000844350426,-45.97398797320693,-3.815034197966884
38,2025-11-14 07:00:00,18,1121.9837279995177,1085.6727020689398,-36.3110259305779,-3.23632375625625
38,2025-11-14 07:00:00,19,1120.205574489746,1075.8608419051889,-44.34473258455705,-3.9586245234278623
38,2025-11-14 07:00:00,20,1045.0171914176142,1035.4171138611655,-9.600077556448696,-0.918652595889427
38,2025-11-14 07:00:00,21,1585.811634442162,1325.8129450388358,-259.9986894033261,-16.395307220380268
38,2025-11-14 07:00:00,24,1836.1952131162584,1667.0095847982982,-169.1856283179602,-9.2139238306166
38,2025-11-14 07:00:00,27,1755.1831778587327,1630.4552058130855,-124.72797204564722,-7.106265238811789
38,2025-11-14 07:00:00,28,6368.3177413499725,6249.026675154994,-119.29106619497816,-1.8731958900293584
38,2025-11-14 07:00:00,29,3548.3152739375,3484.7165579362318,-63.59871600126826,-1.7923637301454878
38,2025-11-14 07:00:00,30,2092.497252302708,2055.6589889645907,-36.838263338117486,-1.7604927938413526
38,2025-11-14 07:00:00,31,5289.884183504067,4921.181390626219,-368.70279287784797,-6.969959645385202
38,2025-11-14 07:00:00,32,2172.1452339255125,2138.055014749369,-34.090219176143364,-1.5694263276556024
38,2025-11-14 07:00:00,33,1216.5687135664723,1208.0201608197915,-8.548552746680798,-0.702677345829485
38,2025-11-14 07:00:00,34,1177.9591274277698,1159.3184806867473,-18.640646741022465,-1.5824527614745678
38,2025-11-14 07:00:00,35,2498.7220537229205,2353.2252214565137,-145.49683226640673,-5.822849806349076
38,2025-11-14 07:00:00,37,1068.837257796411,1033.9568684886942,-34.88038930771677,-3.263395718411669
38,2025-11-14 07:00:00,38,3948.711722027525,3579.305172306023,-369.40654972150196,-9.355115686485835
38,2025-11-14 07:00:00,39,3483.050649189562,2806.944253067067,-676.106396122495,-19.41132829290931
38,2025-11-14 07:00:00,40,2767.7956084851053,2642.121418380463,-125.6741901046421,-4.540587813614865
38,2025-11-14 07:00:00,41,2766.8560415878856,2698.313115367613,-68.54292622027242,-2.477285597444237
38,2025-11-14 07:00:00,44,2948.3299624731303,2859.8628770497776,-88.46708542335273,-3.0005829248889224
38,2025-11-14 07:00:00,47,3009.3617458981957,1998.1023733336117,-1011.259372564584,-33.603782394819945
38,2025-11-14 07:00:00,48,2488.853940340075,2013.2565664547628,-475.5973738853122,-19.109091384459745
38,2025-11-14 07:00:00,50,1285.52264741839,1285.2201724527772,-0.30247496561287335,-0.023529337753816246
38,2025-11-14 07:00:00,53,3000.6516251102967,2132.782635078276,-867.8689900320205,-28.922684085331625
38,2025-11-14 07:00:00,54,2621.702883325541,2265.196192487077,-356.5066908384638,-13.598287323323502
38,2025-11-14 07:00:00,55,1033.240150610054,972.4976970153195,-60.74245359473434,-5.878832095217196
38,2025-11-14 07:00:00,56,1837.9148218916016,1798.9301015287103,-38.98472036289127,-2.121138580446714
39,2025-11-14 08:00:00,1,3251.814338611924,3103.85395693786,-147.96038167406414,-4.55008700580436
39,2025-11-14 08:00:00,3,2024.1776333383905,1960.8540512864347,-63.32358205195578,-3.1283609209493575
39,2025-11-14 08:00:00,5,1173.2313196062366,1136.2066945302213,-37.024625076015354,-3.1557821937826946
39,2025-11-14 08:00:00,10,1823.9990191067727,1690.242560230144,-133.7564588766288,-7.333143136345021
39,2025-11-14 08:00:00,12,2283.567498084305,2198.777901536491,-84.7895965478142,-3.713032201541867
39,2025-11-14 08:00:00,13,1036.0832476347657,991.513221201818,-44.57002643294766,-4.301780434602609
39,2025-11-14 08:00:00,14,2042.217795195964,1996.3876931160944,-45.830102079869675,-2.244133911068578
39,2025-11-14 08:00:00,15,2590.1000476078448,2260.555994656316,-329.54405295152856,-12.723217130391843
39,2025-11-14 08:00:00,16,1897.9105391555663,1739.4475380651115,-158.46300109045478,-8.349339856712078
39,2025-11-14 08:00:00,17,1205.5244443814067,1160.0640967120005,-45.46034766940625,-3.7710017313446853
39,2025-11-14 08:00:00,18,1122.4257839455388,1086.699873826259,-35.72591011927989,-3.1829195863352817
39,2025-11-14 08:00:00,19,1120.6389874341917,1076.710865914756,-43.92812151943576,-3.9199172982561787
39,2025-11-14 08:00:00,20,1045.1789606306138,1035.741714821257,-9.43724580935691,-0.9029310926487557
39,2025-11-14 08:00:00,21,1586.888555678881,1329.0401731431425,-257.84838253573844,-16.248676166514368
39,2025-11-14 08:00:00,24,1837.2976351664684,1670.050415572031,-167.2472195944374,-9.102892007983453
39,2025-11-14 08:00:00,27,1756.0192565875204,1632.9636968379698,-123.05555974955064,-7.007642956529134
39,2025-11-14 08:00:00,28,6367.958513781792,6248.564649797324,-119.39386398446823,-1.874915857665706
39,2025-11-14 08:00:00,29,3548.439141213884,3485.112819706688,-63.3263215071961,-1.7846247036248402
39,2025-11-14 08:00:00,30,2092.8685645077408,2056.5212720623704,-36.347292445370385,-1.7367212189896672
39,2025-11-14 08:00:00,31,5289.177343353807,4920.385917810891,-368.79142554291593,-6.972566839838074
39,2025-11-14 08:00:00,32,2172.4521783421105,2138.78330723884,-33.6688711032707,-1.5498095396035292
39,2025-11-14 08:00:00,33,1216.606712103636,1208.181675749517,-8.425036354119129,-0.692502866398903
39,2025-11-14 08:00:00,34,1178.3009116200649,1159.984637254194,-18.316274365870868,-1.5544649236235868
39,2025-11-14 08:00:00,35,2498.8203267958,2353.3681369005394,-145.45218989526074,-5.820834268695577
39,2025-11-14 08:00:00,37,1069.287046689099,1034.9734282795437,-34.313618409555374,-3.2090184310941385
39,2025-11-14 08:00:00,38,3948.609487087746,3579.202687472783,-369.4067996149629,-9.355364231964474
39,2025-11-14 08:00:00,39,3483.499682948507,2807.500463204667,-675.9992197438401,-19.4057494264406
39,2025-11-14 08:00:00,40,2768.2934689422545,2643.460023101188,-124.83344584106635,-4.50940072797861
39,2025-11-14 08:00:00,41,2767.558287775883,2699.9802373845205,-67.57805039136247,-2.4417932113607193
39,2025-11-14 08:00:00,44,2949.379281774912,2862.4054300123616,-86.97385176255057,-2.9488866454032463
39,2025-11-14 08:00:00,47,3010.755424758985,2002.5091733503596,-1008.2462514086255,-33.4881486259993
39,2025-11-14 08:00:00,48,2490.2478652386458,2017.6759629656212,-472.57190227302453,-18.97690221401864
39,2025-11-14 08:00:00,50,1285.456117734196,1285.1456709153392,-0.3104468188566898,-0.02415071308726568
39,2025-11-14 08:00:00,53,3002.11005491542,2137.3527448247623,-864.7573100906575,-28.80498363725113
39,2025-11-14 08:00:00,54,2622.8803476485505,2269.181063579108,-353.69928406944246,-13.485147516795376
39,2025-11-14 08:00:00,55,1033.8589138485609,974.1235374547284,-59.73537639383244,-5.777904082817866
39,2025-11-14 08:00:00,56,1838.0376965703888,1799.164658393671,-38.87303817671773,-2.1149206161142007
40,2025-11-14 09:00:00,1,3251.5948602752387,3104.442360500342,-147.15249977489657,-4.525548418490257
40,2025-11-14 09:00:00,3,2026.588990171846,1966.2933640464728,-60.295626125373246,-2.975227163365791
40,2025-11-14 09:00:00,5,1175.6645817605663,1141.424728519759,-34.239853240807406,-2.912382814963514
40,2025-11-14 09:00:00,10,1826.111651259008,1694.0108468991596,-132.10080435984855,-7.233993839794625
40,2025-11-14 09:00:00,12,2286.0759613919995,2205.715133108739,-80.36082828326062,-3.5152300116190642
40,2025-11-14 09:00:00,13,1038.325857361965,996.594153471583,-41.73170389038205,-4.019133646195444
40,2025-11-14 09:00:00,14,2046.002718659107,2003.7148342438757,-42.28788441523125,-2.066853774414608
40,2025-11-14 09:00:00,15,2595.296550250041,2277.602898073259,-317.69365217678205,-12.241131062505138
40,2025-11-14 09:00:00,16,1901.8951694514035,1751.7222869390796,-150.1728825123239,-7.895960036306357
40,2025-11-14 09:00:00,17,1207.5447822634444,1164.3091966886468,-43.2355855747976,-3.5804540096439332
40,2025-11-14 09:00:00,18,1124.4102590933155,1091.2258731086235,-33.18438598469197,-2.951270296257407
40,2025-11-14 09:00:00,19,1122.5835491574524,1080.4524931938074,-42.13105596364494,-3.7530441271178545
40,2025-11-14 09:00:00,20,1045.9076818636436,1037.1778613998224,-8.72982046382117,-0.8346645325585522
40,2025-11-14 09:00:00,21,1591.7305865295305,1343.301208099462,-248.42937843006848,-15.607501704903596
40,2025-11-14 09:00:00,24,1842.256008041271,1683.4816181721333,-158.77438986913762,-8.618475889132815
40,2025-11-14 09:00:00,27,1759.7740724250282,1644.0325230217773,-115.74154940325093,-6.577068682672155
40,2025-11-14 09:00:00,28,6366.3459719986695,6246.530999908603,-119.81497209006648,-1.8820053546736701
40,2025-11-14 09:00:00,29,3548.989149275379,3486.85191568529,-62.13723359008918,-1.7508431549523378
40,2025-11-14 09:00:00,30,2094.5320854266806,2060.3192878911304,-34.21279753555018,-1.6334339193749154
40,2025-11-14 09:00:00,31,5286.0055116813965,4916.888114590242,-369.1173970911541,-6.982917370696112
40,2025-11-14 09:00:00,32,2173.825636727724,2141.988418181508,-31.83721854621581,-1.4645709392838246
40,2025-11-14 09:00:00,33,1216.7722498433998,1208.8827080765948,-7.889541766804996,-0.6483992191488909
40,2025-11-14 09:00:00,34,1179.8403026461583,1162.9321662082575,-16.908136437900794,-1.4330868677717694
40,2025-11-14 09:00:00,35,2499.255845167868,2353.990403702253,-145.2654414656149,-5.812347773297209
40,2025-11-14 09:00:00,37,1071.3069722689074,1039.454436899876,-31.85253536903133,-2.973240741780225
40,2025-11-14 09:00:00,38,3948.147501697818,3578.7524481260457,-369.3950535717722,-9.356161425400689
40,2025-11-14 09:00:00,39,3485.506129920496,2809.9419333165943,-675.5641966039016,-19.382097503851217
40,2025-11-14 09:00:00,40,2770.5203038739714,2649.354895092393,-121.16540878157866,-4.373381007609117
40,2025-11-14 09:00:00,41,2770.709590374297,2707.3334017825287,-63.37618859176837,-2.2873630932647413
40,2025-11-14 09:00:00,44,2954.0943177178383,2873.6230989262594,-80.47121879157885,-2.724057194414369
40,2025-11-14 09:00:00,47,3017.013750873921,2021.9783804918327,-995.0353703820881,-32.98080328914185
40,2025-11-14 09:00:00,48,2496.5124671134404,2037.2076732533735,-459.30479386006687,-18.39785700694425
40,2025-11-14 09:00:00,50,1285.155552234858,1284.8116703403657,-0.3438818944923696,-0.026757997807686885
40,2025-11-14 09:00:00,53,3008.660291875733,2157.5449187079967,-851.1153731677364,-28.288849208599522
40,2025-11-14 09:00:00,54,2628.170341134173,2286.789377829386,-341.3809633047872,-12.989301262621586
40,2025-11-14 09:00:00,55,1036.6390136769085,981.2901334465122,-55.348880230396276,-5.339262703810122
40,2025-11-14 09:00:00,56,1838.5856020235788,1800.1929488031926,-38.39265322038614,-2.0881623992992506
41,2025-11-14 10:00:00,1,3251.298599435782,3105.202441830857,-146.09615760492488,-4.493470935898594
41,2025-11-14 10:00:00,3,2029.7620592821345,1973.2358073052428,-56.52625197689167,-2.7848708531325737
41,2025-11-14 10:00:00,5,1178.8832898090725,1148.1039423028449,-30.779347506227623,-2.6108901341041597
41,2025-11-14 10:00:00,10,1828.8839316738947,1698.7815464789714,-130.10238519492327,-7.1137584480742
41,2025-11-14 10:00:00,12,2289.37035806074,2214.557852840141,-74.81250522059872,-3.2678201216849097
41,2025-11-14 10:00:00,13,1041.2851125658915,1003.0773978933568,-38.207714672534735,-3.669284637939831
41,2025-11-14 10:00:00,14,2051.027288558553,2013.1384227661024,-37.888865792450815,-1.8473116376271537
41,2025-11-14 10:00:00,15,2602.164917568248,2299.4796986973074,-302.6852188709404,-11.632053634548386
41,2025-11-14 10:00:00,16,1907.1589539104837,1767.4479358552364,-139.71101805524722,-7.325609528706585
41,2025-11-14 10:00:00,17,1210.2071828527737,1169.7217664690218,-40.485416383751954,-3.345329374786661
41,2025-11-14 10:00:00,18,1127.0291292652364,1097.004022284005,-30.025106981231374,-2.664093252035656
41,2025-11-14 10:00:00,19,1125.1468614089429,1085.2193014847785,-39.92755992416437,-3.5486531841866293
41,2025-11-14 10:00:00,20,1046.875819102249,1039.0258207677075,-7.849998334541397,-0.7498500004779156
41,2025-11-14 10:00:00,21,1598.1400914476244,1361.6128415776525,-236.5272498699719,-14.800157454014013
41,2025-11-14 10:00:00,24,1848.823848833187,1700.7117832249885,-148.11206560819846,-8.011150748713764
41,2025-11-14 10:00:00,27,1764.7332244432137,1658.203938995252,-106.52928544796168,-6.036565979063066
41,2025-11-14 10:00:00,28,6364.218076282644,6243.938853792222,-120.27922249042149,-1.8899293055130018
41,2025-11-14 10:00:00,29,3549.699140257583,3489.0528934423096,-60.64624681527357,-1.7084897738931415
41,2025-11-14 10:00:00,30,2096.718586307035,2065.1631076038398,-31.55547870319515,-1.5049935126856502
41,2025-11-14 10:00:00,31,5281.822610530467,4912.437869352349,-369.384741178118,-6.993509029282219
41,2025-11-14 10:00:00,32,2175.626499870699,2146.0690544732684,-29.557445397430456,-1.3585716757534947
41,2025-11-14 10:00:00,33,1216.9776911819874,1209.7511459684831,-7.226545213504323,-0.5938108205159911
41,2025-11-14 10:00:00,34,1181.8847954505572,1166.7253321131711,-15.159463337386114,-1.282651523713615
41,2025-11-14 10:00:00,35,2499.815791633519,2354.7648764559394,-145.05091517757955,-5.80246415208039
41,2025-11-14 10:00:00,37,1073.974523988907,1045.1794890674194,-28.79503492148774,-2.681165547068895
41,2025-11-14 10:00:00,38,3947.52947573148,3578.1781454309707,-369.3513303005093,-9.356518616800656
41,2025-11-14 10:00:00,39,3488.129361632083,2813.0324640813137,-675.0968975507694,-19.354124447807006
41,2025-11-14 10:00:00,40,2773.437694601054,2656.868627488513,-116.56906711254078,-4.203053392526588
41,2025-11-14 10:00:00,41,2774.8650042929644,2716.737004675228,-58.12799961773635,-2.094804595099478
41,2025-11-14 10:00:00,44,2960.328050187477,2887.9796192820004,-72.34843090547656,-2.44393289118396
41,2025-11-14 10:00:00,47,3025.2775349110843,2046.9663819199895,-978.3111529910948,-32.337897654069224
41,2025-11-14 10:00:00,48,2504.7979627398454,2062.291827578615,-442.5061351612303,-17.666340429197728
41,2025-11-14 10:00:00,50,1284.7540606376788,1284.3713966202793,-0.38266401739952016,-0.029785001590856036
41,2025-11-14 10:00:00,53,3017.3125268761773,2183.463862657453,-833.8486642187245,-27.635475503162667
41,2025-11-14 10:00:00,54,2635.1621573188995,2309.3939796853783,-325.7681776335212,-12.36235791898926
41,2025-11-14 10:00:00,55,1040.314018817379,990.4478261589038,-49.866192658475256,-4.793378898725479
41,2025-11-14 10:00:00,56,1839.298984502411,1801.4917817888288,-37.80720271358223,-2.0555224045758
42,2025-11-14 11:00:00,1,3251.176049059065,3105.505173635206,-145.6708754238589,-4.480559441437139
42,2025-11-14 11:00:00,3,2031.0461958737317,1975.9821988064025,-55.06399706732918,-2.7111149504721785
42,2025-11-14 11:00:00,5,1180.1916447716983,1150.7530524626138,-29.43859230908447,-2.494390842326223
42,2025-11-14 11:00:00,10,1830.0032828199528,1700.6560785098889,-129.34720431006394,-7.068140561515589
42,2025-11-14 11:00:00,12,2290.701431327933,2218.052277153507,-72.6491541744258,-3.17148071681741
42,2025-11-14 11:00:00,13,1042.4855460345682,1005.6421818284568,-36.843364206111346,-3.5341846557256384
42,2025-11-14 11:00:00,14,2053.075572558409,2016.8903607399368,-36.185211818472226,-1.762488059481443
42,2025-11-14 11:00:00,15,2604.954879699253,2308.175223054189,-296.7796566450643,-11.39289048566277
42,2025-11-14 11:00:00,16,1909.2962090680064,1773.6900031707005,-135.60620589730593,-7.102418433203719
42,2025-11-14 11:00:00,17,1211.2859892743045,1171.8614061469664,-39.42458312733811,-3.254770836650875
42,2025-11-14 11:00:00,18,1128.0915530242464,1099.290793695688,-28.800759328558343,-2.5530515897710404
42,2025-11-14 11:00:00,19,1126.1857731899966,1087.102394016321,-39.08337917367544,-3.4704202542862137
42,2025-11-14 11:00:00,20,1047.270737890913,1039.761884784452,-7.508853106461174,-0.7169925440276476
42,2025-11-14 11:00:00,21,1600.746936938062,1368.8954240398868,-231.8515128981751,-14.48395792914431
42,2025-11-14 11:00:00,24,1851.496537485292,1707.558844095248,-143.93769339004393,-7.774127062940152
42,2025-11-14 11:00:00,27,1766.746448913119,1663.826059232745,-102.920389680374,-5.825419360185463
42,2025-11-14 11:00:00,28,6363.3548348555805,6242.913899540845,-120.44093531473573,-1.8927270039227537
42,2025-11-14 11:00:00,29,3549.981770201854,3489.9169706800585,-60.06479952179552,-1.6919748722647723
42,2025-11-14 11:00:00,30,2097.602606295221,2067.078023850237,-30.524582444983935,-1.45521283933263
42,2025-11-14 11:00:00,31,5280.126484250512,4910.680644060898,-369.4458401896136,-6.996912693125658
42,2025-11-14 11:00:00,32,2176.3531170641468,2147.6798813341247,-28.673235730022043,-1.317490048154576
42,2025-11-14 11:00:00,33,1217.0566654675383,1210.0861333246255,-6.970532142912816,-0.5727368610429533
42,2025-11-14 11:00:00,34,1182.7185483205508,1168.236297247013,-14.482251073537782,-1.2244883699593991
42,2025-11-14 11:00:00,35,2500.0378997865346,2355.0643687069983,-144.97353107953631,-5.798853333060065
42,2025-11-14 11:00:00,37,1075.05733434519,1047.446648436899,-27.61068590829086,-2.568298920085815
42,2025-11-14 11:00:00,38,3947.2757550805622,3577.9500425186834,-369.32571256187885,-9.35647103161003
42,2025-11-14 11:00:00,39,3489.185098825601,2814.2458547769247,-674.9392440486763,-19.343750042835193
42,2025-11-14 11:00:00,40,2774.6139659984246,2659.8371266122567,-114.77683938616792,-4.136677779060566
42,2025-11-14 11:00:00,41,2776.549611376368,2720.463127090974,-56.08648428539391,-2.0200065597816272
42,2025-11-14 11:00:00,44,2962.860760640837,2893.672764963709,-69.18799567712767,-2.3351754019707296
42,2025-11-14 11:00:00,47,3028.6316299355717,2056.900436206188,-971.7311937293839,-32.08482616785111
42,2025-11-14 11:00:00,48,2508.165406824741,2072.268944646941,-435.8964621778,-17.379095533002797
42,2025-11-14 11:00:00,50,1284.5895809789463,1284.1927418218145,-0.39683915713180795,-0.030892291437502474
42,2025-11-14 11:00:00,53,3020.8253073350606,2193.7688086198714,-827.0564987151893,-27.3784947678689
42,2025-11-14 11:00:00,54,2638.0022260802702,2318.381160278788,-319.6210658014825,-12.11602714514756
42,2025-11-14 11:00:00,55,1041.8070021264218,994.075422160927,-47.7315799654948,-4.5816144322384424
42,2025-11-14 11:00:00,56,1839.5850953942536,1802.000925855708,-37.584169538545666,-2.0430786068361115
43,2025-11-14 12:00:00,1,3251.000671811108,3105.926377794008,-145.07429401709987,-4.462450447181239
43,2025-11-14 12:00:00,3,2032.854244877275,1979.79210652597,-53.062138351305066,-2.610228376432786
43,2025-11-14 12:00:00,5,1182.0396705477583,1154.4352575539915,-27.6044129937668,-2.3353203518943566
43,2025-11-14 12:00:00,10,1831.5766938757424,1703.2439275851427,-128.3327662905997,-7.0066826423216115
43,2025-11-14 12:00:00,12,2292.573375538699,2222.8962978643917,-69.67707767430738,-3.039251804009761
43,2025-11-14 12:00:00,13,1044.1786616482116,1009.2007335792088,-34.977928069002814,-3.349802993846951
43,2025-11-14 12:00:00,14,2055.9746285975443,2022.119443061884,-33.85518553566021,-1.6466733132185623
43,2025-11-14 12:00:00,15,2608.89372662473,2320.280614940478,-288.6131116842521,-11.062662642745774
43,2025-11-14 12:00:00,16,1912.3126637576756,1782.3716506688531,-129.9410130888225,-6.794966929387462
43,2025-11-14 12:00:00,17,1212.806324615799,1174.8283326031567,-37.97799201264229,-3.1314144098542043
43,2025-11-14 12:00:00,18,1129.5900764386272,1102.4644773964355,-27.125599042191652,-2.401366620333039
43,2025-11-14 12:00:00,19,1127.6501432878104,1089.7123064283398,-37.93783685947051,-3.364326877914263
43,2025-11-14 12:00:00,20,1047.8299512789724,1040.7880608213015,-7.041890457670888,-0.6720451585751692
43,2025-11-14 12:00:00,21,1604.4306113718908,1379.038571909423,-225.3920394624679,-14.048101417719977
43,2025-11-14 12:00:00,24,1855.274710283504,1717.0898775485075,-138.18483273499646,-7.448214109159094
43,2025-11-14 12:00:00,27,1769.5875137484884,1671.6425009147206,-97.9450128337678,-5.5349064159190675
43,2025-11-14 12:00:00,28,6362.137216701795,6241.491962210431,-120.64525449136454,-1.8963007301170474
43,2025-11-14 12:00:00,29,3550.3748695014165,3491.1086925058767,-59.26617699553981,-1.669293502065111
43,2025-11-14 12:00:00,30,2098.8464185696125,2069.733184598849,-29.113233970763304,-1.3871064463403806
43,2025-11-14 12:00:00,31,5277.734778865657,4908.245023538048,-369.4897553276087,-7.000915559592086
43,2025-11-14 12:00:00,32,2177.3739457937586,2149.910981057408,-27.462964736350386,-1.261288387757336
43,2025-11-14 12:00:00,33,1217.1636306555724,1210.5424193440492,-6.621211311523211,-0.5439869500501738
43,2025-11-14 12:00:00,34,1183.8989198881452,1170.3428602422157,-13.556059645929508,-1.145035223717434
43,2025-11-14 12:00:00,35,2500.345984942944,2355.472671710431,-144.87331323251328,-5.794130656514689
43,2025-11-14 12:00:00,37,1076.585258581252,1050.5944842687238,-25.990774312528174,-2.4141863457037664
43,2025-11-14 12:00:00,38,3946.914670734259,3577.631834631714,-369.28283610254493,-9.356240681885478
43,2025-11-14 12:00:00,39,3490.665454947554,2815.919324304113,-674.7461306434407,-19.3300142724098
43,2025-11-14 12:00:00,40,2776.265626299289,2663.9508296088297,-112.31479669045939,-4.045534967061958
43,2025-11-14 12:00:00,41,2778.924481535812,2725.638270288005,-53.28621124780693,-1.9175120303505893
43,2025-11-14 12:00:00,44,2966.436930867044,2901.585053524718,-64.85187734232568,-2.1861876336393395
43,2025-11-14 12:00:00,47,3033.364190572809,2070.732761844073,-962.631428728736,-31.734779217096126
43,2025-11-14 12:00:00,48,2512.921426340682,2086.165711618308,-426.75571472237425,-16.982453579689366
43,2025-11-14 12:00:00,50,1284.3559837498856,1283.9405441820388,-0.41543956784676084,-0.032346138695427545
43,2025-11-14 12:00:00,53,3025.7828181454643,2208.1181896222115,-817.6646285232528,-27.023242501734096
43,2025-11-14 12:00:00,54,2642.011775282183,2330.894903546335,-311.1168717358478,-11.775756438580544
43,2025-11-14 12:00:00,55,1043.914986755462,999.1137363309962,-44.80125042446582,-4.291656982884234
43,2025-11-14 12:00:00,56,1839.985269057408,1802.7024384425388,-37.282830614869226,-2.026257016392776
44,2025-11-14 13:00:00,1,3251.176049059065,3105.505173635206,-145.6708754238589,-4.480559441437139
44,2025-11-14 13:00:00,3,2031.0461958737317,1975.9821988064025,-55.06399706732918,-2.7111149504721785
44,2025-11-14 13:00:00,5,1180.1916447716983,1150.7530524626138,-29.43859230908447,-2.494390842326223
44,2025-11-14 13:00:00,10,1830.0032828199528,1700.6560785098889,-129.34720431006394,-7.068140561515589
44,2025-11-14 13:00:00,12,2290.701431327933,2218.052277153507,-72.6491541744258,-3.17148071681741
44,2025-11-14 13:00:00,13,1042.4855460345682,1005.6421818284568,-36.843364206111346,-3.5341846557256384
44,2025-11-14 13:00:00,14,2053.075572558409,2016.8903607399368,-36.185211818472226,-1.762488059481443
44,2025-11-14 13:00:00,15,2604.954879699253,2308.175223054189,-296.7796566450643,-11.39289048566277
44,2025-11-14 13:00:00,16,1909.2962090680064,1773.6900031707005,-135.60620589730593,-7.102418433203719
44,2025-11-14 13:00:00,17,1211.2859892743045,1171.8614061469664,-39.42458312733811,-3.254770836650875
44,2025-11-14 13:00:00,18,1128.0915530242464,1099.290793695688,-28.800759328558343,-2.5530515897710404
44,2025-11-14 13:00:00,19,1126.1857731899966,1087.102394016321,-39.08337917367544,-3.4704202542862137
44,2025-11-14 13:00:00,20,1047.270737890913,1039.761884784452,-7.508853106461174,-0.7169925440276476
44,2025-11-14 13:00:00,21,1600.746936938062,1368.8954240398868,-231.8515128981751,-14.48395792914431
44,2025-11-14 13:00:00,24,1851.496537485292,1707.558844095248,-143.93769339004393,-7.774127062940152
44,2025-11-14 13:00:00,27,1766.746448913119,1663.826059232745,-102.920389680374,-5.825419360185463
44,2025-11-14 13:00:00,28,6363.3548348555805,6242.913899540845,-120.44093531473573,-1.8927270039227537
44,2025-11-14 13:00:00,29,3549.981770201854,3489.9169706800585,-60.06479952179552,-1.6919748722647723
44,2025-11-14 13:00:00,30,2097.602606295221,2067.078023850237,-30.524582444983935,-1.45521283933263
44,2025-11-14 13:00:00,31,5280.126484250512,4910.680644060898,-369.4458401896136,-6.996912693125658
44,2025-11-14 13:00:00,32,2176.3531170641468,2147.6798813341247,-28.673235730022043,-1.317490048154576
44,2025-11-14 13:00:00,33,1217.0566654675383,1210.0861333246255,-6.970532142912816,-0.5727368610429533
44,2025-11-14 13:00:00,34,1182.7185483205508,1168.236297247013,-14.482251073537782,-1.2244883699593991
44,2025-11-14 13:00:00,35,2500.0378997865346,2355.0643687069983,-144.97353107953631,-5.798853333060065
44,2025-11-14 13:00:00,37,1075.05733434519,1047.446648436899,-27.61068590829086,-2.568298920085815
44,2025-11-14 13:00:00,38,3947.2757550805622,3577.9500425186834,-369.32571256187885,-9.35647103161003
44,2025-11-14 13:00:00,39,3489.185098825601,2814.2458547769247,-674.9392440486763,-19.343750042835193
44,2025-11-14 13:00:00,40,2774.6139659984246,2659.8371266122567,-114.77683938616792,-4.136677779060566
44,2025-11-14 13:00:00,41,2776.549611376368,2720.463127090974,-56.08648428539391,-2.0200065597816272
44,2025-11-14 13:00:00,44,2962.860760640837,2893.672764963709,-69.18799567712767,-2.3351754019707296
44,2025-11-14 13:00:00,47,3028.6316299355717,2056.900436206188,-971.7311937293839,-32.08482616785111
44,2025-11-14 13:00:00,48,2508.165406824741,2072.268944646941,-435.8964621778,-17.379095533002797
44,2025-11-14 13:00:00,50,1284.5895809789463,1284.1927418218145,-0.39683915713180795,-0.030892291437502474
44,2025-11-14 13:00:00,53,3020.8253073350606,2193.7688086198714,-827.0564987151893,-27.3784947678689
44,2025-11-14 13:00:00,54,2638.0022260802702,2318.381160278788,-319.6210658014825,-12.11602714514756
44,2025-11-14 13:00:00,55,1041.8070021264218,994.075422160927,-47.7315799654948,-4.5816144322384424
44,2025-11-14 13:00:00,56,1839.5850953942536,1802.000925855708,-37.584169538545666,-2.0430786068361115
45,2025-11-14 14:00:00,1,3251.306141674376,3105.183585789972,-146.12255588440394,-4.494272440587613
45,2025-11-14 14:00:00,3,2029.6824780512327,1973.0644561625636,-56.61802188866909,-2.7895014368469093
45,2025-11-14 14:00:00,5,1178.8023191512264,1147.938797391119,-30.86352176010746,-2.618210132325676
45,2025-11-14 14:00:00,10,1828.8145126823465,1698.6643465878817,-130.1501660944648,-7.116641146048859
45,2025-11-14 14:00:00,12,2289.2878262884656,2214.3397602050973,-74.9480660833683,-3.2738594606899527
45,2025-11-14 14:00:00,13,1041.210773714191,1002.9173836404102,-38.293390073780756,-3.6777750519408445
45,2025-11-14 14:00:00,14,2050.9006382236034,2012.9048019226225,-37.995836300980955,-1.852641497732002
45,2025-11-14 14:00:00,15,2601.9922173654086,2298.937985145907,-303.0542322195015,-11.647007635032535
45,2025-11-14 14:00:00,16,1907.0266391758785,1767.0589062872114,-139.96773288866711,-7.339579322769931
45,2025-11-14 14:00:00,17,1210.1403525797557,1169.58824418674,-40.552108393015715,-3.351025218402762
45,2025-11-14 14:00:00,18,1126.9633381262447,1096.861370289866,-30.101967836378662,-2.6710689529996565
45,2025-11-14 14:00:00,19,1125.082507461294,1085.1017641208066,-39.98074334048738,-3.553583232815735
45,2025-11-14 14:00:00,20,1046.8514052488845,1038.97999460456,-7.871410644324442,-0.7519128889599234
45,2025-11-14 14:00:00,21,1597.9787896596042,1361.15923766819,-236.8195519914143,-14.819943388726752
45,2025-11-14 14:00:00,24,1848.6585006750784,1700.2852004876693,-148.3733001874091,-8.025998318955464
45,2025-11-14 14:00:00,27,1764.60858180307,1657.853489031109,-106.75509277196102,-6.049788824152668
45,2025-11-14 14:00:00,28,6364.271532647876,6244.002805969838,-120.26872667803764,-1.8897485134170484
45,2025-11-14 14:00:00,29,3549.6815334869466,3488.9988508408587,-60.68268264608787,-1.7095247016843693
45,2025-11-14 14:00:00,30,2096.6637847309853,2065.043608511174,-31.62017621981113,-1.5081185858260144
45,2025-11-14 14:00:00,31,5281.927657796002,4912.54755669551,-369.38010110049163,-6.993282093807082
45,2025-11-14 14:00:00,32,2175.581427084178,2145.9684853459507,-29.612941738227164,-1.3611506960654605
45,2025-11-14 14:00:00,33,1216.972716439582,1209.7300810611578,-7.242635378424211,-0.5951353946219533
45,2025-11-14 14:00:00,34,1181.833248427685,1166.6312634802828,-15.201984947402252,-1.2863054045591478
45,2025-11-14 14:00:00,35,2499.8019393972504,2354.7460545365507,-145.05588486069973,-5.802695108544298
45,2025-11-14 14:00:00,37,1073.9074826887966,1045.03808735567,-28.869395333126477,-2.688257210094552
45,2025-11-14 14:00:00,38,3947.5451280221614,3578.192350970006,-369.3527770521555,-9.356518166955379
45,2025-11-14 14:00:00,39,3488.0638199791074,2812.9565747506463,-675.1072452284611,-19.354784776630172
45,2025-11-14 14:00:00,40,2773.36471266289,2656.683339092519,-116.68137357037085,-4.207213463040618
45,2025-11-14 14:00:00,41,2774.760661254656,2716.5046452182723,-58.2560160363837,-2.0994969710303675
45,2025-11-14 14:00:00,44,2960.1712840515625,2887.6246905424314,-72.54659350913107,-2.4507566133077656
45,2025-11-14 14:00:00,47,3025.0698627378324,2046.347555413669,-978.7223073241635,-32.353709227672944
45,2025-11-14 14:00:00,48,2504.5895517323947,2061.670408517162,-442.9191432152329,-17.6843005237673
45,2025-11-14 14:00:00,50,1284.7642154312225,1284.3824574267733,-0.3817580044492388,-0.02971424638575447
45,2025-11-14 14:00:00,53,3017.0950493442983,2182.8219456432284,-834.2731037010699,-27.65153533636209
45,2025-11-14 14:00:00,54,2634.98635475323,2308.8341419438066,-326.1522128094234,-12.377757183489022
45,2025-11-14 14:00:00,55,1040.221605972308,990.2216005579644,-50.000005414343605,-4.806668610541691
45,2025-11-14 14:00:00,56,1839.281203048721,1801.4599238994688,-37.82127914925218,-2.0563075992165363
46,2025-11-14 15:00:00,1,3251.5145985775757,3104.6521919120823,-146.86240666549338,-4.516738344946708
46,2025-11-14 15:00:00,3,2027.458073379205,1968.218040711305,-59.24003266789987,-2.9218869403875427
46,2025-11-14 15:00:00,5,1176.5442057567102,1143.274116560964,-33.270089195746095,-2.827780633567269
46,2025-11-14 15:00:00,10,1826.8718473545237,1695.3379328948567,-131.5339144596669,-7.199953004374114
46,2025-11-14 15:00:00,12,2286.9790176097786,2208.167951690614,-78.81106591916478,-3.4460773497403423
46,2025-11-14 15:00:00,13,1039.135420409749,998.3916212551962,-40.74379915455279,-3.9209325708950242
46,2025-11-14 15:00:00,14,2047.3738381776147,2006.3190052496184,-41.05483292799636,-2.005243603412439
46,2025-11-14 15:00:00,15,2597.1742335275403,2283.653760303704,-313.52047322383623,-12.071599555259937
46,2025-11-14 15:00:00,16,1903.334508582176,1756.0748579880126,-147.25965059416353,-7.736929579649117
46,2025-11-14 15:00:00,17,1208.273545394141,1165.8103399187592,-42.463205475381756,-3.5143702050954184
46,2025-11-14 15:00:00,18,1125.1266774775436,1092.8275183612311,-32.29915911631247,-2.870713117275377
46,2025-11-14 15:00:00,19,1123.285101333801,1081.7749833185103,-41.5101180152908,-3.6954213997854355
46,2025-11-14 15:00:00,20,1046.1717841197744,1037.6884312084294,-8.483352911345037,-0.8108948300954933
46,2025-11-14 15:00:00,21,1593.481711620534,1348.3646861704135,-245.11702545012054,-15.382481246103676
46,2025-11-14 15:00:00,24,1844.0498962585807,1688.2479199236116,-155.80197633496914,-8.44890242129988
46,2025-11-14 15:00:00,27,1761.13023048627,1647.9559758209157,-113.17425466535428,-6.42622860628004
46,2025-11-14 15:00:00,28,6365.763855451256,6245.812081010628,-119.95177444062756,-1.8843264871961611
46,2025-11-14 15:00:00,29,3549.185207796294,3487.4643432511875,-61.72086454510645,-1.7390150395512673
46,2025-11-14 15:00:00,30,2095.131244107356,2061.6625971616854,-33.46864694567057,-1.5974487058890718
46,2025-11-14 15:00:00,31,5284.860932934989,4915.652960198516,-369.2079727364735,-6.986143579211097
46,2025-11-14 15:00:00,32,2174.3196277105103,2143.12090215876,-31.198725551750158,-1.4348730128790415
46,2025-11-14 15:00:00,33,1216.8299456867155,1209.1264952267538,-7.703450459961687,-0.6330753518409066
46,2025-11-14 15:00:00,34,1180.398104845217,1163.9801308076655,-16.417974037551403,-1.3908844795802393
46,2025-11-14 15:00:00,35,2499.410737830518,2354.2074641587287,-145.20327367178925,-5.809500274365681
46,2025-11-14 15:00:00,37,1072.036489861209,1041.040866870346,-30.995622990863012,-2.8912843251143303
46,2025-11-14 15:00:00,38,3947.9794259520622,3578.5933678560987,-369.38605809596356,-9.356331891392403
46,2025-11-14 15:00:00,39,3486.2266019167314,2810.801828532765,-675.4247733839666,-19.374092694164435
46,2025-11-14 15:00:00,40,2771.320850878235,2651.43922200059,-119.8816288776452,-4.325793920240399
46,2025-11-14 15:00:00,41,2771.8467334410816,2709.938255060206,-61.90847838087575,-2.2334740818811465
46,2025-11-14 15:00:00,44,2955.798311568303,2877.598535642849,-78.19977592545365,-2.6456397792568604
46,2025-11-14 15:00:00,47,3019.2738359242985,2028.8892819825207,-990.3845539417778,-32.80207784262101
46,2025-11-14 15:00:00,48,2498.7769433698977,2044.143401346312,-454.63354202358573,-18.19424271661713
46,2025-11-14 15:00:00,50,1285.0462726713902,1284.6912085273932,-0.3550641439969695,-0.027630455925828433
46,2025-11-14 15:00:00,53,3011.026268656513,2164.7129754814946,-846.3132931750183,-28.10713748945917
46,2025-11-14 15:00:00,54,2630.0817866092534,2293.040703017572,-337.0410835916814,-12.814851815927767
46,2025-11-14 15:00:00,55,1037.643634097532,983.8274846689606,-53.81614942857141,-5.186380724570901
46,2025-11-14 15:00:00,56,1838.7818741934973,1800.554635708599,-38.22723848489818,-2.078943621394186
47,2025-11-14 16:00:00,1,3251.638324812311,3104.3275274804137,-147.31079733189745,-4.530356165623076
47,2025-11-14 16:00:00,3,2026.1154734218744,1965.236970119115,-60.87850330275933,-3.004690705014092
47,2025-11-14 16:00:00,5,1175.1859280100043,1140.410356235403,-34.7755717746013,-2.959154883133119
47,2025-11-14 16:00:00,10,1825.697185604589,1693.2810292196175,-132.4161563849716,-7.252909049159831
47,2025-11-14 16:00:00,12,2285.5837035750164,2204.368435120636,-81.2152684543803,-3.553370997848239
47,2025-11-14 16:00:00,13,1037.8850644138197,995.6075118644546,-42.277552549365055,-4.07343298395403
47,2025-11-14 16:00:00,14,2045.2572453966347,2002.2881004024832,-42.96914499415152,-2.1009164050568394
47,2025-11-14 16:00:00,15,2594.2745874275583,2274.28610817592,-319.9884792516382,-12.334410582533351
47,2025-11-14 16:00:00,16,1901.111682606465,1749.3354373592715,-151.7762452471934,-7.983552288685371
47,2025-11-14 16:00:00,17,1207.1478565703253,1163.4850589175892,-43.66279765273612,-3.617021511912235
47,2025-11-14 16:00:00,18,1124.02019038985,1090.3468295567795,-33.67336083307055,-2.9957967944856425
47,2025-11-14 16:00:00,19,1122.2014716223102,1079.7262974566595,-42.47517416565074,-3.784986496608895
47,2025-11-14 16:00:00,20,1045.7641167563695,1036.8981708006004,-8.86594595576912,-0.8477959621782098
47,2025-11-14 16:00:00,21,1590.7778495872983,1340.526014872038,-250.2518347152602,-15.731413080725508
47,2025-11-14 16:00:00,24,1841.2801594077575,1680.8687226242778,-160.41143678347976,-8.711951625822962
47,2025-11-14 16:00:00,27,1759.0358269090782,1641.8806537407213,-117.1551731683569,-6.660192554134513
47,2025-11-14 16:00:00,28,6366.662922665343,6246.925723052952,-119.73719961239112,-1.8806901051118359
47,2025-11-14 16:00:00,29,3548.8818356770075,3486.5150930345417,-62.36674264246585,-1.7573631788889463
47,2025-11-14 16:00:00,30,2094.205546586012,2059.5818508905463,-34.62369569546581,-1.6533093302092334
47,2025-11-14 16:00:00,31,5286.628805814842,4917.566576655637,-369.06222915920534,-6.981050546867755
47,2025-11-14 16:00:00,32,2173.556256844049,2141.3664619662563,-32.18979487779279,-1.4809736245120977
47,2025-11-14 16:00:00,33,1216.7403711495513,1208.747939292636,-7.992431856915346,-0.6568724147259337
47,2025-11-14 16:00:00,34,1179.5370600267645,1162.3581063943516,-17.178953632412913,-1.4564149117979481
47,2025-11-14 16:00:00,35,2499.17098252417,2353.870546937067,-145.30043558710304,-5.813945368409694
47,2025-11-14 16:00:00,37,1070.9098392543146,1038.58390269101,-32.325936563304595,-3.018548843085938
47,2025-11-14 16:00:00,38,3948.238716811866,3578.839781214238,-369.3989355976282,-9.35604359545695
47,2025-11-14 16:00:00,39,3485.1129752342454,2809.4690326401023,-675.643942594143,-19.386572182749138
47,2025-11-14 16:00:00,40,2770.083668679946,2648.210506185,-121.87316249494597,-4.399620266813938
47,2025-11-14 16:00:00,41,2770.090332152521,2705.904352970925,-64.18597918159594,-2.3171078010196045
47,2025-11-14 16:00:00,44,2953.166950623756,2871.442522775019,-81.72442784873692,-2.7673487213946855
47,2025-11-14 16:00:00,47,3015.783372543027,2018.1902474961205,-997.5931250469064,-33.0790710675514
47,2025-11-14 16:00:00,48,2495.2801774931286,2033.4065136027352,-461.87366389039335,-18.509891917404342
47,2025-11-14 16:00:00,50,1285.2148786101773,1284.877277086395,-0.3376015237822685,-0.02626809955292056
47,2025-11-14 16:00:00,53,3007.3723736359666,2153.615940668248,-853.7564329677184,-28.38878352584957
47,2025-11-14 16:00:00,54,2627.129998311934,2283.362970627897,-343.76702768403675,-13.085269016185904
47,2025-11-14 16:00:00,55,1036.0922475080836,979.8978428721975,-56.19440463588603,-5.423687395696646
47,2025-11-14 16:00:00,56,1838.4783921768849,1799.993934010497,-38.48445816638787,-2.0932776980217658
48,2025-11-14 17:00:00,1,3251.4768486306843,3104.7498824028776,-146.72696622780677,-4.51262527948181
48,2025-11-14 17:00:00,3,2027.8644284889551,1969.1117999251533,-58.75262856380186,-2.8972660962143735
48,2025-11-14 17:00:00,5,1176.9559896831802,1144.133493885205,-32.82249579797508,-2.788761524278442
48,2025-11-14 17:00:00,10,1827.2270634519332,1695.9530364188076,-131.27402703312555,-7.184330270652147
48,2025-11-14 17:00:00,12,2287.4010672947884,2209.306621653774,-78.09444564101432,-3.4141124946388737
48,2025-11-14 17:00:00,13,1039.5141896086477,999.2262680478632,-40.287921560784525,-3.8756490256233986
48,2025-11-14 17:00:00,14,2048.016227972893,2007.5304335409448,-40.48579443194808,-1.976829767214322
48,2025-11-14 17:00:00,15,2598.053074586114,2286.4671602343046,-311.58591435180915,-11.99305423740994
48,2025-11-14 17:00:00,16,1904.008102306726,1758.097833225349,-145.910269081377,-7.6633218579587545
48,2025-11-14 17:00:00,17,1208.6144060036695,1166.5072621540012,-42.10714384966832,-3.483918745342216
48,2025-11-14 17:00:00,18,1125.461874034895,1093.571323521744,-31.890550513150856,-2.8335522729721623
48,2025-11-14 17:00:00,19,1123.6132573233356,1082.3888501107454,-41.22440721259022,-3.668914276678681
48,2025-11-14 17:00:00,20,1046.2955418509152,1037.9259689368814,-8.369572914033824,-0.7999243597299385
48,2025-11-14 17:00:00,21,1594.3016022384786,1350.7193066966588,-243.5822955418198,-15.278307140870847
48,2025-11-14 17:00:00,24,1844.889936093552,1690.4638722267748,-154.4260638667772,-8.370475704028474
48,2025-11-14 17:00:00,27,1761.764865941294,1649.7792325456303,-111.98563339566363,-6.356446059323063
48,2025-11-14 17:00:00,28,6365.491499227601,6245.478328679778,-120.01317054782248,-1.885371625464979
48,2025-11-14 17:00:00,29,3549.276471629239,3487.748171543989,-61.528300085250066,-1.7335448668783606
48,2025-11-14 17:00:00,30,2095.4113173050387,2062.2862754131424,-33.12504189189622,-1.5808372140749516
48,2025-11-14 17:00:00,31,5284.325491716814,4915.079786899948,-369.24570481686624,-6.987565497160597
48,2025-11-14 17:00:00,32,2174.550411384663,2143.6464878013844,-30.90392358327881,-1.421163814896362
48,2025-11-14 17:00:00,33,1216.8565572489445,1209.2389233926228,-7.617633856321618,-0.6260091882599111
48,2025-11-14 17:00:00,34,1180.6594703652545,1164.4676984848895,-16.191771880364968,-1.3714176091227899
48,2025-11-14 17:00:00,35,2499.4827717736625,2354.307666908836,-145.1751048648266,-5.808205861799505
48,2025-11-14 17:00:00,37,1072.3778711267437,1041.777734267632,-30.60013685911167,-2.85348454896409
48,2025-11-14 17:00:00,38,3947.9005377639824,3578.5194870347245,-369.3810507292578,-9.356392016361902
48,2025-11-14 17:00:00,39,3486.562966842529,2811.2003618180133,-675.3626050245157,-19.370440501068355
48,2025-11-14 17:00:00,40,2771.6947802796567,2652.4068057846416,-119.28797449501508,-4.303791865675024
48,2025-11-14 17:00:00,41,2772.378679992128,2711.148414240626,-61.230265751501975,-2.208582333769636
48,2025-11-14 17:00:00,44,2956.5959083449343,2879.4457760250875,-77.15013231984676,-2.609424307937788
48,2025-11-14 17:00:00,47,3020.3314223450875,2032.1026619921493,-988.2287603529383,-32.719215945700554
48,2025-11-14 17:00:00,48,2499.836980160159,2047.368788548518,-452.4681916116408,-18.09990792210187
48,2025-11-14 17:00:00,50,1284.9950010385614,1284.6348574952644,-0.36014354329699927,-0.02802684391814157
48,2025-11-14 17:00:00,53,3012.1334946422808,2168.0460115476853,-844.0874830945954,-28.02291082370633
48,2025-11-14 17:00:00,54,2630.9764263885654,2295.947526015489,-335.02890037307634,-12.73401376814907
48,2025-11-14 17:00:00,55,1038.1138562140018,985.0060925921898,-53.107763621811955,-5.115793735332251
48,2025-11-14 17:00:00,56,1838.8734200740728,1800.7221841619626,-38.151235912110224,-2.074707018744848
49,2025-11-14 18:00:00,1,3251.24486429967,3105.3360296493584,-145.90883465031175,-4.487783625664905
49,2025-11-14 18:00:00,3,2030.327198673216,1974.4487461519864,-55.87845252122952,-2.7521895267789906
49,2025-11-14 18:00:00,5,1179.4586682905792,1149.2734021222411,-30.185266168338103,-2.5592474734266366
49,2025-11-14 18:00:00,10,1829.3767378431803,1699.610347436448,-129.7663904067324,-7.093475483881241
49,2025-11-14 18:00:00,12,2289.9563108635407,2216.1014228847785,-73.85488797876224,-3.2251658089892388
49,2025-11-14 18:00:00,13,1041.8132073856664,1004.2101031559856,-37.60310422968075,-3.6093902403140246
49,2025-11-14 18:00:00,14,2051.927644532892,2014.7937063368745,-37.133938196017425,-1.8097099230061169
49,2025-11-14 18:00:00,15,2603.392004098667,2303.3170095816395,-300.07499451702733,-11.526308525362387
49,2025-11-14 18:00:00,16,1908.0990310454529,1770.2031452354468,-137.89588581000612,-7.226872587134671
49,2025-11-14 18:00:00,17,1210.6818594681752,1170.6668343745837,-40.015025093591476,-3.305164340297389
49,2025-11-14 18:00:00,18,1127.4965062886497,1098.013882244721,-29.48262404392881,-2.6148749800543487
49,2025-11-14 18:00:00,19,1125.6039658448526,1086.051146231331,-39.552819613521706,-3.513919710102857
49,2025-11-14 18:00:00,20,1047.049393407152,1039.3505351667072,-7.698858240444679,-0.735290836222368
49,2025-11-14 18:00:00,21,1599.2864006916031,1364.8262973529454,-234.46010333865775,-14.660294943874137
49,2025-11-14 18:00:00,24,1849.9990070030228,1703.733461216332,-146.26554578669084,-7.9062499619196736
49,2025-11-14 18:00:00,27,1765.6187706895778,1660.685724031851,-104.93304665772689,-5.943131575155625
49,2025-11-14 18:00:00,28,6363.838324164169,6243.486174277645,-120.35214988652388,-1.8911880496638955
49,2025-11-14 18:00:00,29,3549.8238680145155,3489.4350070668543,-60.388860947661215,-1.7011790779759972
49,2025-11-14 18:00:00,30,2097.1076996819866,2066.008920037553,-31.098779644433762,-1.4829366965344555
49,2025-11-14 18:00:00,31,5281.076407179577,4911.661609457066,-369.41479772251023,-6.995066331937446
49,2025-11-14 18:00:00,32,2175.946438665167,2146.7807261355747,-29.165712529592383,-1.340369046376163
49,2025-11-14 18:00:00,33,1217.01274981116,1209.8997077931597,-7.113042018000215,-0.5844673376761191
49,2025-11-14 18:00:00,34,1182.2512625618313,1167.3918880469998,-14.859374514831416,-1.2568711056085065
49,2025-11-14 18:00:00,35,2499.913869761474,2354.897658707075,-145.0162110543988,-5.800848293554823
49,2025-11-14 18:00:00,37,1074.45082319956,1046.1805878272824,-28.27023537227774,-2.6311334834378965
49,2025-11-14 18:00:00,38,3947.418084954043,3578.0775083880635,-369.3405765659795,-9.35651022053519
49,2025-11-14 18:00:00,39,3488.594417071062,2813.569050085973,-675.025366985089,-19.34949398766234
49,2025-11-14 18:00:00,40,2773.955684684045,2658.1799612273644,-115.77572345668068,-4.173668818716821
49,2025-11-14 18:00:00,41,2775.60617597519,2718.382196369149,-57.22397960604121,-2.061675035217702
49,2025-11-14 18:00:00,44,2961.441954298393,2890.4929536456334,-70.94900065275942,-2.3957586117729
49,2025-11-14 18:00:00,47,3026.752934312129,2051.3500781351536,-975.4028561769755,-32.22604809000207
49,2025-11-14 18:00:00,48,2506.2789042801546,2066.6941920745658,-439.58471220558886,-17.539337360055104
49,2025-11-14 18:00:00,50,1284.6818186635755,1284.2928140788442,-0.3890045847313104,-0.030280228075149594
49,2025-11-14 18:00:00,53,3018.857654258585,2188.011176099523,-830.8464781590624,-27.52188321920444
49,2025-11-14 18:00:00,54,2636.411284595161,2313.359827914557,-323.0514566806037,-12.253454480650596
49,2025-11-14 18:00:00,55,1040.9706517461989,992.0495456656864,-48.92110608051246,-4.69956631327201
49,2025-11-14 18:00:00,56,1839.425089687084,1801.7169886260483,-37.70810106103568,-2.0499938416872654
50,2025-11-14 19:00:00,1,3250.8591219919404,3106.255963755425,-144.60315823651536,-4.448152097957133
50,2025-11-14 19:00:00,3,2034.287769849008,1982.7679560107736,-51.51981383823454,-2.5325725593905783
50,2025-11-14 19:00:00,5,1183.5099445632432,1157.317723283481,-26.19222127976218,-2.213096848073214
50,2025-11-14 19:00:00,10,1832.8219439776217,1705.2546857481595,-127.56725822946214,-6.960155548586104
50,2025-11-14 19:00:00,12,2294.055689670592,2226.676904004951,-67.37878566564086,-2.9371033130985547
50,2025-11-14 19:00:00,13,1045.5235883935916,1011.9810408156948,-33.54254757789681,-3.208205721062085
50,2025-11-14 19:00:00,14,2058.2860942181705,2026.224426331033,-32.061667887137446,-1.5576876303639366
50,2025-11-14 19:00:00,15,2612.0258176163347,2329.7727832540218,-282.253034362313,-10.805905227226644
50,2025-11-14 19:00:00,16,1914.7105286425444,1789.1724202838443,-125.53810835870013,-6.556505878081831
50,2025-11-14 19:00:00,17,1214.0129409762433,1177.1448234083805,-36.86811756786278,-3.0368801125147353
50,2025-11-14 19:00:00,18,1130.7804734151712,1104.9447836197498,-25.83568979542133,-2.284766177239748
50,2025-11-14 19:00:00,19,1128.8125612439069,1091.7489718900106,-37.063589353896305,-3.283413972028597
50,2025-11-14 19:00:00,20,1048.2760475950156,1041.593918349927,-6.682129245088618,-0.6374398480647294
50,2025-11-14 19:00:00,21,1607.362675131515,1386.9964760185646,-220.36619911295043,-13.709799444914943
50,2025-11-14 19:00:00,24,1858.2832307394576,1724.5628135568393,-133.72041718261835,-7.1959115257908035
50,2025-11-14 19:00:00,27,1771.8456736998626,1677.7630311826154,-94.08264251724722,-5.309866649999458
50,2025-11-14 19:00:00,28,6361.169908909016,6240.380926339628,-120.78898256938828,-1.898848549859037
50,2025-11-14 19:00:00,29,3550.6823602415084,3492.033434989348,-58.64892525216055,-1.6517649088771602
50,2025-11-14 19:00:00,30,2099.831827570989,2071.805980375253,-28.025847195735878,-1.3346710354493094
50,2025-11-14 19:00:00,31,5275.835302217405,4906.34368342276,-369.49161879464555,-7.003471443457498
50,2025-11-14 19:00:00,32,2178.181391578271,2151.6506538574417,-26.530737720829165,-1.2180224210622548
50,2025-11-14 19:00:00,33,1217.2448216411522,1210.891765818511,-6.353055822641181,-0.5219209570409726
50,2025-11-14 19:00:00,34,1184.840316852754,1171.9971830639613,-12.843133788792784,-1.08395482548294
50,2025-11-14 19:00:00,35,2500.586239852057,2355.7853640150097,-144.80087583704744,-5.790677143197202
50,2025-11-14 19:00:00,37,1077.7995628746116,1053.0557324978506,-24.743830376761025,-2.295772908903996
50,2025-11-14 19:00:00,38,3946.624975317781,3577.381294743476,-369.243680574305,-9.355935334204732
50,2025-11-14 19:00:00,39,3491.833855439983,2817.217811882713,-674.6160435572701,-19.319820801504495
50,2025-11-14 19:00:00,40,2777.5712599038598,2667.160066878068,-110.41119302579182,-3.9750984833279666
50,2025-11-14 19:00:00,41,2780.809951181473,2729.685656817028,-51.12429436444518,-1.838467758025829
50,2025-11-14 19:00:00,44,2969.2810408135947,2907.777906259645,-61.50313455394962,-2.071314022100701
50,2025-11-14 19:00:00,47,3037.1251009276148,2081.581823569252,-955.543277358363,-31.462098056695652
50,2025-11-14 19:00:00,48,2516.7049448153234,2097.068912523302,-419.63603229202135,-16.674025819217132
50,2025-11-14 19:00:00,50,1284.1690628561769,1283.7399372463883,-0.4291256097885707,-0.03341659772071861
50,2025-11-14 19:00:00,53,3029.723397155095,2219.373222180927,-810.3501749741681,-26.74667184915579
50,2025-11-14 19:00:00,54,2645.200055851304,2340.7092125986405,-304.4908432526636,-11.511070498396363
50,2025-11-14 19:00:00,55,1045.59139861518,1003.054737473566,-42.53666114161399,-4.068191570622245
50,2025-11-14 19:00:00,56,1840.3002477615828,1803.246247345664,-37.054000415918836,-2.013475815209438
51,2025-11-14 20:00:00,1,3250.693747741126,3106.629252821421,-144.06449491970534,-4.43180767243344
51,2025-11-14 20:00:00,3,2035.933079284138,1986.137186213128,-49.79589307101014,-2.445851171518813
51,2025-11-14 20:00:00,5,1185.203149002181,1160.5885604821513,-24.614588520029656,-2.076824428010726
51,2025-11-14 20:00:00,10,1834.2486450170784,1707.5195852268755,-126.72905979020288,-6.909044754345337
51,2025-11-14 20:00:00,12,2295.754895344762,2230.954044760766,-64.80085058399618,-2.8226380226999273
51,2025-11-14 20:00:00,13,1047.070090597443,1015.1300921255024,-31.9399984719405,-3.0504164676995025
51,2025-11-14 20:00:00,14,2060.9536127616457,2030.8951676940108,-30.05844506763492,-1.4584726643777817
51,2025-11-14 20:00:00,15,2615.63100872037,2340.5616787106096,-275.0693300097605,-10.516365997065124
51,2025-11-14 20:00:00,16,1917.4697549141329,1796.8949396137823,-120.57481530035056,-6.28822514625531
51,2025-11-14 20:00:00,17,1215.3992006810556,1179.7666810886772,-35.63251959237846,-2.9317544040189905
51,2025-11-14 20:00:00,18,1132.14932784425,1107.7547820804602,-24.394545763789665,-2.154710969995438
51,2025-11-14 20:00:00,19,1130.148286165416,1094.0529147199852,-36.09537144543083,-3.1938615389934477
51,2025-11-14 20:00:00,20,1048.7911168169842,1042.5111589815992,-6.279957835384948,-0.5987806089018212
51,2025-11-14 20:00:00,21,1610.7408844329138,1396.046770674159,-214.69411375875484,-13.328904470835557
51,2025-11-14 20:00:00,24,1861.750917344216,1733.0562497007145,-128.6946676435016,-6.912560990010644
51,2025-11-14 20:00:00,27,1774.4438299682165,1684.7103883366951,-89.73344163152137,-5.05698969536436
51,2025-11-14 20:00:00,28,6360.057494390622,6239.122228647359,-120.93526574326279,-1.9014806996622913
51,2025-11-14 20:00:00,29,3551.030525297587,3493.0734188899883,-57.95710640759853,-1.6321207602894812
51,2025-11-14 20:00:00,30,2100.9619589036297,2074.1515443896506,-26.81041451397914,-1.2761018542177671
51,2025-11-14 20:00:00,31,5273.651446988111,4904.191436335426,-369.460010652685,-7.005772269301019
51,2025-11-14 20:00:00,32,2179.1059479290216,2153.616924227183,-25.489023701838505,-1.1697009833809484
51,2025-11-14 20:00:00,33,1217.333938361707,1211.2795350683548,-6.054403293352152,-0.4973494209403373
51,2025-11-14 20:00:00,34,1185.9270248235048,1173.8801777490844,-12.046847074420384,-1.015816894484992
51,2025-11-14 20:00:00,35,2500.857421957221,2356.1322790171253,-144.7251429400958,-5.787020950072035
51,2025-11-14 20:00:00,37,1079.1965288517542,1055.8453919174178,-23.35113693433641,-2.163752042381159
51,2025-11-14 20:00:00,38,3946.288509325899,3577.094858807675,-369.19365051822433,-9.355465259211106
51,2025-11-14 20:00:00,39,3493.168793714363,2818.6779615923506,-674.4908321220123,-19.30885313460079
51,2025-11-14 20:00:00,40,2779.0653563317937,2670.788920943452,-108.27643538834172,-3.8961457002673874
51,2025-11-14 20:00:00,41,2782.976830024452,2734.2738372320464,-48.70299279240544,-1.750032277199287
51,2025-11-14 20:00:00,44,2972.5551873277464,2914.804012753517,-57.75117457422948,-1.9428125277682855
51,2025-11-14 20:00:00,47,3041.4514834510524,2093.916539060878,-947.5349443901741,-31.154037785769045
51,2025-11-14 20:00:00,48,2521.0618095272,2109.468966782361,-411.5928427448389,-16.326170234676994
51,2025-11-14 20:00:00,50,1283.9526120195233,1283.508863251443,-0.44374876808024055,-0.03456114843539826
51,2025-11-14 20:00:00,53,3034.25748697292,2232.1698767423964,-802.0876102305238,-26.43439502659723
51,2025-11-14 20:00:00,54,2648.869889711246,2351.8663868168787,-297.0035028943671,-11.21246098375725
51,2025-11-14 20:00:00,55,1047.521254452822,1007.5237037313696,-39.9975507214524,-3.818304454580764
51,2025-11-14 20:00:00,56,1840.6591454745744,1803.857263563643,-36.80188191093134,-1.9993860352370003
52,2025-11-14 21:00:00,1,3250.4559129018908,3107.1438740514595,-143.31203885043124,-4.4089826993680825
52,2025-11-14 21:00:00,3,2038.243117451399,1990.788860971043,-47.45425648035598,-2.328194123363083
52,2025-11-14 21:00:00,5,1187.5911847169034,1165.118409301935,-22.47277541496851,-1.8922989412661853
52,2025-11-14 21:00:00,10,1836.2470498302616,1710.6252370250018,-125.62181280525988,-6.841226120247385
52,2025-11-14 21:00:00,12,2298.136683912801,2236.8534068990884,-61.28327701371245,-2.6666506584530785
52,2025-11-14 21:00:00,13,1049.246860953618,1019.480655293037,-29.76620566058091,-2.8369115761306745
52,2025-11-14 21:00:00,14,2064.726116489489,2037.386682356348,-27.339434133140912,-1.324119161122651
52,2025-11-14 21:00:00,15,2620.712315218953,2355.5363579935697,-265.1759572253832,-10.118468772228763
52,2025-11-14 21:00:00,16,1921.357201416364,1807.6004741628883,-113.75672725347567,-5.920644384584907
52,2025-11-14 21:00:00,17,1217.3481598353465,1183.3852625168288,-33.96289731851766,-2.7899082973199176
52,2025-11-14 21:00:00,18,1134.0761156956291,1111.6382090081934,-22.43790668743577,-1.9785185823856821
52,2025-11-14 21:00:00,19,1132.0266502607265,1097.2305027499667,-34.79614751075974,-3.0737922559283875
52,2025-11-14 21:00:00,20,1049.520033752881,1043.7865645823852,-5.733469170495937,-0.5462943999262365
52,2025-11-14 21:00:00,21,1615.5084060783652,1408.6187263521135,-206.88967972625164,-12.806474973935593
52,2025-11-14 21:00:00,24,1866.6472924729608,1744.8447435245423,-121.80254894841846,-6.525204276114355
52,2025-11-14 21:00:00,27,1778.1037776783596,1694.336370449434,-83.76740722892555,-4.71105276758926
52,2025-11-14 21:00:00,28,6358.491432309982,6237.3822715326205,-121.10916077736147,-1.9046838714283463
52,2025-11-14 21:00:00,29,3551.5103661492794,3494.4959074179983,-57.01445873128114,-1.6053580829921381
52,2025-11-14 21:00:00,30,2102.5470588349526,2077.3876094807747,-25.159449354177923,-1.1966176570677607
52,2025-11-14 21:00:00,31,5270.577932016888,4901.219303942549,-369.3586280743384,-7.007934098282012
52,2025-11-14 21:00:00,32,2180.3999400765947,2156.32533851665,-24.074601559944767,-1.1041369575115223
52,2025-11-14 21:00:00,33,1217.45145294228,1211.800755712907,-5.650697229373009,-0.46414148307241876
52,2025-11-14 21:00:00,34,1187.46444927249,1176.4984315781337,-10.966017694356196,-0.9234817683236428
52,2025-11-14 21:00:00,35,2501.2295188735743,2356.5977634859373,-144.63175538763699,-5.782426374560449
52,2025-11-14 21:00:00,37,1081.1640445220405,1059.7029843039943,-21.461060218046214,-1.9849957392482183
52,2025-11-14 21:00:00,38,3945.808396897136,3576.6932018693096,-369.1151950278263,-9.3546152752396
52,2025-11-14 21:00:00,39,3495.0314926664887,2820.674732627814,-674.3567600386746,-19.294726283687442
52,2025-11-14 21:00:00,40,2781.154725028566,2675.790003638897,-105.36472138966928,-3.788524257261057
52,2025-11-14 21:00:00,41,2786.024503195712,2740.619086985215,-45.40541621049715,-1.6297565279276915
52,2025-11-14 21:00:00,44,2977.1706645801914,2924.5323595347995,-52.63830504539192,-1.768064749247904
52,2025-11-14 21:00:00,47,3047.544397046976,2111.0442501329835,-936.5001469139925,-30.72966378509356
52,2025-11-14 21:00:00,48,2527.206046325882,2126.693994089077,-400.5120522368052,-15.848017331989213
52,2025-11-14 21:00:00,50,1283.6451542446066,1283.1827012745323,-0.46245297007430963,-0.03602654273613893
52,2025-11-14 21:00:00,53,3040.644850386816,2249.939526902763,-790.7053234840528,-26.00452740751565
52,2025-11-14 21:00:00,54,2654.0422447533224,2367.356101790493,-286.6861429628293,-10.801868113801449
52,2025-11-14 21:00:00,55,1050.24172068167,1013.7079429805356,-36.53377770113434,-3.478606589483203
52,2025-11-14 21:00:00,56,1841.158102984745,1804.692057919412,-36.46604506533299,-1.9806036758177923
53,2025-11-14 22:00:00,1,3250.245668624074,3107.577049357482,-142.66861926659203,-4.389471868044606
53,2025-11-14 22:00:00,3,2040.2297291462528,1994.7199383136197,-45.50979083263314,-2.230620904229104
53,2025-11-14 22:00:00,5,1189.6554032030208,1168.9605004837083,-20.694902719312495,-1.7395711954565725
53,2025-11-14 22:00:00,10,1837.961086934372,1713.2294165270828,-124.73167040728913,-6.786415190940488
53,2025-11-14 22:00:00,12,2300.1811924046824,2241.833456348782,-58.34773605590044,-2.5366582532092554
53,2025-11-14 22:00:00,13,1051.1242529975125,1023.160662115001,-27.96359088251154,-2.6603506486285706
53,2025-11-14 22:00:00,14,2067.997010358619,2042.9141719145125,-25.0828384441063,-1.2129049664223932
53,2025-11-14 22:00:00,15,2625.1014081675644,2368.269213592112,-256.8321945754524,-9.783705641860612
53,2025-11-14 22:00:00,16,1924.713630984807,1816.6910802253276,-108.02255075947937,-5.6123959959803535
53,2025-11-14 22:00:00,17,1219.026856244223,1186.4424091225187,-32.584447121704216,-2.6729884542573332
53,2025-11-14 22:00:00,18,1135.737953085128,1114.9242341422907,-20.81371894283734,-1.8326163078638678
53,2025-11-14 22:00:00,19,1133.644977228707,1099.9129388825083,-33.73203834619858,-2.9755381114693824
53,2025-11-14 22:00:00,20,1050.1525099647813,1044.873158291025,-5.2793516737563095,-0.5027223782889746
53,2025-11-14 22:00:00,21,1619.6324639195282,1419.3192318029792,-200.313232116549,-12.367820266567685
53,2025-11-14 22:00:00,24,1870.8853027734267,1754.8687844747767,-116.01651829865,-6.201156111850656
53,2025-11-14 22:00:00,27,1781.2632450991848,1702.505566476339,-78.75767862284579,-4.421450834935988
53,2025-11-14 22:00:00,28,6357.140421345065,6235.909091225632,-121.23133011943264,-1.9070104179605665
53,2025-11-14 22:00:00,29,3551.9141730746705,3495.6847620943554,-56.22941098031515,-1.5830734708220964
53,2025-11-14 22:00:00,30,2103.908637851902,2080.120139737483,-23.78849811441887,-1.1306811373096035
53,2025-11-14 22:00:00,31,5267.927237170637,4898.7054937426365,-369.221743428001,-7.008861869290114
53,2025-11-14 22:00:00,32,2181.508748338296,2158.608076948049,-22.90067139024677,-1.049762986634398
53,2025-11-14 22:00:00,33,1217.5451146263272,1212.2277851745223,-5.317329451804881,-0.43672545583140915
53,2025-11-14 22:00:00,34,1188.7979965930176,1178.7290187280296,-10.068977864988028,-0.8469881253034379
53,2025-11-14 22:00:00,35,2501.5409918729847,2356.977814573112,-144.56317729987268,-5.7789649567818415
53,2025-11-14 22:00:00,37,1082.8621344218188,1062.9693012755772,-19.892833146241628,-1.8370605559001438
53,2025-11-14 22:00:00,38,3945.387703607268,3576.3467419263075,-369.04096168096066,-9.353731227568497
53,2025-11-14 22:00:00,39,3496.621913650592,2822.343010262546,-674.2789033880458,-19.283723549169085
53,2025-11-14 22:00:00,40,2782.9433326787034,2680.007151109225,-102.93618156947832,-3.698824203883368
53,2025-11-14 22:00:00,41,2788.6506791684983,2745.991648900985,-42.65903026751312,-1.5297373237236336
53,2025-11-14 22:00:00,44,2981.1580663037453,2932.7813750264554,-48.376691277289865,-1.6227482810822833
53,2025-11-14 22:00:00,47,3052.802564913104,2125.6158642931973,-927.1867006199068,-30.371656237333465
53,2025-11-14 22:00:00,48,2532.5166989180966,2141.3543519282616,-391.162346989835,-15.445597936508827
53,2025-11-14 22:00:00,50,1283.3773054241797,1282.9003526838276,-0.4769527403520897,-0.037163875217074066
53,2025-11-14 22:00:00,53,3046.1590242402726,2265.0575765914928,-781.1014476487799,-25.64217565245434
53,2025-11-14 22:00:00,54,2658.509925442055,2380.530558764417,-277.97936667763815,-10.456209473486014
53,2025-11-14 22:00:00,55,1052.5920505678598,1018.9491600827924,-33.64289048506737,-3.196194619455606
53,2025-11-14 22:00:00,56,1841.5823412537504,1805.388907408129,-36.193433845621485,-1.9653443147690572
54,2025-11-14 23:00:00,1,3249.7520315665697,3108.362632269544,-141.38939929702565,-4.350775010635742
54,2025-11-14 23:00:00,3,2044.4440489211747,2002.6847514876724,-41.7592974335023,-2.0425747261480747
54,2025-11-14 23:00:00,5,1194.0092122835376,1176.8032287004455,-17.20598358309212,-1.4410260328047007
54,2025-11-14 23:00:00,10,1841.8793718354143,1718.77184384028,-123.1075279951342,-6.6837997035853
54,2025-11-14 23:00:00,12,2304.7543594690287,2252.1454673279404,-52.60889214108829,-2.282624693818059
54,2025-11-14 23:00:00,13,1055.2867318169426,1030.8262279336643,-24.460503883278307,-2.317901205974927
54,2025-11-14 23:00:00,14,2069.2561950508784,2048.566404332914,-20.68979071796457,-0.9998660759092642
54,2025-11-14 23:00:00,15,2634.8637476503445,2394.738006054693,-240.12574159565156,-9.113402611796724
54,2025-11-14 23:00:00,16,1932.1370252709376,1835.5628864707217,-96.5741388002159,-4.998306928395704
54,2025-11-14 23:00:00,17,1222.6991992575788,1192.7558668940558,-29.94333236352304,-2.448953297892449
54,2025-11-14 23:00:00,18,1139.3625913208743,1121.72157565186,-17.64101566901445,-1.548323229443846
54,2025-11-14 23:00:00,19,1137.228858892656,1105.5170260935845,-31.711832799071544,-2.788518120262093
54,2025-11-14 23:00:00,20,1050.1950687027254,1045.793407373371,-4.401661329354283,-0.4191279754142746
54,2025-11-14 23:00:00,21,1628.7252126556314,1441.5558575238117,-187.16935513181966,-11.491769985351954
54,2025-11-14 23:00:00,24,1879.9252140319816,1775.490831741563,-104.43438229041863,-5.555241320820008
54,2025-11-14 23:00:00,27,1788.232803875076,1719.455162996944,-68.77764087813193,-3.8461234314174155
54,2025-11-14 23:00:00,28,6354.3020329877145,6232.896419289044,-121.4056136986701,-1.9106050211086154
54,2025-11-14 23:00:00,29,3552.892576029276,3498.168114972346,-54.72446105693007,-1.5402790792535106
54,2025-11-14 23:00:00,30,2106.722506826586,2085.57849930969,-21.14400751689618,-1.0036446398793157
54,2025-11-14 23:00:00,31,5262.35466867665,4893.568097077115,-368.7865715995349,-7.0080143741485115
54,2025-11-14 23:00:00,32,2183.8669922870554,2163.222174368558,-20.64481791849721,-0.9453331174201648
54,2025-11-14 23:00:00,33,1218.2774337183168,1213.6035325332914,-4.673901185025443,-0.3836483427884059
54,2025-11-14 23:00:00,34,1189.2734322479914,1180.9445176012475,-8.328914646743897,-0.7003363920272224
54,2025-11-14 23:00:00,35,2502.376903651081,2357.872855722101,-144.50404792898007,-5.774671581972409
54,2025-11-14 23:00:00,37,1086.5600505809316,1069.7287997534054,-16.83125082752622,-1.549040093874918
54,2025-11-14 23:00:00,38,3944.535124037707,3575.6364371649083,-368.89868687279886,-9.352146077360482
54,2025-11-14 23:00:00,39,3500.2732730656776,2825.8678336604967,-674.4054394051809,-19.267222493588623
54,2025-11-14 23:00:00,40,2786.8912959437016,2688.644222672158,-98.24707327154374,-3.5253285054405095
54,2025-11-14 23:00:00,41,2793.788226539797,2756.478755116526,-37.309471423271134,-1.335443791653464
54,2025-11-14 23:00:00,44,2988.941240057131,2949.008998794008,-39.932241263122705,-1.3359995415085322
54,2025-11-14 23:00:00,47,3064.3397651263845,2155.895724999249,-908.4440401271354,-29.64566953265601
54,2025-11-14 23:00:00,48,2544.314387022654,2171.8381863606096,-372.47620066204445,-14.639550936074158
54,2025-11-14 23:00:00,50,1282.8221631943672,1282.3199157763386,-0.5022474180286736,-0.039151757152216846
54,2025-11-14 23:00:00,53,3058.2224383239063,2296.478923591154,-761.7435147327524,-24.90804806043587
54,2025-11-14 23:00:00,54,2668.5434239921888,2407.9516878643067,-260.5917361278821,-9.765317430661563
54,2025-11-14 23:00:00,55,1057.8487891258897,1029.9605037416331,-27.888285384256505,-2.636320584844726
54,2025-11-14 23:00:00,56,1842.579346560041,1806.8737723450645,-35.70557421497642,-1.9378038878833677
55,2025-11-15 00:00:00,1,3249.567445997668,3108.5067312674446,-141.06071473022348,-4.340907430740082
55,2025-11-15 00:00:00,3,2045.6874424740745,2004.882406962391,-40.8050355116834,-1.9946857307944066
55,2025-11-15 00:00:00,5,1195.249198363313,1178.978980239728,-16.27021812358521,-1.3612406639439254
55,2025-11-15 00:00:00,10,1843.2949454766408,1720.5760423613008,-122.71890311534003,-6.657583661067723
55,2025-11-15 00:00:00,12,2306.3095122604686,2255.200446879117,-51.109065381351684,-2.21605405127339
55,2025-11-15 00:00:00,13,1056.6785375620868,1033.134123319629,-23.544414242457833,-2.2281529723106015
55,2025-11-15 00:00:00,14,2064.849576912156,2045.3118112303684,-19.537765681787505,-0.946207699594511
55,2025-11-15 00:00:00,15,2638.115670863804,2402.51573488968,-235.59993597412404,-8.930614323555456
55,2025-11-15 00:00:00,16,1934.582943498706,1841.111400326762,-93.47154317194418,-4.831612078771887
55,2025-11-15 00:00:00,17,1223.886781083822,1194.6139924195045,-29.27278866431743,-2.3917889396921748
55,2025-11-15 00:00:00,18,1140.5058149160016,1123.7045666207368,-16.801248295264713,-1.473140081841856
55,2025-11-15 00:00:00,19,1138.4238954056102,1107.2245676636408,-31.199327741969455,-2.7405721074445135
55,2025-11-15 00:00:00,20,1049.1138128148982,1044.9360790323185,-4.177733782579708,-0.3982154968840175
55,2025-11-15 00:00:00,21,1631.7029739571594,1448.0790911409397,-183.62388281621975,-11.253511561047189
55,2025-11-15 00:00:00,24,1882.6157538356636,1781.3601189308715,-101.25563490479203,-5.378454668643487
55,2025-11-15 00:00:00,27,1790.5172682789405,1724.4403164514338,-66.07695182750672,-3.6903833879815306
55,2025-11-15 00:00:00,28,6353.468771020731,6232.034991208155,-121.43377981257618,-1.9112989170019477
55,2025-11-15 00:00:00,29,3553.2808895328017,3498.9298485849786,-54.351040947823094,-1.5296015889970738
55,2025-11-15 00:00:00,30,2107.483012657992,2087.0119336124208,-20.47107904557106,-0.9713520309590824
55,2025-11-15 00:00:00,31,5260.7147127590215,4892.097814549079,-368.6168982099425,-7.006973735259227
55,2025-11-15 00:00:00,32,2184.5633693512927,2164.486855499757,-20.076513851535765,-0.9190172339792321
55,2025-11-15 00:00:00,33,1218.9331618722742,1214.4262654288093,-4.506896443464939,-0.36974106410743407
55,2025-11-15 00:00:00,34,1187.4314285957516,1179.553467896108,-7.877960699643609,-0.6634455270364564
55,2025-11-15 00:00:00,35,2502.782029256915,2358.2485586040307,-144.53347065288426,-5.774912435974169
55,2025-11-15 00:00:00,37,1087.72186601819,1071.700605683825,-16.021260334365024,-1.4729188439517038
55,2025-11-15 00:00:00,38,3944.31815263133,3575.4431931054555,-368.8749595258746,-9.35205896815882
55,2025-11-15 00:00:00,39,3501.6120922089945,2827.005207912256,-674.6068842967384,-19.265608711990772
55,2025-11-15 00:00:00,40,2788.1973199504146,2691.1318204574054,-97.06549949300916,-3.481299504826128
55,2025-11-15 00:00:00,41,2794.9139408883043,2758.994320693744,-35.91962019456014,-1.2851780396194898
55,2025-11-15 00:00:00,44,2990.5921784204074,2952.9620645028926,-37.63011391751479,-1.258283031335638
55,2025-11-15 00:00:00,47,3068.0905695914366,2164.785056610233,-903.3055129812037,-29.441944182941537
55,2025-11-15 00:00:00,48,2548.2485891160577,2180.793005328453,-367.4555837876046,-14.41992690026637
55,2025-11-15 00:00:00,50,1282.6693413049422,1282.161229875281,-0.5081114296613123,-0.039613594345708596
55,2025-11-15 00:00:00,53,3062.1127318396834,2305.7068751779743,-756.4058566617091,-24.702090448749377
55,2025-11-15 00:00:00,54,2671.962691680706,2416.0337901800976,-255.9289015006084,-9.578311190401584
55,2025-11-15 00:00:00,55,1059.6336594999768,1033.3295695200827,-26.304089979894115,-2.4823758422610482
55,2025-11-15 00:00:00,56,1842.9605642851895,1807.3589308558571,-35.60163342933242,-1.9317631705885616
56,2025-11-15 01:00:00,1,3249.514193343693,3108.545097381265,-140.96909596242813,-4.338159108558114
56,2025-11-15 01:00:00,3,2046.0266130888972,2005.4844669287145,-40.54214616018271,-1.981506296195044
56,2025-11-15 01:00:00,5,1195.5866547501114,1179.5739705154897,-16.0126842346217,-1.3393160730761502
56,2025-11-15 01:00:00,10,1843.6878424452796,1721.0750620286276,-122.61278041665196,-6.650408902953488
56,2025-11-15 01:00:00,12,2306.737141430453,2256.0420093540306,-50.6951320764224,-2.197698695959148
56,2025-11-15 01:00:00,13,1057.065539599354,1033.7733365548404,-23.2922030445136,-2.20347766263781
56,2025-11-15 01:00:00,14,2063.574266576679,2044.3539365684223,-19.220330008256497,-0.931409657484324
56,2025-11-15 01:00:00,15,2639.0155687185943,2404.666733994692,-234.3488347239022,-8.880161129086975
56,2025-11-15 01:00:00,16,1935.2601640756304,1842.6457990356723,-92.6143650399581,-4.785628659090133
56,2025-11-15 01:00:00,17,1224.2155535445545,1195.1271163123977,-29.08843723215682,-2.3760878668740233
56,2025-11-15 01:00:00,18,1140.8191489401322,1124.2490891332684,-16.57005980686381,-1.4524703431089911
56,2025-11-15 01:00:00,19,1138.7554676541151,1107.6967356834252,-31.058731970689905,-2.727427692151698
56,2025-11-15 01:00:00,20,1048.801760403011,1044.6857370971445,-4.11602330586652,-0.3924500760072049
56,2025-11-15 01:00:00,21,1632.5312094006729,1449.886658085704,-182.6445513149688,-11.187813762042587
56,2025-11-15 01:00:00,24,1883.357794998732,1782.979776158412,-100.37801884032001,-5.329737084842532
56,2025-11-15 01:00:00,27,1791.1499373038382,1725.818898063499,-65.33103924033912,-3.6474355317612264
56,2025-11-15 01:00:00,28,6353.236296396853,6231.79595048274,-121.44034591411219,-1.911472204850705
56,2025-11-15 01:00:00,29,3553.384422371322,3499.136524128246,-54.24789824307618,-1.5266543608832024
56,2025-11-15 01:00:00,30,2107.687305568081,2087.4015991975034,-20.285706370577373,-0.9624628054164708
56,2025-11-15 01:00:00,31,5260.257198516934,4891.689934050774,-368.56726446615994,-7.006639610133
56,2025-11-15 01:00:00,32,2184.7508795373183,2164.830923841762,-19.919955695556382,-0.9117724076520334
56,2025-11-15 01:00:00,33,1219.115084108788,1214.6540588062526,-4.461025302535518,-0.36592323076673844
56,2025-11-15 01:00:00,34,1186.8982955730603,1179.144560437875,-7.753735135185252,-0.6532771311666246
56,2025-11-15 01:00:00,35,2502.893863281024,2358.351935326981,-144.54192795404288,-5.774992302892301
56,2025-11-15 01:00:00,37,1088.04071682408,1072.2424077726555,-15.79830905142444,-1.4519961254334925
56,2025-11-15 01:00:00,38,3944.256448109877,3575.388809027989,-368.8676390818882,-9.352019675562751
56,2025-11-15 01:00:00,39,3501.982263323493,2827.318817794323,-674.6634455291701,-19.265187393864554
56,2025-11-15 01:00:00,40,2788.554865566597,2691.8155765553074,-96.73928901128966,-3.4691549449443424
56,2025-11-15 01:00:00,41,2795.211619152494,2759.675165129845,-35.536454022649195,-1.271333224975067
56,2025-11-15 01:00:00,44,2991.02444885429,2954.028752831774,-36.99569602251586,-1.2368904586081548
56,2025-11-15 01:00:00,47,3069.1318103165227,2167.247173982614,-901.8846363339085,-29.38565992188182
56,2025-11-15 01:00:00,48,2549.341653080647,2183.273495578314,-366.0681575023332,-14.359321241229994
56,2025-11-15 01:00:00,50,1282.6264742952048,1282.1167926404144,-0.5096816547904837,-0.03973734091763158
56,2025-11-15 01:00:00,53,3063.192594474691,2308.262572726626,-754.930021748065,-24.64520262649461
56,2025-11-15 01:00:00,54,2672.9097912491534,2418.269881031561,-254.6399102175924,-9.52669300891705
56,2025-11-15 01:00:00,55,1060.1301385494662,1034.2630442454106,-25.867094304055627,-2.439992352207677
56,2025-11-15 01:00:00,56,1843.065086550824,1807.491853485156,-35.573233065667864,-1.9301126870262
57,2025-11-15 02:00:00,1,3211.4949111045057,3072.6750906789025,-138.8198204256032,-4.322591947619183
57,2025-11-15 02:00:00,3,1983.08461099546,1944.1219226756816,-38.96268831977841,-1.9647516855178504
57,2025-11-15 02:00:00,5,1146.703091381578,1131.4774068412698,-15.225684540308066,-1.327779148302789
57,2025-11-15 02:00:00,10,1826.080352826625,1705.123499629511,-120.95685319711401,-6.6238516289758325
57,2025-11-15 02:00:00,12,2251.7669847988045,2202.621781322916,-49.14520347588859,-2.1825172767722996
57,2025-11-15 02:00:00,13,1050.9843925615464,1027.8896980793477,-23.094694482198747,-2.1974345809180327
57,2025-11-15 02:00:00,14,1024.4227843470303,1015.176433627338,-9.24635071969226,-0.9025912797894189
57,2025-11-15 02:00:00,15,2586.039491797193,2361.2878699078283,-224.75162188936474,-8.690958610735347
57,2025-11-15 02:00:00,16,1904.4912434303956,1815.017293944066,-89.4739494863295,-4.698049927767996
57,2025-11-15 02:00:00,17,1211.5867996838392,1182.8358037206776,-28.750995963161586,-2.373003401049276
57,2025-11-15 02:00:00,18,1112.9755471043554,1096.904701335355,-16.07084576900047,-1.4439531767622589
57,2025-11-15 02:00:00,19,1129.392272121067,1098.6131370996434,-30.7791350214236,-2.7252829491757122
57,2025-11-15 02:00:00,20,874.2604221357544,870.946709078683,-3.313713057071368,-0.3790304322568107
57,2025-11-15 02:00:00,21,1622.5105378570572,1442.7232684318128,-179.7872694252444,-11.080807503580209
57,2025-11-15 02:00:00,24,1831.6771979783985,1736.5275595902474,-95.14963838815106,-5.194672865566414
57,2025-11-15 02:00:00,27,1763.7777204826314,1700.5683865513297,-63.20933393130167,-3.583747158003866
57,2025-11-15 02:00:00,28,6277.451100746153,6157.470096097233,-119.98100464892013,-1.911301302445174
57,2025-11-15 02:00:00,29,3468.424080406327,3415.720455588524,-52.70362481780285,-1.5195265514252976
57,2025-11-15 02:00:00,30,2012.7052067877576,1993.4809142742351,-19.224292513522414,-0.9551469558825284
57,2025-11-15 02:00:00,31,5190.935198674792,4829.443146899263,-361.49205177552903,-6.9639099302918535
57,2025-11-15 02:00:00,32,2089.7912131289595,2070.870879975584,-18.920333153375395,-0.9053695428763311
57,2025-11-15 02:00:00,33,1167.1029047096497,1162.8431409686505,-4.259763740999233,-0.3649861313693647
57,2025-11-15 02:00:00,34,861.6117676319748,856.1663225138792,-5.445445118095563,-0.6320068182287765
57,2025-11-15 02:00:00,35,2479.630475297132,2336.8054469278777,-142.82502836925414,-5.759931965352198
57,2025-11-15 02:00:00,37,1062.8616914536717,1047.511911034274,-15.349780419397803,-1.4441935900807534
57,2025-11-15 02:00:00,38,3897.79536299914,3535.3604170539106,-362.4349459452292,-9.298460082993053
57,2025-11-15 02:00:00,39,3450.166127553655,2791.1880094272647,-658.9781181263902,-19.09989530253836
57,2025-11-15 02:00:00,40,2717.5806749739904,2624.278067515393,-93.30260745859732,-3.433296693555944
57,2025-11-15 02:00:00,41,2592.77222932832,2560.359769394192,-32.41245993412804,-1.250108265102977
57,2025-11-15 02:00:00,44,2573.9922881563125,2542.806007110924,-31.18628104538857,-1.2115918601965407
57,2025-11-15 02:00:00,47,3034.182471143659,2151.7711820666327,-882.4112890770261,-29.08234087663236
57,2025-11-15 02:00:00,48,2523.601206304419,2165.665047928114,-357.93615837630523,-14.18354680930232
57,2025-11-15 02:00:00,50,1174.899129659017,1174.4760253709844,-0.42310428803261857,-0.03601196710013848
57,2025-11-15 02:00:00,53,3029.306834896433,2290.884516667499,-738.4223182289338,-24.37594996065096
57,2025-11-15 02:00:00,54,2621.950624872599,2377.290219789646,-244.66040508295282,-9.33123617058353
57,2025-11-15 02:00:00,55,1053.734334071385,1028.3412400793698,-25.393093992015338,-2.4098193606259666
57,2025-11-15 02:00:00,56,1824.594256369253,1789.316163831416,-35.27809253783698,-1.933476027050343
58,2025-11-15 03:00:00,1,3249.6709870404834,3108.428079445569,-141.2429075949144,-4.346375622584061
58,2025-11-15 03:00:00,3,2045.0032646820528,2003.671447389894,-41.3318172921588,-2.0211125334601787
58,2025-11-15 03:00:00,5,1194.567432642982,1177.7808240359586,-16.78660860702348,-1.4052457942774388
58,2025-11-15 03:00:00,10,1842.511414515139,1719.5786400803338,-122.9327744348052,-6.672022407370281
58,2025-11-15 03:00:00,12,2305.451455574977,2253.513911460073,-51.937544114904085,-2.25281447541696
58,2025-11-15 03:00:00,13,1055.9076851076877,1031.8576699703003,-24.05001513738739,-2.2776626665933044
58,2025-11-15 03:00:00,14,2067.324295572483,2047.1505421923027,-20.173753380180415,-0.9758388378342887
58,2025-11-15 03:00:00,15,2636.317538174989,2398.216185867587,-238.10135230740207,-9.031588526783825
58,2025-11-15 03:00:00,16,1933.2302375273157,1838.0442329191585,-95.18600460815719,-4.9236765885632
58,2025-11-15 03:00:00,17,1223.2300227357546,1193.587335153053,-29.642687582701683,-2.4233126257321413
58,2025-11-15 03:00:00,18,1139.8757416123556,1122.6110251339228,-17.264716478432774,-1.5146139046710314
58,2025-11-15 03:00:00,19,1137.7625121275566,1106.2806809490492,-31.48183117850749,-2.7669949434032683
58,2025-11-15 03:00:00,20,1049.7204442857703,1045.419083972827,-4.301360312943416,-0.4097624597442285
58,2025-11-15 03:00:00,21,1630.05357044064,1444.4706369119515,-185.5829335286885,-11.385081870562162
58,2025-11-15 03:00:00,24,1881.1297490076536,1778.11799767329,-103.01175133436368,-5.476057746080787
58,2025-11-15 03:00:00,27,1789.2537508151356,1721.6845866789895,-67.56916413614613,-3.776388011223307
58,2025-11-15 03:00:00,28,6353.930798303715,6232.511730292613,-121.41906801110235,-1.9109283979535494
58,2025-11-15 03:00:00,29,3553.068845514873,3498.511477825357,-54.55736768951601,-1.5354998752243467
58,2025-11-15 03:00:00,30,2107.066695096552,2086.2241479622626,-20.84254713428936,-0.989173583484233
58,2025-11-15 03:00:00,31,5261.624019456747,4892.91143144855,-368.7125880081976,-7.0075814357839
58,2025-11-15 03:00:00,32,2184.181853447824,2163.791621617212,-20.39023183061181,-0.9335409411274507
58,2025-11-15 03:00:00,33,1218.570262730453,1213.9712702680083,-4.598992462444585,-0.37740888671775175
58,2025-11-15 03:00:00,34,1188.4659126716124,1180.3390219013568,-8.126890770255613,-0.6838135350459288
58,2025-11-15 03:00:00,35,2502.5582025742005,2358.041224182662,-144.5169783915385,-5.774769923148414
58,2025-11-15 03:00:00,37,1087.0812588246072,1070.6129918872468,-16.46826693736034,-1.5149067103931535
58,2025-11-15 03:00:00,38,3944.439250735049,3575.550650028056,-368.88860070699275,-9.352117684110615
58,2025-11-15 03:00:00,39,3500.872009916313,2826.377099889611,-674.4949100267017,-19.266482982416292
58,2025-11-15 03:00:00,40,2787.477795444825,2689.759541343345,-97.71825410147994,-3.5056155159752973
58,2025-11-15 03:00:00,41,2794.300921168629,2757.6138673030914,-36.687053865537564,-1.3129242304438118
58,2025-11-15 03:00:00,44,2989.6960748100646,2950.794970196197,-38.901104613867574,-1.3011725486624577
58,2025-11-15 03:00:00,47,3066.014340639525,2159.8684922659595,-906.1458483735655,-29.554520876264295
58,2025-11-15 03:00:00,48,2546.070220494602,2175.8400562088323,-370.23016428576966,-14.541239330541654
58,2025-11-15 03:00:00,50,1282.7542370281185,1282.2493308883058,-0.5049061398126469,-0.03936109702373013
58,2025-11-15 03:00:00,53,3059.9593594224293,2300.6031658283327,-759.3561935940966,-24.815891467833936
58,2025-11-15 03:00:00,54,2670.0714171684995,2411.5653555951044,-258.5060615733951,-9.68161600140007
58,2025-11-15 03:00:00,55,1058.6449831727732,1031.46596197755,-27.179021195223186,-2.567340480258764
58,2025-11-15 03:00:00,56,1842.750433285266,1807.091586853547,-35.658846431718985,-1.9350882131198954
59,2025-11-15 04:00:00,1,3249.869250721664,3108.261629731903,-141.60762098976056,-4.357332866801188
59,2025-11-15 04:00:00,3,2043.596503387784,2001.193788886825,-42.402714500959064,-2.074906393246696
59,2025-11-15 04:00:00,5,1193.1616267122808,1175.3238856565324,-17.837741055748438,-1.49499788263387
59,2025-11-15 04:00:00,10,1840.9346565376095,1717.5620757229665,-123.37258081464302,-6.701627370451025
59,2025-11-15 04:00:00,12,2303.704537148152,2250.086807181532,-53.61772996662012,-2.3274568896320207
59,2025-11-15 04:00:00,13,1054.359959316802,1029.281312120583,-25.07864719621898,-2.3785659702469446
59,2025-11-15 04:00:00,14,2072.041119411192,2050.5746641799424,-21.46645523124971,-1.0360052718138042
59,2025-11-15 04:00:00,15,2632.685472516817,2389.522105746176,-243.163366770641,-9.2363242517603
59,2025-11-15 04:00:00,16,1930.499731971351,1831.8416346372296,-98.6580973341213,-5.110495261937981
59,2025-11-15 04:00:00,17,1221.904103903332,1191.5074776885049,-30.396626214827165,-2.4876441709072057
59,2025-11-15 04:00:00,18,1138.587762842319,1120.380046199463,-18.207716642855985,-1.5991491597804515
59,2025-11-15 04:00:00,19,1136.4309740288495,1104.371705530388,-32.059268498461506,-2.821048460585838
59,2025-11-15 04:00:00,20,1050.8809909268773,1046.3283813983733,-4.5526095285040356,-0.43321837275680786
59,2025-11-15 04:00:00,21,1626.743128641721,1437.191725909226,-189.5514027324948,-11.652202452563255
59,2025-11-15 04:00:00,24,1878.1154447930596,1771.5439966841468,-106.57144810891282,-5.674382179454118
59,2025-11-15 04:00:00,27,1786.704036098743,1716.111663439193,-70.59237265954994,-3.9509829962486647
59,2025-11-15 04:00:00,28,6354.854628207164,6233.471806372232,-121.38282183493175,-1.9100802289977223
59,2025-11-15 04:00:00,29,3552.6207961213245,3497.645397390644,-54.975398730680354,-1.5474603647735587
59,2025-11-15 04:00:00,30,2106.1947076235865,2084.5969302547933,-21.59777736879323,-1.0254406817478876
59,2025-11-15 04:00:00,31,5263.442317467527,4894.55052942249,-368.89178804503626,-7.008565227756239
59,2025-11-15 04:00:00,32,2183.385035174106,2162.3570163994486,-21.02801877465754,-0.9630925574691748
59,2025-11-15 04:00:00,33,1217.8396002257527,1213.0526622502905,-4.786937975462251,-0.393068017707331
59,2025-11-15 04:00:00,34,1190.4374093759186,1181.80436059644,-8.633048779478713,-0.7251997216724355
59,2025-11-15 04:00:00,35,2502.1047377065324,2357.619373038116,-144.48536466841642,-5.774553018945719
59,2025-11-15 04:00:00,37,1085.773878997877,1068.395896190269,-17.377982807608078,-1.6005158296538884
59,2025-11-15 04:00:00,38,3944.675585950006,3575.7633291679035,-368.9122567821023,-9.352157072081665
59,2025-11-15 04:00:00,39,3499.375591281326,2825.1023422460453,-674.2732490352805,-19.268387500765233
59,2025-11-15 04:00:00,40,2786.0049535919165,2686.9634188218006,-99.04153477011596,-3.5549662121894126
59,2025-11-15 04:00:00,41,2792.992853937737,2754.7471410688563,-38.24571286888067,-1.3693451744768863
59,2025-11-15 04:00:00,44,2987.761914345465,2946.2781232625603,-41.483791082904645,-1.3884570548852646
59,2025-11-15 04:00:00,47,3061.837136917429,2149.945378979404,-911.891757938025,-29.782503678693107
59,2025-11-15 04:00:00,48,2541.692111167605,2165.844753047295,-375.8473581203102,-14.787289005970637
59,2025-11-15 04:00:00,50,1282.92280445867,1282.4246560060856,-0.4981484525844735,-0.03882918370873199
59,2025-11-15 04:00:00,53,3055.6264300953853,2290.301303968816,-765.3251261265696,-25.04642316838053
59,2025-11-15 04:00:00,54,2666.255727860656,2402.534434134833,-263.72129372582276,-9.89107274932802
59,2025-11-15 04:00:00,55,1056.6608321410135,1027.706298298255,-28.954533842758565,-2.740191834695972
59,2025-11-15 04:00:00,56,1842.3211029904223,1806.544687346232,-35.776415644190365,-1.9419207425957794
60,2025-11-15 05:00:00,1,3250.165509180102,3107.7368655259825,-142.4286436541197,-4.382196637427527
60,2025-11-15 05:00:00,3,2040.9734519534104,1996.175888308985,-44.79756364442551,-2.1949116291321613
60,2025-11-15 05:00:00,5,1190.4307883762483,1170.3870103829297,-20.0437779933186,-1.6837415655771455
60,2025-11-15 05:00:00,10,1838.6016405008795,1714.1889616521728,-124.41267884870672,-6.766701177032219
60,2025-11-15 05:00:00,12,2300.945652729659,2243.6766107815856,-57.26904194807321,-2.488935011573775
60,2025-11-15 05:00:00,13,1051.8284316556485,1024.5245778805308,-27.30385377511766,-2.5958467135309853
60,2025-11-15 05:00:00,14,2069.228084866804,2044.9716344861947,-24.256450380609067,-1.172246334660128
60,2025-11-15 05:00:00,15,2626.7493138785558,2373.0045211592965,-253.7447927192593,-9.660030798469672
60,2025-11-15 05:00:00,16,1925.973472215453,1820.0689264943576,-105.90454572109547,-5.49875412350686
60,2025-11-15 05:00:00,17,1219.6559588426785,1187.5745300088083,-32.08142883387018,-2.630367080263518
60,2025-11-15 05:00:00,18,1136.3612890892346,1116.1423964410108,-20.2188926482238,-1.7792662282986376
60,2025-11-15 05:00:00,19,1134.2515626174186,1100.905772360247,-33.34579025717153,-2.9398937022596825
60,2025-11-15 05:00:00,20,1050.3906757197096,1045.2777620652937,-5.112913654415934,-0.4867630466076494
60,2025-11-15 05:00:00,21,1621.182346224305,1423.3014486582658,-197.88089756603927,-12.205961780110618
60,2025-11-15 05:00:00,24,1872.478619087467,1758.5968825528398,-113.88173653462718,-6.081871129194856
60,2025-11-15 05:00:00,27,1782.4490264473325,1705.5399002452607,-76.90912620207177,-4.314800875700906
60,2025-11-15 05:00:00,28,6356.633586176642,6235.36265907921,-121.27092709743192,-1.9077853938467042
60,2025-11-15 05:00:00,29,3552.0631418471653,3496.121738361854,-55.941403485311184,-1.5748989038584544
60,2025-11-15 05:00:00,30,2104.417973202139,2081.131634505264,-23.286338696874736,-1.1065453248073918
60,2025-11-15 05:00:00,31,5266.932983374302,4897.773658633253,-369.1593247410492,-7.008999846900356
60,2025-11-15 05:00:00,32,2181.9228558895643,2159.4520223800514,-22.470833509512886,-1.0298637941693674
60,2025-11-15 05:00:00,33,1217.5783551449372,1212.382678149601,-5.195676995336271,-0.4267221878067791
60,2025-11-15 05:00:00,34,1189.3000413459304,1179.5595765030787,-9.74046484285168,-0.8190081984549836
60,2025-11-15 05:00:00,35,2501.655472406454,2357.1152368467256,-144.54023555972844,-5.777783437968329
60,2025-11-15 05:00:00,37,1083.4993450259565,1064.1806781067994,-19.318666919157067,-1.7829883338502863
60,2025-11-15 05:00:00,38,3945.2282255866025,3576.2164933789736,-369.01173220762894,-9.353368451903993
60,2025-11-15 05:00:00,39,3497.214439971908,2822.956044917685,-674.258395054223,-19.279869925838437
60,2025-11-15 05:00:00,40,2783.610881919717,2681.5666944880813,-102.04418743163569,-3.665892675389346
60,2025-11-15 05:00:00,41,2789.6351179050457,2747.9840005187984,-41.65111738624728,-1.493066857343205
60,2025-11-15 05:00:00,44,2982.655310424948,2935.843521524885,-46.811788900062766,-1.5694669356008606
60,2025-11-15 05:00:00,47,3054.775609295625,2131.0371317403105,-923.7384775553146,-30.239159784581087
60,2025-11-15 05:00:00,48,2534.5114596857,2146.810018510794,-387.701441174906,-15.296890439902928
60,2025-11-15 05:00:00,50,1283.2761891172404,1282.7941629613624,-0.4820261558779748,-0.03756215224483814
60,2025-11-15 05:00:00,53,3048.2286011227893,2270.6821797499106,-777.5464213728787,-25.508140074746233
60,2025-11-15 05:00:00,54,2660.1873236498272,2385.430983521496,-274.75634012833143,-10.32845836402831
60,2025-11-15 05:00:00,55,1053.4746140388006,1020.8942704634976,-32.580343575303004,-3.092655783170399
60,2025-11-15 05:00:00,56,1841.7399532956424,1805.6448520124245,-36.0951012832179,-1.9598370127459461
61,2025-11-15 06:00:00,1,3250.6085674742244,3106.816574903244,-143.79199257098026,-4.423540687419925
61,2025-11-15 06:00:00,3,2036.7680556775483,1987.8289072260104,-48.9391484515379,-2.402784564257017
61,2025-11-15 06:00:00,5,1186.064840378364,1162.234016193241,-23.830824185122992,-2.0092345185378546
61,2025-11-15 06:00:00,10,1834.971624244132,1708.6519777245894,-126.31964651954263,-6.884010894259831
61,2025-11-15 06:00:00,12,2296.616343278639,2233.1003149190315,-63.51602835960739,-2.7656351286315504
61,2025-11-15 06:00:00,13,1047.8561438104948,1016.7118705608746,-31.144273249620255,-2.9721897832621487
61,2025-11-15 06:00:00,14,2062.313465622906,2033.2500733335544,-29.06339228935144,-1.4092616265089977
61,2025-11-15 06:00:00,15,2617.4649835785926,2345.996662460096,-271.46832111849653,-10.371421311139972
61,2025-11-15 06:00:00,16,1918.873040565049,1800.782234345867,-118.09080621918201,-6.154175066444621
61,2025-11-15 06:00:00,17,1216.1032995523633,1181.0828384739907,-35.02046107837259,-2.8797274944705196
61,2025-11-15 06:00:00,18,1132.845102004573,1109.1665474257018,-23.67855457887117,-2.0901846631081242
61,2025-11-15 06:00:00,19,1130.8268194961283,1095.208979069903,-35.61784042622526,-3.14971663318843
61,2025-11-15 06:00:00,20,1049.053798550094,1042.9737503838655,-6.08004816622838,-0.5795744865164842
61,2025-11-15 06:00:00,21,1612.4607654273448,1400.6082291227349,-211.85253630460988,-13.138461465043049
61,2025-11-15 06:00:00,24,1863.5169309520984,1737.3348123860064,-126.18211856609196,-6.771181762304872
61,2025-11-15 06:00:00,27,1775.7650703585991,1688.2063637846747,-87.55870657392438,-4.930759594017847
61,2025-11-15 06:00:00,28,6359.492016631613,6238.489779835954,-121.00223679565897,-1.902702864933375
61,2025-11-15 06:00:00,29,3551.205204616536,3493.592613799463,-57.61259081707294,-1.6223391073593008
61,2025-11-15 06:00:00,30,2101.535125315447,2075.3287544558902,-26.206370859556955,-1.2470108419255326
61,2025-11-15 06:00:00,31,5272.541535399885,4903.110711566682,-369.43082383320325,-7.006693477004245
61,2025-11-15 06:00:00,32,2179.5742319463934,2154.6027897899994,-24.971442156394005,-1.1457027611348718
61,2025-11-15 06:00:00,33,1217.3774571578167,1211.4710306257307,-5.906426532086016,-0.4851762694764872
61,2025-11-15 06:00:00,34,1186.4811347967925,1174.829826773155,-11.651308023637512,-0.9820053334124879
61,2025-11-15 06:00:00,35,2500.9931102655005,2356.3034439769663,-144.68966628853423,-5.785288479790105
61,2025-11-15 06:00:00,37,1079.906851657296,1057.2474547292888,-22.659396928007254,-2.0982732809994356
61,2025-11-15 06:00:00,38,3946.116044136563,3576.9497018634083,-369.16634227315444,-9.35518211183094
61,2025-11-15 06:00:00,39,3493.8436760825757,2819.40683046525,-674.4368456173256,-19.30357818336992
61,2025-11-15 06:00:00,40,2779.8217222699072,2672.608990555608,-107.21273171429903,-3.8568204160500184
61,2025-11-15 06:00:00,41,2784.077696018181,2736.5800100991714,-47.497685919009655,-1.7060474277331188
61,2025-11-15 06:00:00,44,2974.2209320684524,2918.338126649774,-55.882805418678345,-1.8789056595003544
61,2025-11-15 06:00:00,47,3043.651238578252,2100.131875180576,-943.519363397676,-30.999588633499673
61,2025-11-15 06:00:00,48,2523.278944146566,2115.7187369991057,-407.56020714746046,-16.152007612670314
61,2025-11-15 06:00:00,50,1283.8419658993994,1283.3912177526092,-0.4507481467901471,-0.03510931709374168
61,2025-11-15 06:00:00,53,3036.563283456096,2238.618103569227,-797.945179886869,-26.277903847229535
61,2025-11-15 06:00:00,54,2650.7367346270453,2357.4877717330805,-293.24896289396474,-11.062922962631536
61,2025-11-15 06:00:00,55,1048.5030780879413,1009.7707489863916,-38.73232910154968,-3.6940596466518985
61,2025-11-15 06:00:00,56,1840.840176739294,1804.162082586835,-36.67809415245915,-1.992464887279219
62,2025-11-15 07:00:00,1,3250.8553451668336,3106.2646305301955,-144.59071463663804,-4.447774486539562
62,2025-11-15 07:00:00,3,2034.3257011458063,1982.846178668511,-51.479522477295404,-2.530544762242362
62,2025-11-15 07:00:00,5,1183.5489104582384,1157.393571001489,-26.155339456749516,-2.209907780374101
62,2025-11-15 07:00:00,10,1832.8548660273343,1705.3074116605503,-127.547454366784,-6.958950036411766
62,2025-11-15 07:00:00,12,2294.0948890187533,2226.7762445990907,-67.31864441966263,-2.934431559125989
62,2025-11-15 07:00:00,13,1045.5592066372776,1012.0541356235896,-33.50507101368805,-3.204512073634443
62,2025-11-15 07:00:00,14,2058.347414677184,2026.3325827804551,-32.01483189672899,-1.555365807950839
62,2025-11-15 07:00:00,15,2612.1088060480824,2330.0227505509392,-282.0860554971432,-10.799169423723871
62,2025-11-15 07:00:00,16,1914.7740537344373,1789.351431231654,-125.42262250278327,-6.550257052949304
62,2025-11-15 07:00:00,17,1214.0448832146435,1177.2057042990064,-36.83917891563715,-3.034416554525684
62,2025-11-15 07:00:00,18,1130.8119996757048,1105.0099995797846,-25.80200009592022,-2.2817232310339595
62,2025-11-15 07:00:00,19,1128.8433361024215,1091.8024853360337,-37.04085076638785,-3.2813101323944105
62,2025-11-15 07:00:00,20,1048.2878847939555,1041.615154223732,-6.672730570223621,-0.6365360763026626
62,2025-11-15 07:00:00,21,1607.4403990416918,1387.2060963370866,-220.23430270460517,-13.700931172061019
62,2025-11-15 07:00:00,24,1858.362996512477,1724.75960108214,-133.60339543033683,-7.1893056244159785
62,2025-11-15 07:00:00,27,1771.9054942636255,1677.924106706254,-93.98138755737159,-5.3039729185121525
62,2025-11-15 07:00:00,28,6361.144289992446,6240.351714414791,-120.79257557765504,-1.8989126809729777
62,2025-11-15 07:00:00,29,3550.690444850083,3492.057666445914,-58.63277840416913,-1.651306395611311
62,2025-11-15 07:00:00,30,2099.857892311413,2071.8604519625105,-27.997440348902273,-1.3333016701470293
62,2025-11-15 07:00:00,31,5275.785001397481,4906.293712606912,-369.49128879056934,-7.003531961455903
62,2025-11-15 07:00:00,32,2178.202733009405,2151.696345652319,-26.50638735708617,-1.216892576407015
62,2025-11-15 07:00:00,33,1217.2469256022678,1210.9008630952535,-6.346062507014267,-0.5213455358594864
62,2025-11-15 07:00:00,34,1184.8652942737465,1172.0407778711462,-12.824516402600239,-1.0823607092366496
62,2025-11-15 07:00:00,35,2500.5925474304354,2355.793505864763,-144.79904156567227,-5.790589183130423
62,2025-11-15 07:00:00,37,1077.8317290520486,1053.120461186009,-24.711267866039634,-2.292683282554055
62,2025-11-15 07:00:00,38,3946.6172671284567,3577.3746805511964,-369.2425865772602,-9.355925887536586
62,2025-11-15 07:00:00,39,3491.8647056074883,2817.25183529,-674.6128703174882,-19.319559238195744
62,2025-11-15 07:00:00,40,2777.6057590592395,2667.244374558692,-110.3613845005475,-3.9732558927990675
62,2025-11-15 07:00:00,41,2780.859872132838,2729.7921090645,-51.06776306833808,-1.8364018834638582
62,2025-11-15 07:00:00,44,2969.3564036952544,2907.9408494702616,-61.415554224992775,-2.0683119799483616
62,2025-11-15 07:00:00,47,3037.2247222112856,2081.86756075946,-955.3571614518255,-31.45493826865294
62,2025-11-15 07:00:00,48,2516.8052136582683,2097.356117912101,-419.44909574616713,-16.665933997191726
62,2025-11-15 07:00:00,50,1284.1640959843985,1283.7346204420642,-0.4294755423343304,-0.0334439767999516
62,2025-11-15 07:00:00,53,3029.827788743685,2219.669656108677,-810.1581326350079,-26.73941191129345
62,2025-11-15 07:00:00,54,2645.284532715124,2340.9676866595405,-304.3168460555835,-11.50412525730199
62,2025-11-15 07:00:00,55,1045.6358194957097,1003.1584044335226,-42.477415062187106,-4.062352711164118
62,2025-11-15 07:00:00,56,1840.308553728988,1803.2604906729564,-37.04806305603165,-2.0131440991762903
63,2025-11-15 08:00:00,1,3250.8081234825845,3106.3724327161967,-144.43569076638778,-4.443070316055876
63,2025-11-15 08:00:00,3,2034.7985560110783,1983.8191125227888,-50.97944348828946,-2.505380364935344
63,2025-11-15 08:00:00,5,1184.034935952736,1158.337318268781,-25.69761768395506,-2.1703428592905007
63,2025-11-15 08:00:00,10,1833.265154862056,1705.9626573096698,-127.30249755238628,-6.944030830170072
63,2025-11-15 08:00:00,12,2294.583451158064,2228.0116887739096,-66.57176238415423,-2.9012569732670137
63,2025-11-15 08:00:00,13,1046.003364506376,1012.9633485280178,-33.04001597835827,-3.1586911762898895
63,2025-11-15 08:00:00,14,2059.1125368076696,2027.6789433769388,-31.433593430730753,-1.5265602471375168
63,2025-11-15 08:00:00,15,2613.1438430568446,2333.13386168921,-280.00998136763474,-10.715444620916093
63,2025-11-15 08:00:00,16,1915.5663029681505,1791.579065066882,-123.98723790126837,-6.472615315332673
63,2025-11-15 08:00:00,17,1214.4431440394214,1177.962900791496,-36.4802432479255,-3.0038658809984877
63,2025-11-15 08:00:00,18,1131.2051327158222,1105.8212441580508,-25.383888557771343,-2.243968651099482
63,2025-11-15 08:00:00,19,1129.2270534979127,1092.4679926830374,-36.75906081487528,-3.2552408925211096
63,2025-11-15 08:00:00,20,1048.4355949634069,1041.8795193539754,-6.556075609431446,-0.6253198232610816
63,2025-11-15 08:00:00,21,1608.4099322061,1389.815299362995,-218.59463284310505,-13.590728859979123
63,2025-11-15 08:00:00,24,1859.358066143752,1727.2088157151156,-132.14925042863638,-7.10725130543089
63,2025-11-15 08:00:00,27,1772.6515278652337,1679.928419381706,-92.72310848352777,-5.230757823856797
63,2025-11-15 08:00:00,28,6360.824817080782,6239.988337109464,-120.83647997131811,-1.8996982851474669
63,2025-11-15 08:00:00,29,3550.791001023717,3492.358720643997,-58.43228037971994,-1.6456130581291188
63,2025-11-15 08:00:00,30,2100.182776586261,2072.5379104631697,-27.644866123091106,-1.3163076295686233
63,2025-11-15 08:00:00,31,5275.157767025821,4905.672193650172,-369.48557337564944,-7.004256359596398
63,2025-11-15 08:00:00,32,2178.4686730128105,2152.264498494857,-26.20417451795356,-1.2028713032496046
63,2025-11-15 08:00:00,33,1217.2729593474544,1211.0136429730796,-6.259316374374748,-0.5142081179335645
63,2025-11-15 08:00:00,34,1185.1769627750014,1172.5834898037951,-12.59347297120621,-1.0625816537742647
63,2025-11-15 08:00:00,35,2500.670959871381,2355.8944322377147,-144.77652763366632,-5.789507294518777
63,2025-11-15 08:00:00,37,1078.2328714738749,1053.9257044450055,-24.307167028869344,-2.2543522528341224
63,2025-11-15 08:00:00,38,3946.520985965157,3577.292278101808,-369.228707863349,-9.355802469476817
63,2025-11-15 08:00:00,39,3492.248995776373,2817.6745380267084,-674.5744577496644,-19.316333358976244
63,2025-11-15 08:00:00,40,2778.035616883992,2668.292771515732,-109.74284536826008,-3.9503757511703212
63,2025-11-15 08:00:00,41,2781.48232753679,2731.116439484534,-50.36588805225574,-1.8107570755935196
63,2025-11-15 08:00:00,44,2970.29635506736,2909.968241049203,-60.328114018157066,-2.0310469665842135
63,2025-11-15 08:00:00,47,3038.467080639627,2085.424038870142,-953.0430417694852,-31.36591631490904
63,2025-11-15 08:00:00,48,2518.055861320957,2100.9310509245406,-417.12481039641625,-16.56535173836831
63,2025-11-15 08:00:00,50,1284.1020870712327,1283.6683007155136,-0.4337863557191213,-0.033781298238405394
63,2025-11-15 08:00:00,53,3031.1296856849262,2223.359290681861,-807.7703950030655,-26.649153245336596
63,2025-11-15 08:00:00,54,2646.338131914172,2344.1847755991216,-302.1533563150506,-11.41779097202875
63,2025-11-15 08:00:00,55,1046.1898502435404,1004.4481529141462,-41.74169732939413,-3.9898778715619505
63,2025-11-15 08:00:00,56,1840.411971628786,1803.437424371998,-36.9745472567879,-2.009036445468511
64,2025-11-15 09:00:00,1,3250.7013145984074,3106.6124496306325,-144.08886496777495,-4.4325470421011515
64,2025-11-15 09:00:00,3,2035.8584941081008,1985.9854874681516,-49.87300663994915,-2.449728543721712
64,2025-11-15 09:00:00,5,1185.1262573532565,1160.4411156311237,-24.685141722132812,-2.082912395955361
64,2025-11-15 09:00:00,10,1834.184029169848,1707.4178820664329,-126.76614710341505,-6.911310156854296
64,2025-11-15 09:00:00,12,2295.677916448177,2230.7615424944943,-64.91637395368252,-2.827764883242843
64,2025-11-15 09:00:00,13,1046.9999160930183,1014.9882737195954,-32.01164237342289,-3.05746369998552
64,2025-11-15 09:00:00,14,2060.83234497852,2030.684322420699,-30.148022557820923,-1.4629051524390335
64,2025-11-15 09:00:00,15,2615.46733226866,2340.074910948308,-275.3924213203518,-10.52937721387925
64,2025-11-15 09:00:00,16,1917.3445048368303,1796.5466879905637,-120.79781684626664,-6.300266673074841
64,2025-11-15 09:00:00,17,1215.336325825919,1179.648650307484,-35.687675518434844,-2.93644440309
64,2025-11-15 09:00:00,18,1132.0872134344556,1107.6282162331192,-24.458997201336388,-2.160522344134089
64,2025-11-15 09:00:00,19,1130.0876976276384,1093.9492241540952,-36.13847347354317,-3.197846817499886
64,2025-11-15 09:00:00,20,1048.7676952137726,1042.4697455911123,-6.297949622660326,-0.6005094980901944
64,2025-11-15 09:00:00,21,1610.5874359468778,1395.6383154517896,-214.9491204950882,-13.346007531017266
64,2025-11-15 09:00:00,24,1861.5933719750203,1732.673052205196,-128.92031976982435,-6.925267446190405
64,2025-11-15 09:00:00,27,1774.3258986146952,1684.3971567488184,-89.92874186587687,-5.068332820711727
64,2025-11-15 09:00:00,28,6360.107974982303,6239.1789248646655,-120.92905011763742,-1.90136787918249
64,2025-11-15 09:00:00,29,3551.0148551072743,3493.0267618399616,-57.988093267312706,-1.6330005824647815
64,2025-11-15 09:00:00,30,2100.910748149158,2074.045965222004,-26.86478292715401,-1.2787208095737106
64,2025-11-15 09:00:00,31,5273.750536420814,4904.288341096288,-369.46219532452596,-7.005682061997426
64,2025-11-15 09:00:00,32,2179.0640875049758,2153.528473261581,-25.535614243394775,-1.1718615523893565
64,2025-11-15 09:00:00,33,1217.3299944972682,1211.2622573197634,-6.067737177504796,-0.4984463707403057
64,2025-11-15 09:00:00,34,1185.877615036981,1173.7951605223534,-12.08245451462767,-1.0188618421851976
64,2025-11-15 09:00:00,35,2500.84523721555,2356.116829288954,-144.728407926596,-5.787179701201228
64,2025-11-15 09:00:00,37,1079.133124218694,1055.7197129531448,-23.413411265549257,-2.1696499477301154
64,2025-11-15 09:00:00,38,3946.3038576781246,3577.1078286164093,-369.1960290617153,-9.355489145707551
64,2025-11-15 09:00:00,39,3493.1084231256364,2818.6124591714106,-674.4959639542258,-19.309333758116967
64,2025-11-15 09:00:00,40,2778.997730984509,2670.6256451537706,-108.37208583073834,-3.8996824150822755
64,2025-11-15 09:00:00,41,2782.878533665188,2734.0671197140787,-48.811413951109444,-1.753990099123098
64,2025-11-15 09:00:00,44,2972.406530498896,2914.487313461525,-57.9192170373708,-1.9485631067985003
64,2025-11-15 09:00:00,47,3041.255126179641,2093.35993746829,-947.8951887113512,-31.167894483817168
64,2025-11-15 09:00:00,48,2520.8639631462443,2108.9093307037638,-411.9546324424805,-16.34180338427812
64,2025-11-15 09:00:00,50,1283.9624691807594,1283.5193591793973,-0.44311000136212897,-0.03451113346364853
64,2025-11-15 09:00:00,53,3034.051678434204,2231.5924228177064,-802.4592556164976,-26.44843729328388
64,2025-11-15 09:00:00,54,2648.703279254305,2351.362953570527,-297.3403256837778,-11.225882793768
64,2025-11-15 09:00:00,55,1047.4336331163026,1007.3223152960596,-40.111317820243016,-3.8294853775990236
64,2025-11-15 09:00:00,56,1840.642937961063,1803.8298640594503,-36.8130739016126,-2.000011688437062
65,2025-11-15 10:00:00,1,3250.4635075239457,3107.127845491481,-143.33566203246482,-4.409699161386721
65,2025-11-15 10:00:00,3,2038.1703808339955,1990.643740844112,-47.526639989883506,-2.3318286065189584
65,2025-11-15 10:00:00,5,1187.515794746236,1164.976827973473,-22.538966772762933,-1.8979930096491353
65,2025-11-15 10:00:00,10,1836.1842116301875,1710.5287362387362,-125.65547539145132,-6.843293532073932
65,2025-11-15 10:00:00,12,2298.061759678155,2236.669466231853,-61.392293446301665,-2.67148144247001
65,2025-11-15 10:00:00,13,1049.1782197960413,1019.3448686946808,-29.83335110136045,-2.8434969901643603
65,2025-11-15 10:00:00,14,2064.6068318139173,2037.1833770789665,-27.423454734950838,-1.3282652325071116
65,2025-11-15 10:00:00,15,2620.551959200332,2355.0677203470423,-265.48423885328975,-10.130851934502491
65,2025-11-15 10:00:00,16,1921.234548554792,1807.2656747496785,-113.96887380511339,-5.932064561864353
65,2025-11-15 10:00:00,17,1217.2867438731782,1183.272390879704,-34.014352993474176,-2.79427613622464
65,2025-11-15 10:00:00,18,1134.0153563727563,1111.5169799258329,-22.49837644692343,-1.9839569473632512
65,2025-11-15 10:00:00,19,1131.9674506842723,1097.1314272350028,-34.83602344926953,-3.077475719660598
65,2025-11-15 10:00:00,20,1049.496976814318,1043.7466095146776,-5.750367299640402,-0.5479165187397947
65,2025-11-15 10:00:00,21,1615.3578400604802,1408.2250849077686,-207.13275515271152,-12.822716429503716
65,2025-11-15 10:00:00,24,1866.4926102245545,1744.4758148172805,-122.016795407274,-6.537223599968841
65,2025-11-15 10:00:00,27,1777.9883128470265,1694.0354220192664,-83.95289082776003,-4.721790926360443
65,2025-11-15 10:00:00,28,6358.540821638872,6237.436601627235,-121.10422001163715,-1.9045913741641016
65,2025-11-15 10:00:00,29,3551.4954229527248,3494.451778484381,-57.0436444683437,-1.6061866249265058
65,2025-11-15 10:00:00,30,2102.497178312592,2077.286694902712,-25.21048340988,-1.199073352864771
65,2025-11-15 10:00:00,31,5270.67484703643,4901.312057109582,-369.36278992684765,-7.007884201669757
65,2025-11-15 10:00:00,32,2180.35927114558,2156.2409585688665,-24.11831257671338,-1.10616231443552
65,2025-11-15 10:00:00,33,1217.4478918045231,1211.784751110651,-5.6631406938720374,-0.4651649349425567
65,2025-11-15 10:00:00,34,1187.4158264439768,1176.416409465853,-10.999416978123918,-0.9263323541058495
65,2025-11-15 10:00:00,35,2501.2179620789707,2356.5834920131347,-144.634470065836,-5.782561626321372
65,2025-11-15 10:00:00,37,1081.101979751747,1059.582520665482,-21.519459086264987,-1.9905114863638018
65,2025-11-15 10:00:00,38,3945.823658920244,3576.7058588894797,-369.1178000307641,-9.354645111833799
65,2025-11-15 10:00:00,39,3494.9730558411657,2820.61279746438,-674.3602583767856,-19.295148992628828
65,2025-11-15 10:00:00,40,2781.089090734261,2675.634154292537,-105.45493644172393,-3.7918575421789815
65,2025-11-15 10:00:00,41,2785.9284427464013,2740.420937172809,-45.507505573592425,-1.6334771875450824
65,2025-11-15 10:00:00,44,2977.0249960826886,2924.228340797493,-52.79665528519581,-1.7734703388338413
65,2025-11-15 10:00:00,47,3047.352205446315,2110.5080855646656,-936.8441198816495,-30.742889456863402
65,2025-11-15 10:00:00,48,2527.012082178724,2126.15466805267,-400.8574141260542,-15.862900575467188
65,2025-11-15 10:00:00,50,1283.6548999881995,1283.1930049708276,-0.46189501737194405,-0.035982803273386814
65,2025-11-15 10:00:00,53,3040.443335323125,2249.3832603267742,-791.060074996351,-26.017918696461436
65,2025-11-15 10:00:00,54,2653.8790165173014,2366.871276066775,-287.0077404505264,-10.814650504572288
65,2025-11-15 10:00:00,55,1050.1558595870015,1013.5147348594162,-36.64112472758529,-3.489113010519722
65,2025-11-15 10:00:00,56,1841.1424832007967,1804.6661770637672,-36.476306137029496,-1.9811777996462296
66,2025-11-15 11:00:00,1,3250.390365191105,3107.281107322204,-143.10925786890084,-4.402832945897155
66,2025-11-15 11:00:00,3,2038.8680693647195,1992.0322222377797,-46.835847126939825,-2.297149473802548
66,2025-11-15 11:00:00,5,1188.2394756920255,1166.3321754912142,-21.907300200811278,-1.8436771920956894
66,2025-11-15 11:00:00,10,1836.786719776756,1711.45098654063,-125.33573323612586,-6.823641083999084
66,2025-11-15 11:00:00,12,2298.780236202708,2238.429095581618,-60.3511406210896,-2.6253549456637923
66,2025-11-15 11:00:00,13,1049.8369022034774,1020.6442285796932,-29.19267362378423,-2.780686558313242
66,2025-11-15 11:00:00,14,2065.752374331868,2039.1307119201124,-26.62166241175555,-1.2887150823372946
66,2025-11-15 11:00:00,15,2622.091080270681,2359.55559123505,-262.5354890356307,-10.012447355891577
66,2025-11-15 11:00:00,16,1922.411715519744,1810.4712274194464,-111.94048810029744,-5.822919575270752
66,2025-11-15 11:00:00,17,1217.8759792757098,1184.3522820927349,-33.523697182974956,-2.752636372950884
66,2025-11-15 11:00:00,18,1134.5984067758832,1112.6770960305446,-21.921310745338587,-1.9320766373743636
66,2025-11-15 11:00:00,19,1132.5354440657532,1098.0792145967978,-34.45622946895537,-3.0423974498545494
66,2025-11-15 11:00:00,20,1049.7184272034908,1044.129344883096,-5.589082320394709,-0.5324363348830924
66,2025-11-15 11:00:00,21,1616.8033034350235,1411.995314921977,-204.80798851304644,-12.667464748365868
66,2025-11-15 11:00:00,24,1867.9777177386395,1748.0088541399982,-119.96886359864129,-6.422392647374549
66,2025-11-15 11:00:00,27,1779.0964647746027,1696.9166247457338,-82.17984002886897,-4.619189664866233
66,2025-11-15 11:00:00,28,6358.066862753691,6236.916634127292,-121.15022862639853,-1.905456976807069
66,2025-11-15 11:00:00,29,3551.638302301685,3494.8733071056117,-56.764995196073414,-1.5982763548666012
66,2025-11-15 11:00:00,30,2102.9755495976724,2078.252110782626,-24.723438815046393,-1.1756408114101147
66,2025-11-15 11:00:00,31,5269.74485179414,4900.424493952452,-369.32035784168784,-7.008315738777159
66,2025-11-15 11:00:00,32,2180.749160538553,2157.047973618511,-23.70118692004189,-1.0868369159059403
66,2025-11-15 11:00:00,33,1217.481669997564,1211.9371868844728,-5.544483113091246,-0.4554058800000118
66,2025-11-15 11:00:00,34,1187.8828005363048,1177.202107789528,-10.680692746776685,-0.8991369133347643
66,2025-11-15 11:00:00,35,2501.328375752088,2356.719348145015,-144.60902760707313,-5.781289214519575
66,2025-11-15 11:00:00,37,1081.6976150425153,1060.7354225657605,-20.962192476754808,-1.9378976328732043
66,2025-11-15 11:00:00,38,3945.676862864914,3576.5843885411023,-369.09247432381153,-9.354351285011653
66,2025-11-15 11:00:00,39,3495.5329893960907,2821.204385992068,-674.3286034040225,-19.291152606759507
66,2025-11-15 11:00:00,40,2781.718230360994,2677.124811480799,-104.5934188801948,-3.760029241589337
66,2025-11-15 11:00:00,41,2786.8501205817342,2742.317326425805,-44.53279415592942,-1.597961577733988
66,2025-11-15 11:00:00,44,2978.4231785457746,2927.1385701863296,-51.284608359444974,-1.72187111384504
66,2025-11-15 11:00:00,47,3049.1966470314,2115.6430436164387,-933.5536034149613,-30.616379049342036
66,2025-11-15 11:00:00,48,2528.873955250787,2131.3202077339047,-397.55374751688214,-15.720583728241094
66,2025-11-15 11:00:00,50,1283.5612424934372,1283.094075685666,-0.46716680777126385,-0.036396144749879546
66,2025-11-15 11:00:00,53,3042.37735058506,2254.710753422564,-787.6665971624961,-25.889838977766026
66,2025-11-15 11:00:00,54,2655.4457026293458,2371.514359412337,-283.9313432170088,-10.69241758307723
66,2025-11-15 11:00:00,55,1050.979991346216,1015.3640961407024,-35.61589520551354,-3.38882714216972
66,2025-11-15 11:00:00,56,1841.292057808392,1804.9133535494316,-36.3787042589604,-1.975716133933709
67,2025-11-15 12:00:00,1,3250.406522123016,3107.247464530663,-143.1590575923533,-4.404343168092352
67,2025-11-15 12:00:00,3,2038.71449430584,1991.7272593796315,-46.98723492620843,-2.3047481664276424
67,2025-11-15 12:00:00,5,1188.0800750181254,1166.0343503296194,-22.04572468850597,-1.8555756595926112
67,2025-11-15 12:00:00,10,1836.654140971168,1711.2486275743445,-125.40551339682361,-6.827932956964499
67,2025-11-15 12:00:00,12,2298.622122899141,2238.042668286852,-60.57945461228883,-2.635468179340539
67,2025-11-15 12:00:00,13,1049.6918597536612,1020.3588050908212,-29.333054662840027,-2.794444330522276
67,2025-11-15 12:00:00,14,2065.499955111065,2038.702590166161,-26.797364944904075,-1.2973791104954606
67,2025-11-15 12:00:00,15,2621.7520990313337,2358.569107883547,-263.18299114778665,-10.038439227149876
67,2025-11-15 12:00:00,16,1922.1524663868136,1809.766731995117,-112.38573439169659,-5.846868880435633
67,2025-11-15 12:00:00,17,1217.7462510119187,1184.1151052727007,-33.63114573921803,-2.7617531740517642
67,2025-11-15 12:00:00,18,1134.4700181314934,1112.4222481930435,-22.047769938449846,-1.9434422757829417
67,2025-11-15 12:00:00,19,1132.4103882271925,1097.8710730319458,-34.53931519524667,-3.050070500440971
67,2025-11-15 12:00:00,20,1049.6696260861695,1044.045194578302,-5.6244315078674845,-0.5358287377371215
67,2025-11-15 12:00:00,21,1616.484890416214,1411.166469885847,-205.31842053036712,-12.701536633447995
67,2025-11-15 12:00:00,24,1867.6505472410245,1747.2322484396177,-120.41829880140676,-6.447581908687038
67,2025-11-15 12:00:00,27,1778.852420206431,1696.2834593361936,-82.56896087023733,-4.641698205669891
67,2025-11-15 12:00:00,28,6358.171232334693,6237.030867506671,-121.14036482802203,-1.9052705628932836
67,2025-11-15 12:00:00,29,3551.606939406593,3494.7808562914797,-56.826083115113306,-1.60001047651427
67,2025-11-15 12:00:00,30,2102.870266371684,2078.0400912600817,-24.83017511160233,-1.180775414854507
67,2025-11-15 12:00:00,31,5269.949637003936,4900.619460213627,-369.33017679030945,-7.008229721912116
67,2025-11-15 12:00:00,32,2180.663377865324,2156.8707835253285,-23.792594339995503,-1.0910713951314366
67,2025-11-15 12:00:00,33,1217.4743078492793,1211.9038394555964,-5.570468393682859,-0.45754299353744315
67,2025-11-15 12:00:00,34,1187.7798978592157,1177.0293605080278,-10.750537351187859,-0.905095074480044
67,2025-11-15 12:00:00,35,2501.304156001036,2356.689642120392,-144.61451388064415,-5.781564530394689
67,2025-11-15 12:00:00,37,1081.5664440891685,1060.4821382201776,-21.084305868990896,-1.9494230783710063
67,2025-11-15 12:00:00,38,3945.709253296657,3576.6111400624004,-369.09811323425674,-9.35441740736152
67,2025-11-15 12:00:00,39,3495.4098508566804,2821.0746428289285,-674.3352080277518,-19.292021159191986
67,2025-11-15 12:00:00,40,2781.5798257802235,2676.7974995487475,-104.78232623147596,-3.7670077004561566
67,2025-11-15 12:00:00,41,2786.6471896105486,2741.90070588197,-44.74648372857837,-1.60574628519199
67,2025-11-15 12:00:00,44,2978.115231532224,2926.499097069804,-51.61613446241972,-1.7331812387885175
67,2025-11-15 12:00:00,47,3048.790467503498,2114.514241827668,-934.2762256758301,-30.644159893377722
67,2025-11-15 12:00:00,48,2528.463856131953,2130.1846251968773,-398.2792309350757,-15.751826152040145
67,2025-11-15 12:00:00,50,1283.581892275473,1283.1158706329738,-0.4660216424990722,-0.03630634284447026
67,2025-11-15 12:00:00,53,3041.9514265656057,2253.5396247004423,-788.4118018651634,-25.917961574925226
67,2025-11-15 12:00:00,54,2655.1006509332456,2370.4937224330424,-284.60692850020314,-10.71925195755446
67,2025-11-15 12:00:00,55,1050.798477115249,1014.9577550604172,-35.84072205483176,-3.4108083362687287
67,2025-11-15 12:00:00,56,1841.259181611161,1804.859150294738,-36.40003131642311,-1.976909697448021
68,2025-11-15 13:00:00,1,3250.3694487122943,3107.324482068078,-143.0449666442164,-4.400883311922798
68,2025-11-15 13:00:00,3,2039.066428080396,1992.4255601340035,-46.64086794639252,-2.2873638300396544
68,2025-11-15 13:00:00,5,1188.4454464731411,1166.7164250994051,-21.729021373736032,-1.828356651810951
68,2025-11-15 13:00:00,10,1836.9579216063144,1711.7118177291425,-125.24610387717189,-6.818125902832404
68,2025-11-15 13:00:00,12,2298.9844249446305,2238.92746061888,-60.056964325750414,-2.6123258458872267
68,2025-11-15 13:00:00,13,1050.024285133458,1021.0123949780782,-29.011890155379888,-2.7629732536797924
68,2025-11-15 13:00:00,14,2066.078621761465,2039.683246279408,-26.395375482057034,-1.2775591017709325
68,2025-11-15 13:00:00,15,2622.529071152887,2360.828601825417,-261.7004693274698,-9.978934922251367
68,2025-11-15 13:00:00,16,1922.746674331052,1811.380245291953,-111.36642903909888,-5.792048974826321
68,2025-11-15 13:00:00,17,1218.0435591120397,1184.658183935202,-33.38537517683767,-2.7409015816458804
68,2025-11-15 13:00:00,18,1134.7642746984725,1113.0058324217346,-21.758442276737924,-1.9174416010337951
68,2025-11-15 13:00:00,19,1132.6969917838585,1098.3476500142274,-34.34934176963111,-3.032526970477349
68,2025-11-15 13:00:00,20,1049.781505779269,1044.2379543152276,-5.543551464041457,-0.5280671676461277
68,2025-11-15 13:00:00,21,1617.2147684009583,1413.0649912128908,-204.14977718806745,-12.623541484840826
68,2025-11-15 13:00:00,24,1868.4005200084807,1749.0110320908834,-119.38948791759731,-6.389930137519732
68,2025-11-15 13:00:00,27,1779.4117743379502,1697.733565808392,-81.6782085295581,-4.590180289210876
68,2025-11-15 13:00:00,28,6357.932022892572,6236.769272031598,-121.16275086097357,-1.9056943425112305
68,2025-11-15 13:00:00,29,3551.6787370149414,3494.9924372767277,-56.68629973821362,-1.5960424333270757
68,2025-11-15 13:00:00,30,2103.111520942289,2078.525552691221,-24.585968251068152,-1.1690282710282773
68,2025-11-15 13:00:00,31,5269.480286307407,4900.173006703562,-369.307279603845,-7.008419417821513
68,2025-11-15 13:00:00,32,2180.859924685461,2157.2764604192766,-23.583464266184365,-1.0813837238806494
68,2025-11-15 13:00:00,33,1217.4911175521297,1211.9800864567756,-5.511031095354156,-0.45265472707797294
68,2025-11-15 13:00:00,34,1188.015804964138,1177.4250651741615,-10.590739789976396,-0.8914645533942281
68,2025-11-15 13:00:00,35,2501.359587002291,2356.757550545377,-144.602036456914,-5.78093758323687
68,2025-11-15 13:00:00,37,1081.867086813332,1061.062159976785,-20.804926836546883,-1.923057563182585
68,2025-11-15 13:00:00,38,3945.634961433832,3576.549822978051,-369.0851384557809,-9.354264701711191
68,2025-11-15 13:00:00,39,3495.691940025671,2821.3715653904915,-674.3203746351796,-19.2900400322526
68,2025-11-15 13:00:00,40,2781.896926136556,2677.546896679578,-104.35002945697806,-3.751038669930066
68,2025-11-15 13:00:00,41,2787.1122710137006,2742.854764824997,-44.2575061887037,-1.5879341011478811
68,2025-11-15 13:00:00,44,2978.821076177127,2927.963589430134,-50.85748674699289,-1.707302501439962
68,2025-11-15 13:00:00,47,3049.7214243753288,2117.0997789142875,-932.6216454610412,-30.58055198113936
68,2025-11-15 13:00:00,48,2529.4038646514296,2132.785741979331,-396.6181226720987,-15.680300335381814
68,2025-11-15 13:00:00,50,1283.5345425969988,1283.0659092959784,-0.468633301020418,-0.036511156144829866
68,2025-11-15 13:00:00,53,3042.927653266618,2256.22211418326,-786.705539083358,-25.853573555678214
68,2025-11-15 13:00:00,54,2655.8915365584467,2372.8314739885896,-283.0600625698571,-10.657817108625286
68,2025-11-15 13:00:00,55,1051.2145262106228,1015.888319365026,-35.32620684559686,-3.3605135740408185
68,2025-11-15 13:00:00,56,1841.3344804222932,1804.9831919607996,-36.351288461493596,-1.9741817061480738
69,2025-11-15 14:00:00,1,3250.803400101256,3106.3831587871514,-144.42024131410471,-4.442601521507155
69,2025-11-15 14:00:00,3,2034.845710806896,1983.9159153518624,-50.92979545503363,-2.5028824143545494
69,2025-11-15 14:00:00,5,1184.08343203075,1158.4312532322826,-25.652178798467276,-2.166416496046463
69,2025-11-15 14:00:00,10,1833.3060580884064,1706.0277945650037,-127.27826352340276,-6.942554024837302
69,2025-11-15 14:00:00,12,2294.632162115077,2228.134594565465,-66.49756754961209,-2.897961976106792
69,2025-11-15 14:00:00,13,1046.04767158802,1013.0538176066216,-32.99385398139839,-3.15414439299023
69,2025-11-15 14:00:00,14,2059.188908474421,2027.8130137206745,-31.375894753746707,-1.523701619828167
69,2025-11-15 14:00:00,15,2613.247111269796,2333.443610018494,-279.8035012513019,-10.707119890982806
69,2025-11-15 14:00:00,16,1915.6453436014108,1791.8008171933257,-123.84452640808513,-6.464898464726126
69,2025-11-15 14:00:00,17,1214.4828667947486,1178.0382346416238,-36.44463215312476,-3.000835429593921
69,2025-11-15 14:00:00,18,1131.2443500036782,1105.901968694795,-25.342381308883205,-2.240221691166971
69,2025-11-15 14:00:00,19,1129.2653268691258,1092.5341984571166,-36.731128412009184,-3.2526570627866334
69,2025-11-15 14:00:00,20,1048.450340098933,1041.905846342906,-6.544493756027123,-0.624206364929938
69,2025-11-15 14:00:00,21,1608.506680801111,1390.0751027255835,-218.43157807552757,-13.579774375990686
69,2025-11-15 14:00:00,24,1859.4573697266896,1727.4526627336954,-132.00470699299422,-7.099098325249413
69,2025-11-15 14:00:00,27,1772.7259561774804,1680.127927494263,-92.59802868321731,-5.223482420423625
69,2025-11-15 14:00:00,28,6360.792947334438,6239.9521784060125,-120.84076892842586,-1.8997752313108311
69,2025-11-15 14:00:00,29,3550.8010056638595,3492.3886398526497,-58.41236581120984,-1.645047574280751
69,2025-11-15 14:00:00,30,2100.2151710321164,2072.605308681332,-27.60986235078417,-1.3146206508553004
69,2025-11-15 14:00:00,31,5275.095198522745,4905.610356580993,-369.48484194175217,-7.004325572081124
69,2025-11-15 14:00:00,32,2178.495182892201,2152.3210108030758,-26.174172089125022,-1.2014794567677596
69,2025-11-15 14:00:00,33,1217.275535716254,1211.0248262506357,-6.250709465618229,-0.5134999662948344
69,2025-11-15 14:00:00,34,1185.208073832838,1172.637536216872,-12.570537615966032,-1.060618628365755
69,2025-11-15 14:00:00,35,2500.678757161667,2355.9044390602294,-144.77431810143753,-5.789400885132483
69,2025-11-15 14:00:00,37,1078.2728907598405,1054.0058379108798,-24.267052848960702,-2.2505483590392523
69,2025-11-15 14:00:00,38,3946.511365002172,3577.284065347087,-369.22729965508506,-9.355789595068906
69,2025-11-15 14:00:00,39,3492.287288900444,2817.71654602402,-674.570742876424,-19.316015180664433
69,2025-11-15 14:00:00,40,2778.078462268071,2668.397059806465,-109.68140246160556,-3.9481031206030006
69,2025-11-15 14:00:00,41,2781.5444149445866,2731.248232983329,-50.29618196125739,-1.8082106361857027
69,2025-11-15 14:00:00,44,2970.390138444912,2910.170029834967,-60.22010860994487,-2.027346772753289
69,2025-11-15 14:00:00,47,3038.5910211374235,2085.778146607868,-952.8128745295553,-31.357062135097493
69,2025-11-15 14:00:00,48,2518.180650545866,2101.2870144459357,-416.89363609993006,-16.555350626237242
69,2025-11-15 14:00:00,50,1284.0958940053797,1283.6616829483046,-0.4342110570751174,-0.03381453512172809
69,2025-11-15 14:00:00,53,3031.259570869742,2223.7266581461254,-807.5329127236168,-26.640176924601544
69,2025-11-15 14:00:00,54,2646.443251957583,2344.505085655256,-301.93816630232686,-11.409206151652116
69,2025-11-15 14:00:00,55,1046.245128364931,1004.576512284476,-41.66861608045485,-3.9826819691456485
69,2025-11-15 14:00:00,56,1840.4222720827952,1803.455005584696,-36.96726649809921,-2.0086295986987577
70,2025-11-15 15:00:00,1,3251.3051988865486,3105.1859442366253,-146.11925464992328,-4.4941722081324045
70,2025-11-15 15:00:00,3,2029.69242926139,1973.085890183721,-56.60653907766914,-2.7889220190010953
70,2025-11-15 15:00:00,5,1178.812443397309,1147.9594542293637,-30.852989167945225,-2.6172941540239987
70,2025-11-15 15:00:00,10,1828.823193474738,1698.6790084806407,-130.14418499409726,-7.11628031941268
70,2025-11-15 15:00:00,12,2289.298146712684,2214.36704149087,-74.9311052218136,-3.273103825703562
70,2025-11-15 15:00:00,13,1041.220069045223,1002.9373995246058,-38.28266952061722,-3.676712604639058
70,2025-11-15 15:00:00,14,2050.916473358222,2012.934022194542,-37.982451163680025,-1.8519745517225579
70,2025-11-15 15:00:00,15,2602.01381133934,2299.0057420555167,-303.00806928382326,-11.645136853745418
70,2025-11-15 15:00:00,16,1907.0431835695508,1767.107566691951,-139.93561687759984,-7.337831575248979
70,2025-11-15 15:00:00,17,1210.14870918581,1169.6049464403511,-40.543762745458935,-3.350312439926234
70,2025-11-15 15:00:00,18,1126.9715646430996,1096.8792142499829,-30.092350393116703,-2.6701960668055227
70,2025-11-15 15:00:00,19,1125.0905543908998,1085.116466983192,-39.974087407707884,-3.552966225847395
70,2025-11-15 15:00:00,20,1046.8544576901877,1038.9857263017864,-7.868731388401329,-0.7516547625696836
70,2025-11-15 15:00:00,21,1597.9989580052124,1361.2159733949848,-236.7829846102277,-14.817468022995753
70,2025-11-15 15:00:00,24,1848.6791747818777,1700.3385571370973,-148.34061764478042,-8.024140676668946
70,2025-11-15 15:00:00,27,1764.624166933329,1657.8973242092693,-106.72684272405968,-6.048134482343403
70,2025-11-15 15:00:00,28,6364.264848470668,6243.994806261818,-120.2700422088501,-1.889771168743095
70,2025-11-15 15:00:00,29,3549.683735697478,3489.005611762731,-60.678123934746964,-1.7093952152563898
70,2025-11-15 15:00:00,30,2096.6706374817354,2065.058556605099,-31.612080876636355,-1.5077275520300568
70,2025-11-15 15:00:00,31,5281.914522605809,4912.533835734247,-369.3806868715619,-6.993310574994493
70,2025-11-15 15:00:00,32,2175.587063465081,2145.981065791932,-29.605997673148977,-1.360827988469245
70,2025-11-15 15:00:00,33,1216.9733390144318,1209.7327170815654,-7.240621932866361,-0.5949696431912135
70,2025-11-15 15:00:00,34,1181.8396933319998,1166.643029082461,-15.196664249538799,-1.2858481852724324
70,2025-11-15 15:00:00,35,2499.8036720987534,2354.748409794166,-145.05526230458736,-5.802666182292776
70,2025-11-15 15:00:00,37,1073.9158654478022,1045.0557747501653,-28.860090697636906,-2.6873698048592294
70,2025-11-15 15:00:00,38,3947.543171233684,3578.190574165977,-369.35259706770694,-9.356518245556694
70,2025-11-15 15:00:00,39,3488.072016338583,2812.9660687692917,-675.1059475692914,-19.354702093506308
70,2025-11-15 15:00:00,40,2773.373839205703,2656.706516994339,-116.66732221136408,-4.206692965877897
70,2025-11-15 15:00:00,41,2774.773708440413,2716.533709914157,-58.23999852625593,-2.0989098443991767
70,2025-11-15 15:00:00,44,2960.190885607516,2887.6690862505934,-72.52179935692266,-2.4499027988203235
70,2025-11-15 15:00:00,47,3025.095829842401,2046.4249572601336,-978.6708725822675,-32.35173123865149
70,2025-11-15 15:00:00,48,2504.6156106651256,2061.748134056129,-442.86747660899664,-17.68205367415197
70,2025-11-15 15:00:00,50,1284.762945871964,1284.3810743961683,-0.3818714757956059,-0.029723107832661775
70,2025-11-15 15:00:00,53,3017.1222423751647,2182.902235523167,-834.2200068519978,-27.64952626497745
70,2025-11-15 15:00:00,54,2635.008336643052,2308.904165517094,-326.10417112595815,-12.375830717158502
70,2025-11-15 15:00:00,55,1040.233161006027,990.2498980941884,-49.983262911838665,-4.805005722322773
70,2025-11-15 15:00:00,56,1839.2834268434565,1801.463909526271,-37.8195173171855,-2.0562093239806245
71,2025-11-15 16:00:00,1,3251.3872327524714,3104.9792140212835,-146.4080187311879,-4.502940076050116
71,2025-11-15 16:00:00,3,2028.822856579868,1971.20474918577,-57.61810739409793,-2.8399772413461917
71,2025-11-15 16:00:00,5,1177.9285050929052,1146.1474372492655,-31.781067843639676,-2.6980472674046587
71,2025-11-15 16:00:00,10,1828.064295151964,1697.3905339412163,-130.67376121074767,-7.148203788963833
71,2025-11-15 16:00:00,12,2288.3960268979763,2211.972230527056,-76.42379637092017,-3.3396228394311653
71,2025-11-15 16:00:00,13,1040.4081811695626,1001.1807362693204,-39.227444900242176,-3.7703898921810772
71,2025-11-15 16:00:00,14,2049.5346905625497,2010.3727139278683,-39.16197663468142,-1.910774031540416
71,2025-11-15 16:00:00,15,2600.1282108490896,2293.06459063279,-307.06362021629957,-11.809556887813077
71,2025-11-15 16:00:00,16,1905.598396075383,1762.8397407565565,-142.75865531882664,-7.491539435215776
71,2025-11-15 16:00:00,17,1209.4186546552191,1168.1388859979406,-41.27976865727851,-3.413190998699002
71,2025-11-15 16:00:00,18,1126.2530397183266,1095.3132880562257,-30.93975166210089,-2.747140346883224
71,2025-11-15 16:00:00,19,1124.387587514334,1083.8257368929435,-40.56185062139048,-3.607461614820911
71,2025-11-15 16:00:00,20,1046.5881332103083,1038.483354662796,-8.104778547512296,-0.7744000041976081
71,2025-11-15 16:00:00,21,1596.2382736189095,1356.241753917697,-239.9965197012125,-15.035131262521647
71,2025-11-15 16:00:00,24,1846.8745267201505,1695.65987512148,-151.21465159867057,-8.18759744698041
71,2025-11-15 16:00:00,27,1763.2631054378326,1654.0523030421778,-109.21080239565481,-6.193675921582723
71,2025-11-15 16:00:00,28,6364.848661375064,6244.696948846514,-120.15171252854998,-1.8877387180890546
71,2025-11-15 16:00:00,29,3549.490680551661,3488.4113613485224,-61.079319203138766,-1.720791085262008
71,2025-11-15 16:00:00,30,2096.0717071730005,2063.746479323096,-32.32522784990442,-1.5421813929019577
71,2025-11-15 16:00:00,31,5283.061884948162,4913.738457413048,-369.3234275351133,-6.990707956447441
71,2025-11-15 16:00:00,32,2175.0942485899395,2144.8764940110595,-30.217754578879976,-1.3892618491575437
71,2025-11-15 16:00:00,33,1216.9183893905024,1209.5002364935217,-7.4181528969807005,-0.6095850766702693
71,2025-11-15 16:00:00,34,1181.2773475865488,1165.6118107968696,-15.665536789679209,-1.326152306372864
71,2025-11-15 16:00:00,35,2499.6516706556504,2354.540784947089,-145.11088570856145,-5.805244283116429
71,2025-11-15 16:00:00,37,1073.183777443255,1043.5037733893205,-29.680004053934454,-2.7656031220154924
71,2025-11-15 16:00:00,38,3947.713686320473,3578.346377857408,-369.367308463065,-9.356486762020968
71,2025-11-15 16:00:00,39,3487.3550150230917,2812.131602683146,-675.2234123399458,-19.362049731993654
71,2025-11-15 16:00:00,40,2772.575751718623,2654.6718021496918,-117.90394956893124,-4.25250597736948
71,2025-11-15 16:00:00,41,2773.633980979039,2713.9836781608365,-59.65030281820236,-2.1506191237658174
71,2025-11-15 16:00:00,44,2958.479334473373,2883.7745701926183,-74.70476428075472,-2.5251068483144437
71,2025-11-15 16:00:00,47,3022.828012283305,2039.6383722452315,-983.1896400380733,-32.52549056852947
71,2025-11-15 16:00:00,48,2502.340367947888,2054.9338003544244,-447.4065675934635,-17.87952483699775
71,2025-11-15 16:00:00,50,1284.873622823058,1284.50186287239,-0.37175995066809264,-0.02893358102030929
71,2025-11-15 16:00:00,53,3014.7474934465217,2175.8625296170467,-838.884963829475,-27.826043993835263
71,2025-11-15 16:00:00,54,2633.0888580101987,2302.7645781675897,-330.32427984260903,-12.545124667468764
71,2025-11-15 16:00:00,55,1039.2241914250117,987.7670503296648,-51.457141095346856,-4.951495694570722
71,2025-11-15 16:00:00,56,1839.0887627481125,1801.1134932000275,-37.97526954808495,-2.064895959199886
72,2025-11-15 17:00:00,1,3251.2146986854505,3105.4104427330167,-145.80425595243378,-4.484608660614945
72,2025-11-15 17:00:00,3,2030.64303343904,1975.1236715025432,-55.51936193649681,-2.734077876921124
72,2025-11-15 17:00:00,5,1179.7805115228357,1149.924484121353,-29.856027401482606,-2.5306425313760337
72,2025-11-15 17:00:00,10,1829.652020132052,1700.0708975510393,-129.58112258101278,-7.082282376933101
72,2025-11-15 17:00:00,12,2290.283670248579,2216.960143631246,-73.32352661733285,-3.201504144216973
72,2025-11-15 17:00:00,13,1042.108480881487,1004.8404001923803,-37.26808068910657,-3.576218922773056
72,2025-11-15 17:00:00,14,2052.4315561267185,2015.715964477943,-36.715591648775444,-1.7888826323672349
72,2025-11-15 17:00:00,15,2604.0782917909783,2305.4543130465017,-298.6239787444765,-11.467549946015454
72,2025-11-15 17:00:00,16,1908.624754679963,1771.7373281927707,-136.88742648719222,-7.172045010500003
72,2025-11-15 17:00:00,17,1210.94720518228,1171.1926371151771,-39.75456806710281,-3.2829315676994097
72,2025-11-15 17:00:00,18,1127.757833802924,1098.5758658564991,-29.181967946424948,-2.587609420368212
72,2025-11-15 17:00:00,19,1125.8595012823966,1086.51389253169,-39.34560875070656,-3.494717476371645
72,2025-11-15 17:00:00,20,1047.1465522198137,1039.53146879422,-7.615083425593639,-0.7272223175877969
72,2025-11-15 17:00:00,21,1599.927674021541,1366.6163480397013,-233.31132598183967,-14.5826170626447
72,2025-11-15 17:00:00,24,1850.656490446536,1705.4164116306365,-145.24007881589955,-7.848030121508679
72,2025-11-15 17:00:00,27,1766.1139821160134,1662.0675082775424,-104.046473838471,-5.891266072975143
72,2025-11-15 17:00:00,28,6363.625990065939,6243.234294980892,-120.3916950850471,-1.8918725781965642
72,2025-11-15 17:00:00,29,3549.893338600224,3489.647292683376,-60.24604591684829,-1.69712270680798
72,2025-11-15 17:00:00,30,2097.325117618529,2066.4794987934206,-30.84561882510843,-1.4707123166547025
72,2025-11-15 17:00:00,31,5280.659212779164,4911.229798552931,-369.42941422623244,-6.995895764911614
72,2025-11-15 17:00:00,32,2176.125131156135,2147.1765549821366,-28.94857617399839,-1.330280862967588
72,2025-11-15 17:00:00,33,1217.032136037103,1209.9819530390073,-7.050182998095806,-0.5792930843266468
72,2025-11-15 17:00:00,34,1182.4563822594905,1167.7633027868333,-14.693079472657246,-1.2425895528240165
72,2025-11-15 17:00:00,35,2499.968456752127,2354.971195350241,-144.99726140188613,-5.799963635951694
72,2025-11-15 17:00:00,37,1074.7171710014636,1046.7377644181545,-27.979406583309128,-2.6034204475617355
72,2025-11-15 17:00:00,38,3947.355649166877,3578.0214417421903,-369.3342074246866,-9.356496861453001
72,2025-11-15 17:00:00,39,3488.8540234273387,2813.8671552119263,-674.9868682154124,-19.34695070882693
72,2025-11-15 17:00:00,40,2774.2449501556,2658.9094329244845,-115.33551723111532,-4.157366033040683
72,2025-11-15 17:00:00,41,2776.020533197674,2719.2979462610306,-56.72258693664344,-2.0433057413773947
72,2025-11-15 17:00:00,44,2962.064966814217,2891.8921711208877,-70.17279569332914,-2.3690498513542706
72,2025-11-15 17:00:00,47,3027.577965811949,2053.7918235580955,-973.7861422538535,-32.1638667360528
72,2025-11-15 17:00:00,48,2507.107260210601,2069.146565256342,-437.960694954259,-17.468765772608773
72,2025-11-15 17:00:00,50,1284.6413467410125,1284.2488690258374,-0.39247771517511865,-0.03055154002093966
72,2025-11-15 17:00:00,53,3019.7217280011478,2190.544091797146,-829.1776362040018,-27.458743251579726
72,2025-11-15 17:00:00,54,2637.109897400266,2315.568840059813,-321.54105734045334,-12.192933546585872
72,2025-11-15 17:00:00,55,1041.3379042909512,992.941073988072,-48.39683030287915,-4.647562535028689
72,2025-11-15 17:00:00,56,1839.495435500384,1801.8420677956608,-37.65336770472322,-2.04693999115473
73,2025-11-15 18:00:00,1,3250.860066178095,3106.25379607412,-144.60627010397502,-4.448246530463022
73,2025-11-15 18:00:00,3,2034.278284637142,1982.7483913085011,-51.52989332864081,-2.5330798503722067
73,2025-11-15 18:00:00,5,1183.50020114348,1157.2987532449065,-26.201447898573406,-2.213894672198447
73,2025-11-15 18:00:00,10,1832.8137111695432,1705.2414971361025,-127.57221403344079,-6.960457206097353
73,2025-11-15 18:00:00,12,2294.0458871797737,2226.652057090056,-67.39383008971754,-2.9377716664843767
73,2025-11-15 18:00:00,13,1045.5146818458531,1011.9627587755622,-33.55192307029097,-3.2091297858252115
73,2025-11-15 18:00:00,14,2058.270761534772,2026.1973767865225,-32.07338474824974,-1.5582684915726959
73,2025-11-15 18:00:00,15,2612.00506620412,2329.710266292297,-282.2947999118228,-10.807590060384758
73,2025-11-15 18:00:00,16,1914.6946440008371,1789.1276488932128,-125.56699510762428,-6.558068958987978
73,2025-11-15 18:00:00,17,1214.0049535283931,1177.1295960748569,-36.87535745353625,-3.037496457190017
73,2025-11-15 18:00:00,18,1130.7725900952807,1104.9284722562472,-25.844117839033515,-2.2855274407434876
73,2025-11-15 18:00:00,19,1128.8048657316629,1091.7355871707682,-37.069278560894645,-3.2839403590688168
73,2025-11-15 18:00:00,20,1048.2730878221696,1041.588607361491,-6.684480460678515,-0.6376659420462465
73,2025-11-15 18:00:00,21,1607.3432404112516,1386.9440503265944,-220.39919008465722,-13.71201772860079
73,2025-11-15 18:00:00,24,1858.263285577924,1724.5135968512664,-133.74968872665772,-7.197563970869783
73,2025-11-15 18:00:00,27,1771.8307153590438,1677.7227452737598,-94.10797008528402,-5.311340935085551
73,2025-11-15 18:00:00,28,6361.176315055938,6240.388232626344,-120.7880824295944,-1.8988324870622961
73,2025-11-15 18:00:00,29,3550.6803381591744,3492.0273737008906,-58.652964458283805,-1.6518796081962148
73,2025-11-15 18:00:00,30,2099.8253096690546,2071.792356074352,-28.032953594702576,-1.3350136063995124
73,2025-11-15 18:00:00,31,5275.847880256245,4906.356181941523,-369.49169831472227,-7.00345625387471
73,2025-11-15 18:00:00,32,2178.1760546839514,2151.6392253284507,-26.536829355500686,-1.2183050721926663
73,2025-11-15 18:00:00,33,1217.2442951576322,1210.8894897550338,-6.354805402598458,-0.5220649156359789
73,2025-11-15 18:00:00,34,1184.8340714777853,1171.9862802169168,-12.847791260868462,-1.0843536297740024
73,2025-11-15 18:00:00,35,2500.584662155642,2355.783326977192,-144.80133517845024,-5.790699166075165
73,2025-11-15 18:00:00,37,1077.7915195948167,1053.039543119277,-24.751976475539777,-2.296545855625678
73,2025-11-15 18:00:00,38,3946.626902498645,3577.3829488095344,-369.24395368911064,-9.355937685808074
73,2025-11-15 18:00:00,39,3491.82614041763,2817.209301209112,-674.6168392085183,-19.31988627382899
73,2025-11-15 18:00:00,40,2777.5626325509825,2667.1389798056102,-110.42365274537224,-3.9755594149809115
73,2025-11-15 18:00:00,41,2780.7974680544626,2729.659031970622,-51.13843608384059,-1.8389845600520747
73,2025-11-15 18:00:00,44,2969.262196223089,2907.7371529343354,-61.52504328875375,-2.072065018946922
73,2025-11-15 18:00:00,47,3037.100190208583,2081.510360853076,-955.5898293555074,-31.463888890997666
73,2025-11-15 18:00:00,48,2516.6798725676445,2096.99708294952,-419.6827896181244,-16.67604983028464
73,2025-11-15 18:00:00,50,1284.17030471695,1283.741266708827,-0.4290380081231433,-0.03340974375028159
73,2025-11-15 18:00:00,53,3029.697293692052,2219.2990842502472,-810.3982094418047,-26.748487749224502
73,2025-11-15 18:00:00,54,2645.1789322508366,2340.644568280447,-304.5343639703897,-11.51280770678357
73,2025-11-15 18:00:00,55,1045.5802911108224,1003.0288093789352,-42.55148173188718,-4.069652239397184
73,2025-11-15 18:00:00,56,1840.298170515125,1803.2426844504864,-37.05548606463867,-2.0135588166273255
74,2025-11-15 19:00:00,1,3250.507156907866,3107.0352061643785,-143.47195074348747,-4.413832790325836
74,2025-11-15 19:00:00,3,2037.7510170002488,1989.8053703176615,-47.94564668258727,-2.3528707031719476
74,2025-11-15 19:00:00,5,1187.0813869701458,1164.1592413213357,-22.9221456488101,-1.9309666464668926
74,2025-11-15 19:00:00,10,1835.8218068976007,1709.9707468722393,-125.85106002536145,-6.855298240412568
74,2025-11-15 19:00:00,12,2297.6296912226217,2235.606693756393,-62.022997466228844,-2.699434016855213
74,2025-11-15 19:00:00,13,1048.7825983421308,1018.560500856542,-30.222097485588733,-2.8816360543512536
74,2025-11-15 19:00:00,14,2063.919735791744,2036.0098795168803,-27.90985627486384,-1.352274305577939
74,2025-11-15 19:00:00,15,2619.6278881335184,2352.3622607878915,-267.26562734562685,-10.202427167472754
74,2025-11-15 19:00:00,16,1920.5277118135327,1805.332570077907,-115.19514173562584,-5.998098388637588
74,2025-11-15 19:00:00,17,1216.932712318837,1182.6203008046052,-34.312411514231826,-2.8195816553283644
74,2025-11-15 19:00:00,18,1133.6651639564936,1110.8167314097036,-22.848432546790036,-2.0154480593766295
74,2025-11-15 19:00:00,19,1131.6262059780158,1096.5589889727707,-35.067217005245084,-3.098833945343109
74,2025-11-15 19:00:00,20,1049.3641772108158,1043.5159994029607,-5.848177807855109,-0.5573067896599464
74,2025-11-15 19:00:00,21,1614.49032953631,1405.952839286562,-208.53749024974786,-12.91661439122035
74,2025-11-15 19:00:00,24,1865.6014432818463,1742.345986689263,-123.25545659258319,-6.606741061250472
74,2025-11-15 19:00:00,27,1777.3228870404942,1692.2976556756787,-85.02523136481545,-4.783893347955196
74,2025-11-15 19:00:00,28,6358.825474896842,6237.7504042571545,-121.07507063968751,-1.9040477068864936
74,2025-11-15 19:00:00,29,3551.409054306056,3494.196519032178,-57.212535273878075,-1.6109812865546513
74,2025-11-15 19:00:00,30,2102.2095531590217,2076.703648979072,-25.50590417994954,-1.2132902802968162
74,2025-11-15 19:00:00,31,5271.233431156818,4901.847849899864,-369.38558125695454,-7.007573959324538
74,2025-11-15 19:00:00,32,2180.124697132132,2155.753339999261,-24.371357132871253,-1.11788821827168
74,2025-11-15 19:00:00,33,1217.4271814678227,1211.691963337224,-5.735218130598696,-0.4710933202332382
74,2025-11-15 19:00:00,34,1187.135765428318,1175.942998089675,-11.19276733864308,-0.9428380194244029
74,2025-11-15 19:00:00,35,2501.1511256202984,2356.5007201919007,-144.6504054283978,-5.783353270687462
74,2025-11-15 19:00:00,37,1080.744290366055,1058.8867459856624,-21.85754438039271,-2.0224529127967372
74,2025-11-15 19:00:00,38,3945.9114644019833,3576.778809357039,-369.1326550449444,-9.354813415736071
74,2025-11-15 19:00:00,39,3494.6358607987827,2820.254526591263,-674.3813342075196,-19.29761385935568
74,2025-11-15 19:00:00,40,2780.710476940403,2674.7335762279454,-105.97690071245779,-3.8111447269067527
74,2025-11-15 19:00:00,41,2785.3747306673918,2739.2764600506343,-46.09827061675742,-1.6550114463669312
74,2025-11-15 19:00:00,44,2976.185580058699,2922.4726745952294,-53.712905463469724,-1.8047565925781532
74,2025-11-15 19:00:00,47,3046.244564248623,2107.4129858642864,-938.8315783843368,-30.819310747491016
74,2025-11-15 19:00:00,48,2525.894422699242,2123.041463075061,-402.85295962418104,-15.94892312219768
74,2025-11-15 19:00:00,50,1283.711006206235,1283.2523664941964,-0.45863971203857545,-0.035727645071299836
74,2025-11-15 19:00:00,53,3039.282006676313,2246.172125811693,-793.1098808646198,-26.095304059393488
74,2025-11-15 19:00:00,54,2652.9383925616794,2364.072451445776,-288.8659411159033,-10.888528053490685
74,2025-11-15 19:00:00,55,1049.6610857639475,1012.3989201922064,-37.26216557174109,-3.549923501700698
74,2025-11-15 19:00:00,56,1841.0523099271377,1804.5164512407664,-36.535858686371284,-1.9845095377989148
75,2025-11-15 20:00:00,1,3250.0890257017145,3107.8866208443587,-142.20240485735576,-4.375338759425317
75,2025-11-15 20:00:00,3,2041.6760238335976,1997.5436542924535,-44.132369541144044,-2.1615755401916283
75,2025-11-15 20:00:00,5,1191.1646135884246,1171.728947115903,-19.43566647252146,-1.6316524392015679
75,2025-11-15 20:00:00,10,1839.2061742437277,1715.0878642262078,-124.11831001751989,-6.748471800262236
75,2025-11-15 20:00:00,12,2301.6673344610376,2245.4074736082907,-56.2598608527469,-2.444308958571583
75,2025-11-15 20:00:00,13,1052.494342278981,1025.806411885111,-26.687930393870147,-2.53568397679767
75,2025-11-15 20:00:00,14,2070.394409480604,2046.9097354289595,-23.484674051644333,-1.1343091897903594
75,2025-11-15 20:00:00,15,2628.3084993864486,2377.4630708911045,-250.8454284953441,-9.543987266102947
75,2025-11-15 20:00:00,16,1927.1653113724983,1823.2478859571297,-103.9174254153686,-5.3922424195856955
75,2025-11-15 20:00:00,17,1220.2505911242088,1188.6380235095476,-31.612567614661202,-2.59066193817917
75,2025-11-15 20:00:00,18,1136.9507535454304,1117.2873799163924,-19.663373629038006,-1.729483319107743
75,2025-11-15 20:00:00,19,1134.8249658706716,1101.8381535874116,-32.98681228325995,-2.906775342041535
75,2025-11-15 20:00:00,20,1050.6163762662925,1045.6589695395485,-4.957406726744011,-0.4718569821233675
75,2025-11-15 20:00:00,21,1622.6495494916787,1427.0523566775423,-195.5971928141364,-12.054185876143766
75,2025-11-15 20:00:00,24,1873.987250091949,1762.1072181802888,-111.88003191166013,-5.9701597172643845
75,2025-11-15 20:00:00,27,1783.5707376934995,1708.3949963099933,-75.17574138350619,-4.214901029421625
75,2025-11-15 20:00:00,28,6356.154242906768,6234.848864152521,-121.3053787542467,-1.908471288116065
75,2025-11-15 20:00:00,29,3552.2027303596324,3496.530514111488,-55.672216248144196,-1.5672589791210432
75,2025-11-15 20:00:00,30,2104.898922591834,2082.081582934469,-22.817339657364755,-1.0840111804166341
75,2025-11-15 20:00:00,31,5265.992733227772,4896.897761639727,-369.09497158804515,-7.009029261645215
75,2025-11-15 20:00:00,32,2182.313538778755,2160.244076074417,-22.069462704338093,-1.0112874393240665
75,2025-11-15 20:00:00,33,1217.6088213603946,1212.5265317849928,-5.082289575401774,-0.41739920787724727
75,2025-11-15 20:00:00,34,1189.7757491551556,1180.3420923791805,-9.433656775975123,-0.7928936846018119
75,2025-11-15 20:00:00,35,2501.762520735887,2357.242607692765,-144.51991304312196,-5.776723883472833
75,2025-11-15 20:00:00,37,1084.102071870185,1065.319547312052,-18.78252455813299,-1.7325420774937963
75,2025-11-15 20:00:00,38,3945.0765326933806,3576.0930783593485,-368.9834543340321,-9.353011311091599
75,2025-11-15 20:00:00,39,3497.7726906251546,2823.5294269504006,-674.243263674754,-19.276360224376013
75,2025-11-15 20:00:00,40,2784.240438402823,2683.030541736693,-101.20989666613013,-3.6350990119297704
75,2025-11-15 20:00:00,41,2790.565745536851,2749.856968102012,-40.708777434838794,-1.4588001554862924
75,2025-11-15 20:00:00,44,2984.0720211648368,2938.723815452042,-45.34820571279488,-1.519675309146632
75,2025-11-15 20:00:00,47,3056.641835390219,2136.142689208913,-920.4991461813061,-30.11472052510832
75,2025-11-15 20:00:00,48,2536.3992648026256,2151.948653514788,-384.45061128783755,-15.157338066716173
75,2025-11-15 20:00:00,50,1283.1802372956458,1282.6935888945711,-0.4866484010747172,-0.037925178936697806
75,2025-11-15 20:00:00,53,3050.186375768224,2275.9792398847885,-774.2071358834355,-25.382289490046087
75,2025-11-15 20:00:00,54,2661.7744070171284,2390.045448983796,-271.7289580333322,-10.208564531877087
75,2025-11-15 20:00:00,55,1054.3097260931152,1022.7236569038372,-31.586069189277964,-2.9959003893783986
75,2025-11-15 20:00:00,56,1841.8882206136616,1805.8841870285964,-36.004033585065145,-1.9547349932597802
76,2025-11-15 21:00:00,1,3249.655397468712,3108.440271974568,-141.2151254941441,-4.345541548932919
76,2025-11-15 21:00:00,3,2045.108413780044,2003.8572712159696,-41.25114256407437,-2.0170638527582248
76,2025-11-15 21:00:00,5,1194.6722986970433,1177.964802528394,-16.707496168649186,-1.39850034079396
76,2025-11-15 21:00:00,10,1842.63107877229,1719.7311636561735,-122.89991511611652,-6.669805829933271
76,2025-11-15 21:00:00,12,2305.5829461741323,2253.772196436149,-51.810749737983315,-2.2471865444684043
76,2025-11-15 21:00:00,13,1056.0253352972304,1032.0527690181975,-23.97256627903289,-2.270074919394385
76,2025-11-15 21:00:00,14,2066.952138674488,2046.875777895371,-20.076360779117294,-0.9713026442882237
76,2025-11-15 21:00:00,15,2636.5924545497955,2398.873701846145,-237.71875270365035,-9.016135667589984
76,2025-11-15 21:00:00,16,1933.437011983133,1838.51329515622,-94.92371682691305,-4.909584136363949
76,2025-11-15 21:00:00,17,1223.3304194793875,1193.7444227353517,-29.58599674403581,-2.4184796088555305
76,2025-11-15 21:00:00,18,1139.9724096454752,1122.77868934951,-17.19372029596525,-1.5082575815420303
76,2025-11-15 21:00:00,19,1137.8635341537615,1106.4250340016135,-31.43850015214798,-2.762941179543912
76,2025-11-15 21:00:00,20,1049.6291217537623,1045.3466922391815,-4.282429514580826,-0.4079945407217334
76,2025-11-15 21:00:00,21,1630.305280803343,1445.0220763384975,-185.28320446484554,-11.364939232334823
76,2025-11-15 21:00:00,24,1881.3572226903807,1778.614199451016,-102.74302323936467,-5.461111903694714
76,2025-11-15 21:00:00,27,1789.446875140667,1722.106023447595,-67.34085169307218,-3.763221620523301
76,2025-11-15 21:00:00,28,6353.860368083929,6232.43891296565,-121.42145511827857,-1.910987149295735
76,2025-11-15 21:00:00,29,3553.1017002732506,3498.5759006142844,-54.52579965896621,-1.534597212761259
76,2025-11-15 21:00:00,30,2107.131029630507,2086.345372891486,-20.78565673902085,-0.9864434838997977
76,2025-11-15 21:00:00,31,5261.485404573765,4892.7871465432045,-368.6982580305603,-7.0074936957927125
76,2025-11-15 21:00:00,32,2184.2407601462114,2163.8985735521187,-20.34218659409271,-0.9313161335168482
76,2025-11-15 21:00:00,33,1218.6256947563684,1214.0408218316068,-4.584872924761612,-0.3762330750524865
76,2025-11-15 21:00:00,34,1188.310348065305,1180.2215811886767,-8.08876687662837,-0.6806948108966431
76,2025-11-15 21:00:00,35,2502.592453844188,2358.072989430833,-144.5194644133553,-5.774790225686228
76,2025-11-15 21:00:00,37,1087.179496098182,1070.7797081290707,-16.39978796911123,-1.5084710508217847
76,2025-11-15 21:00:00,38,3944.420920072775,3575.5343208201234,-368.88659925265165,-9.352110404227489
76,2025-11-15 21:00:00,39,3500.985195905609,2826.473258499508,-674.511937406101,-19.266346461417218
76,2025-11-15 21:00:00,40,2787.588232628599,2689.9698670425723,-97.61836558602681,-3.5018933012920663
76,2025-11-15 21:00:00,41,2794.396181917148,2757.8266267292324,-36.56955518791574,-1.3086746762882602
76,2025-11-15 21:00:00,44,2989.8358100017654,2951.12932983236,-38.706480169405495,-1.2946021998907906
76,2025-11-15 21:00:00,47,3066.3314100736434,2160.619956210791,-905.7114538628525,-29.537298247911835
76,2025-11-15 21:00:00,48,2546.4027870586924,2176.597055014352,-369.8057320443404,-14.522672293784947
76,2025-11-15 21:00:00,50,1282.741321388401,1282.235919281573,-0.5054021068281145,-0.03940015795866639
76,2025-11-15 21:00:00,53,3060.288220989416,2301.38325672713,-758.9049642622858,-24.798480060055443
76,2025-11-15 21:00:00,54,2670.3604748314065,2412.2485969377467,-258.11187789365977,-9.665806557818966
76,2025-11-15 21:00:00,55,1058.7958581595385,1031.750765334699,-27.045092824839458,-2.5543255214325105
76,2025-11-15 21:00:00,56,1842.7826679501504,1807.132609871503,-35.65005807864736,-1.9345774571617438
77,2025-11-15 22:00:00,1,3211.1063152373704,3072.5615218457933,-138.54479339157706,-4.314550182725283
77,2025-11-15 22:00:00,3,1984.0646323110648,1945.7438245355645,-38.32080777550027,-1.931429407663181
77,2025-11-15 22:00:00,5,1147.9008049491256,1133.2763084339824,-14.624496515143164,-1.2740209303879106
77,2025-11-15 22:00:00,10,1826.9227006792405,1706.2623660440352,-120.66033463520534,-6.6045670454663705
77,2025-11-15 22:00:00,12,2252.673822230923,2204.529795809451,-48.14402642147206,-2.1371947392629123
77,2025-11-15 22:00:00,13,1052.0147483204294,1029.5321315511237,-22.48261676930565,-2.1371009109140124
77,2025-11-15 22:00:00,14,1025.123923380614,1016.2652746243418,-8.85864875627226,-0.8641539382925091
77,2025-11-15 22:00:00,15,2587.8315844374383,2365.964669371175,-221.86691506626312,-8.573468088128855
77,2025-11-15 22:00:00,16,1906.053968312366,1818.5657091050668,-87.48825920729905,-4.590020044645525
77,2025-11-15 22:00:00,17,1212.5314555662626,1184.2319015300511,-28.299554036211475,-2.333923289684501
77,2025-11-15 22:00:00,18,1113.9137299752142,1098.39538638827,-15.518343586944184,-1.393136934158221
77,2025-11-15 22:00:00,19,1130.3222939567236,1099.8875214095272,-30.434772547196417,-2.6925747381889353
77,2025-11-15 22:00:00,20,874.4070448224053,871.2183177911594,-3.1887270312458895,-0.36467307189794307
77,2025-11-15 22:00:00,21,1624.2339762978286,1446.7627895934247,-177.47118670440386,-10.926454519127839
77,2025-11-15 22:00:00,24,1833.8895972313835,1740.729817453687,-93.15977977769649,-5.0799012066124085
77,2025-11-15 22:00:00,27,1765.32539552795,1703.853079872877,-61.47231565507286,-3.4822087650695437
77,2025-11-15 22:00:00,28,6276.322331433938,6156.343815196053,-119.97851623788574,-1.911605394085528
77,2025-11-15 22:00:00,29,3468.456796252952,3416.0281599482487,-52.428636304703105,-1.511583951725819
77,2025-11-15 22:00:00,30,2013.3242152889609,1994.5498195679445,-18.77439572101639,-0.9325073218931015
77,2025-11-15 22:00:00,31,5188.91089665569,4827.691715506056,-361.2191811496332,-6.961367969961538
77,2025-11-15 22:00:00,32,2090.258526875124,2071.7238018175576,-18.534725057566448,-0.8867192655482345
77,2025-11-15 22:00:00,33,1167.0541755937113,1162.905225690477,-4.148949903234325,-0.35550619585621585
77,2025-11-15 22:00:00,34,861.9967738977682,856.7730407156305,-5.223733182137721,-0.6060037972667923
77,2025-11-15 22:00:00,35,2479.6594340408647,2336.849681747682,-142.80975229318256,-5.759248642482291
77,2025-11-15 22:00:00,37,1063.8437913839489,1049.028111709986,-14.815679673962904,-1.3926555565727619
77,2025-11-15 22:00:00,38,3897.1214716062336,3534.829838687517,-362.29163291871646,-9.29639056822611
77,2025-11-15 22:00:00,39,3450.537642377413,2791.6796229836305,-658.8580193937823,-19.094358261799183
77,2025-11-15 22:00:00,40,2718.256630852433,2625.7782229311106,-92.47840792132229,-3.4021220392395946
77,2025-11-15 22:00:00,41,2593.9106338799475,2562.375904659964,-31.534729219983546,-1.2157214981926416
77,2025-11-15 22:00:00,44,2575.6992234537424,2545.8085146113194,-29.89070884242301,-1.1604891040943324
77,2025-11-15 22:00:00,47,3036.12097715165,2157.2781732338685,-878.8428039177816,-28.946237996822898
77,2025-11-15 22:00:00,48,2525.46694569758,2170.838997391116,-354.6279483064636,-14.042074433427556
77,2025-11-15 22:00:00,50,1174.563489867519,1174.1267226721204,-0.4367671953984882,-0.03718549053893646
77,2025-11-15 22:00:00,53,3031.4556085579243,2296.6399683368877,-734.8156402210366,-24.239696538739402
77,2025-11-15 22:00:00,54,2623.67100068486,2382.001219698517,-241.66978098634263,-9.211131308889692
77,2025-11-15 22:00:00,55,1055.0686603411043,1030.7264771002228,-24.342183240881468,-2.3071657945949817
77,2025-11-15 22:00:00,56,1824.7899084647795,1789.594802690639,-35.19510577414053,-1.9287209782824066
78,2025-11-15 23:00:00,1,3210.855803722605,3072.303505484824,-138.55229823778063,-4.315120538180063
78,2025-11-15 23:00:00,3,1984.253740201359,1945.7904018763911,-38.463338324967935,-1.93842841495991
78,2025-11-15 23:00:00,5,1148.2528101203477,1133.5221605252518,-14.730649595095883,-1.2828751182025824
78,2025-11-15 23:00:00,10,1827.024807527074,1706.3346912540926,-120.69011627298141,-6.605827998380528
78,2025-11-15 23:00:00,12,2252.747723617392,2204.392421417446,-48.35530219994598,-2.146503209968782
78,2025-11-15 23:00:00,13,1052.2066324182215,1029.5880414055905,-22.618591012630986,-2.1496339517123246
78,2025-11-15 23:00:00,14,1025.3306018967924,1016.4066785740788,-8.923923322713563,-0.8703459456106067
78,2025-11-15 23:00:00,15,2587.663705733745,2365.059895009012,-222.60381072473274,-8.602501562760542
78,2025-11-15 23:00:00,16,1906.131509508372,1818.1610838105216,-87.97042569785026,-4.615128875370175
78,2025-11-15 23:00:00,17,1212.7481866342605,1184.3391364357851,-28.40905019847537,-2.342534955860787
78,2025-11-15 23:00:00,18,1114.1544129486683,1098.529332824346,-15.625080124322267,-1.4024160334266118
78,2025-11-15 23:00:00,19,1130.544620379574,1100.032259307431,-30.512361072142994,-2.6989081653317353
78,2025-11-15 23:00:00,20,874.4358520960363,871.2218895432768,-3.21396255275954,-0.36754697843822637
78,2025-11-15 23:00:00,21,1624.0268539402684,1445.9924992003382,-178.03435473993022,-10.9625252998728
78,2025-11-15 23:00:00,24,1834.2677915605343,1740.6554159864413,-93.612375574093,-5.103528285499179
78,2025-11-15 23:00:00,27,1765.4845304240976,1703.6054659863312,-61.879064437766374,-3.504933822495858
78,2025-11-15 23:00:00,28,6275.881325348312,6155.94315527358,-119.93817007473262,-1.911096846116287
78,2025-11-15 23:00:00,29,3468.40720756058,3415.938945101834,-52.46826245874581,-1.5127480517389447
78,2025-11-15 23:00:00,30,2013.4554549170543,1994.5904047703511,-18.865050146703197,-0.936948970022302
78,2025-11-15 23:00:00,31,5188.127196812189,4827.078595360529,-361.04860145166003,-6.959131643370348
78,2025-11-15 23:00:00,32,2090.3456082668717,2071.7345211389206,-18.611087127951123,-0.890335409338448
78,2025-11-15 23:00:00,33,1167.0145568692608,1162.850323961772,-4.164232907488895,-0.3568278461461735
78,2025-11-15 23:00:00,34,862.1053972492799,856.842005977853,-5.26339127142694,-0.6105275860957192
78,2025-11-15 23:00:00,35,2479.5814968081177,2336.7727772237445,-142.8087195843732,-5.7593880164134985
78,2025-11-15 23:00:00,37,1064.1078111439078,1049.189466843158,-14.918344300749823,-1.4019579731035632
78,2025-11-15 23:00:00,38,3896.675098433026,3534.496736624006,-362.17836180901986,-9.29454862569022
78,2025-11-15 23:00:00,39,3450.243126979712,2791.5199330419755,-658.7231939377366,-19.09208046200421
78,2025-11-15 23:00:00,40,2718.230961344333,2625.5776523735394,-92.65330897079366,-3.4085885374865597
78,2025-11-15 23:00:00,41,2594.13749015804,2562.420578098204,-31.716912059835977,-1.222638051381915
78,2025-11-15 23:00:00,44,2576.126819585712,2546.00790239373,-30.118917191981836,-1.169155064998916
78,2025-11-15 23:00:00,47,3035.640201803123,2156.2830919892617,-879.3571098138614,-28.967764667615644
78,2025-11-15 23:00:00,48,2524.837932621656,2169.4143877407846,-355.4235448808713,-14.077083534301096
78,2025-11-15 23:00:00,50,1174.426818062254,1173.9894745950612,-0.43734346719270434,-0.03723888627767368
78,2025-11-15 23:00:00,53,3031.075427760781,2295.6607408812315,-735.4146868795497,-24.26250037013563
78,2025-11-15 23:00:00,54,2623.374336317739,2380.8988889061648,-242.47544741157435,-9.242884023632001
78,2025-11-15 23:00:00,55,1055.349631638841,1030.8396564140878,-24.509975224753134,-2.322450730066761
78,2025-11-15 23:00:00,56,1824.8202399569996,1789.6042508287333,-35.2159891282663,-1.9298333258894662
79,2025-11-16 00:00:00,1,3210.5064371414023,3071.940341220424,-138.5660959209781,-4.316019875180682
79,2025-11-16 00:00:00,3,1984.5110084854248,1945.8383899921885,-38.672618493236314,-1.9487228001194705
79,2025-11-16 00:00:00,5,1148.7380236850945,1133.84964656465,-14.888377120444602,-1.2960637511313005
79,2025-11-16 00:00:00,10,1827.159881333794,1706.4213886181512,-120.73849271564268,-6.607987289404896
79,2025-11-16 00:00:00,12,2252.842258306029,2204.175584369741,-48.666673936288134,-2.1602344219555736
79,2025-11-16 00:00:00,13,1052.4675711465284,1029.6487799177223,-22.81879122880605,-2.1681229763638137
79,2025-11-16 00:00:00,14,1025.6152702020638,1016.594095994053,-9.021174208010848,-0.8795865730658946
79,2025-11-16 00:00:00,15,2587.408818075407,2363.7315402563795,-223.6772778190275,-8.644837114894177
79,2025-11-16 00:00:00,16,1906.2249862958208,1817.550102106666,-88.67488418915491,-4.651858244785054
79,2025-11-16 00:00:00,17,1213.0447985563417,1184.475099741503,-28.569698814838603,-2.355205582583572
79,2025-11-16 00:00:00,18,1114.4848665445595,1098.7019223209552,-15.782944223604318,-1.4161649653026744
79,2025-11-16 00:00:00,19,1130.849340311829,1100.222161479421,-30.627178832408163,-2.70833414678942
79,2025-11-16 00:00:00,20,874.475123248547,871.2239346942375,-3.251188554309465,-0.3717874262942753
79,2025-11-16 00:00:00,21,1623.7215809818383,1444.868181825283,-178.85339915655527,-11.015028761790893
79,2025-11-16 00:00:00,24,1834.7798769934948,1740.5046392952393,-94.27523769825552,-5.1382315056090935
79,2025-11-16 00:00:00,27,1765.6933334484263,1703.2189277274724,-62.47440572095388,-3.5382364840750915
79,2025-11-16 00:00:00,28,6275.269851636653,6155.388304343608,-119.8815472930446,-1.9103807505868182
79,2025-11-16 00:00:00,29,3468.3363759210606,3415.8085124847644,-52.52786343629623,-1.5144973769260426
79,2025-11-16 00:00:00,30,2013.6345300509188,1994.6359988377328,-18.99853121318597,-0.9434945085444851
79,2025-11-16 00:00:00,31,5187.040374716697,4826.2295380548885,-360.81083666180893,-6.956005941664094
79,2025-11-16 00:00:00,32,2090.4637496414,2071.7401662197544,-18.7235834216458,-0.8956664962431258
79,2025-11-16 00:00:00,33,1166.9584580087349,1162.771127416957,-4.187330591777936,-0.35882430630162104
79,2025-11-16 00:00:00,34,862.2549248341212,856.9326611830477,-5.322263651073513,-0.6172494349159442
79,2025-11-16 00:00:00,35,2479.470554499048,2336.6623242316177,-142.8082302674302,-5.759625981776709
79,2025-11-16 00:00:00,37,1064.470903132684,1049.400709592085,-15.07019354059912,-1.415744995588729
79,2025-11-16 00:00:00,38,3896.052121292462,3534.0308575446343,-362.02126374782756,-9.29200258305918
79,2025-11-16 00:00:00,39,3449.823528726438,2791.287039435491,-658.536489290947,-19.08899060509501
79,2025-11-16 00:00:00,40,2718.1877131774067,2625.2770102058867,-92.9107029715201,-3.4181120943598398
79,2025-11-16 00:00:00,41,2594.4465236577357,2562.4614046422,-31.98511901553593,-1.2328301517829037
79,2025-11-16 00:00:00,44,2576.712451752408,2546.2539089568086,-30.458542795599442,-1.1820699191671447
79,2025-11-16 00:00:00,47,3034.94655895563,2154.824810379116,-880.1217485765137,-28.999579777753212
79,2025-11-16 00:00:00,48,2523.9371768212345,2167.355703970945,-356.58147285028963,-14.12798528128918
79,2025-11-16 00:00:00,50,1174.2369904498762,1173.7989294464492,-0.4380610034270376,-0.03730601292497238
79,2025-11-16 00:00:00,53,3030.5215544018424,2294.2212826005684,-736.300271801274,-24.29615690183082
79,2025-11-16 00:00:00,54,2622.939570804833,2379.293848869489,-243.64572193534377,-9.289032986016624
79,2025-11-16 00:00:00,55,1055.732824090384,1030.972069439704,-24.760754650679928,-2.3453618269389054
79,2025-11-16 00:00:00,56,1824.8607897523516,1789.6139875781537,-35.24680217419791,-1.9314789584021468
80,2025-11-16 01:00:00,1,3210.601727258668,3072.0397823715903,-138.56194488707752,-4.315762484977759
80,2025-11-16 01:00:00,3,1984.4415846136556,1945.8272652162425,-38.614319397413055,-1.9458531657877323
80,2025-11-16 01:00:00,5,1148.6063393801544,1133.7620864693183,-14.844252910836076,-1.292370797713582
80,2025-11-16 01:00:00,10,1827.1238855268875,1706.3993822124576,-120.72450331442997,-6.607351820569991
80,2025-11-16 01:00:00,12,2252.817458504553,2204.2376506651394,-48.57980783941366,-2.1564023155103524
80,2025-11-16 01:00:00,13,1052.397169354061,1029.6342075944256,-22.762961759635346,-2.162963035486571
80,2025-11-16 01:00:00,14,1025.538038720328,1016.5441095053784,-8.993929214949503,-0.8769961596131703
80,2025-11-16 01:00:00,15,2587.4807343122634,2364.1015530558834,-223.37918125637998,-8.633076115086622
80,2025-11-16 01:00:00,16,1906.201182463585,1817.72215103274,-88.479031430845,-4.6416418290379085
80,2025-11-16 01:00:00,17,1212.9645490744583,1184.439587944746,-28.52496112971221,-2.351673109612142
80,2025-11-16 01:00:00,18,1114.395336232854,1098.656492962721,-15.738843270133202,-1.4123213511766308
80,2025-11-16 01:00:00,19,1130.7668442352358,1100.1717484361802,-30.59509579905557,-2.7056944546112645
80,2025-11-16 01:00:00,20,874.4645163063215,871.2237164987569,-3.240799807564599,-0.37060392355924476
80,2025-11-16 01:00:00,21,1623.806738505309,1445.1806356032118,-178.62610290209727,-11.000453358539454
80,2025-11-16 01:00:00,24,1834.6419769698316,1740.5512037429678,-94.0907732268638,-5.128563196960527
80,2025-11-16 01:00:00,27,1765.637897352461,1703.3291257460114,-62.30877160644968,-3.5289665961452483
80,2025-11-16 01:00:00,28,6275.43622061204,6155.539190286083,-119.89703032595753,-1.9105768286218678
80,2025-11-16 01:00:00,29,3468.3558885864086,3415.8447849886634,-52.511103597745205,-1.514005635077635
80,2025-11-16 01:00:00,30,2013.5861434531591,1994.6248365756007,-18.9613068775584,-0.9416685220648712
80,2025-11-16 01:00:00,31,5187.336098289446,4826.4604288382525,-360.87566945119397,-6.956859216625558
80,2025-11-16 01:00:00,32,2090.43190767834,2071.73970315009,-18.69220452824993,-0.8941790669952856
80,2025-11-16 01:00:00,33,1166.9738563948056,1162.7930325376346,-4.180823857170935,-0.3582619982667801
80,2025-11-16 01:00:00,34,862.2143673669351,856.9085738312777,-5.305793535657358,-0.6153682583439666
80,2025-11-16 01:00:00,35,2479.501073865877,2336.6928218997527,-142.80825196612432,-5.759555963549835
80,2025-11-16 01:00:00,37,1064.3724600299668,1049.3446878557404,-15.027772174226357,-1.4118903615566358
80,2025-11-16 01:00:00,38,3896.222091921815,3534.158083496728,-362.06400842508674,-9.29269430445887
80,2025-11-16 01:00:00,39,3449.9389975491936,2791.3517426953804,-658.5872548538132,-19.089823191704777
80,2025-11-16 01:00:00,40,2718.2003691045134,2625.361434178635,-92.83893492587822,-3.415455901673031
80,2025-11-16 01:00:00,41,2594.363082289396,2562.452754680113,-31.910327609283286,-1.2299869600797746
80,2025-11-16 01:00:00,44,2576.553955456488,2546.1905202863663,-30.363435170121647,-1.1784513615878134
80,2025-11-16 01:00:00,47,3035.138421064589,2155.2307215717287,-879.90769949286,-28.990694242677357
80,2025-11-16 01:00:00,48,2524.1855724928,2167.925537583195,-356.2600349096051,-14.113860676169493
80,2025-11-16 01:00:00,50,1174.288676096034,1173.850801141828,-0.4378749542058813,-0.037288527354416186
80,2025-11-16 01:00:00,53,3030.6753544377634,2294.622439734343,-736.0529147034204,-24.286762144471574
80,2025-11-16 01:00:00,54,2623.060580050438,2379.739464338022,-243.32111571241603,-9.276229362104068
80,2025-11-16 01:00:00,55,1055.6293070170325,1030.938895260415,-24.69041175661755,-2.3389282196405685
80,2025-11-16 01:00:00,56,1824.849931889437,1789.6117301958063,-35.23820169363057,-1.931019152744532
81,2025-11-16 02:00:00,1,3210.693481942942,3072.1352585946383,-138.55822334830373,-4.315523239062223
81,2025-11-16 02:00:00,3,1984.3742075374128,1945.815160087294,-38.55904745011867,-1.9431338758413936
81,2025-11-16 02:00:00,5,1148.479074196433,1133.67654726596,-14.80252693047305,-1.2888808566956322
81,2025-11-16 02:00:00,10,1827.0886258592047,1706.3770286174347,-120.71159724177005,-6.606772957442299
81,2025-11-16 02:00:00,12,2252.7928810022227,2204.2953401364307,-48.49754086579196,-2.1527740643523505
81,2025-11-16 02:00:00,13,1052.3288342091832,1029.6187615689407,-22.710072640242515,-2.1580775801234178
81,2025-11-16 02:00:00,14,1025.4633805586484,1016.4951749963594,-8.968205562288972,-0.8745515181052398
81,2025-11-16 02:00:00,15,2587.54828507205,2364.452374077857,-223.09591099419322,-8.621903300559323
81,2025-11-16 02:00:00,16,1906.1770627846709,1817.8839843655385,-88.29307841913237,-4.631945276382034
81,2025-11-16 02:00:00,17,1212.8868150567498,1184.4042785007514,-28.482536555998422,-2.3483260105078934
81,2025-11-16 02:00:00,18,1114.30870147229,1098.6115826962443,-15.697118776045727,-1.4086867270538022
81,2025-11-16 02:00:00,19,1130.6869718592968,1100.1222249074494,-30.564746951847383,-2.7032014795029293
81,2025-11-16 02:00:00,20,874.4542289853235,871.2232655484506,-3.230963436872912,-0.36948342517846516
81,2025-11-16 02:00:00,21,1623.8873945516248,1445.477386151005,-178.41000840061974,-10.986599748185183
81,2025-11-16 02:00:00,24,1834.50793760462,1740.592182361206,-93.9157552434142,-5.119397595305214
81,2025-11-16 02:00:00,27,1765.5834443392837,1703.4318524986656,-62.15159184061804,-3.5201730079586464
81,2025-11-16 02:00:00,28,6275.596708447978,6155.684796816701,-119.91191163127678,-1.9107650985579707
81,2025-11-16 02:00:00,29,3468.3745403490548,3415.879217203752,-52.49532314530279,-1.5135425120500308
81,2025-11-16 02:00:00,30,2013.53922868451,1994.613185180326,-18.92604350418401,-0.9399391496608097
81,2025-11-16 02:00:00,31,5187.62135199758,4826.683241852576,-360.9381101450035,-6.9576803250302435
81,2025-11-16 02:00:00,32,2090.400976963558,2071.738493655224,-18.66248330833423,-0.8927705025971949
81,2025-11-16 02:00:00,33,1166.9886145450353,1162.81390923226,-4.174705312775359,-0.3577331655804473
81,2025-11-16 02:00:00,34,862.1751542234767,856.88492705639,-5.290227167086755,-0.613590769946442
81,2025-11-16 02:00:00,35,2479.5302768429246,2336.7219243162976,-142.808352526627,-5.759492185288357
81,2025-11-16 02:00:00,37,1064.2772506817737,1049.2896134413745,-14.98763724039918,-1.4082455704843952
81,2025-11-16 02:00:00,38,3896.385718847272,3534.2804771682645,-362.1052416790076,-9.293362305673751
81,2025-11-16 02:00:00,39,3450.049457373489,2791.4132069829107,-658.6362503905784,-19.0906321352273
81,2025-11-16 02:00:00,40,2718.2119460330955,2625.4410064759068,-92.77093955718874,-3.41293988103381
81,2025-11-16 02:00:00,41,2594.282135834825,2562.442662669893,-31.839473164932315,-1.2272941606902965
81,2025-11-16 02:00:00,44,2576.400463948231,2546.126852234452,-30.27361171377879,-1.175035175524914
81,2025-11-16 02:00:00,47,3035.321272767181,2155.615782398859,-879.705490368322,-28.982285936616183
81,2025-11-16 02:00:00,48,2524.422829691352,2168.468323422087,-355.95450626926504,-14.100431278098753
81,2025-11-16 02:00:00,50,1174.3385080136711,1173.9008189874698,-0.43768902620126937,-0.03727111247859838
81,2025-11-16 02:00:00,53,3030.821513553484,2295.002653416187,-735.8188601372967,-24.277868454041247
81,2025-11-16 02:00:00,54,2623.17538037583,2380.162986024161,-243.01239435166917,-9.264054404050256
81,2025-11-16 02:00:00,55,1055.52892253904,1030.9048657291753,-24.62405680986467,-2.3328642431353104
81,2025-11-16 02:00:00,56,1824.839333614592,1789.6092739834216,-35.230059631170434,-1.9305841880001398
82,2025-11-16 03:00:00,1,3210.1640370378227,3071.5806007784345,-138.58343625938824,-4.31702039710301
82,2025-11-16 03:00:00,3,1984.755848783088,1945.8661727879933,-38.88967599509465,-1.9594186367526791
82,2025-11-16 03:00:00,5,1149.207122077081,1134.1531687355375,-15.053953341543547,-1.3099425727831358
82,2025-11-16 03:00:00,10,1827.283992781966,1706.4902759773363,-120.79371680462964,-6.610560661713349
82,2025-11-16 03:00:00,12,2252.925280865192,2203.934408866582,-48.99087199860969,-2.1745449089991884
82,2025-11-16 03:00:00,13,1052.7157822384206,1029.6887678482065,-23.027014390214163,-2.1873913907941174
82,2025-11-16 03:00:00,14,1025.8902312940156,1016.7666913016458,-9.123539992369842,-0.889329064071678
82,2025-11-16 03:00:00,15,2587.1356055294177,2362.354178466828,-224.7814270625895,-8.688428491423874
82,2025-11-16 03:00:00,16,1906.3000613753188,1816.8983555713185,-89.40170580400036,-4.689802388166563
82,2025-11-16 03:00:00,17,1213.3291221641468,1184.592945003252,-28.73617716089484,-2.3683744695453894
82,2025-11-16 03:00:00,18,1114.8028497501407,1098.8549567406228,-15.947893009517884,-1.430557251723232
82,2025-11-16 03:00:00,19,1131.141953312767,1100.3947252740372,-30.747228038729872,-2.71824663108646
82,2025-11-16 03:00:00,20,874.5125917743798,871.22261230181,-3.289979472569712,-0.37620721571251103
82,2025-11-16 03:00:00,21,1623.4038882632371,1443.7094816128758,-179.69440665036132,-11.068989544099429
82,2025-11-16 03:00:00,24,1835.2644287223616,1740.3035691752802,-94.96085954708133,-5.17423310019632
82,2025-11-16 03:00:00,27,1765.8831626241358,1702.79336184584,-63.08980077829574,-3.5727052680282143
82,2025-11-16 03:00:00,28,6274.674593134552,6154.848905928711,-119.82568720584095,-1.9096717355980255
82,2025-11-16 03:00:00,29,3468.265067694617,3415.673842765988,-52.59122492862889,-1.5163554083133182
82,2025-11-16 03:00:00,30,2013.8055730119077,1994.6682050848628,-19.137367927044806,-0.9503086188416089
82,2025-11-16 03:00:00,31,5185.98214987342,4825.40413744182,-360.57801243159975,-6.952935856911902
82,2025-11-16 03:00:00,32,2090.575809053663,2071.735149326677,-18.840659726985905,-0.9012186807764925
82,2025-11-16 03:00:00,33,1166.9025285093778,1162.690530739916,-4.211997769461732,-0.36095540686180644
82,2025-11-16 03:00:00,34,862.3992570615545,857.015250674048,-5.384006387506474,-0.6243055456531065
82,2025-11-16 03:00:00,35,2479.359285156481,2336.5504242684005,-142.8088608880803,-5.759909898619923
82,2025-11-16 03:00:00,37,1064.8209773910862,1049.5921135532114,-15.22886383787477,-1.430180674613206
82,2025-11-16 03:00:00,38,3895.44104981833,3533.572705502231,-361.86834431609896,-9.28953460438004
82,2025-11-16 03:00:00,39,3449.402298166091,2791.0471948075296,-658.3551033585613,-19.086063220534825
82,2025-11-16 03:00:00,40,2718.136919646923,2624.958596762699,-93.17832288422414,-3.4280216795086136
82,2025-11-16 03:00:00,41,2594.7411041072114,2562.4770585672827,-32.2640455399287,-1.2434398749400468
82,2025-11-16 03:00:00,44,2577.274322904417,2546.4586601916776,-30.815662712739595,-1.195668712440839
82,2025-11-16 03:00:00,47,3034.240656279631,2153.3156004697653,-880.9250558098656,-29.03280113878617
82,2025-11-16 03:00:00,48,2523.027871674773,2165.256451979668,-357.7714196951051,-14.18024048452617
82,2025-11-16 03:00:00,50,1174.0518316615835,1173.6131595177828,-0.4386721438006589,-0.03736395037856426
82,2025-11-16 03:00:00,53,3029.952044944882,2292.726799382488,-737.2252455623939,-24.33125127483015
82,2025-11-16 03:00:00,54,2622.489764922871,2377.643973326771,-244.84579159609984,-9.336386927836147
82,2025-11-16 03:00:00,55,1056.0986066643543,1031.0730253275149,-25.025581336839423,-2.369625447748836
82,2025-11-16 03:00:00,56,1824.8985545479147,1789.619624621739,-35.278929926175806,-1.933199510638854
83,2025-11-16 04:00:00,1,3209.931000031233,3071.3335703118278,-138.59742971940523,-4.31776975013035
83,2025-11-16 04:00:00,3,1984.9183593585053,1945.8741416427752,-39.044217715730156,-1.9670440112382577
83,2025-11-16 04:00:00,5,1149.5227435666404,1134.3498451134983,-15.172898453142125,-1.3199302526250989
83,2025-11-16 04:00:00,10,1827.363787405849,1706.528015100737,-120.83577230511196,-6.612573431623711
83,2025-11-16 04:00:00,12,2252.9763426610243,2203.753964811201,-49.22237784982326,-2.1847711810274033
83,2025-11-16 04:00:00,13,1052.8804593366126,1029.7048832593964,-23.175576077216192,-2.2011592932229367
83,2025-11-16 04:00:00,14,1026.0750885167768,1016.8778680000704,-9.197220516706352,-0.896349655072634
83,2025-11-16 04:00:00,15,2586.9364376983644,2361.373831847,-225.56260585136442,-8.719294473738628
83,2025-11-16 04:00:00,16,1906.341813958927,1816.4246884422157,-89.9171255167114,-4.716736781321457
83,2025-11-16 04:00:00,17,1213.5190268094727,1184.6643969299298,-28.854629879542927,-2.3777649333942596
83,2025-11-16 04:00:00,18,1115.0159407326316,1098.949958625557,-16.06598210707466,-1.440874656600726
83,2025-11-16 04:00:00,19,1131.3376932245378,1100.5044722799803,-30.833220944557524,-2.725377323606774
83,2025-11-16 04:00:00,20,874.5375166856447,871.2198234717041,-3.317693213940629,-0.3793654532414056
83,2025-11-16 04:00:00,21,1623.1772162505245,1442.888576880213,-180.28863937031156,-11.10714452897332
83,2025-11-16 04:00:00,24,1835.584421000048,1740.1364438266353,-95.44797717341271,-5.199868558560305
83,2025-11-16 04:00:00,27,1766.0039908383012,1702.4771664870834,-63.52682435121778,-3.5972072928930556
83,2025-11-16 04:00:00,28,6274.271738034856,6154.484257512726,-119.78748052212995,-1.9091854086582516
83,2025-11-16 04:00:00,29,3468.215468011539,3415.578290224324,-52.63717778721502,-1.5177020653043203
83,2025-11-16 04:00:00,30,2013.919462596356,1994.6830356630985,-19.236426933257462,-0.9551735950978772
83,2025-11-16 04:00:00,31,5185.265839470984,4824.846144457393,-360.4196950135911,-6.950843142313455
83,2025-11-16 04:00:00,32,2090.6499710934104,2071.7257414040923,-18.924229689318054,-0.9051840313288158
83,2025-11-16 04:00:00,33,1166.8639294121808,1162.633985446855,-4.2299439653259014,-0.3625053323446871
83,2025-11-16 04:00:00,34,862.4962368736572,857.0679089598682,-5.428327913788962,-0.6293740983108929
83,2025-11-16 04:00:00,35,2479.2821199285136,2336.4721807524734,-142.8099391760402,-5.7601326621174485
83,2025-11-16 04:00:00,37,1065.0559674215283,1049.713506930415,-15.342460491113343,-1.4405309167232803
83,2025-11-16 04:00:00,38,3895.024864350042,3533.25996992301,-361.76489442703223,-9.28787124668072
83,2025-11-16 04:00:00,39,3449.1099584243075,2790.87734518511,-658.2326132391977,-19.08412956309183
83,2025-11-16 04:00:00,40,2718.0975960070787,2624.728359409338,-93.36923659774084,-3.435095072925324
83,2025-11-16 04:00:00,41,2594.9369061083776,2562.473868984068,-32.46303712430972,-1.251014506283102
83,2025-11-16 04:00:00,44,2577.64989559276,2546.5773641084647,-31.07253148429527,-1.2054597304863928
83,2025-11-16 04:00:00,47,3033.7454875612084,2152.2429572014275,-881.5025303597808,-29.056574916190815
83,2025-11-16 04:00:00,48,2522.394034835308,2163.781282133996,-358.6127527013123,-14.217158292825046
83,2025-11-16 04:00:00,50,1173.92631630092,1173.487277514249,-0.43903878667106255,-0.037399177493054936
83,2025-11-16 04:00:00,53,3029.5493714370605,2291.662067779845,-737.8873036572154,-24.35633862296821
83,2025-11-16 04:00:00,54,2622.170239437557,2376.4773793959557,-245.6928600416013,-9.369828714641397
83,2025-11-16 04:00:00,55,1056.342033655121,1031.1253721003527,-25.21666155476828,-2.3871682420431943
83,2025-11-16 04:00:00,56,1824.9231396487075,1789.621239287958,-35.30190036074964,-1.934432173814463
84,2025-11-16 05:00:00,1,3210.584081447654,3072.0213899008318,-138.5626915468224,-4.315809461197615
84,2025-11-16 05:00:00,3,1984.45448273918,1945.829436562921,-38.62504617625905,-1.946381058987262
84,2025-11-16 05:00:00,5,1148.6307619121062,1133.7784158754173,-14.852346036688914,-1.2930479079251251
84,2025-11-16 05:00:00,10,1827.130599067348,1706.4035503002965,-120.72704876705143,-6.6074668569765125
84,2025-11-16 05:00:00,12,2252.822106628258,2204.2263228961506,-48.59578373210752,-2.157107016534013
84,2025-11-16 05:00:00,13,1052.4102498817988,1029.637019049075,-22.77323083272381,-2.163911918881594
84,2025-11-16 05:00:00,14,1025.5523637537322,1016.553430087456,-8.998933666276116,-0.8774718858175288
84,2025-11-16 05:00:00,15,2587.467552330172,2364.0334705063437,-223.43408182382836,-8.635241884390489
84,2025-11-16 05:00:00,16,1906.205686150421,1817.690597100408,-88.51508905001288,-4.643522453695379
84,2025-11-16 05:00:00,17,1212.9794465364346,1184.4462530774092,-28.53319345902537,-2.3523229136734023
84,2025-11-16 05:00:00,18,1114.411949465077,1098.6649987165415,-15.746950748535482,-1.413027808620869
84,2025-11-16 05:00:00,19,1130.7821557356358,1100.1811622545392,-30.600993481096566,-2.7061793755658394
84,2025-11-16 05:00:00,20,874.4664863979301,871.2237761375949,-3.2427102603352296,-0.37082155929068034
84,2025-11-16 05:00:00,21,1623.791076147641,1445.1231037694542,-178.66797237818673,-11.003137965388204
84,2025-11-16 05:00:00,24,1834.6676135040784,1740.5428890660442,-94.12472443803426,-5.130342070968542
84,2025-11-16 05:00:00,27,1765.6482486979992,1703.308989449618,-62.33925924838127,-3.530672618079544
84,2025-11-16 05:00:00,28,6275.405389161124,6155.51122382694,-119.89416533418353,-1.910540561112827
84,2025-11-16 05:00:00,29,3468.352286164084,3415.8381075585035,-52.51417860558058,-1.514095866647388
84,2025-11-16 05:00:00,30,2013.5951294899685,1994.6269757388584,-18.968153751110094,-0.9420043519828444
84,2025-11-16 05:00:00,31,5187.281296168091,4826.417633543768,-360.8636626243233,-6.956701247161934
84,2025-11-16 05:00:00,32,2090.4378257300605,2071.7398498848006,-18.69797584525986,-0.8944526172994318
84,2025-11-16 05:00:00,33,1166.9710104217754,1162.7889933756076,-4.182017046167857,-0.35836511865503506
84,2025-11-16 05:00:00,34,862.221890599786,856.9130705060675,-5.308820093718509,-0.6157139074752026
84,2025-11-16 05:00:00,35,2479.495436985601,2336.687195421643,-142.80824156395784,-5.75956863778601
84,2025-11-16 05:00:00,37,1064.390723131845,1049.3551522901842,-15.035570841660956,-1.412598824369734
84,2025-11-16 05:00:00,38,3896.190619774994,3534.1345327906893,-362.0560869843048,-9.292566055333648
84,2025-11-16 05:00:00,39,3449.91767290636,2791.339827937781,-658.577844968579,-19.089668432979288
84,2025-11-16 05:00:00,40,2718.1980741270463,2625.3459379023507,-92.85213622469564,-3.4159444489532005
84,2025-11-16 05:00:00,41,2594.3785819168943,2562.4544972807053,-31.924084636189036,-1.2305098746460303
84,2025-11-16 05:00:00,44,2576.583375682888,2546.202468725089,-30.380906957798743,-1.1791160047264801
84,2025-11-16 05:00:00,47,3035.1030430591445,2155.156017450048,-879.9470256090967,-28.992327875701363
84,2025-11-16 05:00:00,48,2524.1397280446545,2167.820487596358,-356.31924044829657,-14.11646259077433
84,2025-11-16 05:00:00,50,1174.2790998498167,1173.8411899051716,-0.43790994464507094,-0.037291811180244716
84,2025-11-16 05:00:00,53,3030.6470281697266,2294.548637485804,-736.0983906839224,-24.28848968031979
84,2025-11-16 05:00:00,54,2623.038308785134,2379.657389456433,-243.3809193287011,-9.2785880600205
84,2025-11-16 05:00:00,55,1055.6485328138178,1030.9452050478258,-24.70332776599207,-2.3401091365272553
84,2025-11-16 05:00:00,56,1824.8519539819672,1789.6121707890288,-35.239783192938376,-1.9311036775362769
85,2025-11-16 06:00:00,1,3211.5026344329717,3072.669785560347,-138.8328488726247,-4.3229872329573
85,2025-11-16 06:00:00,3,1983.04697698126,1944.0485758696168,-38.99840111164326,-1.9665898773114037
85,2025-11-16 06:00:00,5,1146.6620816015889,1131.4040777913722,-15.258003810216678,-1.3306451878922527
85,2025-11-16 06:00:00,10,1826.0455397270368,1705.0735900690456,-120.97194965799122,-6.624804640747048
85,2025-11-16 06:00:00,12,2251.728043212972,2202.527662128872,-49.20038108409972,-2.185005477566292
85,2025-11-16 06:00:00,13,1050.9445719771247,1027.815820568489,-23.128751408635708,-2.2007584439133616
85,2025-11-16 06:00:00,14,1024.398806464054,1015.1317506700472,-9.267055794006751,-0.9046335992907008
85,2025-11-16 06:00:00,15,2585.94984765497,2361.034307917,-224.91553973797,-8.697598677017316
85,2025-11-16 06:00:00,16,1904.4221922462848,1814.8363865097635,-89.58580573652125,-4.704093771920076
85,2025-11-16 06:00:00,17,1211.5519472056587,1182.7754249328202,-28.77652227283852,-2.3751785748196035
85,2025-11-16 06:00:00,18,1112.9419822186237,1096.841054809109,-16.100927409514725,-1.4466996183770429
85,2025-11-16 06:00:00,19,1129.3583255245733,1098.5599366455892,-30.798388878984042,-2.7270697158652957
85,2025-11-16 06:00:00,20,874.2548199253465,870.9342643291241,-3.320555596222448,-0.379815532101498
85,2025-11-16 06:00:00,21,1622.4223963873462,1442.504610048853,-179.91778633849322,-11.089454061970347
85,2025-11-16 06:00:00,24,1831.590404087392,1736.329890661489,-95.26051342590313,-5.200972510738153
85,2025-11-16 06:00:00,27,1763.7126848073813,1700.4060904438493,-63.306594363531985,-3.589393834316377
85,2025-11-16 06:00:00,28,6277.4853239037975,6157.505970500667,-119.97935340313052,-1.911264578290063
85,2025-11-16 06:00:00,29,3468.420508678159,3415.702479948245,-52.71802872991384,-1.5199434035755104
85,2025-11-16 06:00:00,30,2012.6819061735011,1993.4329611177704,-19.2489450557307,-0.9563828738504775
85,2025-11-16 06:00:00,31,5190.996875908432,4829.499356503735,-361.4975194046974,-6.963932517132074
85,2025-11-16 06:00:00,32,2089.7731206565263,2070.831709744735,-18.941410911791536,-0.9063859959037502
85,2025-11-16 06:00:00,33,1167.103519242906,1162.8379693232357,-4.26554991967032,-0.3654817117197419
85,2025-11-16 06:00:00,34,861.5984030270147,856.1410232862635,-5.4573797407512075,-0.633401793872649
85,2025-11-16 06:00:00,35,2479.6259275261923,2336.800209031198,-142.82571849499436,-5.759970361234485
85,2025-11-16 06:00:00,37,1062.8270422352584,1047.448207419529,-15.378834815729533,-1.4469743622053421
85,2025-11-16 06:00:00,38,3897.808288530079,3535.37139081358,-362.43689771649906,-9.298479321905782
85,2025-11-16 06:00:00,39,3450.136875979577,2791.1586108266515,-658.9782651529254,-19.10006150019267
85,2025-11-16 06:00:00,40,2717.548318554212,2624.20023287856,-93.34808567565187,-3.435011073706128
85,2025-11-16 06:00:00,41,2592.7288191064954,2560.2680861244844,-32.460732982010995,-1.2519910583320315
85,2025-11-16 06:00:00,44,2573.930831841399,2542.675008975095,-31.255822866304243,-1.214322563747516
85,2025-11-16 06:00:00,47,3034.0731897683204,2151.475376554124,-882.5978132141963,-29.08953601351953
85,2025-11-16 06:00:00,48,2523.489261608987,2165.367100215205,-358.1221613937819,-14.191546872897796
85,2025-11-16 06:00:00,50,1174.909066209779,1174.4865854864772,-0.42248072330176,-0.035958589090189765
85,2025-11-16 06:00:00,53,3029.191945329354,2290.577870911288,-738.6140744180661,-24.383204753892183
85,2025-11-16 06:00:00,54,2621.859022693808,2377.026964906795,-244.83205778701313,-9.338109168641049
85,2025-11-16 06:00:00,55,1053.684124546758,1028.2353398289745,-25.44878471778361,-2.415219525940034
85,2025-11-16 06:00:00,56,1824.5864232536744,1789.3035902021363,-35.28283305153809,-1.9337441406924618
86,2025-11-16 07:00:00,1,3250.021982918958,3108.0157062361964,-142.00627668276184,-4.369394343456749
86,2025-11-16 07:00:00,3,2042.2862250607889,1998.72568856366,-43.56053649712885,-2.132930044897711
86,2025-11-16 07:00:00,5,1191.8030360992836,1172.8901321470146,-18.912903952269062,-1.5869152351021125
86,2025-11-16 07:00:00,10,1839.730764958744,1715.8626931809592,-123.86807177778473,-6.732945610145433
86,2025-11-16 07:00:00,12,2302.293748927943,2246.9027807944644,-55.39096813347851,-2.4059035976304575
86,2025-11-16 07:00:00,13,1053.0732610034552,1026.9146229245252,-26.158638078929926,-2.4840283242975723
86,2025-11-16 07:00:00,14,2071.4100873410084,2048.588859170568,-22.821228170440463,-1.10172429447494
86,2025-11-16 07:00:00,15,2629.6646656864555,2381.3242577376486,-248.34040794880684,-9.44380518129597
86,2025-11-16 07:00:00,16,1928.2018246457155,1825.9997650654848,-102.20205958023075,-5.300381851832817
86,2025-11-16 07:00:00,17,1220.7673167322262,1189.557067075987,-31.210249656239057,-2.556609210327097
86,2025-11-16 07:00:00,18,1137.463214721734,1118.277379030653,-19.18583569108091,-1.6867214203295782
86,2025-11-16 07:00:00,19,1135.3232872029898,1102.6436792168035,-32.679607986186284,-2.878440736179786
86,2025-11-16 07:00:00,20,1050.8129738275045,1045.9892998297312,-4.823673997773312,-0.45904210529524153
86,2025-11-16 07:00:00,21,1623.9263226925852,1430.3018742312152,-193.6244484613701,-11.923228643792594
86,2025-11-16 07:00:00,24,1875.3003220345504,1765.147350759154,-110.15297127539634,-5.87388430434914
86,2025-11-16 07:00:00,27,1784.5462104873388,1710.8660637943076,-73.68014669303125,-4.12878894701808
86,2025-11-16 07:00:00,28,6355.737475956883,6234.404451493054,-121.33302446382913,-1.9090314054477515
86,2025-11-16 07:00:00,29,3552.323052387483,3496.8823849369405,-55.440667450542605,-1.56068765798993
86,2025-11-16 07:00:00,30,2105.316475453872,2082.9023104137614,-22.414165040110674,-1.0646458763535085
86,2025-11-16 07:00:00,31,5265.175282841432,4896.140360848868,-369.0349219925638,-7.0089769507808
86,2025-11-16 07:00:00,32,2182.652446301118,2160.9279544889114,-21.724491812206452,-0.9953252909789811
86,2025-11-16 07:00:00,33,1217.6345337556374,1212.6495332881018,-4.985000467535656,-0.40940038487246755
86,2025-11-16 07:00:00,34,1190.190067767768,1181.0201580565008,-9.16990971126711,-0.7704575898928069
86,2025-11-16 07:00:00,35,2501.854612395653,2357.3512928721293,-144.50331952352371,-5.775847997224525
86,2025-11-16 07:00:00,37,1084.6261762720833,1066.3044690191364,-18.321707252946908,-1.6892186131741325
86,2025-11-16 07:00:00,38,3944.9439419751648,3575.9855478571203,-368.95839411804445,-9.352690419557987
86,2025-11-16 07:00:00,39,3498.256344825787,2824.0229134454767,-674.2334313803103,-19.27341409321126
86,2025-11-16 07:00:00,40,2784.7863752136773,2684.294607368816,-100.49176784486144,-3.608598804536692
86,2025-11-16 07:00:00,41,2791.374546366744,2751.4766306381,-39.89791572864442,-1.4293286359788437
86,2025-11-16 07:00:00,44,2985.3043225681854,2941.2159000140664,-44.088422554119006,-1.4768485149343433
86,2025-11-16 07:00:00,47,3058.264588895466,2140.565128662545,-917.6994602329214,-30.00719635459537
86,2025-11-16 07:00:00,48,2538.041613676213,2156.400277529773,-381.6413361464397,-15.03684313487884
86,2025-11-16 07:00:00,50,1283.096557118137,1282.60602536165,-0.49053175648714387,-0.038230307280138674
86,2025-11-16 07:00:00,53,3051.8889284973293,2280.5675606959885,-771.3213678013408,-25.273572724061076
86,2025-11-16 07:00:00,54,2663.1548332689417,2394.0420180469605,-269.11281522198124,-10.105038274911466
86,2025-11-16 07:00:00,55,1055.036151829356,1024.3063310566406,-30.729820772715357,-2.9126794109786744
86,2025-11-16 07:00:00,56,1842.0164933604003,1806.0901335186572,-35.92635984174308,-1.9503820932787868
87,2025-11-16 08:00:00,1,3250.217057073145,3107.634430102244,-142.58262697090095,-4.386864768327138
87,2025-11-16 08:00:00,3,2040.4960563053617,1995.242278076824,-45.25377822853761,-2.2177831752577206
87,2025-11-16 08:00:00,5,1189.9329022695874,1169.4720516924378,-20.460850577149586,-1.7194961613486035
87,2025-11-16 08:00:00,10,1838.1905408199243,1713.5739802146643,-124.61656060526002,-6.7793059445118695
87,2025-11-16 08:00:00,12,2300.455005263438,2242.4947925450933,-57.96021271834479,-2.5195108178917605
87,2025-11-16 08:00:00,13,1051.376333426486,1023.649919367053,-27.72641405943307,-2.637154097721731
87,2025-11-16 08:00:00,14,2068.437440648588,2043.6516572837984,-24.785783364789722,-1.1982853760864909
87,2025-11-16 08:00:00,15,2625.6912185997253,2369.966814622284,-255.7244039774414,-9.73931748584735
87,2025-11-16 08:00:00,16,1925.164569016224,1817.9022169583557,-107.26235205786838,-5.57159391899054
87,2025-11-16 08:00:00,17,1219.2520960528675,1186.848579241613,-32.403516811254576,-2.657655206511906
87,2025-11-16 08:00:00,18,1135.9610931881637,1115.3611908218,-20.59990236636372,-1.813433795390693
87,2025-11-16 08:00:00,19,1133.862148363109,1100.2691704057838,-33.592977957325274,-2.9627038882832015
87,2025-11-16 08:00:00,20,1050.2377087621564,1045.0181766664366,-5.219532095719842,-0.49698578256838144
87,2025-11-16 08:00:00,21,1620.1870957183587,1420.7466739068968,-199.44042181146187,-12.30971548523746
87,2025-11-16 08:00:00,24,1871.4554390469823,1756.2052876585212,-115.25015138846106,-6.158316622657652
87,2025-11-16 08:00:00,27,1781.687682864614,1703.5936078394304,-78.09407502518366,-4.3831517597755
87,2025-11-16 08:00:00,28,6356.958991774886,6235.713107397826,-121.24588437706007,-1.9072937946262851
87,2025-11-16 08:00:00,29,3551.967659607428,3495.8417475977108,-56.12591200971701,-1.5801357835538454
87,2025-11-16 08:00:00,30,2104.0910561093788,2080.4830609129613,-23.607995196417505,-1.1220044459516143
87,2025-11-16 08:00:00,31,5267.571319020753,4898.371245079314,-369.20007394143977,-7.008924067307634
87,2025-11-16 08:00:00,32,2181.6571036661862,2158.9109491653007,-22.746154500885496,-1.042609054496305
87,2025-11-16 08:00:00,33,1217.5571340634524,1212.2835620303404,-5.273572033112032,-0.4331272747351175
87,2025-11-16 08:00:00,34,1188.9776000471068,1179.0267095509712,-9.950890496135571,-0.8369283404280553
87,2025-11-16 08:00:00,35,2501.582123208324,2357.027330927315,-144.5547922810092,-5.778534749665348
87,2025-11-16 08:00:00,37,1083.0902237377938,1063.4037910494778,-19.686432688316017,-1.8176170605969684
87,2025-11-16 08:00:00,38,3945.330722499067,3576.3001423151363,-369.03058018393085,-9.353603186659546
87,2025-11-16 08:00:00,39,3496.834281586721,2822.563256332199,-674.2710252545216,-19.282327126710875
87,2025-11-16 08:00:00,40,2783.1825128770406,2680.566809163618,-102.61570371342259,-3.6869915371574518
87,2025-11-16 08:00:00,41,2789.0031249885933,2746.7062686574136,-42.2968563311797,-1.5165582265653677
87,2025-11-16 08:00:00,44,2981.693943138074,2933.8795089890677,-47.81443414900605,-1.6035996671973618
87,2025-11-16 08:00:00,47,3053.508820988411,2127.559241240046,-925.9495797483651,-30.324116746734603
87,2025-11-16 08:00:00,48,2533.2305997650224,2143.309974146881,-389.92062561814146,-15.39222783959383
87,2025-11-16 08:00:00,50,1283.3411491353577,1282.8623579794723,-0.4787911558853466,-0.03730817454173654
87,2025-11-16 08:00:00,53,3046.899804379794,2267.0738423594926,-779.8259620203016,-25.59407962478233
87,2025-11-16 08:00:00,54,2659.1102925382675,2382.287298006256,-276.8229945320113,-10.410361514857229
87,2025-11-16 08:00:00,55,1052.9079255488791,1019.6467353120572,-33.2611902368219,-3.158983746796559
87,2025-11-16 08:00:00,56,1841.638859364508,1805.480868266414,-36.157991098094044,-1.9633594781210815
88,2025-11-16 09:00:00,1,3250.290457151766,3107.486472635723,-142.80398451604287,-4.393576094155665
88,2025-11-16 09:00:00,3,2039.810884861358,1993.896272351226,-45.9146125101322,-2.2509249681375696
88,2025-11-16 09:00:00,5,1189.2193611846376,1168.1543525278214,-21.06500865681619,-1.7713307859226526
88,2025-11-16 09:00:00,10,1837.60007171523,1712.6853729962602,-124.9146987189697,-6.797708633216006
88,2025-11-16 09:00:00,12,2299.750442168586,2240.7904246393123,-58.9600175292735,-2.5637571993975237
88,2025-11-16 09:00:00,13,1050.7280060016,1022.38930335598,-28.33870264562006,-2.6970540885703684
88,2025-11-16 09:00:00,14,2067.3052938620085,2041.7527150665017,-25.55257879550686,-1.236033152499269
88,2025-11-16 09:00:00,15,2624.1745127090194,2365.5950957899204,-258.579416919099,-9.85374317396899
88,2025-11-16 09:00:00,16,1924.0049265124285,1814.7828427580787,-109.2220837543498,-5.676808944160688
88,2025-11-16 09:00:00,17,1218.672722076224,1185.801908602326,-32.870813473898124,-2.6972634144052137
88,2025-11-16 09:00:00,18,1135.3871986774782,1114.2353697701042,-21.15182890737401,-1.8629617219581203
88,2025-11-16 09:00:00,19,1133.3035442184769,1099.3511128036323,-33.95243141484457,-2.9958815171850603
88,2025-11-16 09:00:00,20,1050.018718188997,1044.644791758583,-5.373926430413803,-0.5117933935199172
88,2025-11-16 09:00:00,21,1618.761063573005,1417.0710708967135,-201.68999267629147,-12.459528290797403
88,2025-11-16 09:00:00,24,1869.989629252345,1752.763510013449,-117.22611923889599,-6.268811195801395
88,2025-11-16 09:00:00,27,1780.5961706751252,1700.7911129023057,-79.80505777281951,-4.481929091342529
88,2025-11-16 09:00:00,28,6357.425598150956,6236.21801372134,-121.20758442961596,-1.9065513635718982
88,2025-11-16 09:00:00,29,3551.829742035759,3495.436735178382,-56.393006857376804,-1.5877170628413824
88,2025-11-16 09:00:00,30,2103.6216980120207,2079.5477786214187,-24.073919390601986,-1.1444034549250224
88,2025-11-16 09:00:00,31,5268.486702787623,4899.2324405797,-369.2542622079227,-7.008734823465449
88,2025-11-16 09:00:00,32,2181.2752928686987,2158.130268114801,-23.145024753897815,-1.0610776562484552
88,2025-11-16 09:00:00,33,1217.525952369764,1212.139365866344,-5.386586503419949,-0.44242067226046583
88,2025-11-16 09:00:00,34,1188.515939968755,1178.2602289159358,-10.255711052819152,-0.8629005895443661
88,2025-11-16 09:00:00,35,2501.476002607917,2356.899254072643,-144.57674853527396,-5.779657625519705
88,2025-11-16 09:00:00,37,1082.5036396869943,1062.284400180696,-20.219239506298436,-1.8678218497394452
88,2025-11-16 09:00:00,38,3945.4770315545775,3576.4199415577737,-369.0570899968038,-9.353928233397667
88,2025-11-16 09:00:00,39,3496.2875184212407,2821.9950121704665,-674.2925062507743,-19.285956967156213
88,2025-11-16 09:00:00,40,2782.5668894181263,2679.1242985811755,-103.44259083695079,-3.717523960711761
88,2025-11-16 09:00:00,41,2788.0965816717867,2744.865141374148,-43.23144029763853,-1.5505718339110144
88,2025-11-16 09:00:00,44,2980.315949973992,2931.050753146681,-49.265196827310774,-1.653019265549369
88,2025-11-16 09:00:00,47,3051.692508703948,2122.554900825703,-929.137607878245,-30.44663265477062
88,2025-11-16 09:00:00,48,2531.3949148293905,2138.274296266416,-393.1206185629744,-15.529802017851875
88,2025-11-16 09:00:00,50,1283.4340474468056,1282.9600354114384,-0.4740120353671955,-0.03693310430015235
88,2025-11-16 09:00:00,53,3044.994771907649,2261.8818122277485,-783.1129596799005,-25.718039548202263
88,2025-11-16 09:00:00,54,2657.5664381121064,2377.7634106788646,-279.8030274332418,-10.52854308440204
88,2025-11-16 09:00:00,55,1052.0956659469175,1017.8497378996692,-34.2459280472483,-3.2550203518257
88,2025-11-16 09:00:00,56,1841.4932844997609,1805.243588403131,-36.249696096629805,-1.9684946125924638
89,2025-11-16 10:00:00,1,3250.402720941616,3107.255390368034,-143.1473305735817,-4.403987532108424
89,2025-11-16 10:00:00,3,2038.7506530086264,1991.799095624349,-46.951557384277294,-2.302957319228318
89,2025-11-16 10:00:00,5,1188.1176000238434,1166.1044980886852,-22.013101935158147,-1.8527713026653578
89,2025-11-16 10:00:00,10,1836.685358484555,1711.2963050087717,-125.38905347578338,-6.826920729593097
89,2025-11-16 10:00:00,12,2298.6593520335937,2238.1336968073438,-60.52565522624991,-2.633085027266161
89,2025-11-16 10:00:00,13,1049.7260067554157,1020.4260368755104,-29.299969879905348,-2.7912016746606323
89,2025-11-16 10:00:00,14,2065.5593729209745,2038.803416290389,-26.755956630585615,-1.2953370879264123
89,2025-11-16 10:00:00,15,2621.831901249013,2358.801441553357,-263.03045969565574,-10.03231593796501
89,2025-11-16 10:00:00,16,1922.2134989649971,1809.932658808908,-112.2808401560892,-5.841226285037851
89,2025-11-16 10:00:00,17,1217.7767937484457,1184.1709744104269,-33.60581933801882,-2.759604182846723
89,2025-11-16 10:00:00,18,1134.5002443460128,1112.4822772808618,-22.01796706515097,-1.9407635366216527
89,2025-11-16 10:00:00,19,1132.4398306864068,1097.920103737226,-34.51972694918072,-3.048261462885604
89,2025-11-16 10:00:00,20,1049.6811133038489,1044.0650123521582,-5.616100951690669,-0.5350292465503272
89,2025-11-16 10:00:00,21,1616.559847483965,1411.3616715551052,-205.19817592885988,-12.693509383412746
89,2025-11-16 10:00:00,24,1867.7275646436487,1747.4151520702271,-120.31241257342162,-6.441646782483318
89,2025-11-16 10:00:00,27,1778.9098735862776,1696.432588462249,-82.47728512402864,-4.636394813962927
89,2025-11-16 10:00:00,28,6358.146661027242,6237.003960500457,-121.14270052678512,-1.9053146614144463
89,2025-11-16 10:00:00,29,3551.61432816703,3494.802640551048,-56.81168761598201,-1.599601825159384
89,2025-11-16 10:00:00,30,2102.8950557387143,2078.090035151151,-24.805020587563376,-1.1795653102075396
89,2025-11-16 10:00:00,31,5269.90142488784,4900.573535764984,-369.3278891228565,-7.008250427202572
89,2025-11-16 10:00:00,32,2180.683577117984,2156.91252506038,-23.77105205760381,-1.0900734204189266
89,2025-11-16 10:00:00,33,1217.476044970104,1211.9117014731478,-5.564343496956326,-0.45703925920718724
89,2025-11-16 10:00:00,34,1187.8041201926983,1177.0700433034976,-10.73407688920065,-0.9036908280347818
89,2025-11-16 10:00:00,35,2501.309862770957,2356.696646397176,-144.6132163737807,-5.781499466586592
89,2025-11-16 10:00:00,37,1081.5973247697536,1060.5417979458218,-21.055526823931814,-1.9467066293284365
89,2025-11-16 10:00:00,38,3945.7016310634986,3576.60484226898,-369.0967887945185,-9.3544019114044
89,2025-11-16 10:00:00,39,3495.4388492113835,2821.1052146095844,-674.3336346017991,-19.291816097825244
89,2025-11-16 10:00:00,40,2781.6124168102824,2676.87460502731,-104.73781178297259,-3.765363252982493
89,2025-11-16 10:00:00,41,2786.6949663637656,2741.9988387152307,-44.69612764853491,-1.6039117373099827
89,2025-11-16 10:00:00,44,2978.18772740843,2926.6497154984218,-51.53801191000821,-1.7305158917854966
89,2025-11-16 10:00:00,47,3048.886091767272,2114.780089722159,-934.1060020451127,-30.637615638295713
89,2025-11-16 10:00:00,48,2528.5603990344416,2130.4520671048385,-398.1083319296031,-15.744465984740767
89,2025-11-16 10:00:00,50,1283.577032086464,1283.110740048968,-0.4662920374960322,-0.036327546056045504
89,2025-11-16 10:00:00,53,3042.0516981927594,2253.8154410309967,-788.2362571617628,-25.91133666893442
89,2025-11-16 10:00:00,54,2655.181882273013,2370.7340980213166,-284.44778425169625,-10.712930294936706
89,2025-11-16 10:00:00,55,1050.8412085570394,1015.0534638991796,-35.787744657859776,-3.4056282116116905
89,2025-11-16 10:00:00,56,1841.266924653384,1804.8719226642456,-36.395001989138336,-1.9766282390582586
90,2025-11-16 11:00:00,1,3250.423624056503,3107.211722907975,-143.2119011485279,-4.405945738537323
90,2025-11-16 11:00:00,3,2038.5516017344028,1991.4033827572732,-47.148218977129545,-2.312829311606131
90,2025-11-16 11:00:00,5,1187.911067848018,1165.7181407460785,-22.19292710193963,-1.8682313602939682
90,2025-11-16 11:00:00,10,1836.513490575005,1711.0335934011082,-125.47989717389692,-6.832506149171257
90,2025-11-16 11:00:00,12,2298.4543934865637,2237.632241670498,-60.8221518160658,-2.6462196504061875
90,2025-11-16 11:00:00,13,1049.5380505384824,1020.0557016067532,-29.48234893172912,-2.8090786147870226
90,2025-11-16 11:00:00,14,2065.2323838977863,2038.2481724121708,-26.98421148561556,-1.3065944392508169
90,2025-11-16 11:00:00,15,2621.3926692783857,2357.521924884545,-263.8707443938406,-10.066051816131715
90,2025-11-16 11:00:00,16,1921.8775697469775,1809.018813753012,-112.85875599396559,-5.872317663233037
90,2025-11-16 11:00:00,17,1217.6086680691244,1183.8632139400177,-33.74545412910675,-2.77145317818902
90,2025-11-16 11:00:00,18,1134.3338695828054,1112.151621265747,-22.182248317058338,-1.9555308108023528
90,2025-11-16 11:00:00,19,1132.27776326805,1097.6500051590494,-34.627758109000524,-3.058238820221617
90,2025-11-16 11:00:00,20,1049.617898506748,1043.9558792646476,-5.662019242100314,-0.5394362319998026
90,2025-11-16 11:00:00,21,1616.147306292131,1410.2866913453076,-205.86061494682326,-12.737738332721781
90,2025-11-16 11:00:00,24,1867.3036935024477,1746.4078603176936,-120.89583318475411,-6.474353025992965
90,2025-11-16 11:00:00,27,1778.5936425703078,1695.611238918136,-82.9824036521718,-4.665619041134715
90,2025-11-16 11:00:00,28,6358.2819081686175,6237.15216747742,-121.12974069119718,-1.9050703073668263
90,2025-11-16 11:00:00,29,3551.5736194264696,3494.6825893669343,-56.8910300595353,-1.6018541682017116
90,2025-11-16 11:00:00,30,2102.758585777088,2077.814908564839,-24.943677212248986,-1.1862358989265946
90,2025-11-16 11:00:00,31,5270.166800254334,4900.826502908053,-369.34029734628075,-7.008132974623434
90,2025-11-16 11:00:00,32,2180.572366126591,2156.6825664504327,-23.889799676158418,-1.0955747237407445
90,2025-11-16 11:00:00,33,1217.4664538178745,1211.8683414448678,-5.598112373006643,-0.45981656048521286
90,2025-11-16 11:00:00,34,1187.6708215549345,1176.846009844044,-10.824811710890572,-0.9114319821984346
90,2025-11-16 11:00:00,35,2501.278414517652,2356.6580112267766,-144.6204032908754,-5.781859486392445
90,2025-11-16 11:00:00,37,1081.4273519282203,1060.2131847466137,-21.214167181606626,-1.9616821364635426
90,2025-11-16 11:00:00,38,3945.743560693936,3576.639505721265,-369.1040549726713,-9.354486658726426
90,2025-11-16 11:00:00,39,3495.279170858334,2820.9367339276296,-674.3424369307045,-19.292949260047415
90,2025-11-16 11:00:00,40,2781.4329736389,2676.4498302794223,-104.98314335947771,-3.7744265044118643
90,2025-11-16 11:00:00,41,2786.431978482354,2741.458309687939,-44.97366879441506,-1.6140235664001468
90,2025-11-16 11:00:00,44,2977.7887121366853,2925.8201356698405,-51.96857646684475,-1.7452069804360018
90,2025-11-16 11:00:00,47,3048.359757060205,2113.3160341095904,-935.0437229506147,-30.673667069150575
90,2025-11-16 11:00:00,48,2528.0290393905893,2128.979255592872,-399.0497837977173,-15.785015819830646
90,2025-11-16 11:00:00,50,1283.6037739271533,1283.1389762985457,-0.46479762860758456,-0.036210366317757696
90,2025-11-16 11:00:00,53,3041.4997907725688,2252.296489033656,-789.2033017389126,-25.94783350415578
90,2025-11-16 11:00:00,54,2654.7347841865226,2369.410306672547,-285.3244775139756,-10.747758277533782
90,2025-11-16 11:00:00,55,1050.6060162153328,1014.5263070617368,-36.07970915359601,-3.4341807106310247
90,2025-11-16 11:00:00,56,1841.2242809956297,1804.80153206554,-36.42274893008971,-1.9781810019578034
91,2025-11-16 12:00:00,1,3250.4995680781567,3107.051375564706,-143.44819251345052,-4.413112185037564
91,2025-11-16 12:00:00,3,2037.8240881795807,1989.9516571266267,-47.87243105295397,-2.3491935015705474
91,2025-11-16 12:00:00,5,1187.1570484102876,1164.301860101904,-22.85518830838373,-1.9252034378255958
91,2025-11-16 12:00:00,10,1835.884966847946,1710.068170875708,-125.8167959722382,-6.853196046822837
91,2025-11-16 12:00:00,12,2297.704987327988,2235.7921525781303,-61.912834749857666,-2.6945510886432986
91,2025-11-16 12:00:00,13,1048.851516707367,1018.697354851392,-30.154161855974962,-2.874969562005989
91,2025-11-16 12:00:00,14,2064.0393790261337,2036.214518649552,-27.824860376581682,-1.348077980455497
91,2025-11-16 12:00:00,15,2619.788844348643,2352.834103327566,-266.9547410210771,-10.189933497768212
91,2025-11-16 12:00:00,16,1920.6508340495664,1805.669747397788,-114.98108665177847,-5.986568959509854
91,2025-11-16 12:00:00,17,1216.9943921302877,1182.7340863520112,-34.26030577827646,-2.815157243108205
91,2025-11-16 12:00:00,18,1133.7261683124484,1110.9389050701716,-22.787263242276822,-2.0099441892741763
91,2025-11-16 12:00:00,19,1131.68565676201,1096.6588821603896,-35.026774601620446,-3.095097511604008
91,2025-11-16 12:00:00,20,1049.3873000451226,1043.556212348964,-5.831087696158647,-0.5556659296246406
91,2025-11-16 12:00:00,21,1614.6414162835629,1406.3490961635282,-208.29232012003467,-12.900221561234524
91,2025-11-16 12:00:00,24,1865.756642730629,1742.7174359419355,-123.03920678869349,-6.594601030529866
91,2025-11-16 12:00:00,27,1777.4387975952052,1692.6007755743508,-84.8380220208544,-4.773048846218302
91,2025-11-16 12:00:00,28,6358.775888469087,6237.695657017861,-121.0802314512257,-1.904143715314623
91,2025-11-16 12:00:00,29,3551.4241295079314,3494.2410985222245,-57.183030985706864,-1.6101436747750508
91,2025-11-16 12:00:00,30,2102.259674498501,2076.805390982992,-25.45428351550936,-1.2108058687650725
91,2025-11-16 12:00:00,31,5271.136123833664,4901.75436548456,-369.3817583491036,-7.007630796687804
91,2025-11-16 12:00:00,32,2180.1655818238105,2155.838442482836,-24.327139340974554,-1.115839069462961
91,2025-11-16 12:00:00,33,1217.430811927691,1211.7081939446934,-5.722617982997463,-0.4700569368649556
91,2025-11-16 12:00:00,34,1187.184530524088,1176.025549989781,-11.15898053430692,-0.9399533305391655
91,2025-11-16 12:00:00,35,2501.1627965157986,2356.5152025843163,-144.64759393148233,-5.783213876880831
91,2025-11-16 12:00:00,37,1080.8065973970367,1059.0081326681934,-21.798464728843328,-2.0168700654993885
91,2025-11-16 12:00:00,38,3945.89618782825,3576.766100853135,-369.13008697511486,-9.354784550940693
91,2025-11-16 12:00:00,39,3494.69464844716,2820.317097957344,-674.3775504898163,-19.29718096513727
91,2025-11-16 12:00:00,40,2780.7764719618463,2674.890744872917,-105.88572708892934,-3.8077755675998883
91,2025-11-16 12:00:00,41,2785.471195724487,2739.4761286566622,-45.99506706782495,-1.6512490647336189
91,2025-11-16 12:00:00,44,2976.3317889000155,2922.778937574128,-53.55285132588733,-1.799290372316967
91,2025-11-16 12:00:00,47,3046.437508919678,2107.9527594832543,-938.4847494364235,-30.805974082469437
91,2025-11-16 12:00:00,48,2526.089088377945,2123.584376396426,-402.504711981519,-15.933908025388597
91,2025-11-16 12:00:00,50,1283.7012402452472,1283.242028583939,-0.4592116613082453,-0.035772471577616795
91,2025-11-16 12:00:00,53,3039.4842978098386,2246.732134520757,-792.7521632890816,-26.081798279409277
91,2025-11-16 12:00:00,54,2653.1022321562223,2364.5605662901,-288.54166586612246,-10.875633150088591
91,2025-11-16 12:00:00,55,1049.747264919571,1012.593573836028,-37.153691083543094,-3.539298679324467
91,2025-11-16 12:00:00,56,1841.0680363022557,1804.542602462971,-36.52543383928469,-1.9839263470482715
92,2025-11-16 13:00:00,1,3250.717391768164,3106.5766600155143,-144.14073175264957,-4.43412066879942
92,2025-11-16 13:00:00,3,2035.6998017750725,1985.6624010190217,-50.03740075605083,-2.4579950694311425
92,2025-11-16 13:00:00,5,1184.9627008387426,1160.1271457881858,-24.835555050556877,-2.0958934009465215
92,2025-11-16 13:00:00,10,1834.046529304261,1707.2011887144708,-126.84534058979011,-6.916146267996179
92,2025-11-16 13:00:00,12,2295.5141152948545,2230.351529385848,-65.16258590900634,-2.8386924512828067
92,2025-11-16 13:00:00,13,1046.8506301087468,1014.6862415622948,-32.164388546452074,-3.072490728033553
92,2025-11-16 13:00:00,14,2060.574437364437,2030.235440799556,-30.338996564880972,-1.4723562524480236
92,2025-11-16 13:00:00,15,2615.119162083487,2339.038518788941,-276.080643294546,-10.557096108560893
92,2025-11-16 13:00:00,16,1917.0780685404304,1795.8051613539465,-121.27290718648396,-6.325924289500388
92,2025-11-16 13:00:00,17,1215.2025596937422,1179.3972642458125,-35.805295447929666,-2.946446677741807
92,2025-11-16 13:00:00,18,1131.9550743922991,1107.358672879784,-24.596401512515058,-2.172913224998781
92,2025-11-16 13:00:00,19,1129.958797453207,1093.7283713460429,-36.23042610716402,-3.206349310153884
92,2025-11-16 13:00:00,20,1048.7178850047364,1042.3815804753656,-6.336304529370864,-0.6041953341286104
92,2025-11-16 13:00:00,21,1610.2610471432986,1394.7687026661786,-215.49234447712,-13.382447824805586
92,2025-11-16 13:00:00,24,1861.258279354974,1731.8571736767017,-129.40110567827242,-6.952345470458664
92,2025-11-16 13:00:00,27,1774.0750286658165,1683.7301775087744,-90.34485115704206,-5.0925045275557155
92,2025-11-16 13:00:00,28,6360.215363924833,6239.299667615983,-120.91569630884987,-1.9011258171332404
92,2025-11-16 13:00:00,29,3550.9814780838133,3492.9273381126577,-58.054139971155564,-1.6348758879610614
92,2025-11-16 13:00:00,30,2100.801782263592,2073.821094429454,-26.980687834137825,-1.2843043099985576
92,2025-11-16 13:00:00,31,5273.96133628819,4904.4947262109445,-369.4666100772456,-7.005485753850366
92,2025-11-16 13:00:00,32,2178.97500603511,2153.340065755702,-25.6349402794076,-1.1764678442114516
92,2025-11-16 13:00:00,33,1217.321572659759,1211.225401655059,-6.096171004700182,-0.5007855887561814
92,2025-11-16 13:00:00,34,1185.7725344724656,1173.6141670168909,-12.158367455574762,-1.0253541132139528
92,2025-11-16 13:00:00,35,2500.819277440443,2356.0838700193704,-144.73540742107252,-5.787519663124454
92,2025-11-16 13:00:00,37,1078.9982450767616,1055.452067642487,-23.54617743427457,-2.182225739634957
92,2025-11-16 13:00:00,38,3946.336483030285,3577.135427145523,-369.2010558847619,-9.355539181019415
92,2025-11-16 13:00:00,39,3492.979928266065,2818.4728753271197,-674.5070529389454,-19.3103615477623
92,2025-11-16 13:00:00,40,2778.8538132465646,2670.277865623508,-108.57594762305644,-3.907220563582148
92,2025-11-16 13:00:00,41,2782.669413359117,2733.6268981725657,-49.0425151865511,-1.7624269326103355
92,2025-11-16 13:00:00,44,2972.0903129270337,2913.8129232706133,-58.27738965642038,-1.9608216278941561
92,2025-11-16 13:00:00,47,3040.8374182598186,2092.1748896848003,-948.6625285750183,-31.197410386968663
92,2025-11-16 13:00:00,48,2520.443121172282,2107.717849269673,-412.72527190260917,-16.375107552938815
92,2025-11-16 13:00:00,50,1283.9834275925673,1283.5416841616693,-0.4417434308979864,-0.03440413804454181
92,2025-11-16 13:00:00,53,3033.613872724404,2230.362980972237,-803.2508917521668,-26.478349765416574
92,2025-11-16 13:00:00,54,2648.348867646255,2350.291094184153,-298.057773462102,-11.254475462177446
92,2025-11-16 13:00:00,55,1047.2472480475274,1006.8934572299796,-40.35379081754775,-3.853320301655867
92,2025-11-16 13:00:00,56,1840.6084339458448,1803.7714731955905,-36.83696075025432,-2.0013469497846574
93,2025-11-16 14:00:00,1,3250.957278208562,3106.0284026299546,-144.9288755786074,-4.458036915774863
93,2025-11-16 14:00:00,3,2033.2961689135548,1980.7136158521316,-52.58255306142314,-2.586074466934122
93,2025-11-16 14:00:00,5,1182.4924388670845,1155.327228840603,-27.165210026481418,-2.2972840361252294
93,2025-11-16 14:00:00,10,1831.960791171188,1703.867593685028,-128.09319748616008,-6.992136409440784
93,2025-11-16 14:00:00,12,2293.030518994854,2224.067292018186,-68.96322697666801,-3.0075145710183535
93,2025-11-16 14:00:00,13,1044.593029589916,1010.0616016633808,-34.531427926535116,-3.3057302651245326
93,2025-11-16 14:00:00,14,2056.685964845779,2023.388617112157,-33.29734773362202,-1.6189806466695478
93,2025-11-16 14:00:00,15,2609.858402673706,2323.21641123926,-286.641991434446,-10.983047629740817
93,2025-11-16 14:00:00,16,1913.051271742287,1784.47567213431,-128.5755996079772,-6.720969871909319
93,2025-11-16 14:00:00,17,1213.1781813416017,1175.5457445796874,-37.63243676191428,-3.1019711152650458
93,2025-11-16 14:00:00,18,1129.956830248968,1103.2323907003172,-26.724439548650707,-2.365085004421134
93,2025-11-16 14:00:00,19,1128.0083580695928,1090.3431606994352,-37.66519737015756,-3.339088500604336
93,2025-11-16 14:00:00,20,1047.9672124030128,1041.0371879360175,-6.930024466995292,-0.6612825654253617
93,2025-11-16 14:00:00,21,1605.333403681755,1381.4994062829894,-223.83399739876563,-13.94314706748225
93,2025-11-16 14:00:00,24,1856.2009258353835,1719.401199266339,-136.79972656904442,-7.369877078769244
93,2025-11-16 14:00:00,27,1770.2831155300576,1673.5363061417886,-96.74680938826896,-5.46504728760863
93,2025-11-16 14:00:00,28,6361.839201818309,6241.147967652898,-120.69123416541152,-1.8971123025384884
93,2025-11-16 14:00:00,29,3550.4700639876687,3491.395643836822,-59.07442015084689,-1.6638478591901757
93,2025-11-16 14:00:00,30,2099.150271051797,2070.3751580851986,-28.7751129665985,-1.3707981445359072
93,2025-11-16 14:00:00,31,5277.149524186526,4907.656177095455,-369.493347091071,-7.001760048632097
93,2025-11-16 14:00:00,32,2177.623048175617,2150.449981709228,-27.173066466389173,-1.247831505510304
93,2025-11-16 14:00:00,33,1217.1890060540466,1210.6512715663584,-6.5377344876881125,-0.5371174447986937
93,2025-11-16 14:00:00,34,1184.188602293284,1170.8542839740626,-13.334318319221438,-1.1260299494015036
93,2025-11-16 14:00:00,35,2500.4204361382667,2355.570105398285,-144.85033073998193,-5.793038988422829
93,2025-11-16 14:00:00,37,1076.9593253734265,1051.3563883560785,-25.60293701734804,-2.3773355607901383
93,2025-11-16 14:00:00,38,3946.8256953810487,3577.5544655289564,-369.27122985209235,-9.356157539063576
93,2025-11-16 14:00:00,39,3491.0261590341497,2816.32226050119,-674.7038985329596,-19.326807299537037
93,2025-11-16 14:00:00,40,2776.6684987515414,2664.9449956957496,-111.72350305579175,-4.023652917372938
93,2025-11-16 14:00:00,41,2779.505487395056,2726.8910978786244,-52.61438951643186,-1.8929406599496192
93,2025-11-16 14:00:00,44,2967.312871217616,2903.50151046618,-63.811360751435586,-2.150476323895399
93,2025-11-16 14:00:00,47,3034.522763283276,2074.087942429585,-960.4348208536912,-31.650275703139734
93,2025-11-16 14:00:00,48,2514.0865842225617,2089.5372999434635,-424.5492842790982,-16.8868203244632
93,2025-11-16 14:00:00,50,1284.2985234888256,1283.8787677107755,-0.4197557780501029,-0.03268366118726252
93,2025-11-16 14:00:00,53,3026.9966523122266,2211.598883775963,-815.3977685362638,-26.937518015205182
93,2025-11-16 14:00:00,54,2642.993760535535,2333.930148922622,-309.06361161291306,-11.69369433359121
93,2025-11-16 14:00:00,55,1044.4312990650333,1000.3335454457624,-44.09775361927086,-4.222178486870972
93,2025-11-16 14:00:00,56,1840.0825912134696,1802.8712352087437,-37.211356004725985,-2.0222655321240994
94,2025-11-16 15:00:00,1,3251.400436305928,3104.945654113953,-146.45478219197503,-4.504360046108911
94,2025-11-16 15:00:00,3,2028.6822006184848,1970.898897669652,-57.7833029488329,-2.848317145544851
94,2025-11-16 15:00:00,5,1177.7856679101938,1145.8529960500869,-31.932671860106893,-2.7112464287977533
94,2025-11-16 15:00:00,10,1827.941476966776,1697.180723595951,-130.7607533708251,-7.153443095333942
94,2025-11-16 15:00:00,12,2288.2500526812114,2211.5827692204884,-76.66728346072296,-3.3504766391631717
94,2025-11-16 15:00:00,13,1040.2769259329696,1000.8951242050556,-39.38180172791397,-3.785703666607284
94,2025-11-16 15:00:00,14,2049.311551141038,2009.956877568001,-39.35467357303696,-1.9203850947468013
94,2025-11-16 15:00:00,15,2599.8234656847094,2292.099661020733,-307.72380466397635,-11.836334609855205
94,2025-11-16 15:00:00,16,1905.3648710619389,1762.146370260312,-143.21850080162676,-7.516591860004491
94,2025-11-16 15:00:00,17,1209.300599274792,1167.9004828222337,-41.40011645255822,-3.42347605528233
94,2025-11-16 15:00:00,18,1126.1368798753913,1095.0587107578035,-31.078169117587777,-2.7597150642137414
94,2025-11-16 15:00:00,19,1124.273918758818,1083.6158131241718,-40.65810563464606,-3.616387870985393
94,2025-11-16 15:00:00,20,1046.5451316459612,1038.4018008452465,-8.143330800714693,-0.7781155876103703
94,2025-11-16 15:00:00,21,1595.9537980414798,1355.4339710812012,-240.51982696027858,-15.070600869238154
94,2025-11-16 15:00:00,24,1846.5829836377457,1694.8999502577017,-151.68303338004398,-8.21425490888204
94,2025-11-16 15:00:00,27,1763.0431048494004,1653.427547747702,-109.61555710169841,-6.217406528529647
94,2025-11-16 15:00:00,28,6364.943043221062,6244.811121597586,-120.13192162347605,-1.8873997898759158
94,2025-11-16 15:00:00,29,3549.4593367999164,3488.314577451009,-61.14475934890743,-1.722649946006528
94,2025-11-16 15:00:00,30,2095.974807261493,2063.533119020432,-32.441688241061,-1.5478090733088468
94,2025-11-16 15:00:00,31,5283.247392309043,4913.934397675624,-369.3129946334193,-6.99026502470881
94,2025-11-16 15:00:00,32,2175.0144800577555,2144.6968170567843,-30.31766300097115,-1.393906260346648
94,2025-11-16 15:00:00,33,1216.9093978128092,1209.4622229771285,-7.447174835680698,-0.6119744698385721
94,2025-11-16 15:00:00,34,1181.1865438848863,1165.4444078595727,-15.742136025313584,-1.3327391940597446
94,2025-11-16 15:00:00,35,2499.6269724493386,2354.5068550820997,-145.1201173672389,-5.80567096477753
94,2025-11-16 15:00:00,37,1073.06544071776,1043.25149507151,-29.813945646250204,-2.7783902560787
94,2025-11-16 15:00:00,38,3947.741178415015,3578.371687508852,-369.3694909061628,-9.356476886725932
94,2025-11-16 15:00:00,39,3487.23889227484,2811.9956977776383,-675.2431944972018,-19.36326174822851
94,2025-11-16 15:00:00,40,2772.4465498637564,2654.340884032923,-118.10566583083346,-4.259979902466917
94,2025-11-16 15:00:00,41,2773.4496989877457,2713.569226106521,-59.880472881224705,-2.1590610748440793
94,2025-11-16 15:00:00,44,2958.202732042944,2883.1417127571726,-75.06101928577118,-2.5373859091102187
94,2025-11-16 15:00:00,47,3022.461427721937,2038.5361788749944,-983.9252488469426,-32.55377355100072
94,2025-11-16 15:00:00,48,2501.972695416063,2053.827221654319,-448.1454737617437,-17.9116852307303
94,2025-11-16 15:00:00,50,1284.8914756397924,1284.5213890555603,-0.3700865842320127,-0.028802944937255003
94,2025-11-16 15:00:00,53,3014.3636490855724,2174.719247426987,-839.6444016585856,-27.85478128736383
94,2025-11-16 15:00:00,54,2632.77863659782,2301.76747906138,-331.0111575364399,-12.572692323430028
94,2025-11-16 15:00:00,55,1039.0611291727191,987.3634895409368,-51.697639631782295,-4.975418498519233
94,2025-11-16 15:00:00,56,1839.057210980303,1801.0564026282718,-38.00080835203107,-2.0663200755877993
95,2025-11-16 16:00:00,1,3251.62320418174,3104.3675715304503,-147.25563265128994,-4.528680705129434
95,2025-11-16 16:00:00,3,2026.280430326711,1965.605611559345,-60.67481876736588,-2.994393957483114
95,2025-11-16 16:00:00,5,1175.3526263448591,1140.7642789432757,-34.588347401583405,-2.942805982332903
95,2025-11-16 16:00:00,10,1825.841593068064,1693.5358213871596,-132.3057716809044,-7.24628972103673
95,2025-11-16 16:00:00,12,2285.755207599213,2204.838415602287,-80.9167919969259,-3.5400462712678173
95,2025-11-16 16:00:00,13,1038.0385981427485,995.9518188692758,-42.086779273472644,-4.05445224761141
95,2025-11-16 16:00:00,14,2045.5168172923948,2002.7857689595712,-42.73104833282355,-2.0890098762123936
95,2025-11-16 16:00:00,15,2594.630517871775,2275.44319981831,-319.1873180534649,-12.30184089237013
95,2025-11-16 16:00:00,16,1901.3845644017567,1750.168189768804,-151.2163746329527,-7.952961092882898
95,2025-11-16 16:00:00,17,1207.286120857204,1163.7726688313353,-43.51345202586867,-3.6042369140277213
95,2025-11-16 16:00:00,18,1124.1560555252113,1090.6535793664982,-33.50247615871308,-2.980233571135331
95,2025-11-16 16:00:00,19,1122.3345615386145,1079.9797383965183,-42.354823142096166,-3.77381438597344
95,2025-11-16 16:00:00,20,1045.8141036643387,1036.9957289649335,-8.81837469940524,-0.8432067103041821
95,2025-11-16 16:00:00,21,1591.1096426135691,1341.4941383273865,-249.6155042861826,-15.688139748569574
95,2025-11-16 16:00:00,24,1841.6199888316776,1681.7802745442357,-159.8397142874419,-8.679299489404658
95,2025-11-16 16:00:00,27,1759.2929545145462,1642.631450449269,-116.66150406527709,-6.631158487045058
95,2025-11-16 16:00:00,28,6366.552524840288,6246.787968110612,-119.76455672967586,-1.8811524174565777
95,2025-11-16 16:00:00,29,3548.919259032666,3486.6326848707745,-62.28657416189162,-1.755085692731966
95,2025-11-16 16:00:00,30,2094.3193085518205,2059.8391993275163,-34.480109224304215,-1.6463635264933174
95,2025-11-16 16:00:00,31,5286.411697152489,4917.329775062701,-369.08192208978835,-6.981709772785826
95,2025-11-16 16:00:00,32,2173.650117822881,2141.5835305740056,-32.066587248875294,-1.4752414377063157
95,2025-11-16 16:00:00,33,1216.7515118376446,1208.795045279404,-7.956466558240663,-0.6539105545243261
95,2025-11-16 16:00:00,34,1179.6426457388204,1162.558341381655,-17.084304357165365,-1.4482609982674302
95,2025-11-16 16:00:00,35,2499.200582994483,2353.9124290988166,-145.28815389566626,-5.813385083384762
95,2025-11-16 16:00:00,37,1071.0481595698154,1038.8876704106988,-32.16048915911665,-3.002711770872549
95,2025-11-16 16:00:00,38,3948.206968959803,3578.8093021301515,-369.39766682965137,-9.356086692865878
95,2025-11-16 16:00:00,39,3485.2499849013293,2809.6341300445374,-675.6158548567919,-19.385004168529367
95,2025-11-16 16:00:00,40,2770.235813817517,2648.609882987404,-121.6259308301128,-4.390454062555291
95,2025-11-16 16:00:00,41,2770.306035719206,2706.402983333429,-63.9030523857773,-2.306714549289399
95,2025-11-16 16:00:00,44,2953.4899301468977,2872.203350042612,-81.2865801042858,-2.7522213390530457
95,2025-11-16 16:00:00,47,3016.211912989829,2019.5117659979828,-996.7001469918464,-33.044765279899195
95,2025-11-16 16:00:00,48,2495.709345555128,2034.732529519576,-460.976816035552,-18.470773323686682
95,2025-11-16 16:00:00,50,1285.1942284013946,1284.8544237073236,-0.33980469407106284,-0.026439948652254165
95,2025-11-16 16:00:00,53,3007.82094672762,2154.986584771879,-852.8343619557413,-28.353893967112253
95,2025-11-16 16:00:00,54,2627.4923305106126,2284.55828191472,-342.9340485958928,-13.051762116057208
95,2025-11-16 16:00:00,55,1036.2826746073192,980.3836713399228,-55.89900326739644,-5.3941848722481405
95,2025-11-16 16:00:00,56,1838.5157619372733,1800.063421884202,-38.45234005307134,-2.0914881911348693
96,2025-11-16 17:00:00,1,3251.6128103385363,3104.3950385810936,-147.21777175744273,-4.527530808384144
96,2025-11-16 17:00:00,3,2026.393680011676,1965.858307825186,-60.535372186489894,-2.987345094075752
96,2025-11-16 17:00:00,5,1175.4671013409113,1141.0069195880892,-34.46018175282211,-2.9316160114997465
96,2025-11-16 17:00:00,10,1825.9407211620016,1693.7104061175628,-132.23031504443884,-7.241763848734882
96,2025-11-16 17:00:00,12,2285.8729407860847,2205.1605567434867,-80.71238404259793,-3.5309217149594456
96,2025-11-16 17:00:00,13,1038.1440197664415,996.1878302593605,-41.956189507081035,-4.041461368387039
96,2025-11-16 17:00:00,14,2045.6951015073969,2003.1270389015472,-42.56806260584972,-2.0808605629686894
96,2025-11-16 17:00:00,15,2594.874931980992,2276.23657407918,-318.638357901812,-12.279526615124974
96,2025-11-16 17:00:00,16,1901.5719447963168,1750.7391280788063,-150.83281671751047,-7.932006839408153
96,2025-11-16 17:00:00,17,1207.3810517204083,1163.9698090169568,-43.411242703451535,-3.5954881552592246
96,2025-11-16 17:00:00,18,1124.249345710349,1090.8638519842016,-33.38549372614739,-2.969580889998473
96,2025-11-16 17:00:00,19,1122.425941087958,1080.1534508326358,-42.27249025532228,-3.7661718878617427
96,2025-11-16 17:00:00,20,1045.848437940759,1037.0626298403452,-8.78580810041376,-0.8400651357966099
96,2025-11-16 17:00:00,21,1591.337498688653,1342.157960987338,-249.1795377013152,-15.658497201671702
96,2025-11-16 17:00:00,24,1841.8533714475795,1682.4052789261088,-159.4480925214707,-8.656937354147505
96,2025-11-16 17:00:00,27,1759.4695150978434,1643.1461829016648,-116.32333219617863,-6.6112729546047255
96,2025-11-16 17:00:00,28,6366.476721791748,6246.693547113495,-119.78317467825309,-1.8814672528095249
96,2025-11-16 17:00:00,29,3548.9449276001283,3486.713258702889,-62.23166889723916,-1.753525911694593
96,2025-11-16 17:00:00,30,2094.397406424785,2060.015599768942,-34.381806655842865,-1.641608538588381
96,2025-11-16 17:00:00,31,5286.262627404294,4917.167479811276,-369.0951475930178,-6.982156839495772
96,2025-11-16 17:00:00,32,2173.7145459138555,2141.7323085244125,-31.98223738944307,-1.4713172642453545
96,2025-11-16 17:00:00,33,1216.7591385816822,1208.8272879931378,-7.931850588544421,-0.6518833791369917
96,2025-11-16 17:00:00,34,1179.7151677764305,1162.6956541143984,-17.019513662032068,-1.4426799050241135
96,2025-11-16 17:00:00,35,2499.220881910967,2353.9411034888326,-145.2797784221343,-5.813002743120879
96,2025-11-16 17:00:00,37,1071.143138911851,1039.095906692767,-32.04723221908421,-2.991872052846292
96,2025-11-16 17:00:00,38,3948.1851552600174,3578.788411447468,-369.3967438125492,-9.356115006927066
96,2025-11-16 17:00:00,39,3485.344017922672,2809.7472559836747,-675.5967619389971,-19.38393336396288
96,2025-11-16 17:00:00,40,2770.340245143076,2648.8836302260474,-121.45661491702867,-4.384176821961303
96,2025-11-16 17:00:00,41,2770.454140305043,2706.74481745363,-63.70932285141316,-2.299598536014691
96,2025-11-16 17:00:00,44,2953.7117202692207,2872.724950334394,-80.9867699348265,-2.7418643931657907
96,2025-11-16 17:00:00,47,3016.50617361022,2020.417884720957,-996.0882888892627,-33.0212580900215
96,2025-11-16 17:00:00,48,2496.0040606803163,2035.6417611100485,-460.36229957026785,-18.44397238058942
96,2025-11-16 17:00:00,50,1285.1800406384511,1284.8387328804467,-0.3413077580044046,-0.026557194106037463
96,2025-11-16 17:00:00,53,3008.128968166957,2155.9263929419176,-852.2025752250393,-28.3299879840039
96,2025-11-16 17:00:00,54,2627.7411404305712,2285.3778751425025,-342.36326528806876,-13.028804855259468
96,2025-11-16 17:00:00,55,1036.4134399054722,980.7167141371416,-55.696725768330566,-5.373987216280259
96,2025-11-16 17:00:00,56,1838.541404494347,1800.1110301812355,-38.43037431311154,-2.0902642833698395
97,2025-11-16 18:00:00,1,3251.5891925842325,3104.457272416774,-147.1319201674587,-4.524923397550235
97,2025-11-16 18:00:00,3,2026.6505874808715,1966.430378823496,-60.22020865737545,-2.971415449183533
97,2025-11-16 18:00:00,5,1175.7268785608503,1141.556328684514,-34.17054987633628,-2.906333987886947
97,2025-11-16 18:00:00,10,1826.165552694103,1694.105431201124,-132.06012149297908,-7.231552544518957
97,2025-11-16 18:00:00,12,2286.1399847032367,2205.889778536816,-80.25020616642087,-3.5102927512480444
97,2025-11-16 18:00:00,13,1038.3832129620896,996.7221173552692,-41.66109560682037,-4.012111818331309
97,2025-11-16 18:00:00,14,2046.0997746760693,2003.9000166709272,-42.19975800514203,-2.062448690305092
97,2025-11-16 18:00:00,15,2595.429547983376,2278.033309390876,-317.3962385924997,-12.229044661956381
97,2025-11-16 18:00:00,16,1901.997126821572,1752.031971451829,-149.96515536974312,-7.8846152423137426
97,2025-11-16 18:00:00,17,1207.5964233512996,1164.4160767944647,-43.18034655683482,-3.5757266021873026
97,2025-11-16 18:00:00,18,1124.4610149498185,1091.339887613448,-33.12112733637059,-2.9455113957729067
97,2025-11-16 18:00:00,19,1122.633259883267,1080.5466642793858,-42.08659560388128,-3.7489175768992893
97,2025-11-16 18:00:00,20,1045.9263745175233,1037.2141654201905,-8.712209097332789,-0.8329658099836764
97,2025-11-16 18:00:00,21,1591.8545930002406,1343.6613558025415,-248.1932371976991,-15.591451523842894
97,2025-11-16 18:00:00,24,1842.3830306727425,1683.8206741320923,-158.56235654065017,-8.60637304517245
97,2025-11-16 18:00:00,27,1759.8701404812416,1644.311702276928,-115.55843820431369,-6.566304839555599
97,2025-11-16 18:00:00,28,6366.30473058817,6246.479811377188,-119.82491921098244,-1.8821737928324405
97,2025-11-16 18:00:00,29,3549.0030838062594,3486.895566972772,-62.10751683348735,-1.7499989537027354
97,2025-11-16 18:00:00,30,2094.574558542241,2060.4149267605326,-34.15963178170841,-1.6308625368524698
97,2025-11-16 18:00:00,31,5285.924413986726,4916.800145796877,-369.1242681898493,-6.98315449258288
97,2025-11-16 18:00:00,32,2173.8606670492627,2142.0690670927456,-31.791599956517075,-1.4624488330096197
97,2025-11-16 18:00:00,33,1216.7763738983429,1208.9001379961446,-7.876235902198232,-0.6473034874078072
97,2025-11-16 18:00:00,34,1179.8797846496543,1163.0066804043868,-16.87310424526754,-1.4300697803952738
97,2025-11-16 18:00:00,35,2499.2668603043526,2354.005912372074,-145.26094793227867,-5.812142362204141
97,2025-11-16 18:00:00,37,1071.3586508375156,1039.5673559150096,-31.79129492250604,-2.967381175076503
97,2025-11-16 18:00:00,38,3948.1356175432857,3578.741122686116,-369.3944948571698,-9.356175436724849
97,2025-11-16 18:00:00,39,3485.5572420662825,2810.003221271053,-675.5540207952295,-19.381521343047933
97,2025-11-16 18:00:00,40,2770.5770797515743,2649.5033042716727,-121.07377547990154,-4.369984013971476
97,2025-11-16 18:00:00,41,2770.7901624186998,2707.51878470565,-63.27137771304979,-2.283513871646579
97,2025-11-16 18:00:00,44,2954.2150080470733,2873.9059929005384,-80.30901514653488,-2.718455323250975
97,2025-11-16 18:00:00,47,3017.173856901255,2022.4699606216063,-994.7038962796487,-32.968066921448305
97,2025-11-16 18:00:00,48,2496.672846580234,2037.700974136482,-458.97187244375186,-18.383340575535122
97,2025-11-16 18:00:00,50,1285.1478237148615,1284.8031346953394,-0.3446890195220931,-0.026820962784322465
97,2025-11-16 18:00:00,53,3008.8278909410565,2158.0547819939275,-850.773108947129,-28.275898116626298
97,2025-11-16 18:00:00,54,2628.3057306074616,2287.234027694089,-341.0717029133725,-12.976865626455984
97,2025-11-16 18:00:00,55,1036.7101703926544,981.470732847841,-55.23943754481343,-5.32833950340156
97,2025-11-16 18:00:00,56,1838.599534394793,1800.21873565412,-38.380798740672844,-2.0875018198732738
98,2025-11-16 19:00:00,1,3251.263718200704,3105.2893086076297,-145.97440959307414,-4.489774507552358
98,2025-11-16 19:00:00,3,2030.1292782609744,1974.0247294089463,-56.104548852028074,-2.7635948829863533
98,2025-11-16 19:00:00,5,1179.2570875074168,1148.8644936912929,-30.392593816123963,-2.577266156641421
98,2025-11-16 19:00:00,10,1829.2041830133576,1699.3207805841162,-129.88340242924141,-7.100541516107661
98,2025-11-16 19:00:00,12,2289.7511291973287,2215.561871984983,-74.18925721234564,-3.240057675541038
98,2025-11-16 19:00:00,13,1041.6282237478229,1003.8141305049372,-37.81409324288563,-3.6302869277897356
98,2025-11-16 19:00:00,14,2051.612134265784,2014.2147436398527,-37.397390625931166,-1.822829471581122
98,2025-11-16 19:00:00,15,2602.9621254842223,2301.9750289671365,-300.9870965170858,-11.563253017409691
98,2025-11-16 19:00:00,16,1907.7697105765108,1769.239704054019,-138.5300065224917,-7.261358944661575
98,2025-11-16 19:00:00,17,1210.5156030501016,1170.3364777357635,-40.17912531433808,-3.3191745082095503
98,2025-11-16 19:00:00,18,1127.3327903489762,1097.6608424173685,-29.671947931607747,-2.63204868922712
98,2025-11-16 19:00:00,19,1125.443860827004,1085.7603841862556,-39.683476640748495,-3.526028975944486
98,2025-11-16 19:00:00,20,1046.9885647535132,1039.2369568735778,-7.751607879935364,-0.7403717806373828
98,2025-11-16 19:00:00,21,1598.8847779615903,1363.7024335236558,-235.1823444379345,-14.709149006832575
98,2025-11-16 19:00:00,24,1849.5872581431595,1702.6767397152892,-146.91051842787033,-7.942881190442292
98,2025-11-16 19:00:00,27,1765.308557398674,1659.817932493887,-105.49062490478718,-5.975761260696329
98,2025-11-16 19:00:00,28,6363.9713464492825,6243.644418180835,-120.32692826844777,-1.890752200441365
98,2025-11-16 19:00:00,29,3549.78024757209,3489.301516187924,-60.47873138416617,-1.7037317007308055
98,2025-11-16 19:00:00,30,2096.9714373473653,2065.7132591745067,-31.258178172858607,-1.490634427162236
98,2025-11-16 19:00:00,31,5281.337782961488,4911.932937719012,-369.40484524247586,-6.994531696765163
98,2025-11-16 19:00:00,32,2175.8344196094176,2146.531986332909,-29.30243327650851,-1.346721653652697
98,2025-11-16 19:00:00,33,1217.0005255681408,1209.8478837443786,-7.152641823762224,-0.587727094071969
98,2025-11-16 19:00:00,34,1182.1228381277026,1167.15873963972,-14.96409848798271,-1.2658666261522786
98,2025-11-16 19:00:00,35,2499.879579852141,2354.851331665386,-145.0282481867548,-5.801409370099847
98,2025-11-16 19:00:00,37,1074.2839737173967,1045.8305929151895,-28.45338080220722,-2.648590270200961
98,2025-11-16 19:00:00,38,3947.457143346824,3578.112705827401,-369.3444375194231,-9.356515450507892
98,2025-11-16 19:00:00,39,3488.4316243322983,2813.3815940083555,-675.0500303239428,-19.351103963608587
98,2025-11-16 19:00:00,40,2773.7743337328234,2657.7216007024285,-116.05273303039485,-4.183928433508006
98,2025-11-16 19:00:00,41,2775.3465686886248,2717.8069945072034,-57.53957418142136,-2.0732392426438224
98,2025-11-16 19:00:00,44,2961.051719530567,2889.614164515935,-71.43755501463193,-2.4125736995217815
98,2025-11-16 19:00:00,47,3026.23610025978,2049.8169866212925,-976.4191136384875,-32.26513336334429
98,2025-11-16 19:00:00,48,2505.76007017602,2065.1545115132417,-440.6055586627781,-17.583708987422217
98,2025-11-16 19:00:00,50,1284.7071446043783,1284.320342068091,-0.386802536287405,-0.03010822644771075
98,2025-11-16 19:00:00,53,3018.31638117426,2186.420854241205,-831.8955269330554,-27.561574794535314
98,2025-11-16 19:00:00,54,2635.9736850571926,2311.9728650067686,-324.00082005042395,-12.2915043457042
98,2025-11-16 19:00:00,55,1040.740614639477,991.4895502383034,-49.251064401173494,-4.732309252506165
98,2025-11-16 19:00:00,56,1839.3809594291647,1801.6383223788928,-37.742637050271924,-2.0519206125731024
99,2025-11-16 20:00:00,1,3251.036510796136,3105.8414579214277,-145.19505287470838,-4.4661157262473195
99,2025-11-16 20:00:00,3,2032.4876235990864,1979.0247745167976,-53.46284908228881,-2.630414496085242
99,2025-11-16 20:00:00,5,1181.6643762162837,1153.6929331628728,-27.971443053410894,-2.3671224771094557
99,2025-11-16 20:00:00,10,1831.2579025053828,1702.7239263154854,-128.53397618989743,-7.0188899124502
99,2025-11-16 20:00:00,12,2292.194008555658,2221.9210311694246,-70.27297738623338,-3.0657517262473486
99,2025-11-16 20:00:00,13,1043.8350628378066,1008.483949575514,-35.35111326229264,-3.3866570036635735
99,2025-11-16 20:00:00,14,2055.385329311521,2021.0639454797924,-34.32138383172878,-1.6698272261788103
99,2025-11-16 20:00:00,15,2608.0940145126933,2317.8383871613623,-290.255627351331,-11.129032379055687
99,2025-11-16 20:00:00,16,1911.7003127162209,1780.620926250478,-131.0793864657428,-6.856691166174468
99,2025-11-16 20:00:00,17,1212.4979086961494,1174.2308920702833,-38.26701662586606,-3.1560480518284946
99,2025-11-16 20:00:00,18,1129.2859626410964,1101.8251350131368,-27.46082762795959,-2.4316983064002753
99,2025-11-16 20:00:00,19,1127.3530558796049,1089.1868791350958,-38.16617674450913,-3.3854679814328783
99,2025-11-16 20:00:00,20,1047.7162531285685,1040.5808944016828,-7.13535872688567,-0.6810392322901254
99,2025-11-16 20:00:00,21,1603.6823846412103,1376.9917392729835,-226.6906453682268,-14.13563231343618
99,2025-11-16 20:00:00,24,1854.5071496337323,1715.1670997980125,-139.3400498357198,-7.5135892500193195
99,2025-11-16 20:00:00,27,1769.010799456173,1670.0665348214318,-98.9442646347411,-5.5931973205114645
99,2025-11-16 20:00:00,28,6362.3843281434,6241.778376273603,-120.60595186979754,-1.8956093446965883
99,2025-11-16 20:00:00,29,3550.2956282312803,3490.8693570650494,-59.42627116623089,-1.6738400795044899
99,2025-11-16 20:00:00,30,2098.5942933520537,2069.198548314161,-29.39574503789254,-1.4007350125277978
99,2025-11-16 20:00:00,31,5278.220102394297,4908.735415650478,-369.4846867438191,-7.000175808815061
99,2025-11-16 20:00:00,32,2177.167166590414,2149.46196686617,-27.705199724244267,-1.272534334955658
99,2025-11-16 20:00:00,33,1217.1423477882422,1210.451325129668,-6.691022658574184,-0.5497321386223171
99,2025-11-16 20:00:00,34,1183.6589524687386,1169.9175782268087,-13.741374241929861,-1.1609234411035119
99,2025-11-16 20:00:00,35,2500.283963105503,2355.3911372572074,-144.89282584829562,-5.795054801228658
99,2025-11-16 20:00:00,37,1076.2751160864188,1049.960218515298,-26.31489757112081,-2.444997303924276
99,2025-11-16 20:00:00,38,3946.988266275846,3577.6961275614567,-369.29213871438924,-9.35630191429052
99,2025-11-16 20:00:00,39,3490.3658737133264,2815.583244802831,-674.7826289104955,-19.332719070869455
99,2025-11-16 20:00:00,40,2775.9311527953028,2663.122743993944,-112.80840880135884,-4.063804272946871
99,2025-11-16 20:00:00,41,2778.442639882887,2724.5953864509315,-53.84725343195532,-1.938037253640227
99,2025-11-16 20:00:00,44,2965.710806421593,2899.990060008236,-65.72074641335712,-2.2160200607238347
99,2025-11-16 20:00:00,47,3032.403590527196,2067.941837206832,-964.4617533203636,-31.805190982269217
99,2025-11-16 20:00:00,48,2511.955619754904,2083.3613686141207,-428.5942511407834,-17.062174497438058
99,2025-11-16 20:00:00,50,1284.4035434945415,1283.991751936208,-0.4117915583335616,-0.03206091733546449
99,2025-11-16 20:00:00,53,3024.776457267216,2205.222886691366,-819.5535705758498,-27.094682273356785
99,2025-11-16 20:00:00,54,2641.1977119160206,2328.370070836359,-312.8276410796616,-11.844158416021234
99,2025-11-16 20:00:00,55,1043.4869780788674,998.098382061598,-45.38859601726938,-4.34970411426053
99,2025-11-16 20:00:00,56,1839.9043829826817,1802.561616303362,-37.342766679319766,-2.0296036590109727
100,2025-11-16 21:00:00,1,3250.757098371596,3106.4877547686315,-144.26934360296445,-4.43802287397091
100,2025-11-16 21:00:00,3,2035.3065758125056,1984.8599190345149,-50.44665677799071,-2.478577791547307
100,2025-11-16 21:00:00,5,1184.557674013104,1159.3476380578309,-25.210035955273042,-2.1282235984226263
100,2025-11-16 21:00:00,10,1833.7057059095744,1706.6624564602123,-127.04324944936207,-6.92822458041841
100,2025-11-16 21:00:00,12,2295.108137954345,2229.332999742375,-65.77513821196999,-2.865884056800744
100,2025-11-16 21:00:00,13,1046.4808400011186,1013.936118277494,-32.54472172362466,-3.1099204571762513
100,2025-11-16 21:00:00,14,2059.936004842129,2029.1215289701288,-30.81447587200023,-1.4958948141868036
100,2025-11-16 21:00:00,15,2614.256884783811,2336.46620087077,-277.790683913041,-10.62599033514693
100,2025-11-16 21:00:00,16,1916.4181772137945,1793.9643839755156,-122.45379323827888,-6.389721966440001
100,2025-11-16 21:00:00,17,1214.8711601827065,1178.7728397536248,-36.098320429081696,-2.971370266428319
100,2025-11-16 21:00:00,18,1131.627759884432,1106.6892694175651,-24.938490466866824,-2.2037715360936074
100,2025-11-16 21:00:00,19,1129.6394637779551,1093.1797363551989,-36.45972742275626,-3.227554329663794
100,2025-11-16 21:00:00,20,1048.5945946168488,1042.162810528854,-6.431784087994856,-0.6133718522881569
100,2025-11-16 21:00:00,21,1609.4528570521138,1392.6105722647785,-216.8422847873353,-13.473043577337537
100,2025-11-16 21:00:00,24,1860.428611474833,1729.8321617034271,-130.5964497714058,-7.019696911018638
100,2025-11-16 21:00:00,27,1773.4536775796118,1682.0743393769835,-91.37933820262833,-5.152620525580446
100,2025-11-16 21:00:00,28,6360.481366175209,6239.599521869219,-120.88184430598994,-1.900514086069568
100,2025-11-16 21:00:00,29,3550.8985622394325,3492.6800746684157,-58.218487571016794,-1.6395424017491602
100,2025-11-16 21:00:00,30,2100.53173619035,2073.2625057913856,-27.269230398964282,-1.2982060651186063
100,2025-11-16 21:00:00,31,5274.483509867825,4905.007339729545,-369.4761701382804,-7.004973462274399
100,2025-11-16 21:00:00,32,2178.754173695226,2152.871950055013,-25.882223640213397,-1.1879368472449758
100,2025-11-16 21:00:00,33,1217.3005253527945,1211.1335216077018,-6.167003745092643,-0.5066130849902771
100,2025-11-16 21:00:00,34,1185.5124279195074,1173.1650558020551,-12.347372117452323,-1.0415219466843642
100,2025-11-16 21:00:00,35,2500.7547489646213,2356.00168736843,-144.7530615961914,-5.78837495584575
100,2025-11-16 21:00:00,37,1078.6641703970924,1054.7874322781668,-23.876738118925687,-2.2135469754349826
100,2025-11-16 21:00:00,38,3946.417146729546,3577.203836301848,-369.21331042769816,-9.35565847958244
100,2025-11-16 21:00:00,39,3492.6612586208585,2818.1257259174604,-674.5355327033981,-19.31293883821275
100,2025-11-16 21:00:00,40,2778.497001566064,2669.413839388199,-109.08316217786478,-3.925977322141484
100,2025-11-16 21:00:00,41,2782.1513567316038,2732.533729568898,-49.61762716270596,-1.7834265933322695
100,2025-11-16 21:00:00,44,2971.307187559031,2912.138530384304,-59.16865717472683,-1.9913342323697836
100,2025-11-16 21:00:00,47,3039.8028097527654,2089.2337810026934,-950.569028750072,-31.270746434614427
100,2025-11-16 21:00:00,48,2519.400946706789,2104.760932274431,-414.64001443235793,-16.4578811869683
100,2025-11-16 21:00:00,50,1284.0352769939525,1283.5969640585809,-0.4383129353716413,-0.03413558359531781
100,2025-11-16 21:00:00,53,3032.5295297931534,2227.3117061406265,-805.2178236525269,-26.552678737062465
100,2025-11-16 21:00:00,54,2647.471131394669,2347.630839234336,-299.8402921603333,-11.325535852108786
100,2025-11-16 21:00:00,55,1046.7856575824187,1005.8285895390688,-40.957068043349864,-3.912650860916587
100,2025-11-16 21:00:00,56,1840.5228202610267,1803.6262337085168,-36.896586552509916,-2.0046796565813385
101,2025-11-16 22:00:00,1,3250.597202302401,3106.841314035244,-143.75588826715693,-4.422445456032956
101,2025-11-16 22:00:00,3,2036.878818509458,1988.052428344876,-48.82639016458188,-2.3971180671568835
101,2025-11-16 22:00:00,5,1186.1792713791035,1162.4515882637857,-23.72768311531786,-2.000345452650764
101,2025-11-16 22:00:00,10,1835.0674759051835,1708.8013493958424,-126.26612650934112,-6.880734804972653
101,2025-11-16 22:00:00,12,2296.730572399194,2233.3838269833554,-63.34674541583854,-2.7581269730591744
101,2025-11-16 22:00:00,13,1047.9604800092786,1016.9209001943184,-31.039579814960234,-2.9619036602110618
101,2025-11-16 22:00:00,14,2062.49417035687,2033.5617175756904,-28.93245278117979,-1.4027895543662872
101,2025-11-16 22:00:00,15,2617.708493757343,2346.715690474054,-270.99280328328905,-10.352291094655767
101,2025-11-16 22:00:00,16,1919.059347548944,1801.2963580788412,-117.76298947010287,-6.136495446089867
101,2025-11-16 22:00:00,17,1216.1967314660278,1181.2567240019252,-34.940007464102564,-2.87289108415751
101,2025-11-16 22:00:00,18,1132.9374557896158,1109.3531247722728,-23.584331017342947,-2.081697528563528
101,2025-11-16 22:00:00,19,1130.9168641481774,1095.361687959401,-35.555176188776386,-3.1439248379726874
101,2025-11-16 22:00:00,20,1049.088710762866,1043.0349759413602,-6.053734821505714,-0.5770469893917378
101,2025-11-16 22:00:00,21,1612.6891973207012,1401.211815072473,-211.4773822482282,-13.113337808647426
101,2025-11-16 22:00:00,24,1863.7515197729613,1737.9008497011582,-125.85067007180305,-6.752545537139733
101,2025-11-16 22:00:00,27,1775.940478088836,1688.6686752654246,-87.27180282341146,-4.914117556311814
101,2025-11-16 22:00:00,28,6359.416954902018,6238.406189987849,-121.01076491416916,-1.902859425200775
101,2025-11-16 22:00:00,29,3551.2282724685306,3493.6610572633176,-57.56721520521296,-1.6210508249078797
101,2025-11-16 22:00:00,30,2101.6111392936195,2075.4842683122847,-26.126870981334832,-1.2431829320297776
101,2025-11-16 22:00:00,31,5272.394215707141,4902.967908107056,-369.42630760008433,-7.006803597870505
101,2025-11-16 22:00:00,32,2179.6363042365588,2154.732975616526,-24.90332862003288,-1.1425451379951914
101,2025-11-16 22:00:00,33,1217.383142249405,1211.496168450654,-5.886973798750887,-0.4835760899295272
101,2025-11-16 22:00:00,34,1186.5547744456294,1174.9555158062442,-11.599258639385198,-0.9775577907732487
101,2025-11-16 22:00:00,35,2501.0110097353577,2356.3259021464687,-144.68510758888897,-5.785064800822236
101,2025-11-16 22:00:00,37,1080.0011499183145,1057.432776096152,-22.568373822162357,-2.0896620178477874
101,2025-11-16 22:00:00,38,3946.093076279353,3576.9304484342824,-369.1626278450708,-9.355142433516612
101,2025-11-16 22:00:00,39,3493.9330676806394,2819.502909239928,-674.4301584407112,-19.302892911123077
101,2025-11-16 22:00:00,40,2779.9219603257284,2672.849363826268,-107.07259649946036,-3.851640370757547
101,2025-11-16 22:00:00,41,2784.2237918569504,2736.884840211648,-47.33895164530213,-1.7002567029185973
101,2025-11-16 22:00:00,44,2974.442113729452,2918.805402088881,-55.63671164057132,-1.8704923314447093
101,2025-11-16 22:00:00,47,3043.943259946537,2100.954229546891,-942.9890303996463,-30.979192115959766
101,2025-11-16 22:00:00,48,2523.573369546494,2116.545722700319,-407.02764684617523,-16.12901973677592
101,2025-11-16 22:00:00,50,1283.8272472301985,1283.3755912297963,-0.45165600040218123,-0.035180434234949404
101,2025-11-16 22:00:00,53,3036.869404323604,2239.47127718221,-797.3981271413941,-26.25724128953767
101,2025-11-16 22:00:00,54,2650.9846084970486,2358.231504659808,-292.7531038372408,-11.043183838144367
101,2025-11-16 22:00:00,55,1048.6334471737955,1010.0678113374393,-38.56563583635625,-3.677704152990322
101,2025-11-16 22:00:00,56,1840.864134063857,1804.2022547903011,-36.66187927355577,-1.9915581272487337
102,2025-11-16 23:00:00,1,3250.391315737784,3107.279131375533,-143.11218436225136,-4.402921693438234
102,2025-11-16 23:00:00,3,2038.859042732695,1992.01430791713,-46.844734815564834,-2.2975955587777444
102,2025-11-16 23:00:00,5,1188.230105014076,1166.3146782587771,-21.915426755298768,-1.8443756527309292
102,2025-11-16 23:00:00,10,1836.778927943373,1711.439102605735,-125.3398253376381,-6.823892817519424
102,2025-11-16 23:00:00,12,2298.770943417626,2238.406396663966,-60.36454675365985,-2.625948745633384
102,2025-11-16 23:00:00,13,1049.8283762504934,1020.6274614925048,-29.200914757988585,-2.78149413928788
102,2025-11-16 23:00:00,14,2065.737533846763,2039.1055564334315,-26.631977413331697,-1.289223678079679
102,2025-11-16 23:00:00,15,2622.0711530913272,2359.4976303861063,-262.57352270522097,-10.013973968465969
102,2025-11-16 23:00:00,16,1922.3964756522016,1810.4298366556911,-111.96663899651048,-5.824326064607673
102,2025-11-16 23:00:00,17,1217.8683538720968,1184.3383498222504,-33.53000404984641,-2.753171469087028
102,2025-11-16 23:00:00,18,1134.5908597682103,1112.662124921977,-21.928734846233283,-1.9327438307332376
102,2025-11-16 23:00:00,19,1132.5280932390865,1098.0669882520333,-34.461104987053204,-3.0428476955916155
102,2025-11-16 23:00:00,20,1049.7155579647192,1044.124400304776,-5.591157659943292,-0.5326354951606052
102,2025-11-16 23:00:00,21,1616.7845844382246,1411.9466144270357,-204.83797001118887,-12.6694658016153
102,2025-11-16 23:00:00,24,1867.9584835196176,1747.9632245724226,-119.995258947195,-6.423871836867556
102,2025-11-16 23:00:00,27,1779.08211878464,1696.8794255158489,-82.20269326879111,-4.620511464920291
102,2025-11-16 23:00:00,28,6358.07299790963,6236.923344961553,-121.14965294807735,-1.9054460838670493
102,2025-11-16 23:00:00,29,3551.636460272412,3494.867878390076,-56.76858188233609,-1.5983781706639513
102,2025-11-16 23:00:00,30,2102.9693616468558,2078.2396565463227,-24.72970510053301,-1.1759422439310736
102,2025-11-16 23:00:00,31,5269.756889569273,4900.4359471835705,-369.32094238570244,-7.008310822017619
102,2025-11-16 23:00:00,32,2180.744119141219,2157.037565960949,-23.70655318027002,-1.087085503163283
102,2025-11-16 23:00:00,33,1217.481238421856,1211.935230054213,-5.546008367643026,-0.45553132094519716
102,2025-11-16 23:00:00,34,1187.8767504941725,1177.191957362763,-10.684793131409378,-0.8994866788127945
102,2025-11-16 23:00:00,35,2501.326953523116,2356.7176052275963,-144.6093482955198,-5.781305322434466
102,2025-11-16 23:00:00,37,1081.6899043096676,1060.7205429719425,-20.969361337725104,-1.9385741934152294
102,2025-11-16 23:00:00,38,3945.6787678915816,3576.5859611435667,-369.09280674801494,-9.354355193624743
102,2025-11-16 23:00:00,39,3495.525753512983,2821.1967675593114,-674.3289859536717,-19.291203484224795
102,2025-11-16 23:00:00,40,2781.71009667978,2677.105585776806,-104.60451090297374,-3.760438984199993
102,2025-11-16 23:00:00,41,2786.838192166012,2742.292851440124,-44.545340725887854,-1.5984186254913464
102,2025-11-16 23:00:00,44,2978.405075626641,2927.1010014951444,-51.30407413149669,-1.7225351430984444
102,2025-11-16 23:00:00,47,3049.1727702972994,2115.576719552405,-933.5960507448945,-30.61801088607607
102,2025-11-16 23:00:00,48,2528.849846839622,2131.253484355228,-397.5963624843939,-15.72241875021887
102,2025-11-16 23:00:00,50,1283.562456750736,1283.095357015677,-0.46709973505880953,-0.0363908848067468
102,2025-11-16 23:00:00,53,3042.352312902449,2254.6419423532366,-787.7103705492123,-25.891490844389583
102,2025-11-16 23:00:00,54,2655.4254186039598,2371.454391299577,-283.9710273043829,-10.693993712452876
102,2025-11-16 23:00:00,55,1050.9693208689696,1015.3402241977886,-35.629096671180946,-3.390117671724409
102,2025-11-16 23:00:00,56,1841.290126210879,1804.9101708588744,-36.37995535200457,-1.9757861530963348
103,2025-11-17 00:00:00,1,3250.170284731616,3107.727426584604,-142.44285814701198,-4.382627544660302
103,2025-11-17 00:00:00,3,2040.9293559832647,1996.0897967893025,-44.83955919396226,-2.19701671998146
103,2025-11-17 00:00:00,5,1190.3847745988144,1170.3026045176182,-20.082170081196182,-1.687031832876417
103,2025-11-17 00:00:00,10,1838.5636789599464,1714.132299504731,-124.43137945521539,-6.7678580230413745
103,2025-11-17 00:00:00,12,2300.900341718152,2243.567643462611,-57.33269825554089,-2.4917506080567065
103,2025-11-17 00:00:00,13,1051.786659345895,1024.4439126909442,-27.342746654950815,-2.599647600774404
103,2025-11-17 00:00:00,14,2069.154991750584,2044.8498159826536,-24.30517576793045,-1.1746425891164076
103,2025-11-17 00:00:00,15,2626.651533917693,2372.7242148466294,-253.92731907106372,-9.66733941644429
103,2025-11-17 00:00:00,16,1925.8987236948592,1819.869019587757,-106.02970410710213,-5.505466242985141
103,2025-11-17 00:00:00,17,1219.6186486040006,1187.507588632645,-32.111059971355644,-2.632877088925345
103,2025-11-17 00:00:00,18,1136.3243123127002,1116.070347442159,-20.253964870541267,-1.7824105892198552
103,2025-11-17 00:00:00,19,1134.2155861645022,1100.8470750585327,-33.368511105969446,-2.9419901747964348
103,2025-11-17 00:00:00,20,1050.3765331517295,1045.2538039284111,-5.122729223318402,-0.4877040815018295
103,2025-11-17 00:00:00,21,1621.0903595348193,1423.065678353043,-198.02468118177626,-12.215523953803569
103,2025-11-17 00:00:00,24,1872.3840451710596,1758.3761942735073,-114.00785089755232,-6.088913820408924
103,2025-11-17 00:00:00,27,1782.37867401011,1705.3603405081628,-77.01833350194715,-4.321098239391877
103,2025-11-17 00:00:00,28,6356.663653483779,6235.394983677694,-121.2686698060852,-1.9077408593047664
103,2025-11-17 00:00:00,29,3552.054343662844,3496.0959519285966,-55.95839173424747,-1.5753810702272004
103,2025-11-17 00:00:00,30,2104.3877804184744,2081.0718325271755,-23.315947891298947,-1.107968222789356
103,2025-11-17 00:00:00,31,5266.991963861019,4897.828773382068,-369.16319047895104,-7.008994754727751
103,2025-11-17 00:00:00,32,2181.898318532909,2159.402142661821,-22.49617587108787,-1.0310368581343479
103,2025-11-17 00:00:00,33,1217.5764125221804,1212.3735694830916,-5.202843039088748,-0.42731141845226644
103,2025-11-17 00:00:00,34,1189.2702311533878,1179.5103964271643,-9.759834726223517,-0.8206574477827595
103,2025-11-17 00:00:00,35,2501.648717854891,2357.1071631451723,-144.54155470971864,-5.777851769438671
103,2025-11-17 00:00:00,37,1083.4615409184112,1064.1090224415889,-19.352518476822297,-1.7861749352374674
103,2025-11-17 00:00:00,38,3945.237712408456,3576.224226599801,-369.0134858086549,-9.353390409101168
103,2025-11-17 00:00:00,39,3497.1793534788803,2822.9198717659224,-674.259481712958,-19.280094429307052
103,2025-11-17 00:00:00,40,2783.571334208073,2681.4745146819087,-102.09681952616438,-3.667835570494225
103,2025-11-17 00:00:00,41,2789.57672978581,2747.8661521025992,-41.710577683210886,-1.4952296252633823
103,2025-11-17 00:00:00,44,2982.566467799412,2935.6623451417727,-46.904122657639164,-1.5726094678535638
103,2025-11-17 00:00:00,47,3054.658554852275,2130.716185909836,-923.9423689424389,-30.24699331697062
103,2025-11-17 00:00:00,48,2534.393085547679,2146.4870154230093,-387.9060701246699,-15.30567899418191
103,2025-11-17 00:00:00,50,1283.2821973977807,1282.80046682856,-0.4817305692206446,-0.037538942735860455
103,2025-11-17 00:00:00,53,3048.105812409961,2270.349195867439,-777.7566165425219,-25.51606356236022
103,2025-11-17 00:00:00,54,2660.087793932131,2385.1408894913875,-274.9469044407433,-10.33600864858366
103,2025-11-17 00:00:00,55,1053.4222444224029,1020.7791917902852,-32.6430526321177,-3.098762419813535
103,2025-11-17 00:00:00,56,1841.7306271549503,1805.6297512749727,-36.10087587997759,-1.960160478828825
104,2025-11-17 01:00:00,1,3250.154045655231,3107.7594808924364,-142.39456476279474,-4.381163562174727
104,2025-11-17 01:00:00,3,2041.0791931400563,1996.3822151442864,-44.696977995769885,-2.18986985639723
104,2025-11-17 01:00:00,5,1190.5411493793326,1170.5893259778395,-19.95182340149313,-1.6758617215284541
104,2025-11-17 01:00:00,10,1838.6926624496948,1714.3247186088977,-124.36794384079712,-6.763933221721862
104,2025-11-17 01:00:00,12,2301.054300066038,2243.937751485921,-57.11654858011707,-2.48219038457623
104,2025-11-17 01:00:00,13,1051.9286115997268,1024.7179082537414,-27.210703345985394,-2.586744294805762
104,2025-11-17 01:00:00,14,2069.4034131190638,2045.263666755264,-24.13974636379976,-1.166507516647788
104,2025-11-17 01:00:00,15,2626.9838265102185,2373.6764601657696,-253.30736634444884,-9.642517163151004
104,2025-11-17 01:00:00,16,1926.152744186157,1820.548112380156,-105.60463180600095,-5.4826717208567635
104,2025-11-17 01:00:00,17,1219.7454332757288,1187.7349607495978,-32.010472526131025,-2.624356825027351
104,2025-11-17 01:00:00,18,1136.4499682516534,1116.3150784292247,-20.134889822428704,-1.7717357019600946
104,2025-11-17 01:00:00,19,1134.337839320527,1101.0464412754288,-33.291398045098276,-2.934875033794161
104,2025-11-17 01:00:00,20,1050.4246004150075,1045.3351974652076,-5.089402949799933,-0.4845091163886664
104,2025-11-17 01:00:00,21,1621.402976351699,1423.8666501649734,-197.53632618672555,-12.183049437296575
104,2025-11-17 01:00:00,24,1872.7054595235616,1759.1259096313415,-113.57954989222003,-6.064998065478807
104,2025-11-17 01:00:00,27,1782.6177541172306,1705.970304034989,-76.64745008224145,-4.299713155285946
104,2025-11-17 01:00:00,28,6356.561476808187,6235.285182784503,-121.27629402368348,-1.9078914672053138
104,2025-11-17 01:00:00,29,3552.0842219485407,3496.183510971817,-55.90071097672353,-1.573743962243623
104,2025-11-17 01:00:00,30,2104.4903716645945,2081.274951443839,-23.215420220755277,-1.1031373929448065
104,2025-11-17 01:00:00,31,5266.79153367607,4897.641562808503,-369.1499708675665,-7.009010485932606
104,2025-11-17 01:00:00,32,2181.9816879575114,2159.5715519227865,-22.41013603472493,-1.0270542671557612
104,2025-11-17 01:00:00,33,1217.5829989220058,1212.4044820485517,-5.1785168734541,-0.42531120080018614
104,2025-11-17 01:00:00,34,1189.3715480418991,1179.6774768140635,-9.694071227835593,-0.8150582754224495
104,2025-11-17 01:00:00,35,2501.67165254109,2357.1345592358603,-144.53709330522997,-5.77762046263807
104,2025-11-17 01:00:00,37,1083.5900105364908,1064.3524215004172,-19.237589036073587,-1.775356809218734
104,2025-11-17 01:00:00,38,3945.2054601712334,3576.197943415101,-369.00751675613265,-9.353315574599167
104,2025-11-17 01:00:00,39,3497.2985533607825,2823.0426979835893,-674.2558553771933,-19.279333608200442
104,2025-11-17 01:00:00,40,2783.705699990882,2681.7875931332173,-101.9181068576645,-3.6612385733879242
104,2025-11-17 01:00:00,41,2789.7751416383885,2748.2664560501453,-41.508685588243225,-1.4878864238451084
104,2025-11-17 01:00:00,44,2982.868389185008,2936.2777852013583,-46.590603983649544,-1.5619396468370241
104,2025-11-17 01:00:00,47,3055.0563400395104,2131.806507983772,-923.2498320557384,-30.220386444454185
104,2025-11-17 01:00:00,48,2534.795371636409,2147.584337080211,-387.21103455619823,-15.27583010798316
104,2025-11-17 01:00:00,50,1283.2617746751612,1282.779042363245,-0.48273231191615196,-0.037617602381895036
104,2025-11-17 01:00:00,53,3048.523088097412,2271.4804139198955,-777.0426741775163,-25.48915168828424
104,2025-11-17 01:00:00,54,2660.4260327414986,2386.12639226173,-274.29964047976864,-10.310365223614586
104,2025-11-17 01:00:00,55,1053.6002168145455,1021.1701005609108,-32.430116253634765,-3.0780286237681276
104,2025-11-17 01:00:00,56,1841.762307443464,1805.681025097079,-36.081282346384796,-1.9590629149354755
105,2025-11-17 02:00:00,1,3250.1138984747336,3107.838211757184,-142.27568671754943,-4.377560022875472
105,2025-11-17 02:00:00,3,2041.4482984930032,1997.1011217129544,-44.34717678004881,-2.1723389621371205
105,2025-11-17 02:00:00,5,1190.9266137116297,1171.2945739706463,-19.632039740983373,-1.6484676314183928
105,2025-11-17 02:00:00,10,1839.010288084204,1714.7973004460885,-124.21298763811546,-6.754338920393688
105,2025-11-17 02:00:00,12,2301.4334665713386,2244.847533222031,-56.58593334930765,-2.458725580001625
105,2025-11-17 02:00:00,13,1052.2784251752717,1025.391623887979,-26.886801287292656,-2.555103349459463
105,2025-11-17 02:00:00,14,2070.0160059072487,2046.282109218536,-23.733896688712548,-1.1465561918836678
105,2025-11-17 02:00:00,15,2627.802854393563,2376.019449710735,-251.78340468282795,-9.581518045079292
105,2025-11-17 02:00:00,16,1926.7788156856177,1822.21873615832,-104.5600795272976,-5.426677866503911
105,2025-11-17 02:00:00,17,1220.0578158731637,1188.2939418543283,-31.763874018835395,-2.6034728523174793
105,2025-11-17 02:00:00,18,1136.7596233076958,1116.9168613998024,-19.84276190789342,-1.7455547770210007
105,2025-11-17 02:00:00,19,1134.63906708027,1101.5365206896972,-33.1025463905728,-2.9174516681991665
105,2025-11-17 02:00:00,20,1050.543143145839,1045.5355127342968,-5.007630411542095,-0.4766706102661149
105,2025-11-17 02:00:00,21,1622.1736523739182,1425.837705505152,-196.3359468687663,-12.103263209918664
105,2025-11-17 02:00:00,24,1873.497882335957,1760.9706016265804,-112.52728070937656,-6.006266768184053
105,2025-11-17 02:00:00,27,1783.2069904368093,1707.4707551132665,-75.73623532354281,-4.247192599048228
105,2025-11-17 02:00:00,28,6356.309672472038,6235.015150425759,-121.29452204627887,-1.908253818588831
105,2025-11-17 02:00:00,29,3552.1576078270614,3496.39844441572,-55.75916341134143,-1.5697266159721621
105,2025-11-17 02:00:00,30,2104.743053909577,2081.774263086368,-22.96879082320902,-1.0912871659343075
105,2025-11-17 02:00:00,31,5266.297606782651,4897.181210263265,-369.1163965193864,-7.00903032984669
105,2025-11-17 02:00:00,32,2182.186961338473,2159.987895255716,-22.19906608275687,-1.0172852498917317
105,2025-11-17 02:00:00,33,1217.5990467058214,1212.4801664795982,-5.118880226223155,-0.4204077064672591
105,2025-11-17 02:00:00,34,1189.621402650547,1180.088670624669,-9.532732025877976,-0.8013248588700981
105,2025-11-17 02:00:00,35,2501.7279412338844,2357.2015841002108,-144.52635713367363,-5.777061316363256
105,2025-11-17 02:00:00,37,1083.906626181184,1064.9509791633575,-18.95564701782655,-1.748826564942316
105,2025-11-17 02:00:00,38,3945.1258134227705,3576.133124495963,-368.99268892680766,-9.353128553501607
105,2025-11-17 02:00:00,39,3497.5919049083627,2823.3441853082263,-674.2477196001364,-19.27748399274162
105,2025-11-17 02:00:00,40,2784.0364933089318,2682.5570568028525,-101.47943650607931,-3.645046921977204
105,2025-11-17 02:00:00,41,2790.264029496303,2749.2508420504814,-41.013187445821586,-1.4698676187007744
105,2025-11-17 02:00:00,44,2983.612572899709,2937.791522912992,-45.821049986716844,-1.5357573702065597
105,2025-11-17 02:00:00,47,3056.036680510322,2134.4894511299744,-921.5472293803477,-30.15497933180763
105,2025-11-17 02:00:00,48,2535.7870010905094,2150.284632298877,-385.5023687916323,-15.202474364993902
105,2025-11-17 02:00:00,50,1283.2113844019996,1282.7262163327282,-0.48516806927136713,-0.03780889689483736
105,2025-11-17 02:00:00,53,3049.551508715977,2274.263990563382,-775.2875181525951,-25.42300124909293
105,2025-11-17 02:00:00,54,2661.2597154527007,2388.5512962668704,-272.7084191858303,-10.247343301457539
105,2025-11-17 02:00:00,55,1054.0388916811703,1022.1315424698944,-31.907349211275914,-3.0271510342834076
105,2025-11-17 02:00:00,56,1841.8402297066543,1805.8068709703232,-36.03335873633114,-1.956378091604074
106,2025-11-17 03:00:00,1,3250.1855629018414,3107.6971591822125,-142.48840371962888,-4.38400826543614
106,2025-11-17 03:00:00,3,2040.7881018702303,1995.8138201387965,-44.97428173143385,-2.2037702831674815
106,2025-11-17 03:00:00,5,1190.2374116537912,1170.032078580268,-20.205333073523207,-1.697588470643738
106,2025-11-17 03:00:00,10,1838.4420606160472,1713.9505970205726,-124.49146359547467,-6.771573946353174
106,2025-11-17 03:00:00,12,2300.755183065022,2243.218318769294,-57.53686429572781,-2.5007816876491096
106,2025-11-17 03:00:00,13,1051.6528665638962,1024.185344363901,-27.467522199995074,-2.611843039970091
106,2025-11-17 03:00:00,14,2068.920936718248,2044.4594478651384,-24.461488853109586,-1.182330770547025
106,2025-11-17 03:00:00,15,2626.3383753399244,2371.82591880599,-254.51245653393426,-9.690771719428307
106,2025-11-17 03:00:00,16,1925.659323112804,1819.228341214036,-106.4309818987681,-5.526989152303625
106,2025-11-17 03:00:00,17,1219.4991401601608,1187.292998552769,-32.20614160739183,-2.640931883163287
106,2025-11-17 03:00:00,18,1136.20587925563,1115.839401291889,-20.366477963740863,-1.7924989067195891
106,2025-11-17 03:00:00,19,1134.1003513701337,1100.6589056031908,-33.441445766942934,-2.948720166301115
106,2025-11-17 03:00:00,20,1050.3312481221092,1045.177031904375,-5.154216217734074,-0.4907229245011338
106,2025-11-17 03:00:00,21,1620.7957746206798,1422.3101435305873,-198.4856310900925,-12.246183893004332
106,2025-11-17 03:00:00,24,1872.0811827194004,1757.6689590731871,-114.4122236462133,-6.111499047280481
106,2025-11-17 03:00:00,27,1782.1533512834903,1704.784857560253,-77.3684937232374,-4.341292721387715
106,2025-11-17 03:00:00,28,6356.759954919683,6235.498592248531,-121.2613626711518,-1.9075970074550963
106,2025-11-17 03:00:00,29,3552.0261308803306,3496.0132457129057,-56.01288516742488,-1.576927733736652
106,2025-11-17 03:00:00,30,2104.2910576076024,2080.880122860454,-23.41093474714853,-1.112533110023513
106,2025-11-17 03:00:00,31,5267.180872113546,4898.005437481952,-369.1754346315938,-7.0089758372671165
106,2025-11-17 03:00:00,32,2181.819704025382,2159.2422272461,-22.57747677928228,-1.0348002970927255
106,2025-11-17 03:00:00,33,1217.5701655936164,1212.344327747996,-5.22583784562039,-0.4292021924726265
106,2025-11-17 03:00:00,34,1189.1747762473722,1179.3528022461142,-9.821974001258013,-0.8259487333100686
106,2025-11-17 03:00:00,35,2501.6270525347886,2357.081237347421,-144.54581518736768,-5.778072116741213
106,2025-11-17 03:00:00,37,1083.34046164425,1063.879343890872,-19.46111775337795,-1.7963990492740074
106,2025-11-17 03:00:00,38,3945.26807516472,3576.248989211525,-369.0190859531949,-9.353460371328199
106,2025-11-17 03:00:00,39,3497.066921398842,2822.8038493502527,-674.2630720485895,-19.28081695899835
106,2025-11-17 03:00:00,40,2783.444622509045,2681.178989392479,-102.26563311656628,-3.6740674590602156
106,2025-11-17 03:00:00,41,2789.3897101001985,2747.488408199052,-41.901301901146326,-1.5021673647617053
106,2025-11-17 03:00:00,44,2982.2819346526285,2935.0816558731526,-47.200278779475866,-1.5826900277613651
106,2025-11-17 03:00:00,47,3054.2836508947594,2129.687681944334,-924.5959689504252,-30.272105496146786
106,2025-11-17 03:00:00,48,2534.0139815445687,2145.4519363722147,-388.5620451723539,-15.33385561414748
106,2025-11-17 03:00:00,50,1283.301432850059,1282.8206535448749,-0.4807793051841145,-0.03746425375029475
106,2025-11-17 03:00:00,53,3047.7125488627603,2269.282114953857,-778.4304339089031,-25.541464998048152
106,2025-11-17 03:00:00,54,2659.7690312560044,2384.2112383895897,-275.55779286641473,-10.360215102447825
106,2025-11-17 03:00:00,55,1053.2545225963545,1020.4103471398216,-32.84417545653287,-3.118351239125887
106,2025-11-17 03:00:00,56,1841.7007363658847,1805.581315477178,-36.11942088870683,-1.9611992423904367
107,2025-11-17 04:00:00,1,3250.6341321868254,3106.760708179356,-143.87342400746957,-4.4260109922207835
107,2025-11-17 04:00:00,3,2036.5183524773263,1987.3242402798664,-49.194112197459845,-2.4155987662776317
107,2025-11-17 04:00:00,5,1185.8069749932893,1161.742923022476,-24.064051970813352,-2.029339722086686
107,2025-11-17 04:00:00,10,1834.755489864701,1708.3145122718513,-126.44097759284978,-6.89143476018016
107,2025-11-17 04:00:00,12,2296.3587866542885,2232.4601424260686,-63.89864422821984,-2.7826071692097316
107,2025-11-17 04:00:00,13,1047.6209833932107,1016.2399533003762,-31.38103009283452,-2.995456428449187
107,2025-11-17 04:00:00,14,2061.906357529268,2032.5468727769503,-29.359484752317712,-1.4239000061815836
107,2025-11-17 04:00:00,15,2616.9162108408395,2344.374036748011,-272.54217409282865,-10.414631273397108
107,2025-11-17 04:00:00,16,1918.4531655144292,1799.6218849972752,-118.83128051715403,-6.194119442331535
107,2025-11-17 04:00:00,17,1215.892693443423,1180.690227488127,-35.20246595529602,-2.8951951224908017
107,2025-11-17 04:00:00,18,1132.6369490083332,1108.745332334117,-23.891616674216266,-2.109379946957786
107,2025-11-17 04:00:00,19,1130.6238531502083,1094.8641599226237,-35.75969322758465,-3.16282847986525
107,2025-11-17 04:00:00,20,1048.9751499825932,1042.8356058081304,-6.139544174462799,-0.5852897634957968
107,2025-11-17 04:00:00,21,1611.9460340701587,1399.2462267808728,-212.6998072892859,-13.195218871702519
107,2025-11-17 04:00:00,24,1862.9883515893648,1736.0574398639606,-126.93091172540426,-6.813296047563375
107,2025-11-17 04:00:00,27,1775.3697530488955,1687.162902439547,-88.20685060934852,-4.968365066368189
107,2025-11-17 04:00:00,28,6359.661193117627,6238.678485645057,-120.98270747256993,-1.902345169008318
107,2025-11-17 04:00:00,29,3551.15311070914,3493.437946736757,-57.715163972382925,-1.625251352816427
107,2025-11-17 04:00:00,30,2101.3637435729984,2074.977611479028,-26.386132093970446,-1.2556670483476355
107,2025-11-17 04:00:00,31,5272.8735779761455,4903.433122715869,-369.4404552602764,-7.006434912518354
107,2025-11-17 04:00:00,32,2179.4342555666312,2154.308792463572,-25.125463103059246,-1.152843360100664
107,2025-11-17 04:00:00,33,1217.364564935951,1211.414133033937,-5.950431902013861,-0.48879621383812255
107,2025-11-17 04:00:00,34,1186.315238255695,1174.546231556248,-11.769006699447118,-0.9920640247993223
107,2025-11-17 04:00:00,35,2500.9526713133323,2356.252601641745,-144.70006967158724,-5.785798001351241
107,2025-11-17 04:00:00,37,1079.694327590834,1056.82909779462,-22.865229796213953,-2.1177502939405146
107,2025-11-17 04:00:00,38,3946.167745093415,3576.993107010262,-369.1746380831528,-9.355269768807398
107,2025-11-17 04:00:00,39,3493.64203614424,2819.189709086702,-674.4523270575382,-19.305135445470476
107,2025-11-17 04:00:00,40,2779.5956624793243,2672.0661825796788,-107.5294798996456,-3.86852956173245
107,2025-11-17 04:00:00,41,2783.748391511414,2735.8918701569164,-47.856521354497545,-1.719139614069583
107,2025-11-17 04:00:00,44,2973.722486084183,2917.2833921668557,-56.43909391732723,-1.8979274018150427
107,2025-11-17 04:00:00,47,3042.993093014532,2098.2761509934426,-944.7169420210894,-31.045648581647235
107,2025-11-17 04:00:00,48,2522.615464034508,2113.8526263525337,-408.76283768197436,-16.2039297510777
107,2025-11-17 04:00:00,50,1283.8751122210867,1283.4264283411355,-0.4486838799512043,-0.03494762657833496
107,2025-11-17 04:00:00,53,3035.873380294804,2236.692837123157,-799.1805431716471,-26.324567696365555
107,2025-11-17 04:00:00,54,2650.178127301344,2355.809433155983,-294.36869414536113,-11.107505986592477
107,2025-11-17 04:00:00,55,1048.209283813803,1009.1001869546232,-39.109096859179886,-3.7310389693254202
107,2025-11-17 04:00:00,56,1840.7861180887417,1804.071292955082,-36.71482513365959,-1.9945187967725437
108,2025-11-17 05:00:00,1,3251.6364345805227,3104.3325389531783,-147.30389562734445,-4.530146545929799
108,2025-11-17 05:00:00,3,2026.136107965896,1965.2831207816216,-60.8529871842743,-3.003400756001856
108,2025-11-17 05:00:00,5,1175.2067775837215,1140.454661059114,-34.75211652460757,-2.9571065439274866
108,2025-11-17 05:00:00,10,1825.715250887933,1693.3129335926085,-132.40231729532456,-7.252079273092065
108,2025-11-17 05:00:00,12,2285.605158174248,2204.427274526345,-81.17788364790295,-3.5517019795644935
108,2025-11-17 05:00:00,13,1037.9042686672085,995.6506164719192,-42.253652195289305,-4.0710548622704845
108,2025-11-17 05:00:00,14,2045.2897080688635,2002.3503920092317,-42.93931605963189,-2.099424638486772
108,2025-11-17 05:00:00,15,2594.3191059263386,2274.4309459190235,-319.88816000731504,-12.330332042676547
108,2025-11-17 05:00:00,16,1901.14581415001,1749.4396808906754,-151.7061332593346,-7.979721078215215
108,2025-11-17 05:00:00,17,1207.1651514841012,1163.5210661559222,-43.64408532817902,-3.6154195865016923
108,2025-11-17 05:00:00,18,1124.0371845849693,1090.3852317708863,-33.65195281408296,-2.9938469363456464
108,2025-11-17 05:00:00,19,1122.2181191671552,1079.758027569653,-42.46009159750224,-3.7835863520911284
108,2025-11-17 05:00:00,20,1045.770368114472,1036.910381698572,-8.859986415899812,-0.8472210234713766
108,2025-11-17 05:00:00,21,1590.8193474700288,1340.6471971494502,-250.17215032057857,-15.72599369742653
108,2025-11-17 05:00:00,24,1841.3226616970628,1680.982826384453,-160.33983531260992,-8.707861943372382
108,2025-11-17 05:00:00,27,1759.067988122286,1641.9746396790763,-117.0933484432096,-6.656556155524194
108,2025-11-17 05:00:00,28,6366.649113925832,6246.908476649106,-119.74063727672637,-1.8807481790509946
108,2025-11-17 05:00:00,29,3548.886519257137,3486.529817608457,-62.35670164867997,-1.7570779260006504
108,2025-11-17 05:00:00,30,2094.2197775424465,2059.6140692835265,-34.605708258920004,-1.6524391866611814
108,2025-11-17 05:00:00,31,5286.601649061833,4917.53692855539,-369.06472050644334,-6.981133533523147
108,2025-11-17 05:00:00,32,2173.567999030429,2141.393638763856,-32.174360266572876,-1.4802555190785385
108,2025-11-17 05:00:00,33,1216.7417668009934,1208.7538410408808,-7.987925760112603,-0.6565013200059798
108,2025-11-17 05:00:00,34,1179.5502646728498,1162.3831687882755,-17.167095884574337,-1.4553933307230158
108,2025-11-17 05:00:00,35,2499.1746874334613,2353.875793516011,-145.2988939174502,-5.813875062357708
108,2025-11-17 05:00:00,37,1070.9271402318027,1038.621930832805,-32.305209398997704,-3.0165646368813874
108,2025-11-17 05:00:00,38,3948.2347471041535,3578.8359652801723,-369.39878182398115,-9.356049107640267
108,2025-11-17 05:00:00,39,3485.13011664768,2809.4897056214995,-675.6404110261806,-19.38637549854448
108,2025-11-17 05:00:00,40,2770.102702720995,2648.260506287765,-121.84219643322967,-4.398472169048009
108,2025-11-17 05:00:00,41,2770.1173131847654,2705.966773975047,-64.15053920971832,-2.3158058651301427
108,2025-11-17 05:00:00,44,2953.207347446342,2871.5377651863823,-81.6695822599595,-2.765453713589726
108,2025-11-17 05:00:00,47,3015.8369741701467,2018.3556669254788,-997.481307244668,-33.074775453309776
108,2025-11-17 05:00:00,48,2495.3338554002885,2033.5724932256007,-461.76136217468775,-18.50499327676594
108,2025-11-17 05:00:00,50,1285.2122964606724,1284.874418439383,-0.33787802128949807,-0.026289666090184124
108,2025-11-17 05:00:00,53,3007.428480441401,2153.78750878529,-853.6409716561111,-28.384414698727
108,2025-11-17 05:00:00,54,2627.1753175393687,2283.512591226962,-343.6627263124069,-13.081073197440203
108,2025-11-17 05:00:00,55,1036.1160653701795,979.9586627213343,-56.157402648845164,-5.419991497649587
108,2025-11-17 05:00:00,56,1838.4830680355667,1800.002635569013,-38.48043246655379,-2.093053405581289
109,2025-11-17 06:00:00,1,3252.31477098465,3102.1169706190835,-150.1978003655663,-4.618181539669772
109,2025-11-17 06:00:00,3,2018.4997576127128,1945.5058909231848,-72.99386668952798,-3.616243520180458
109,2025-11-17 06:00:00,5,1167.5428266183696,1121.632829732829,-45.90999688554075,-3.932189538478247
109,2025-11-17 06:00:00,10,1819.005748318356,1679.9809261587757,-139.02482215958025,-7.642901749381862
109,2025-11-17 06:00:00,12,2277.6451879442457,2179.784179359529,-97.86100858471673,-4.296587067322984
109,2025-11-17 06:00:00,13,1030.8220676787828,978.0806982152336,-52.74136946354918,-5.1164377555782075
109,2025-11-17 06:00:00,14,2033.4124209403808,1972.774903879085,-60.63751706129574,-2.9820569814977844
109,2025-11-17 06:00:00,15,2577.936447485663,2215.5446649166647,-362.3917825689982,-14.057436633957737
109,2025-11-17 06:00:00,16,1888.576446516576,1706.9549767109731,-181.62146980560283,-9.616845012580683
109,2025-11-17 06:00:00,17,1200.7762509635268,1148.6398371413466,-52.1364138221802,-4.341892486659767
109,2025-11-17 06:00:00,18,1117.7709077040306,1074.1910788604296,-43.579828843601035,-3.898815807714718
109,2025-11-17 06:00:00,19,1116.0707846529297,1066.6568136411283,-49.41397101180132,-4.427494357104584
109,2025-11-17 06:00:00,20,1043.4853735183538,1027.8332666309768,-15.652106887376931,-1.4999833523877972
109,2025-11-17 06:00:00,21,1575.5776429979232,1291.847213783547,-283.7304292143763,-18.00802584850782
109,2025-11-17 06:00:00,24,1825.725517132177,1634.3641833356778,-191.36133379649914,-10.481385728621833
109,2025-11-17 06:00:00,27,1747.2208703925508,1603.6306540715746,-143.5902163209762,-8.21820633865915
109,2025-11-17 06:00:00,28,6371.741830405445,6253.826377359709,-117.91545304573629,-1.8505999801036055
109,2025-11-17 06:00:00,29,3547.1115128331576,3479.0070805194746,-68.10443231368299,-1.91999693461248
109,2025-11-17 06:00:00,30,2088.945640253706,2044.0651852640292,-44.88045498967699,-2.1484740495318095
109,2025-11-17 06:00:00,31,5296.626523792561,4929.420970508675,-367.2055532838858,-6.932819439588397
109,2025-11-17 06:00:00,32,2169.202732683019,2127.585002058628,-41.61773062439079,-1.9185726625429391
109,2025-11-17 06:00:00,33,1216.1868095787363,1202.682226857455,-13.504582721281395,-1.1104036497451508
109,2025-11-17 06:00:00,34,1174.7218246623618,1148.5989880077882,-26.122836654573575,-2.223746601633267
109,2025-11-17 06:00:00,35,2497.7638171079743,2351.369764557776,-146.39405255019847,-5.861004613306482
109,2025-11-17 06:00:00,37,1064.5536258835302,1022.6343522895407,-41.91927359398949,-3.937732451871406
109,2025-11-17 06:00:00,38,3949.675202012543,3580.190214479804,-369.48498753273907,-9.354819539198292
109,2025-11-17 06:00:00,39,3478.735686124264,2800.660735336937,-678.074950787327,-19.49199398770032
109,2025-11-17 06:00:00,40,2763.019537761372,2627.102877856912,-135.91665990445972,-4.9191349553243064
109,2025-11-17 06:00:00,41,2760.15913489528,2678.234550251404,-81.92458464387619,-2.968110918249081
109,2025-11-17 06:00:00,44,2938.347380706409,2829.8960166265497,-108.4513640798591,-3.6908966173286935
109,2025-11-17 06:00:00,47,2996.0869135624466,1951.593857413536,-1044.4930561489107,-34.861907757775086
109,2025-11-17 06:00:00,48,2475.596855435655,1966.6225770967412,-508.9742783389138,-20.559659268485564
109,2025-11-17 06:00:00,50,1286.149103286137,1279.5628285937908,-6.586274692346251,-0.5120926240603197
109,2025-11-17 06:00:00,53,2986.764445217332,2084.523123321412,-902.24132189592,-30.20798387166646
109,2025-11-17 06:00:00,54,2610.497598630441,2222.7822648862107,-387.7153337442305,-14.852162053228458
109,2025-11-17 06:00:00,55,1027.3523125629904,955.2228973332803,-72.12941522971005,-7.020903573941929
109,2025-11-17 06:00:00,56,1836.7295538874744,1795.887041431739,-40.84251245573546,-2.223654123128333
110,2025-11-17 07:00:00,1,3252.4659297703565,3101.406213010952,-151.05971675940464,-4.644467306382218
110,2025-11-17 07:00:00,3,2016.7394137370352,1939.5054170535825,-77.23399668345269,-3.8296468129383876
110,2025-11-17 07:00:00,5,1165.7899979461813,1115.986859862036,-49.8031380841453,-4.27205055557909
110,2025-11-17 07:00:00,10,1817.4525656394155,1676.1541041211565,-141.29846151825905,-7.774533662645961
110,2025-11-17 07:00:00,12,2275.804771548705,2172.622254505981,-103.18251704272416,-4.5338914098728935
110,2025-11-17 07:00:00,13,1029.1959786797863,973.22675106826,-55.96922761152632,-5.43815063126476
110,2025-11-17 07:00:00,14,2030.7112023935804,1962.2015438096337,-68.5096585839467,-3.3736780741247205
110,2025-11-17 07:00:00,15,2574.1844485303845,2199.2397386811645,-374.9447098492201,-14.565572799698872
110,2025-11-17 07:00:00,16,1885.6952199006528,1695.1598093262878,-190.53541057436496,-10.104252721412914
110,2025-11-17 07:00:00,17,1199.3064604733531,1144.41967991181,-54.88678056154322,-4.576543391576496
110,2025-11-17 07:00:00,18,1116.3324394368965,1069.412944443318,-46.91949499357838,-4.203003812846793
110,2025-11-17 07:00:00,19,1114.657232174914,1062.9519564395516,-51.70527573536242,-4.638670457865807
110,2025-11-17 07:00:00,20,1042.966289614726,1023.0288733745028,-19.93741624022323,-1.9116069655125816
110,2025-11-17 07:00:00,21,1572.094782631346,1278.5822174820487,-293.5125651492974,-18.670157066358364
110,2025-11-17 07:00:00,24,1822.1651124578027,1621.3312340106552,-200.83387844714753,-11.021716806785717
110,2025-11-17 07:00:00,27,1744.504262073341,1592.9720087190758,-151.5322533542651,-8.686264439054407
110,2025-11-17 07:00:00,28,6372.911324399848,6255.679243851883,-117.23208054796487,-1.8395372943464718
110,2025-11-17 07:00:00,29,3546.691321497913,3476.1063417354203,-70.58497976249282,-1.9901641660961318
110,2025-11-17 07:00:00,30,2087.727829349285,2038.431308114589,-49.296521234696,-2.3612522926449193
110,2025-11-17 07:00:00,31,5298.9315071212095,4932.589474915754,-366.3420322054553,-6.9135075951279985
110,2025-11-17 07:00:00,32,2168.1911750958525,2122.2642382758368,-45.926936820015726,-2.1182143598562226
110,2025-11-17 07:00:00,33,1216.048487315416,1198.9917748427763,-17.056712472639674,-1.4026342411966293
110,2025-11-17 07:00:00,34,1173.62446753752,1142.7731194145128,-30.851348123007256,-2.6287240063884365
110,2025-11-17 07:00:00,35,2497.4281092903493,2350.494806589884,-146.93330270046545,-5.883384676975424
110,2025-11-17 07:00:00,37,1063.0921342662275,1017.939167849756,-45.152966416471486,-4.247323911171366
110,2025-11-17 07:00:00,38,3950.000244256631,3580.459156998292,-369.54108725833885,-9.355469984986911
110,2025-11-17 07:00:00,39,3477.248446020192,2798.0276280389967,-679.2208179811955,-19.533284104521858
110,2025-11-17 07:00:00,40,2761.376362590537,2620.8399007327885,-140.5364618577487,-5.089362817819837
110,2025-11-17 07:00:00,41,2757.8708084267423,2669.282625690809,-88.58818273593351,-3.2121948013391393
110,2025-11-17 07:00:00,44,2934.945873296383,2816.7791614851617,-118.16671181122138,-4.026197310361383
110,2025-11-17 07:00:00,47,2991.556967010384,1933.375819142296,-1058.1811478680881,-35.372254633198
110,2025-11-17 07:00:00,48,2471.08095011226,1948.3599571904228,-522.720992921837,-21.153535779476996
110,2025-11-17 07:00:00,50,1286.359924963273,1274.5063290842909,-11.853595878982105,-0.9214836103760414
110,2025-11-17 07:00:00,53,2982.027272922678,2065.608425341953,-916.418847580725,-30.731403964744594
110,2025-11-17 07:00:00,54,2606.677911294702,2206.015852247765,-400.662059046937,-15.370600921229025
110,2025-11-17 07:00:00,55,1025.3454429085857,948.4056149939394,-76.93982791464634,-7.503795764322315
110,2025-11-17 07:00:00,56,1836.3192238240877,1794.4484650753288,-41.87075874875882,-2.2801459683880037
111,2025-11-17 08:00:00,1,3252.492014162395,3101.281866237999,-151.2101479243961,-4.6490551634248
111,2025-11-17 08:00:00,3,2016.4336763255155,1938.4422195250352,-77.99145680048036,-3.8677918205870165
111,2025-11-17 08:00:00,5,1165.4860623408383,1114.986551113826,-50.49951122701236,-4.33291421139656
111,2025-11-17 08:00:00,10,1817.1825717453064,1675.474169760199,-141.70840198510746,-7.7982479134721245
111,2025-11-17 08:00:00,12,2275.484927513127,2171.352537974075,-104.13238953905193,-4.576272436700251
111,2025-11-17 08:00:00,13,1028.913786960101,972.365600166732,-56.548186793369155,-5.495911077296309
111,2025-11-17 08:00:00,14,2030.2433820598908,1960.331742638171,-69.91163942171988,-3.443510272684023
111,2025-11-17 08:00:00,15,2573.533671789087,2196.3525852320445,-377.18108655704236,-14.656155102677596
111,2025-11-17 08:00:00,16,1885.1953799586752,1693.0698202466413,-192.12555971203392,-10.191281060546917
111,2025-11-17 08:00:00,17,1199.0512898897823,1143.6711137231848,-55.380176166597494,-4.61866615995118
111,2025-11-17 08:00:00,18,1116.082819344174,1068.5657253422037,-47.517094001970236,-4.2574881700886635
111,2025-11-17 08:00:00,19,1114.411849598343,1062.2946264558425,-52.11722314250051,-4.676657302350529
111,2025-11-17 08:00:00,20,1042.8764108954265,1022.1798426899716,-20.696568205454923,-1.984565763423932
111,2025-11-17 08:00:00,21,1571.490967471692,1276.23270277085,-295.2582647008421,-18.788416275524074
111,2025-11-17 08:00:00,24,1821.5479884592469,1619.0224283109242,-202.5255601483227,-11.11832141845621
111,2025-11-17 08:00:00,27,1744.0329449035914,1591.0829987158888,-152.9499461877026,-8.769900054620674
111,2025-11-17 08:00:00,28,6373.114290113543,6256.009040982488,-117.10524913105473,-1.8374886091830687
111,2025-11-17 08:00:00,29,3546.6179533639915,3475.592898389129,-71.02505497486254,-2.0026136423150622
111,2025-11-17 08:00:00,30,2087.5162483747085,2037.433917101459,-50.082331273249565,-2.3991349198954737
111,2025-11-17 08:00:00,31,5299.331654169979,4933.153806051586,-366.17784811839283,-6.909887359668309
111,2025-11-17 08:00:00,32,2168.0152990850365,2121.322398242641,-46.692900842395375,-2.1537163903825354
111,2025-11-17 08:00:00,33,1216.0240866945558,1198.3383881001564,-17.685698594399355,-1.4543871941281454
111,2025-11-17 08:00:00,34,1173.4344454783725,1141.74327932304,-31.69116615533244,-2.7007189261785256
111,2025-11-17 08:00:00,35,2497.3694344914543,2350.339510540673,-147.02992395078127,-5.8873918259803375
111,2025-11-17 08:00:00,37,1062.8385768509872,1017.1068331266032,-45.731743724384046,-4.302792984789802
111,2025-11-17 08:00:00,38,3950.056471738773,3580.5082607102386,-369.5482110285343,-9.355517159628432
111,2025-11-17 08:00:00,39,3476.9896845783287,2797.560876179353,-679.4288083989759,-19.54071970395775
111,2025-11-17 08:00:00,40,2761.090608309855,2619.7303446205387,-141.36026368931607,-5.119725635365761
111,2025-11-17 08:00:00,41,2757.47363325437,2667.6977032782997,-89.77592997607007,-3.255731220541773
111,2025-11-17 08:00:00,44,2934.3559587939426,2814.455823002609,-119.90013579133347,-4.08608013053106
111,2025-11-17 08:00:00,47,2990.771011609498,1930.1487960362756,-1060.6222155732225,-35.46317024794364
111,2025-11-17 08:00:00,48,2470.297828324404,1945.126060899077,-525.1717674253268,-21.25945144766408
111,2025-11-17 08:00:00,50,1286.39635230723,1273.6128109759177,-12.783541331312335,-0.9937482571669515
111,2025-11-17 08:00:00,53,2981.2054487905752,2062.2583693968486,-918.9470793937267,-30.824681330383584
111,2025-11-17 08:00:00,54,2606.0153898046133,2203.047316494296,-402.9680733103173,-15.462996684011523
111,2025-11-17 08:00:00,55,1024.9973604537693,947.19623928133,-77.80112117243925,-7.590372831594071
111,2025-11-17 08:00:00,56,1836.2477412633268,1794.193408632213,-42.054332631113766,-2.290231959777968
112,2025-11-17 09:00:00,1,3252.277349214698,3102.2903719305705,-149.98697728412753,-4.61175235624796
112,2025-11-17 09:00:00,3,2018.9324741610933,1946.95119428376,-71.98127987733324,-3.565313887342512
112,2025-11-17 09:00:00,5,1167.9744540840866,1122.992927604228,-44.98152647985853,-3.851242321488322
112,2025-11-17 09:00:00,10,1819.387182457892,1680.8999406094738,-138.4872418484183,-7.611752087938185
112,2025-11-17 09:00:00,12,2278.097284169027,2181.508179699666,-96.58910446936079,-4.2399025336002385
112,2025-11-17 09:00:00,13,1031.2221329540896,979.2483149467504,-51.97381800733922,-5.040021576966396
112,2025-11-17 09:00:00,14,2034.0784408326435,1975.3270263951451,-58.7514144374984,-2.8883553976142973
112,2025-11-17 09:00:00,15,2578.860074644997,2219.474881695111,-359.385192949886,-13.935815924381183
112,2025-11-17 09:00:00,16,1889.2855701141152,1709.7961528236333,-179.48941729048192,-9.500385761144651
112,2025-11-17 09:00:00,17,1201.1377047944125,1149.6551746160717,-51.48253017834077,-4.286147206339889
112,2025-11-17 09:00:00,18,1118.124830290698,1075.3411500610075,-42.78368022969039,-3.8263777952741815
112,2025-11-17 09:00:00,19,1116.41844548547,1067.5479286650975,-48.870516820372586,-4.37743724299731
112,2025-11-17 09:00:00,20,1043.6133921141231,1028.993740344586,-14.619651769537086,-1.4008685476832565
112,2025-11-17 09:00:00,21,1576.435444929709,1295.0438574158102,-281.3915875138989,-17.849864288381674
112,2025-11-17 09:00:00,24,1826.602622695012,1637.5042996222212,-189.0983230727909,-10.352460941602658
112,2025-11-17 09:00:00,27,1747.8894248290264,1606.1974850930203,-141.69193973600613,-8.106459008404725
112,2025-11-17 09:00:00,28,6371.454116689221,6253.382178792903,-118.07193789631856,-1.8531395774638633
112,2025-11-17 09:00:00,29,3547.214205481627,3479.7064696267057,-67.50773585492107,-1.9031197989283857
112,2025-11-17 09:00:00,30,2089.244886065336,2045.4234188166647,-43.82146724867107,-2.097478736980413
112,2025-11-17 09:00:00,31,5296.059635294135,4928.661864911427,-367.3977703827077,-6.93719096239563
112,2025-11-17 09:00:00,32,2169.45109983168,2128.867912099985,-40.583187731695034,-1.8706661668863491
112,2025-11-17 09:00:00,33,1216.2202377096726,1203.5718676938825,-12.648370015790078,-1.0399736514505695
112,2025-11-17 09:00:00,34,1174.992434343284,1150.0057781247003,-24.986656218583676,-2.126537625967693
112,2025-11-17 09:00:00,35,2497.845773088956,2351.5800736616898,-146.2656994272661,-5.855673757086568
112,2025-11-17 09:00:00,37,1064.9133013972594,1023.7647126201268,-41.148588777132545,-3.864031815842848
112,2025-11-17 09:00:00,38,3949.594947252184,3580.1274234203383,-369.4675238318455,-9.354567462389827
112,2025-11-17 09:00:00,39,3479.1005665594585,2801.294563098246,-677.8060034612126,-19.48221934071617
112,2025-11-17 09:00:00,40,2763.422891132682,2628.611558089335,-134.81133304334662,-4.878418481511878
112,2025-11-17 09:00:00,41,2760.7220363941296,2680.39255222675,-80.32948416737963,-2.909727350613705
112,2025-11-17 09:00:00,44,2939.184832058803,2833.056673235297,-106.12815882350606,-3.610802480535624
112,2025-11-17 09:00:00,47,2997.2016741673,1955.9837614006944,-1041.2179127666057,-34.73966806240634
112,2025-11-17 09:00:00,48,2476.7087674752934,1971.024661197293,-505.6841062780004,-20.41758453471639
112,2025-11-17 09:00:00,50,1286.096994768693,1280.784278560494,-5.312716208199163,-0.41308829970127287
112,2025-11-17 09:00:00,53,2987.930332209908,2089.081404348077,-898.8489278618313,-30.08266016687987
112,2025-11-17 09:00:00,54,2611.4378820826373,2226.8242042805578,-384.61367780207956,-14.728042372401669
112,2025-11-17 09:00:00,55,1027.8463513687138,956.8629965357076,-70.98335483300627,-6.90602780644038
112,2025-11-17 09:00:00,56,1836.830087531316,1796.2332839390242,-40.596803592291735,-2.210155629955599
113,2025-11-17 10:00:00,1,3252.138611354276,3102.924518914703,-149.2140924395726,-4.58818366224052
113,2025-11-17 10:00:00,3,2020.525636489524,1952.180166093642,-68.3454703958821,-3.3825589322700216
113,2025-11-17 10:00:00,5,1169.566250619922,1127.9145844859609,-41.651666133961044,-3.561291727756663
113,2025-11-17 10:00:00,10,1820.7902897212448,1684.2157657379844,-136.5745239832604,-7.50083767220493
113,2025-11-17 10:00:00,12,2279.7607485125263,2187.741954568827,-92.01879394369917,-4.036335567394016
113,2025-11-17 10:00:00,13,1032.696312443063,983.4679231252744,-49.2283893177887,-4.766976382565796
113,2025-11-17 10:00:00,14,2036.537599986773,1984.5785234132584,-51.95907657351472,-2.5513438383780485
113,2025-11-17 10:00:00,15,2582.2653232100456,2233.70497944942,-348.5603437606255,-13.49823895428863
113,2025-11-17 10:00:00,16,1891.8994835349629,1720.0767435100008,-171.82274002496206,-9.08202267194005
113,2025-11-17 10:00:00,17,1202.4690569978125,1153.32492416315,-49.144132834662514,-4.086935339305943
113,2025-11-17 10:00:00,18,1119.429038328156,1079.49960176039,-39.92943656776583,-3.5669466487486887
113,2025-11-17 10:00:00,19,1117.6991217255304,1070.7678738079012,-46.93124791762921,-4.198916059375231
113,2025-11-17 10:00:00,20,1044.0861896413958,1033.203097535825,-10.883092105570768,-1.0423557186699979
113,2025-11-17 10:00:00,21,1579.599503753249,1306.6158304224523,-272.9836733307968,-17.281828253438086
113,2025-11-17 10:00:00,24,1829.8385935318229,1648.8694419619908,-180.9691515698321,-9.88989696738981
113,2025-11-17 10:00:00,27,1750.3536124951306,1615.4834416358422,-134.87017085928846,-7.705309938317602
113,2025-11-17 10:00:00,28,6370.3939816237225,6251.78164435982,-118.61233726390219,-1.8619309513046727
113,2025-11-17 10:00:00,29,3547.590207243085,3482.2388264871256,-65.35138075595933,-1.8421344331859966
113,2025-11-17 10:00:00,30,2090.346258998386,2050.3414291704144,-40.00482982797166,-1.9137896248414101
113,2025-11-17 10:00:00,31,5293.971402988338,4925.928202581127,-368.04320040721086,-6.952119163308249
113,2025-11-17 10:00:00,32,2170.3645269756967,2133.513674369241,-36.850852606455646,-1.6979107494815913
113,2025-11-17 10:00:00,33,1216.3413230804058,1206.7929691430709,-9.548353937334923,-0.7850061291310525
113,2025-11-17 10:00:00,34,1175.9917589108384,1155.1072836936178,-20.884475217220597,-1.7759031948117607
113,2025-11-17 10:00:00,35,2498.1455320962864,2352.339254570322,-145.80627752596456,-5.836580601595821
113,2025-11-17 10:00:00,37,1066.2390149617613,1027.8527309221556,-38.3862840396057,-3.6001575163690998
113,2025-11-17 10:00:00,38,3949.298179059931,3579.9062518193878,-369.3919272405433,-9.3533562291939
113,2025-11-17 10:00:00,39,3480.4414883828726,2803.5858969214964,-676.8555914613762,-19.44740613283131
113,2025-11-17 10:00:00,40,2764.90597968461,2634.0699605877976,-130.83601909681238,-4.732024164949606
113,2025-11-17 10:00:00,41,2762.795896594188,2688.2060125066337,-74.58988408755431,-2.6997971214415197
113,2025-11-17 10:00:00,44,2942.2727156189894,2844.496481127528,-97.77623449146131,-3.3231533559896858
113,2025-11-17 10:00:00,47,3001.310302770692,1971.8741459957312,-1029.4361567749609,-34.299557624035934
113,2025-11-17 10:00:00,48,2480.8090102777987,1986.9636628353264,-493.8453474424723,-19.906625032258003
113,2025-11-17 10:00:00,50,1285.904156614756,1285.2150211357764,-0.6891354789795514,-0.05359151188948287
113,2025-11-17 10:00:00,53,2992.2278534458856,2105.5828126102037,-886.6450408356818,-29.631601744987794
113,2025-11-17 10:00:00,54,2614.9045173062104,2241.460408350937,-373.44410895527335,-14.281366928838507
113,2025-11-17 10:00:00,55,1029.66782203765,962.7910675624272,-66.87675447522281,-6.4949834348399635
113,2025-11-17 10:00:00,56,1837.1990700211904,1797.4849711775796,-39.71409884361083,-2.161665520718599
114,2025-11-17 11:00:00,1,3252.008033957953,3103.317245017929,-148.69078894002405,-4.57227618712416
114,2025-11-17 11:00:00,3,2022.0086012439915,1955.8261690744985,-66.18243216949304,-3.273103394751927
114,2025-11-17 11:00:00,5,1171.0517694117725,1131.393186944706,-39.65858246706648,-3.3865780747666916
114,2025-11-17 11:00:00,10,1822.094554338993,1686.736850764204,-135.35770357478896,-7.428687125619181
114,2025-11-17 11:00:00,12,2281.307644445921,2192.3585566709985,-88.94908777492265,-3.8990395701990646
114,2025-11-17 11:00:00,13,1034.0703190432357,986.8142229736771,-47.256096069558566,-4.569911271922189
114,2025-11-17 11:00:00,14,2038.836792663501,1989.6547833910304,-49.18200927247062,-2.4122582763586533
114,2025-11-17 11:00:00,15,2585.4418031726823,2244.8623426403065,-340.57946053237583,-13.172969513931404
114,2025-11-17 11:00:00,16,1894.337083552045,1728.1311733762195,-166.20591017582547,-8.773829727504204
114,2025-11-17 11:00:00,17,1203.7091446666475,1156.1361876388212,-47.572957027826305,-3.952197026882358
114,2025-11-17 11:00:00,18,1120.6447014645748,1082.515936121962,-38.12876534261272,-3.402395540065651
114,2025-11-17 11:00:00,19,1118.8921907692682,1073.2466464067336,-45.645544362534565,-4.079530158410708
114,2025-11-17 11:00:00,20,1044.5283948121505,1034.4225200558726,-10.105874756277899,-0.9675059870531671
114,2025-11-17 11:00:00,21,1582.5531648134795,1315.915073113759,-266.63809169972046,-16.848602475301142
114,2025-11-17 11:00:00,24,1832.86040334608,1657.6803906646624,-175.18001268141757,-9.557738950637376
114,2025-11-17 11:00:00,27,1752.651326007125,1622.753738753427,-129.89758725369802,-7.411490541568789
114,2025-11-17 11:00:00,28,6369.405938679847,6250.447893719113,-118.95804496073379,-1.8676474086591126
114,2025-11-17 11:00:00,29,3547.937165567718,3483.4955467875966,-64.44161878012119,-1.8163122900123194
114,2025-11-17 11:00:00,30,2091.3708973644434,2053.0084636517004,-38.36243371274304,-1.8343199554458551
114,2025-11-17 11:00:00,31,5292.025968430828,4923.63022283637,-368.39574559445737,-6.9613366939635934
114,2025-11-17 11:00:00,32,2171.213320651843,2135.815009924524,-35.39831072731886,-1.6303469765325296
114,2025-11-17 11:00:00,33,1216.4511681545437,1207.5183983285217,-8.932769826021968,-0.7343303257765549
114,2025-11-17 11:00:00,34,1176.926289692665,1157.277474155552,-19.648815537113023,-1.6695026450844248
114,2025-11-17 11:00:00,35,2498.421670865967,2352.7824515743314,-145.63921929163553,-5.8292489610513245
114,2025-11-17 11:00:00,37,1067.4751639472515,1030.8336219922326,-36.641541955018965,-3.432542806853498
114,2025-11-17 11:00:00,38,3949.020005931276,3579.621267769807,-369.3987381614688,-9.354187560626336
114,2025-11-17 11:00:00,39,3481.68602598002,2805.2306501216917,-676.4553758583284,-19.428959728438482
114,2025-11-17 11:00:00,40,2766.283630972965,2638.0064065472766,-128.27722442568847,-4.637168184398013
114,2025-11-17 11:00:00,41,2764.7283080077464,2693.1937115134706,-71.53459649427577,-2.5874005878654804
114,2025-11-17 11:00:00,44,2945.153638710068,2852.056397492424,-93.0972412176443,-3.1610317368169443
114,2025-11-17 11:00:00,47,3005.1410450010844,1984.5846367037168,-1020.5564082973676,-33.960349714533926
114,2025-11-17 11:00:00,48,2484.634987267355,1999.7038440017768,-484.93114326557816,-19.517198532204276
114,2025-11-17 11:00:00,50,1285.7232419208156,1285.4461726538668,-0.2770692669487289,-0.021549681760034085
114,2025-11-17 11:00:00,53,2996.2353779192827,2118.7647931294714,-877.4705847898113,-29.285769444427473
114,2025-11-17 11:00:00,54,2618.138228665477,2252.9748162073715,-365.16341245810554,-13.947445878143622
114,2025-11-17 11:00:00,55,1031.3669871032082,967.5021567297458,-63.86483037346238,-6.192250786777556
114,2025-11-17 11:00:00,56,1837.54084702467,1798.2067468271157,-39.334100197554335,-2.140583718791545
115,2025-11-17 12:00:00,1,3252.056590821298,3103.180191241307,-148.8763995799909,-4.577915402831061
115,2025-11-17 12:00:00,3,2021.459050491312,1954.5302539833772,-66.92879650793475,-3.310915276352881
115,2025-11-17 12:00:00,5,1170.5008347344942,1130.1538674342426,-40.34696730025166,-3.4469832146171515
115,2025-11-17 12:00:00,10,1821.611429500211,1685.8299038498487,-135.78152565036225,-7.453923677214528
115,2025-11-17 12:00:00,12,2280.7345739894968,2190.7029556705743,-90.03161831892248,-3.9474833830154012
115,2025-11-17 12:00:00,13,1033.5609392633403,985.60257341252,-47.958365850820314,-4.640110130806814
115,2025-11-17 12:00:00,14,2037.9836120142932,1987.9252606954708,-50.05835131882236,-2.456268589389976
115,2025-11-17 12:00:00,15,2584.263901274444,2240.826421700439,-343.437479574005,-13.2895668822614
115,2025-11-17 12:00:00,16,1893.433252724139,1725.2184852139198,-168.2147675102192,-8.884113937906369
115,2025-11-17 12:00:00,17,1203.2495032722327,1155.1231305238268,-48.126372748405856,-3.9997001966363883
115,2025-11-17 12:00:00,18,1120.1940151542285,1081.4373837441617,-38.7566314100668,-3.4598141827003763
115,2025-11-17 12:00:00,19,1118.4499561163263,1072.3528612642542,-46.09709485207213,-4.121516085720846
115,2025-11-17 12:00:00,20,1044.3642833894692,1034.0837189484712,-10.280564440997978,-0.9843849128613011
115,2025-11-17 12:00:00,21,1581.4576407948166,1312.54006814735,-268.9175726474666,-17.00441198743159
115,2025-11-17 12:00:00,24,1831.739487007892,1654.4983017229708,-177.24118528492113,-9.67611314502156
115,2025-11-17 12:00:00,27,1751.799392624043,1620.1250195232444,-131.67437310079868,-7.516521221277621
115,2025-11-17 12:00:00,28,6369.772226562817,6250.933952348097,-118.83827421472051,-1.8656597125898589
115,2025-11-17 12:00:00,29,3547.808939485483,3483.077357415368,-64.73158207011465,-1.8245509601625358
115,2025-11-17 12:00:00,30,2090.9912547488657,2052.10275176724,-38.88850298162561,-1.85981184250798
115,2025-11-17 12:00:00,31,5292.74709373524,4924.468395299375,-368.2786984358654,-6.958176763665478
115,2025-11-17 12:00:00,32,2170.898944495859,2135.049129403126,-35.849815092733024,-1.6513811102827873
115,2025-11-17 12:00:00,33,1216.4107887967202,1207.345143637476,-9.06564515924424,-0.7452782598395089
115,2025-11-17 12:00:00,34,1176.5794814766002,1156.5822684508937,-19.997213025706515,-1.6996057929388784
115,2025-11-17 12:00:00,35,2498.3196718651607,2352.6300174644825,-145.68965440067814,-5.831505713274522
115,2025-11-17 12:00:00,37,1067.0168327192905,1029.7668308520856,-37.2500018672049,-3.491041633548867
115,2025-11-17 12:00:00,38,3949.123316547685,3579.729744753164,-369.393571794521,-9.353812028271733
115,2025-11-17 12:00:00,39,3481.2252493794326,2804.6438512206164,-676.5813981588162,-19.435151410539273
115,2025-11-17 12:00:00,40,2765.7734339422395,2636.6001966237486,-129.17323731849092,-4.670420061645172
115,2025-11-17 12:00:00,41,2764.011975399404,2691.4460598239566,-72.56591557544743,-2.625383544691826
115,2025-11-17 12:00:00,44,2944.08528104538,2849.3917503054786,-94.69353073990123,-3.2163990408008036
115,2025-11-17 12:00:00,47,3003.7207417767686,1979.9746097481957,-1023.7461320285729,-34.082600216124085
115,2025-11-17 12:00:00,48,2483.216102270386,1995.083164027238,-488.1329382431479,-19.657287893584922
115,2025-11-17 12:00:00,50,1285.7904453212134,1285.522373280889,-0.2680720403243413,-0.02084881259615925
115,2025-11-17 12:00:00,53,2994.749453901053,2113.9845198711178,-880.7649340299354,-29.410304520888175
115,2025-11-17 12:00:00,54,2616.93910773349,2248.807713553289,-368.1313941802009,-14.067251052663451
115,2025-11-17 12:00:00,55,1030.7368950676382,965.7956722747348,-64.94122279290343,-6.300465531375192
115,2025-11-17 12:00:00,56,1837.4143857610427,1797.9587879029914,-39.455597858051306,-2.147343471554954
116,2025-11-17 13:00:00,1,3252.224653830912,3102.5328456554694,-149.69180817544247,-4.602751166009247
116,2025-11-17 13:00:00,3,2019.5396675688155,1948.9607968938867,-70.5788706749288,-3.4947999194239063
116,2025-11-17 13:00:00,5,1168.5806331519266,1124.884228102656,-43.69640504927065,-3.7392717121634607
116,2025-11-17 13:00:00,10,1819.922173338543,1682.1759765006125,-137.74619683793048,-7.568796009844914
116,2025-11-17 13:00:00,12,2278.731467016435,2183.904600935276,-94.8268660811591,-4.1613883625048995
116,2025-11-17 13:00:00,13,1031.783748556294,980.8708610479932,-50.912887508300855,-4.934453327021273
116,2025-11-17 13:00:00,14,2035.0143758095503,1978.879164864684,-56.13521094486623,-2.7584675377310317
116,2025-11-17 13:00:00,15,2580.1570264870284,2224.941702172576,-355.2153243144526,-13.767197913457629
116,2025-11-17 13:00:00,16,1890.2812198706883,1713.7468695162884,-176.53435035439998,-9.339052226656332
116,2025-11-17 13:00:00,17,1201.645010442902,1151.066207431037,-50.57880301186515,-4.2091301983788725
116,2025-11-17 13:00:00,18,1118.6216816488609,1076.9397619016754,-41.681919747185475,-3.726185575604601
116,2025-11-17 13:00:00,19,1116.9064174384257,1068.7861646203264,-48.12025281809929,-4.308351359325243
116,2025-11-17 13:00:00,20,1043.7933139397712,1030.6094533781386,-13.183860561632628,-1.2630719497397893
116,2025-11-17 13:00:00,21,1577.640255938005,1299.4898560761922,-278.15039986181296,-17.630787425390288
116,2025-11-17 13:00:00,24,1827.8346843652012,1641.871252272293,-185.96343209290808,-10.173974357943226
116,2025-11-17 13:00:00,27,1748.82807743761,1609.7663360589129,-139.0617413786972,-7.9517102437222436
116,2025-11-17 13:00:00,28,6371.05023074628,6252.765861454982,-118.28436929129839,-1.8565913783015806
116,2025-11-17 13:00:00,29,3547.357899658123,3480.6793428371584,-66.67855682096479,-1.8796681560490678
116,2025-11-17 13:00:00,30,2089.6647176688302,2047.3127587808544,-42.3519588879758,-2.0267346493375467
116,2025-11-17 13:00:00,31,5295.263963303318,4927.608931022657,-367.65503228066063,-6.943091691529355
116,2025-11-17 13:00:00,32,2169.799416836988,2130.652574385246,-39.14684245174158,-1.8041687239831437
116,2025-11-17 13:00:00,33,1216.2667573525428,1204.8093438378005,-11.457413514742257,-0.94201485368898
116,2025-11-17 13:00:00,34,1175.372741413026,1151.96417233512,-23.408569077905895,-1.9915868603320046
116,2025-11-17 13:00:00,35,2497.960389770868,2351.87217173041,-146.08821804045783,-5.8483000226379955
116,2025-11-17 13:00:00,37,1065.4182884891115,1025.3360921692877,-40.08219631982388,-3.762108906227351
116,2025-11-17 13:00:00,38,3949.482084856855,3580.041332886585,-369.44075197026996,-9.354156925708903
116,2025-11-17 13:00:00,39,3479.612090303982,2802.1755295178623,-677.4365607861196,-19.46873798587526
116,2025-11-17 13:00:00,40,2763.9885001497896,2630.7093274375293,-133.27917271226033,-4.82198723710455
116,2025-11-17 13:00:00,41,2761.5121768884,2683.394303569736,-78.1178733186639,-2.828807852901995
116,2025-11-17 13:00:00,44,2940.36084503019,2837.452292461733,-102.9085525684568,-3.49986134329034
116,2025-11-17 13:00:00,47,2998.7667625347035,1962.089147165013,-1036.6776153696906,-34.57013157280162
116,2025-11-17 13:00:00,48,2478.2702672573264,1977.1478939207043,-501.1223733366221,-20.220650667419278
116,2025-11-17 13:00:00,50,1286.023683189343,1282.4849322457555,-3.5387509435875018,-0.27516996691782436
116,2025-11-17 13:00:00,53,2989.5672893196524,2095.421276735183,-894.1460125844696,-29.908877307389655
116,2025-11-17 13:00:00,54,2612.758218265989,2232.446743348872,-380.3114749171168,-14.555938328251374
116,2025-11-17 13:00:00,55,1028.5400847727833,959.142292639088,-69.39779213369525,-6.747213177309083
116,2025-11-17 13:00:00,56,1836.970932575785,1796.7145234313182,-40.256409144466716,-2.191455968659206
117,2025-11-17 14:00:00,1,3252.496847643307,3101.258769105116,-151.23807853819108,-4.649906998304245
117,2025-11-17 14:00:00,3,2016.37696058532,1938.2442690621328,-78.13269152318708,-3.874904992988339
117,2025-11-17 14:00:00,5,1165.42969678205,1114.8003106171382,-50.62938616491192,-4.344267724145719
117,2025-11-17 14:00:00,10,1817.132478983361,1675.3475152523492,-141.78496373101166,-7.802676214908487
117,2025-11-17 14:00:00,12,2275.42558849326,2171.116113087932,-104.30947540532816,-4.584174315908952
117,2025-11-17 14:00:00,13,1028.8614463487493,972.2052299720528,-56.65621637669642,-5.506690582853454
117,2025-11-17 14:00:00,14,2030.15664191162,1959.9837337580368,-70.1729081535832,-3.45652678738659
117,2025-11-17 14:00:00,15,2573.4129775684387,2195.815098858284,-377.5978787101549,-14.673038567907543
117,2025-11-17 14:00:00,16,1885.1026755974103,1692.6806914869082,-192.42198411050208,-10.207506816546287
117,2025-11-17 14:00:00,17,1199.0039578279911,1143.5317151537822,-55.47224267420893,-4.626527069576777
117,2025-11-17 14:00:00,18,1116.036520477267,1068.40796560924,-47.628554868027095,-4.267651998310861
117,2025-11-17 14:00:00,19,1114.3663339240914,1062.1722125275662,-52.194121396525134,-4.683748943916005
117,2025-11-17 14:00:00,20,1042.859746841237,1022.02184001757,-20.837906823667026,-1.998150459520934
117,2025-11-17 14:00:00,21,1571.3789918149782,1275.795281898772,-295.5837099162063,-18.8104659318883
117,2025-11-17 14:00:00,24,1821.433549069901,1618.5925743448631,-202.84097472503777,-11.13633680617208
117,2025-11-17 14:00:00,27,1743.9455294545858,1590.7312764573487,-153.21425299723705,-8.785495327090542
117,2025-11-17 14:00:00,28,6373.151936375017,6256.070494706911,-117.08144166810598,-1.8371041964315808
117,2025-11-17 14:00:00,29,3546.604330774351,3475.497321873113,-71.10700890123826,-2.0049321060213403
117,2025-11-17 14:00:00,30,2087.4769968293176,2037.248246836171,-50.22874999314672,-2.4061941793581196
117,2025-11-17 14:00:00,31,5299.405877665051,4933.258974606864,-366.1469030581866,-6.90920664524592
117,2025-11-17 14:00:00,32,2167.9826672138192,2121.1470732372677,-46.835593976551536,-2.160330646773217
117,2025-11-17 14:00:00,33,1216.019548136911,1198.216754539715,-17.802793597195887,-1.4640219908036773
117,2025-11-17 14:00:00,34,1173.399213739361,1141.5516184705157,-31.847595268845225,-2.714131294442755
117,2025-11-17 14:00:00,35,2497.35853823881,2350.310589137512,-147.04794910129795,-5.8881392819550555
117,2025-11-17 14:00:00,37,1062.7915495670543,1016.95185081924,-45.83969874781428,-4.313141063879162
117,2025-11-17 14:00:00,38,3950.0668951265966,3580.517453072082,-369.54944205451466,-9.355523637091997
117,2025-11-17 14:00:00,39,3476.941668547432,2797.473969692494,-679.4676988549381,-19.542108083130444
117,2025-11-17 14:00:00,40,2761.037587788255,2619.523769406682,-141.5138183815734,-5.125385435079638
117,2025-11-17 14:00:00,41,2757.3999638245023,2667.402656130931,-89.9973076935712,-3.263846698857039
117,2025-11-17 14:00:00,44,2934.246554497657,2814.023277306682,-120.2232771909753,-4.097245236829034
117,2025-11-17 14:00:00,47,2990.6252390136096,1929.5479983089797,-1061.07724070463,-35.48011388597129
117,2025-11-17 14:00:00,48,2470.1525940545785,1944.524018189886,-525.6285758646925,-21.279194537609953
117,2025-11-17 14:00:00,50,1286.403103676547,1273.4465316728963,-12.956572003650763,-1.0071937767112664
117,2025-11-17 14:00:00,53,2981.05302628961,2061.634678482754,-919.4183478068558,-30.842066199379776
117,2025-11-17 14:00:00,54,2605.892517240588,2202.4946906273544,-403.3978266132335,-15.480217389794591
117,2025-11-17 14:00:00,55,1024.9328045991062,946.9710218347248,-77.9617827643815,-7.606526243920506
117,2025-11-17 14:00:00,56,1836.2344739853825,1794.1459163724635,-42.088557612918976,-2.292112375037243
118,2025-11-17 15:00:00,1,3257.6400319920053,3099.7028394793124,-157.93719251269295,-4.848208855541242
118,2025-11-17 15:00:00,3,2038.3462841585865,1924.5351236606389,-113.81116049794764,-5.583504696059434
118,2025-11-17 15:00:00,5,1190.236535989634,1101.900730587664,-88.33580540196999,-7.421701714821106
118,2025-11-17 15:00:00,10,1827.146416189416,1666.5302092478837,-160.61620694153225,-8.790549324257414
118,2025-11-17 15:00:00,12,2296.394500254049,2154.7246019792,-141.66989827484895,-6.169231735190799
118,2025-11-17 15:00:00,13,1035.8819100117416,961.0684286909684,-74.81348132077323,-7.222201739185235
118,2025-11-17 15:00:00,14,2067.424534856872,1935.968356460295,-131.45617839657712,-6.358451115395989
118,2025-11-17 15:00:00,15,2601.3124849137967,2158.6251117400448,-442.6873731737519,-17.017846788538435
118,2025-11-17 15:00:00,16,1904.7127909196604,1665.720244699301,-238.99254622035937,-12.547432209187066
118,2025-11-17 15:00:00,17,1208.4297809153784,1133.856045835754,-74.57373507962438,-6.1711268836105
118,2025-11-17 15:00:00,18,1133.386634063883,1057.464628068474,-75.92200599540911,-6.698685489450529
118,2025-11-17 15:00:00,19,1122.3144575488498,1053.6714668960356,-68.6429906528142,-6.116199447588998
118,2025-11-17 15:00:00,20,1050.0758953056954,1011.1337225519444,-38.94217275375104,-3.7085103017638827
118,2025-11-17 15:00:00,21,1585.4704241286622,1245.5070566515064,-339.96336747715577,-21.442428840259936
118,2025-11-17 15:00:00,24,1847.9182617302256,1588.8205042603124,-259.0977574699132,-14.021061582416378
118,2025-11-17 15:00:00,27,1761.7004602429354,1566.3526723018203,-195.34778794111503,-11.088592660875896
118,2025-11-17 15:00:00,28,6373.483961986662,6260.366863884972,-113.11709810168941,-1.774807919441755
118,2025-11-17 15:00:00,29,3560.367643391371,3468.89375599856,-91.47388739281087,-2.569225893359678
118,2025-11-17 15:00:00,30,2108.070700160482,2024.410714357568,-83.65998580291398,-3.9685569272674375
118,2025-11-17 15:00:00,31,5300.135404163768,4940.621437353341,-359.5139668104266,-6.783109098080659
118,2025-11-17 15:00:00,32,2185.691160578961,2109.0282089113616,-76.66295166759937,-3.5074924147697226
118,2025-11-17 15:00:00,33,1221.8759356374874,1189.8053391627166,-32.07059647477081,-2.6247015379706835
118,2025-11-17 15:00:00,34,1187.9027487392866,1128.3362392228375,-59.56650951644906,-5.014426440183475
118,2025-11-17 15:00:00,35,2502.698489692926,2348.3033716158297,-154.3951180770964,-6.169145772571279
118,2025-11-17 15:00:00,37,1079.3304461306236,1006.2055745818832,-73.12487154874043,-6.775021663744548
118,2025-11-17 15:00:00,38,3954.9043045202575,3581.195089367105,-373.7092151531524,-9.449260623727898
118,2025-11-17 15:00:00,39,3491.35561381042,2791.4547427345747,-699.9008710758453,-20.04667952778327
118,2025-11-17 15:00:00,40,2782.663997021661,2605.2244198239223,-177.4395771977388,-6.376608077283344
118,2025-11-17 15:00:00,41,2800.2726194763886,2646.998720879444,-153.2738985969445,-5.4735348812432605
118,2025-11-17 15:00:00,44,3013.291694388686,2784.080150748619,-229.21154364006725,-7.606682886588845
118,2025-11-17 15:00:00,47,3013.530652803297,1887.942774831228,-1125.587877972069,-37.35113418955954
118,2025-11-17 15:00:00,48,2492.6486757331068,1902.860116506141,-589.7885592269658,-23.66111859119114
118,2025-11-17 15:00:00,50,1286.643119504458,1261.990219461482,-24.652900042975944,-1.9160635664434162
118,2025-11-17 15:00:00,53,3004.6442520410137,2018.4545437045751,-986.1897083364386,-32.82217878760633
118,2025-11-17 15:00:00,54,2633.587425067897,2164.265473083476,-469.32195198442105,-17.820633084634405
118,2025-11-17 15:00:00,55,1033.7437073976168,931.3303371369124,-102.41337026070448,-9.907036872661942
118,2025-11-17 15:00:00,56,1842.0297270839344,1790.8539923596368,-51.17573472429763,-2.7782252355564587
119,2025-11-17 16:00:00,1,3257.8358068278,3098.5236546423303,-159.31215218546959,-4.890122204795644
119,2025-11-17 16:00:00,3,2035.6994226329284,1913.551621248876,-122.1478013840524,-6.000286684075842
119,2025-11-17 16:00:00,5,1187.6495911276616,1091.558615237643,-96.09097589001863,-8.090852437273288
119,2025-11-17 16:00:00,10,1824.7801540194416,1659.403406883952,-165.37674713548972,-9.062831309909553
119,2025-11-17 16:00:00,12,2293.606355984646,2141.5676806183083,-152.03867536633788,-6.6288042396476365
119,2025-11-17 16:00:00,13,1033.4262477245452,952.0989148163104,-81.32733290823478,-7.8696794364673615
119,2025-11-17 16:00:00,14,2063.460416301943,1916.8407751229072,-146.61964117903585,-7.105522355587617
119,2025-11-17 16:00:00,15,2595.681587036388,2128.857602736435,-466.8239842999528,-17.984639819899783
119,2025-11-17 16:00:00,16,1900.382343212009,1644.0888181253338,-256.2935250866751,-13.486418983113163
119,2025-11-17 16:00:00,17,1206.210956050968,1126.071931616022,-80.1390244349459,-6.643864742972841
119,2025-11-17 16:00:00,18,1131.2401972320552,1048.668208232527,-82.57198899952823,-7.2992445991193815
119,2025-11-17 16:00:00,19,1120.1791825164314,1046.8273038382365,-73.35187867819491,-6.548227267838817
119,2025-11-17 16:00:00,20,1049.3150746630697,1002.4844089773352,-46.830665685734516,-4.462974640936292
119,2025-11-17 16:00:00,21,1580.2355147289184,1221.2232764260905,-359.0122383028279,-22.718907084202236
119,2025-11-17 16:00:00,24,1842.610509959961,1564.9428414120648,-277.66766854789626,-15.069254573715083
119,2025-11-17 16:00:00,27,1757.614905615906,1546.77928792031,-210.83561769559606,-11.995552439953547
119,2025-11-17 16:00:00,28,6375.225298066585,6263.870280615764,-111.35501745082092,-1.7466836424524723
119,2025-11-17 16:00:00,29,3559.714473814308,3463.628874819776,-96.08559899453212,-2.6992501702411658
119,2025-11-17 16:00:00,30,2106.2457397617623,2014.1550133424307,-92.09072641933153,-4.372268851674825
119,2025-11-17 16:00:00,31,5303.574682937155,4946.640339946491,-356.93434299066394,-6.73007102434148
119,2025-11-17 16:00:00,32,2184.1685554762853,2099.352014712157,-84.81654076412815,-3.8832415452310567
119,2025-11-17 16:00:00,33,1221.6594465296018,1183.0831140628989,-38.57633246670298,-3.1576993552734947
119,2025-11-17 16:00:00,34,1186.292989924841,1117.826403692429,-68.46658623241206,-5.771473557872902
119,2025-11-17 16:00:00,35,2502.166005921525,2346.692963937813,-155.47304198371194,-6.213538255086821
119,2025-11-17 16:00:00,37,1077.1504786306289,997.5737259665638,-79.57675266406511,-7.3877099108037605
119,2025-11-17 16:00:00,38,3955.351239180432,3581.8029318707304,-373.5483073097016,-9.444124800079768
119,2025-11-17 16:00:00,39,3489.0557761000737,2786.6387511070743,-702.4170249929994,-20.13200906114871
119,2025-11-17 16:00:00,40,2780.1590135396573,2593.783226578684,-186.37578696097307,-6.703781548224544
119,2025-11-17 16:00:00,41,2796.8753230621,2630.6915259017605,-166.1837971603395,-5.941766362985272
119,2025-11-17 16:00:00,44,3008.344438163168,2760.09837029416,-248.24606786900813,-8.251916393608903
119,2025-11-17 16:00:00,47,3006.6870054205283,1854.5812160115104,-1152.105789409018,-38.318115165694785
119,2025-11-17 16:00:00,48,2485.854988291432,1869.4935904164035,-616.3613978750286,-24.794744696618995
119,2025-11-17 16:00:00,50,1286.956564622271,1252.8934071321537,-34.06315749011719,-2.6467993113749664
119,2025-11-17 16:00:00,53,2997.494116341284,1983.8468480203196,-1013.6472683209645,-33.816489006430935
119,2025-11-17 16:00:00,54,2627.851930112188,2133.677774276027,-494.17415583616093,-18.80525117010926
119,2025-11-17 16:00:00,55,1030.723289157133,918.7277104050692,-111.9955787520638,-10.865727002602943
119,2025-11-17 16:00:00,56,1841.3991194865976,1788.214458744282,-53.1846607423156,-2.8882744745280466
120,2025-11-17 17:00:00,1,3257.68610333484,3099.42993785313,-158.25616548171,-4.85793168714769
120,2025-11-17 17:00:00,3,2037.7273707700929,1922.0446346645092,-115.68273610558367,-5.6770467808883165
120,2025-11-17 17:00:00,5,1189.6306890113606,1099.5565006620006,-90.07418834935993,-7.571609339047554
120,2025-11-17 17:00:00,10,1826.593584062562,1664.9189746261418,-161.67460943642027,-8.851153910046955
120,2025-11-17 17:00:00,12,2295.742944776416,2151.743146318867,-143.99979845754933,-6.27247047781186
120,2025-11-17 17:00:00,13,1035.307290979182,959.0384653099328,-76.26882566924917,-7.36678146998414
120,2025-11-17 17:00:00,14,2066.4950764743576,1931.622854706091,-134.87222176826663,-6.52661713563682
120,2025-11-17 17:00:00,15,2599.9941908044043,2151.87415473579,-448.12003606861435,-17.235424511851384
120,2025-11-17 17:00:00,16,1903.699149154313,1660.8185716203068,-242.8805775340063,-12.758348799068486
120,2025-11-17 17:00:00,17,1207.9107718349514,1132.0935980771287,-75.81717375782273,-6.276719731760316
120,2025-11-17 17:00:00,18,1132.8843344140964,1055.4724978139302,-77.41183660016623,-6.833163302606878
120,2025-11-17 17:00:00,19,1121.8149459948252,1052.1222309485272,-69.69271504629796,-6.21249657041202
120,2025-11-17 17:00:00,20,1049.8974708716603,1009.166893860645,-40.73057701101527,-3.8794813913780906
120,2025-11-17 17:00:00,21,1584.2443190036695,1240.0033973190557,-344.2409216846138,-21.729029894903253
120,2025-11-17 17:00:00,24,1846.67480538176,1583.4093165898469,-263.2654887919132,-14.2561910751519
120,2025-11-17 17:00:00,27,1760.7442118495585,1561.9183750733978,-198.8258367761607,-11.292147686080186
120,2025-11-17 17:00:00,28,6373.891414152807,6261.156285134697,-112.73512901810955,-1.7687017505159972
120,2025-11-17 17:00:00,29,3560.2156387039217,3467.697766539955,-92.51787216396679,-2.5986592260924803
120,2025-11-17 17:00:00,30,2107.644097965015,2022.082980541889,-85.56111742312623,-4.059561930106592
120,2025-11-17 17:00:00,31,5300.939904621999,4941.976430281531,-358.96347434046766,-6.771694846558815
120,2025-11-17 17:00:00,32,2185.33548027842,2106.8315571087046,-78.50392316971556,-3.592305340675376
120,2025-11-17 17:00:00,33,1221.8260293094158,1188.2798101047329,-33.546219204682984,-2.745580663692648
120,2025-11-17 17:00:00,34,1187.5252618093543,1125.9472905521727,-61.577971257181616,-5.185403059414441
120,2025-11-17 17:00:00,35,2502.5746772550506,2347.9382035029103,-154.63647375214032,-6.179095279656284
120,2025-11-17 17:00:00,37,1078.820188733987,1004.2502382242924,-74.56995050969454,-6.912176031596478
120,2025-11-17 17:00:00,38,3955.009206458098,3581.32751898615,-373.68168747194795,-9.448313972613933
120,2025-11-17 17:00:00,39,3490.8187116171853,2790.361860202285,-700.4568514149005,-20.06568972154962
120,2025-11-17 17:00:00,40,2782.078958386,2602.6287113210947,-179.4502470649054,-6.450221210436529
120,2025-11-17 17:00:00,41,2799.477720869168,2643.298075874988,-156.17964499417985,-5.578885083810918
120,2025-11-17 17:00:00,44,3012.1332262134315,2778.6422190482995,-233.49100716513203,-7.75168259933359
120,2025-11-17 17:00:00,47,3011.9289283412245,1880.381976222571,-1131.5469521186535,-37.56884637851785
120,2025-11-17 17:00:00,48,2491.0578780266387,1895.294753959684,-595.7631240669548,-23.916069125575888
120,2025-11-17 17:00:00,50,1286.7167788207184,1259.921287832506,-26.79549098821235,-2.082470006551911
120,2025-11-17 17:00:00,53,3002.970631899318,2010.6099289647505,-992.3607029345676,-33.04596762929112
120,2025-11-17 17:00:00,54,2632.24465445578,2157.327606032424,-474.9170484233564,-18.042283707155864
120,2025-11-17 17:00:00,55,1033.0365747435692,928.4788251035752,-104.55774963999397,-10.121398621916978
120,2025-11-17 17:00:00,56,1841.882680097612,1790.2555527486677,-51.627127348944214,-2.80295416786308
121,2025-11-17 18:00:00,1,3257.622462005031,3099.806199654416,-157.81626235061503,-4.844522782835948
121,2025-11-17 18:00:00,3,2038.5816505439248,1925.47101460784,-113.11063593608469,-5.548496716131289
121,2025-11-17 18:00:00,5,1190.4670873043126,1102.7815633915393,-87.6855239127733,-7.3656403312524965
121,2025-11-17 18:00:00,10,1827.3565764640207,1667.1349548062412,-160.22162165777945,-8.767945113799966
121,2025-11-17 18:00:00,12,2296.6422162268377,2155.844705335169,-140.79751089166894,-6.1305809802184035
121,2025-11-17 18:00:00,13,1036.100499690515,961.8306981352988,-74.2698015552163,-7.168204394979138
121,2025-11-17 18:00:00,14,2067.7784100502213,1937.602652214318,-130.17575783590337,-6.295440420656182
121,2025-11-17 18:00:00,15,2601.8140845479093,2161.1623216757494,-440.6517628721599,-16.9363278294624
121,2025-11-17 18:00:00,16,1905.0984418570383,1667.561824352454,-237.53661750458423,-12.46846946518102
121,2025-11-17 18:00:00,17,1208.6271849698,1134.5179659949663,-74.10921897483377,-6.131685593079353
121,2025-11-17 18:00:00,18,1133.5777189628382,1058.2128943725825,-75.3648245902557,-6.648403839413005
121,2025-11-17 18:00:00,19,1122.504453161108,1054.2532499194713,-68.25120324163663,-6.080261245238984
121,2025-11-17 18:00:00,20,1050.143833305883,1011.8736972897276,-38.270136016155334,-3.6442756508582113
121,2025-11-17 18:00:00,21,1585.9370314535688,1247.5749972499827,-338.36203420358606,-21.33514934659575
121,2025-11-17 18:00:00,24,1848.3915192551092,1590.8536153617176,-257.53790389339156,-13.933081882845784
121,2025-11-17 18:00:00,27,1762.0642639273335,1568.0184988302988,-194.04576509703475,-11.01241135578907
121,2025-11-17 18:00:00,28,6373.328966185372,6260.070942324392,-113.25802386098076,-1.7770622615259268
121,2025-11-17 18:00:00,29,3560.4253303834744,3469.3435040547924,-91.08182632868193,-2.5581726304276122
121,2025-11-17 18:00:00,30,2108.2329117996496,2025.2857914113763,-82.94712038827333,-3.9344381697118664
121,2025-11-17 18:00:00,31,5299.829409679933,4940.113687499289,-359.71572218064375,-6.787307559817624
121,2025-11-17 18:00:00,32,2185.8263651170496,2109.8540724164486,-75.97229270060097,-3.4756783024040754
121,2025-11-17 18:00:00,33,1221.8947982752095,1190.3788091119416,-31.515989163267932,-2.5792718986736802
121,2025-11-17 18:00:00,34,1188.046478522232,1129.2348857642728,-58.81159275795926,-4.950277099521634
121,2025-11-17 18:00:00,35,2502.745459909572,2348.4405778082914,-154.30488210128078,-6.165424513720066
121,2025-11-17 18:00:00,37,1079.5245763521596,1006.940093275848,-72.58448307631159,-6.7237453103275415
121,2025-11-17 18:00:00,38,3954.86434451872,3581.1461053238963,-373.7182391948236,-9.449584274939335
121,2025-11-17 18:00:00,39,3491.559649405704,2791.8655243552075,-699.6941250504965,-20.03958675515084
121,2025-11-17 18:00:00,40,2782.8863667562423,2606.2000404484643,-176.68632630777802,-6.34903129421433
121,2025-11-17 18:00:00,41,2800.574994367001,2648.389840288326,-152.18515407867517,-5.434068160459055
121,2025-11-17 18:00:00,44,3013.732517724756,2786.123723430845,-227.6087942939107,-7.552388705874467
121,2025-11-17 18:00:00,47,3014.140014751831,1890.7836163580955,-1123.3563983937356,-37.269549287551165
121,2025-11-17 18:00:00,48,2493.2540055229824,1905.703175364348,-587.5508301586344,-23.565622630390212
121,2025-11-17 18:00:00,50,1286.615048234565,1262.7686556560109,-23.84639257855406,-1.853420928915374
121,2025-11-17 18:00:00,53,3005.2809928218617,2021.402225454569,-983.8787673672928,-32.738328619430106
121,2025-11-17 18:00:00,54,2634.0983359547004,2166.873066396809,-467.22526955789135,-17.737578858784353
121,2025-11-17 18:00:00,55,1034.012765416108,932.4010283506288,-101.61173706547925,-9.826932554801544
121,2025-11-17 18:00:00,56,1842.085580847142,1791.0788566760675,-51.00672417107444,-2.7689660405255094
122,2025-11-17 19:00:00,1,3252.6092631595984,3100.716638730243,-151.89262442935524,-4.669870007127942
122,2025-11-17 19:00:00,3,2015.0525154828777,1933.554406974854,-81.49810850802373,-4.044465733861726
122,2025-11-17 19:00:00,5,1164.1148321543744,1110.387873514018,-53.726958640356315,-4.6152627864835525
122,2025-11-17 19:00:00,10,1815.962023724763,1672.3412123651794,-143.6208113595835,-7.9088003759571714
122,2025-11-17 19:00:00,12,2274.039315353235,2165.512540019911,-108.52677533332417,-4.772423000807543
122,2025-11-17 19:00:00,13,1027.639810131811,968.4021959818314,-59.23761414997955,-5.764433565723908
122,2025-11-17 19:00:00,14,2028.1348259921583,1951.7493318481688,-76.38549414398949,-3.766292712153488
122,2025-11-17 19:00:00,15,2570.5969425794037,2183.0856108548187,-387.51133172458503,-15.074760469284076
122,2025-11-17 19:00:00,16,1882.9394196341727,1683.4605445797208,-199.47887505445192,-10.594014495336644
122,2025-11-17 19:00:00,17,1197.8989315022484,1140.22652150285,-57.672409999398496,-4.81446376507518
122,2025-11-17 19:00:00,18,1114.9559349408928,1064.6683018350095,-50.28763310588329,-4.510279871154656
122,2025-11-17 19:00:00,19,1113.3037835151547,1059.269240502627,-54.03454301252759,-4.8535308882108055
122,2025-11-17 19:00:00,20,1042.4713844591226,1018.2850806135144,-24.186303845608222,-2.320092829997159
122,2025-11-17 19:00:00,21,1568.7671681832874,1265.433309165105,-303.33385901818247,-19.335811277173693
122,2025-11-17 19:00:00,24,1818.764643181924,1608.4088109779875,-210.35583220393642,-11.565863290366115
122,2025-11-17 19:00:00,27,1741.9055879925309,1582.3962525631257,-159.50933542940516,-9.15717456381965
122,2025-11-17 19:00:00,28,6374.0306423759175,6257.53119900013,-116.49944337578745,-1.8277201650282988
122,2025-11-17 19:00:00,29,3546.2851178171886,3473.234682557639,-73.05043525954943,-2.059914328166413
122,2025-11-17 19:00:00,30,2086.560182083751,2032.851891124173,-53.70829095957788,-2.574011112679333
122,2025-11-17 19:00:00,31,5301.138684646012,4935.759893446266,-365.37879119974605,-6.892458638330163
122,2025-11-17 19:00:00,32,2167.2201055706005,2116.996064966921,-50.22404060367944,-2.317440691629986
122,2025-11-17 19:00:00,33,1215.912492321242,1195.336512188714,-20.575980132528002,-1.6922254078702121
122,2025-11-17 19:00:00,34,1172.5780799594413,1137.0179178182138,-35.560162141227465,-3.0326476973249803
122,2025-11-17 19:00:00,35,2497.103049537729,2349.6247495281823,-147.47830000954673,-5.905975728028058
122,2025-11-17 19:00:00,37,1061.694127973136,1013.2785574487708,-48.41557052436508,-4.560218357503259
122,2025-11-17 19:00:00,38,3950.3096951087664,3580.739968100551,-369.5697270082155,-9.355462116446542
122,2025-11-17 19:00:00,39,3475.81910820031,2795.414690237999,-680.4044179623111,-19.575369050623785
122,2025-11-17 19:00:00,40,2759.798402444119,2614.6302674352123,-145.16813500890657,-5.260099247841564
122,2025-11-17 19:00:00,41,2755.6803557399103,2660.416010195123,-95.26434554478737,-3.4570172605961966
122,2025-11-17 19:00:00,44,2931.6941421374727,2803.7772517917347,-127.91689034573801,-4.3632413254567854
122,2025-11-17 19:00:00,47,2987.22337918194,1915.3152453063544,-1071.9081338755855,-35.88309268552695
122,2025-11-17 19:00:00,48,2466.76442144107,1930.265002299032,-536.4994191420383,-21.74911452746745
122,2025-11-17 19:00:00,50,1286.5602267968234,1269.5142649380275,-17.045961858795863,-1.3249252933331819
122,2025-11-17 19:00:00,53,2977.4962193787223,2046.8607926145185,-930.6354267642039,-31.255637562434526
122,2025-11-17 19:00:00,54,2603.025644621312,2189.407655127983,-413.6179894933289,-15.889892992333618
122,2025-11-17 19:00:00,55,1023.4265996323616,941.6302683785932,-81.79633125376836,-7.992398407775554
122,2025-11-17 19:00:00,56,1835.9240437118683,1793.020324556629,-42.90371915523929,-2.3369005543658883
123,2025-11-17 20:00:00,1,3252.4099876669907,3101.671200873785,-150.7387867932057,-4.634679741016698
123,2025-11-17 20:00:00,3,2017.3931871029151,1941.757435335973,-75.63575176694212,-3.7491824722358222
123,2025-11-17 20:00:00,5,1166.440407989464,1118.1057228796435,-48.334685109820384,-4.1437766369164555
123,2025-11-17 20:00:00,10,1818.0296734187168,1677.5924586421334,-140.43721477658346,-7.724693212102423
123,2025-11-17 20:00:00,12,2276.488512580189,2175.310994318463,-101.17751826172571,-4.444455471776151
123,2025-11-17 20:00:00,13,1029.799627607934,975.049692942682,-54.74993466525211,-5.3165619017000205
123,2025-11-17 20:00:00,14,2031.7128771686428,1966.1656545944927,-65.54722257415006,-3.22620500715118
123,2025-11-17 20:00:00,15,2575.576895789106,2205.356926191881,-370.2199695972249,-14.374254179811503
123,2025-11-17 20:00:00,16,1886.7646160213344,1699.5866122129744,-187.17800380836002,-9.920580565214687
123,2025-11-17 20:00:00,17,1199.8522058008482,1146.0044440687468,-53.84776173210139,-4.487866211502307
123,2025-11-17 20:00:00,18,1116.8664248814357,1071.2068724944338,-45.659552387001895,-4.088183812298684
123,2025-11-17 20:00:00,19,1115.1820676901564,1064.343403364165,-50.83866432599143,-4.5587770642054934
123,2025-11-17 20:00:00,20,1043.1587540924631,1024.8294613725611,-18.329292719902014,-1.7570952309984975
123,2025-11-17 20:00:00,21,1573.3870238314637,1283.5595957064525,-289.82742812501124,-18.42060622943441
123,2025-11-17 20:00:00,24,1823.4859696784995,1626.221996372929,-197.26397330557052,-10.817959479027431
123,2025-11-17 20:00:00,27,1745.51259916479,1596.9727214355298,-148.53987772926007,-8.509814125680611
123,2025-11-17 20:00:00,28,6372.477163277577,6254.982184915366,-117.49497836221144,-1.843788143161895
123,2025-11-17 20:00:00,29,3546.8478251519364,3477.1944328625696,-69.65339228936682,-1.963811128163726
123,2025-11-17 20:00:00,30,2088.180193512296,2040.5447804442476,-47.63541306804814,-2.281192648797511
123,2025-11-17 20:00:00,31,5298.075675352887,4931.397066323552,-366.67860902933444,-6.9209771905515725
123,2025-11-17 20:00:00,32,2168.5670739504776,2124.260118890206,-44.306955060271775,-2.0431443229264667
123,2025-11-17 20:00:00,33,1216.100292374252,1200.376251410561,-15.724040963690868,-1.2929888317839358
123,2025-11-17 20:00:00,34,1174.0313611988438,1144.95686441352,-29.074496785323845,-2.4764667917929275
123,2025-11-17 20:00:00,35,2497.5532134607274,2350.823500341843,-146.72971311888432,-5.874938412846416
123,2025-11-17 20:00:00,37,1063.6345996774985,1019.701753884288,-43.932845793210504,-4.130445343403765
123,2025-11-17 20:00:00,38,3949.879790269037,3580.356617955936,-369.523172313101,-9.355301729016206
123,2025-11-17 20:00:00,39,3477.801319667298,2799.0161109262763,-678.7852087410215,-19.517653435301966
123,2025-11-17 20:00:00,40,2761.9870438309413,2623.190287499493,-138.79675633144825,-5.0252500873043155
123,2025-11-17 20:00:00,41,2758.720366848434,2672.640950377389,-86.07941647104508,-3.1202661025547265
123,2025-11-17 20:00:00,44,2936.208165534173,2821.7010840397743,-114.50708149439879,-3.8998284535308807
123,2025-11-17 20:00:00,47,2993.238409585433,1940.2119640163917,-1053.0264455690415,-35.18017282542111
123,2025-11-17 20:00:00,48,2472.7567228241564,1955.2116894577296,-517.5450333664269,-20.929880751687303
123,2025-11-17 20:00:00,50,1286.281844432058,1276.4013320285358,-9.880512403522289,-0.7681452122092968
123,2025-11-17 20:00:00,53,2983.785535798566,2072.7055772835497,-911.0799585150162,-30.534364738489128
123,2025-11-17 20:00:00,54,2608.0954841266744,2212.3058004505447,-395.7896836761297,-15.175429200540203
123,2025-11-17 20:00:00,55,1026.0902290467675,950.9657771512954,-75.12445189547213,-7.321427469908018
123,2025-11-17 20:00:00,56,1836.4718655826805,1794.9885626104683,-41.483302972212186,-2.2588586163311715
124,2025-11-17 21:00:00,1,3251.9623855896853,3103.4451798625128,-148.5172057271725,-4.567002570057142
124,2025-11-17 21:00:00,3,2022.5231400465625,1957.0312245063203,-65.49191554024219,-3.2381293565192255
124,2025-11-17 21:00:00,5,1171.568077230262,1132.5460861366205,-39.02199109364142,-3.330748921214586
124,2025-11-17 21:00:00,10,1822.5466792644725,1687.5789868458685,-134.96769241860397,-7.405445026685027
124,2025-11-17 21:00:00,12,2281.844019516675,2193.897698971631,-87.94632054504382,-3.854177577119054
124,2025-11-17 21:00:00,13,1034.5474701997405,987.9407206152006,-46.6067495845399,-4.505037316029735
124,2025-11-17 21:00:00,14,2039.636864763511,1991.26515575437,-48.371709009141114,-2.371584366060654
124,2025-11-17 21:00:00,15,2586.545500920028,2248.61852161659,-337.9269793034382,-13.06479933112479
124,2025-11-17 21:00:00,16,1895.183890571807,1730.8410678585549,-164.3428227132522,-8.67160297904745
124,2025-11-17 21:00:00,17,1204.1396056781955,1157.0779703806963,-47.06163529749915,-3.9083205199444544
124,2025-11-17 21:00:00,18,1121.066881629274,1083.518796084206,-37.548085545067806,-3.3493171692395602
124,2025-11-17 21:00:00,19,1119.3063725046277,1074.0774332389872,-45.22893926564052,-4.040800658039095
124,2025-11-17 21:00:00,20,1044.682310928211,1034.7380048860691,-9.944306042141989,-0.9518976188374788
124,2025-11-17 21:00:00,21,1583.5799425252856,1319.0562524546062,-264.5236900706793,-16.70415764731471
124,2025-11-17 21:00:00,24,1833.9111046119865,1660.6415733113984,-173.26953130058814,-9.44808779797688
124,2025-11-17 21:00:00,27,1753.449478457285,1625.199142121858,-128.25033633542716,-7.3141734570113766
124,2025-11-17 21:00:00,28,6369.0628307001325,6249.996171697023,-119.06665900310963,-1.8694533586508988
124,2025-11-17 21:00:00,29,3548.0568446669963,3483.8839411933072,-64.17290347368908,-1.8086774333998032
124,2025-11-17 21:00:00,30,2091.7262840465,2053.850566028582,-37.87571801791819,-1.8107396893558467
124,2025-11-17 21:00:00,31,5291.350570179248,4922.851568241664,-368.4990019375846,-6.964176670023611
124,2025-11-17 21:00:00,32,2171.507488019861,2136.5269002074983,-34.9805878123625,-1.6108895781087247
124,2025-11-17 21:00:00,33,1216.4886225587618,1207.6786698248663,-8.809952733895443,-0.7242116835720659
124,2025-11-17 21:00:00,34,1177.2515358731628,1157.9248584653967,-19.326677407766056,-1.64167782490354
124,2025-11-17 21:00:00,35,2498.5168119757413,2352.9236733469247,-145.59313862881663,-5.827182668172106
124,2025-11-17 21:00:00,37,1067.9045595767277,1031.8256864212717,-36.078873155455994,-3.378473556640318
124,2025-11-17 21:00:00,38,3948.923027679088,3579.520638427171,-369.40238925191716,-9.354509740065183
124,2025-11-17 21:00:00,39,3482.116990556579,2805.775688701571,-676.3413018550077,-19.42327910547606
124,2025-11-17 21:00:00,40,2766.7609687258378,2639.313834894747,-127.44713383109092,-4.6063659011997515
124,2025-11-17 21:00:00,41,2765.3992488707927,2694.8193907393597,-70.57985813143296,-2.5522484017543987
124,2025-11-17 21:00:00,44,2946.1547504502173,2854.535197186024,-91.6195532641932,-3.109801114493132
124,2025-11-17 21:00:00,47,3006.4716446969287,1988.8749539358455,-1017.5966907610832,-33.846874709628715
124,2025-11-17 21:00:00,48,2485.964635153613,2004.00466307951,-481.959972074103,-19.387241687141767
124,2025-11-17 21:00:00,50,1285.6601469502136,1285.3748574204346,-0.2852895297789928,-0.02219012002944511
124,2025-11-17 21:00:00,53,2997.6275365533465,2123.213693483216,-874.4138430701305,-29.170196510655426
124,2025-11-17 21:00:00,54,2619.2618049734792,2256.853318369359,-362.4084866041203,-13.836283410691347
124,2025-11-17 21:00:00,55,1031.9573943770142,969.0890101969452,-62.86838418006903,-6.092149203313015
124,2025-11-17 21:00:00,56,1837.6590422038191,1798.4369409501571,-39.222101253662004,-2.1343513868940978
125,2025-11-17 22:00:00,1,3251.646831407012,3104.304954739093,-147.34187666791922,-4.531300116752325
125,2025-11-17 22:00:00,3,2026.0225651196856,1965.0290419599844,-60.993523159701226,-3.0105056187317483
125,2025-11-17 22:00:00,5,1175.0920614475292,1140.2107555910172,-34.88130585651197,-2.9683892012293636
125,2025-11-17 22:00:00,10,1825.615841030545,1693.1372630788771,-132.47857795166783,-7.256651425465544
125,2025-11-17 22:00:00,12,2285.4870991293287,2204.1033317862207,-81.38376734310805,-3.56089375320087
125,2025-11-17 22:00:00,13,1037.798600888626,995.4133059947656,-42.38529489386042,-4.084154175730008
125,2025-11-17 22:00:00,14,2045.1111060729695,2002.0074933687124,-43.1036127042571,-2.107641613028293
125,2025-11-17 22:00:00,15,2594.074157911284,2273.6336236641746,-320.44053424710955,-12.352790041481475
125,2025-11-17 22:00:00,16,1900.958015183465,1748.865810735806,-152.09220444765901,-8.00081870471928
125,2025-11-17 22:00:00,17,1207.0699874090496,1163.3228275552378,-43.74715985381181,-3.6242438557944903
125,2025-11-17 22:00:00,18,1123.9436773815796,1090.1738119525637,-33.76986542901591,-3.004586983191954
125,2025-11-17 22:00:00,19,1122.1265176484371,1079.5833344730272,-42.54318317540992,-3.7913000456102512
125,2025-11-17 22:00:00,20,1045.7359750430007,1036.843164501442,-8.892810541558674,-0.8503877416279
125,2025-11-17 22:00:00,21,1590.591025013696,1339.980102172933,-250.61092284076312,-15.755836597820938
125,2025-11-17 22:00:00,24,1841.08881551088,1680.3546884022226,-160.7341271086575,-8.730384202787942
125,2025-11-17 22:00:00,27,1758.891029712874,1641.4572329094583,-117.43379680341559,-6.676581710840028
125,2025-11-17 22:00:00,28,6366.725093897847,6247.003427881849,-119.72166601599747,-1.8804277591747138
125,2025-11-17 22:00:00,29,3548.860739533853,3486.448741645799,-62.411997888053975,-1.7586488303920278
125,2025-11-17 22:00:00,30,2094.141469368096,2059.436691224794,-34.704778143302065,-1.6572317893009483
125,2025-11-17 22:00:00,31,5286.751075540594,4917.700163227541,-369.0509123130523,-6.980675031598972
125,2025-11-17 22:00:00,32,2173.503383151239,2141.2440129730667,-32.2593701781725,-1.4842107184301445
125,2025-11-17 22:00:00,33,1216.7340798674124,1208.7213335112838,-8.012746356128673,-0.6585454035282567
125,2025-11-17 22:00:00,34,1179.4776163484692,1162.245208389434,-17.232407959035072,-1.4610203466501281
125,2025-11-17 22:00:00,35,2499.154293267998,2353.846897227524,-145.30739604047403,-5.814262706063819
125,2025-11-17 22:00:00,37,1070.8319461328144,1038.4125730663402,-32.419373066474236,-3.0274940137481936
125,2025-11-17 22:00:00,38,3948.256584851457,3578.856974461545,-369.3996103899117,-9.356018345089632
125,2025-11-17 22:00:00,39,3485.035785060498,2809.3758771976686,-675.6599078628292,-19.387459685757577
125,2025-11-17 22:00:00,40,2769.99795921966,2647.9852288968336,-122.01273032282643,-4.404794953610681
125,2025-11-17 22:00:00,41,2769.968853482555,2705.623131145845,-64.34572233670997,-2.322976384944222
125,2025-11-17 22:00:00,44,2952.9850786048523,2871.013438444017,-81.97164016083525,-2.775890767438724
125,2025-11-17 22:00:00,47,3015.5420446003363,2017.4450447347415,-998.0969998655949,-33.098427582954734
125,2025-11-17 22:00:00,48,2495.038513975277,2032.658797031433,-462.37971694384396,-18.531967116096613
125,2025-11-17 22:00:00,50,1285.2265013740046,1284.890148004498,-0.3363533695064689,-0.026170746490745533
125,2025-11-17 22:00:00,53,3007.119768503319,2152.8430404634337,-854.2767280398853,-28.40847035717069
125,2025-11-17 22:00:00,54,2626.9259637134264,2282.688944087979,-344.2370196254474,-13.104176683336496
125,2025-11-17 22:00:00,55,1035.9850158826112,979.6238294097076,-56.36118647290357,-5.44034765067393
125,2025-11-17 22:00:00,56,1838.4573343954,1799.954721735141,-38.50261266025905,-2.094289159716677
126,2025-11-17 23:00:00,1,3251.011990093526,3105.899623504993,-145.11236658853295,-4.463606010396729
126,2025-11-17 23:00:00,3,2032.7386219730336,1979.5503901790223,-53.188231794011244,-2.61657997831444
126,2025-11-17 23:00:00,5,1181.921280858205,1154.201378873915,-27.71990198428989,-2.345325567212242
126,2025-11-17 23:00:00,10,1831.4761692728985,1703.080188998699,-128.39598027419947,-7.010518751394568
126,2025-11-17 23:00:00,12,2292.4537446409604,2222.589098934455,-69.8646457065056,-3.0475923830449045
126,2025-11-17 23:00:00,13,1044.0702836700684,1008.9749353927896,-35.095348277278845,-3.3613971038341663
126,2025-11-17 23:00:00,14,2055.7886981200127,2021.7868223113385,-34.001875808674185,-1.6539577165575616
126,2025-11-17 23:00:00,15,2608.6414609635717,2319.5110600860403,-289.13040087753143,-11.083562275772975
126,2025-11-17 23:00:00,16,1912.1195050501876,1781.820033387014,-130.29947166317356,-6.814400005806833
126,2025-11-17 23:00:00,17,1212.7090506516006,1174.6401393802794,-38.06891127132121,-3.139162790189981
126,2025-11-17 23:00:00,18,1129.4941525489571,1102.2630701448395,-27.231082404117615,-2.4109095512061365
126,2025-11-17 23:00:00,19,1127.5564409577594,1089.5468040925612,-38.00963686519822,-3.3709742133096587
126,2025-11-17 23:00:00,20,1047.794076840952,1040.7227743652152,-7.071302475736729,-0.6748752099321235
126,2025-11-17 23:00:00,21,1604.1945685982646,1378.3935800362149,-225.80098856204972,-14.075660956722553
126,2025-11-17 23:00:00,24,1855.032560524096,1716.4840071305275,-138.54855339356845,-7.468793612680567
126,2025-11-17 23:00:00,27,1769.4055979834145,1671.1459619596312,-98.25963602378329,-5.553256762370903
126,2025-11-17 23:00:00,28,6362.215161195914,6241.582187548967,-120.632973646947,-1.896084470432645
126,2025-11-17 23:00:00,29,3550.349904928993,3491.0333379744843,-59.316566954508744,-1.670724535408717
126,2025-11-17 23:00:00,30,2098.7669094936305,2069.5647763801026,-29.202133113527907,-1.3913947747810407
126,2025-11-17 23:00:00,31,5277.887857317236,4908.399494501662,-369.48836281557396,-7.000686123016373
126,2025-11-17 23:00:00,32,2177.308744976673,2149.769556469213,-27.53918850746004,-1.2648269828978749
126,2025-11-17 23:00:00,33,1217.156941159195,1210.5137681811134,-6.643172978081566,-0.545794281200479
126,2025-11-17 23:00:00,34,1183.8232058367498,1170.2088365774182,-13.614369259331625,-1.150033990903964
126,2025-11-17 23:00:00,35,2500.326449885445,2355.447026740711,-144.87942314473412,-5.794420290653323
126,2025-11-17 23:00:00,37,1076.4874296727194,1050.394669088277,-26.09276058444243,-2.423879728198528
126,2025-11-17 23:00:00,38,3946.9379021116806,3577.652099929195,-369.28580218248544,-9.356260760649695
126,2025-11-17 23:00:00,39,3490.571007870504,2815.813510478698,-674.7574973918063,-19.330862941059497
126,2025-11-17 23:00:00,40,2776.160166288885,2663.689999823686,-112.47016646519933,-4.051285218732432
126,2025-11-17 23:00:00,41,2778.772505267566,2725.3097201559885,-53.46278511157743,-1.9239712862507088
126,2025-11-17 23:00:00,44,2966.207875539077,2901.082536700342,-65.12533883873493,-2.1955756835450746
126,2025-11-17 23:00:00,47,3033.061188015497,2069.8533140965424,-963.2078739189546,-31.75695491158793
126,2025-11-17 23:00:00,48,2512.616756764261,2085.282013032104,-427.3347437321572,-17.00755766201597
126,2025-11-17 23:00:00,50,1284.3709935501165,1283.9566978354028,-0.41429571471371673,-0.032256701279788816
126,2025-11-17 23:00:00,53,3025.465375595528,2207.2058485381185,-818.2595270574093,-27.04574091833209
126,2025-11-17 23:00:00,54,2641.7549827772177,2330.099307396561,-311.6556753806567,-11.797296774775837
126,2025-11-17 23:00:00,55,1043.7799721519063,998.7938552636064,-44.98611688829999,-4.309923363978183
126,2025-11-17 23:00:00,56,1839.959774034354,1802.65810417007,-37.30166986428412,-2.0273089874402688
127,2025-11-18 00:00:00,1,3250.857233595529,3106.2602979328326,-144.59693566269652,-4.447963268530519
127,2025-11-18 00:00:00,3,2034.306737407298,1982.8070745673767,-51.49966283992126,-2.5315583875791035
127,2025-11-18 00:00:00,5,1183.5294290673369,1157.355653627318,-26.17377544001897,-2.2115018686645445
127,2025-11-18 00:00:00,10,1832.8384068387709,1705.281054409557,-127.55735242921378,-6.959552569024412
127,2025-11-18 00:00:00,12,2294.0752914674235,2226.7265837118007,-67.34870775562285,-2.9357671043369598
127,2025-11-18 00:00:00,13,1045.5413991046682,1012.017594887686,-33.523804216982285,-3.206358375258008
127,2025-11-18 00:00:00,14,2058.3167565023123,2026.2785128983385,-32.0382436039738,-1.5565263948206023
127,2025-11-18 00:00:00,15,2612.0673152751456,2329.8977870047847,-282.16952827036084,-10.802536619950704
127,2025-11-18 00:00:00,16,1914.7422938830928,1789.261940674981,-125.48035320811186,-6.553380766120647
127,2025-11-18 00:00:00,17,1214.028913605839,1177.1752695403295,-36.85364406550957,-3.0356479695404444
127,2025-11-18 00:00:00,18,1130.7962379490518,1104.977397496379,-25.81884045267293,-2.283244282763187
127,2025-11-18 00:00:00,19,1128.8279501110587,1091.7757336973775,-37.05221641368121,-3.2823617106606777
127,2025-11-18 00:00:00,20,1048.281966572923,1041.6045379022055,-6.677428670717518,-0.636987841405646
127,2025-11-18 00:00:00,21,1607.4015400803405,1387.1013026611877,-220.30023741915284,-13.7053643365392
127,2025-11-18 00:00:00,24,1858.3231166001665,1724.6612231727077,-133.66189342745884,-7.192607799659487
127,2025-11-18 00:00:00,27,1771.8755865412777,1677.8435825615884,-94.0320039796893,-5.306919102781979
127,2025-11-18 00:00:00,28,6361.157098316677,6240.366317733879,-120.7907805827972,-1.8988806394163964
127,2025-11-18 00:00:00,29,3550.68640328988,3492.045553456257,-58.64084983362318,-1.6515355954637287
127,2025-11-18 00:00:00,30,2099.844861314494,2071.8332212903656,-28.01164002412861,-1.3339861691779191
127,2025-11-18 00:00:00,31,5275.810149540713,4906.318693364932,-369.4914561757805,-7.003501750493176
127,2025-11-18 00:00:00,32,2178.1920635229203,2151.673504217566,-26.5185593053543,-1.217457346826627
127,2025-11-18 00:00:00,33,1217.2458740162574,1210.8963158518395,-6.349558164417886,-0.5216331638461632
127,2025-11-18 00:00:00,34,1184.8528063789136,1172.0189837825048,-12.833822596408709,-1.0831575472763388
127,2025-11-18 00:00:00,35,2500.589394282647,2355.7894361998656,-144.79995808278136,-5.79063313688574
127,2025-11-18 00:00:00,37,1077.815647351489,1053.088102605021,-24.727544746467856,-2.294227663815304
127,2025-11-18 00:00:00,38,3946.621121116358,3577.377987233332,-369.2431338830261,-9.355930618913336
127,2025-11-18 00:00:00,39,3491.84928250791,2817.234827442648,-674.6144550652621,-19.31968995468045
127,2025-11-18 00:00:00,40,2777.5885115325323,2667.2022288375088,-110.38628269502351,-3.974176960939328
127,2025-11-18 00:00:00,41,2780.834913968193,2729.7388923650474,-51.0960216031458,-1.8374345541509636
127,2025-11-18 00:00:00,44,2969.3187253500737,2907.859391877877,-61.459333472196704,-2.0698126121489646
127,2025-11-18 00:00:00,47,3037.1749158873417,2081.724714890327,-955.4502009970147,-31.458517453146758
127,2025-11-18 00:00:00,48,2516.7550832657794,2097.212537790148,-419.5425454756314,-16.669979064121993
127,2025-11-18 00:00:00,50,1284.1665793060392,1283.7372786352046,-0.42930067083466383,-0.03343029461696916
127,2025-11-18 00:00:00,53,3029.775597401474,2219.5214626945835,-810.2541347068905,-26.74304114805781
127,2025-11-18 00:00:00,54,2645.2422977903293,2340.8384702635617,-304.4038275267676,-11.507597159664641
127,2025-11-18 00:00:00,55,1045.613610882562,1003.1065800337454,-42.5070308488165,-4.065271378108589
127,2025-11-18 00:00:00,56,1840.3044013489068,1803.2533706594768,-37.051030689430036,-2.013309899290159
128,2025-11-18 01:00:00,1,3250.8081234825845,3106.3724327161967,-144.43569076638778,-4.443070316055876
128,2025-11-18 01:00:00,3,2034.7985560110783,1983.8191125227888,-50.97944348828946,-2.505380364935344
128,2025-11-18 01:00:00,5,1184.034935952736,1158.337318268781,-25.69761768395506,-2.1703428592905007
128,2025-11-18 01:00:00,10,1833.265154862056,1705.9626573096698,-127.30249755238628,-6.944030830170072
128,2025-11-18 01:00:00,12,2294.583451158064,2228.0116887739096,-66.57176238415423,-2.9012569732670137
128,2025-11-18 01:00:00,13,1046.003364506376,1012.9633485280178,-33.04001597835827,-3.1586911762898895
128,2025-11-18 01:00:00,14,2059.1125368076696,2027.6789433769388,-31.433593430730753,-1.5265602471375168
128,2025-11-18 01:00:00,15,2613.1438430568446,2333.13386168921,-280.00998136763474,-10.715444620916093
128,2025-11-18 01:00:00,16,1915.5663029681505,1791.579065066882,-123.98723790126837,-6.472615315332673
128,2025-11-18 01:00:00,17,1214.4431440394214,1177.962900791496,-36.4802432479255,-3.0038658809984877
128,2025-11-18 01:00:00,18,1131.2051327158222,1105.8212441580508,-25.383888557771343,-2.243968651099482
128,2025-11-18 01:00:00,19,1129.2270534979127,1092.4679926830374,-36.75906081487528,-3.2552408925211096
128,2025-11-18 01:00:00,20,1048.4355949634069,1041.8795193539754,-6.556075609431446,-0.6253198232610816
128,2025-11-18 01:00:00,21,1608.4099322061,1389.815299362995,-218.59463284310505,-13.590728859979123
128,2025-11-18 01:00:00,24,1859.358066143752,1727.2088157151156,-132.14925042863638,-7.10725130543089
128,2025-11-18 01:00:00,27,1772.6515278652337,1679.928419381706,-92.72310848352777,-5.230757823856797
128,2025-11-18 01:00:00,28,6360.824817080782,6239.988337109464,-120.83647997131811,-1.8996982851474669
128,2025-11-18 01:00:00,29,3550.791001023717,3492.358720643997,-58.43228037971994,-1.6456130581291188
128,2025-11-18 01:00:00,30,2100.182776586261,2072.5379104631697,-27.644866123091106,-1.3163076295686233
128,2025-11-18 01:00:00,31,5275.157767025821,4905.672193650172,-369.48557337564944,-7.004256359596398
128,2025-11-18 01:00:00,32,2178.4686730128105,2152.264498494857,-26.20417451795356,-1.2028713032496046
128,2025-11-18 01:00:00,33,1217.2729593474544,1211.0136429730796,-6.259316374374748,-0.5142081179335645
128,2025-11-18 01:00:00,34,1185.1769627750014,1172.5834898037951,-12.59347297120621,-1.0625816537742647
128,2025-11-18 01:00:00,35,2500.670959871381,2355.8944322377147,-144.77652763366632,-5.789507294518777
128,2025-11-18 01:00:00,37,1078.2328714738749,1053.9257044450055,-24.307167028869344,-2.2543522528341224
128,2025-11-18 01:00:00,38,3946.520985965157,3577.292278101808,-369.228707863349,-9.355802469476817
128,2025-11-18 01:00:00,39,3492.248995776373,2817.6745380267084,-674.5744577496644,-19.316333358976244
128,2025-11-18 01:00:00,40,2778.035616883992,2668.292771515732,-109.74284536826008,-3.9503757511703212
128,2025-11-18 01:00:00,41,2781.48232753679,2731.116439484534,-50.36588805225574,-1.8107570755935196
128,2025-11-18 01:00:00,44,2970.29635506736,2909.968241049203,-60.328114018157066,-2.0310469665842135
128,2025-11-18 01:00:00,47,3038.467080639627,2085.424038870142,-953.0430417694852,-31.36591631490904
128,2025-11-18 01:00:00,48,2518.055861320957,2100.9310509245406,-417.12481039641625,-16.56535173836831
128,2025-11-18 01:00:00,50,1284.1020870712327,1283.6683007155136,-0.4337863557191213,-0.033781298238405394
128,2025-11-18 01:00:00,53,3031.1296856849262,2223.359290681861,-807.7703950030655,-26.649153245336596
128,2025-11-18 01:00:00,54,2646.338131914172,2344.1847755991216,-302.1533563150506,-11.41779097202875
128,2025-11-18 01:00:00,55,1046.1898502435404,1004.4481529141462,-41.74169732939413,-3.9898778715619505
128,2025-11-18 01:00:00,56,1840.411971628786,1803.437424371998,-36.9745472567879,-2.009036445468511
129,2025-11-18 02:00:00,1,3250.7410289017266,3106.523823303463,-144.21720559826372,-4.436440931961534
129,2025-11-18 02:00:00,3,2035.4659384391684,1985.18546868886,-50.280469750308384,-2.4702191670603115
129,2025-11-18 02:00:00,5,1184.7217760037229,1159.663811124149,-25.057964879573774,-2.1150927911613766
129,2025-11-18 02:00:00,10,1833.8438502902995,1706.881095790788,-126.96275449951145,-6.923313262435791
129,2025-11-18 02:00:00,12,2295.2726841168305,2229.746219163476,-65.52646495335466,-2.8548444551618832
129,2025-11-18 02:00:00,13,1046.6306829268651,1014.2404163554992,-32.39026657136594,-3.0947178503106487
129,2025-11-18 02:00:00,14,2060.1946326250195,2029.573244435043,-30.621388189976415,-1.4863347231887425
129,2025-11-18 02:00:00,15,2614.606261295837,2337.5094147852124,-277.0968465106248,-10.59803346348951
129,2025-11-18 02:00:00,16,1916.68555738262,1794.7109724895167,-121.97458489310316,-6.363828663668168
129,2025-11-18 02:00:00,17,1215.0054558985623,1179.026160876301,-35.97929502226134,-2.9612455522393275
129,2025-11-18 02:00:00,18,1131.7603909583795,1106.9608170259285,-24.79957393245104,-2.191238899202918
129,2025-11-18 02:00:00,19,1129.7688681323598,1093.4023196832668,-36.36654844909299,-3.2189370299441116
129,2025-11-18 02:00:00,20,1048.6445373714423,1042.2515240769196,-6.393013294522689,-0.6096454104979719
129,2025-11-18 02:00:00,21,1609.7802939974365,1393.4857694624689,-216.29452453496765,-13.436276077020487
129,2025-11-18 02:00:00,24,1860.7647315730856,1730.6534148935818,-130.11131667950372,-6.9923571998007485
129,2025-11-18 02:00:00,27,1773.705444003476,1682.745939919186,-90.95950408429007,-5.128219253755181
129,2025-11-18 02:00:00,28,6360.373580292716,6239.477885222421,-120.895695070295,-1.9007640595968134
129,2025-11-18 02:00:00,29,3550.932201546322,3492.7804378943338,-58.151763651988404,-1.6376478161612067
129,2025-11-18 02:00:00,30,2100.641184221404,2073.489122521195,-27.152061700208833,-1.2925606669124057
129,2025-11-18 02:00:00,31,5274.271917744701,4904.799384020283,-369.4725337244181,-7.005185540043335
129,2025-11-18 02:00:00,32,2178.8436868390577,2153.061880038016,-25.781806801041512,-1.1832793218151545
129,2025-11-18 02:00:00,33,1217.3090858018686,1211.1708532721275,-6.138232529741117,-0.5042460128930794
129,2025-11-18 02:00:00,34,1185.6177943300463,1173.3471751848288,-12.270619145217552,-1.0349557170868269
129,2025-11-18 02:00:00,35,2500.780935042208,2356.035081510845,-144.74585353136308,-5.788026112288003
129,2025-11-18 02:00:00,37,1078.7995361025498,1055.057036360305,-23.742499742244945,-2.200825913220267
129,2025-11-18 02:00:00,38,3946.384486760157,3577.176107844685,-369.20837891547217,-9.355610943488662
129,2025-11-18 02:00:00,39,3492.7904520759294,2818.266633970169,-674.5238181057603,-19.311889085841354
129,2025-11-18 02:00:00,40,2778.6416401086126,2669.7643922902125,-108.87724781840006,-3.9183623482351697
129,2025-11-18 02:00:00,41,2782.361287966323,2732.977161131762,-49.3841268345609,-1.7748998682574626
129,2025-11-18 02:00:00,44,2971.6244902525623,2912.81768326284,-58.80680698972219,-1.9789447550529549
129,2025-11-18 02:00:00,47,3040.2220308002543,2090.426530401906,-949.7955003983484,-31.24099130839931
129,2025-11-18 02:00:00,48,2519.8231997755665,2105.9600652874337,-413.8631344881328,-16.424292566438567
129,2025-11-18 02:00:00,50,1284.0142783442473,1283.574567495478,-0.4397108487692094,-0.03424501239473927
129,2025-11-18 02:00:00,53,3032.968895378621,2228.549130464516,-804.4197649141047,-26.522519440928356
129,2025-11-18 02:00:00,54,2647.826771797922,2348.709700529549,-299.1170712683729,-11.296700919194462
129,2025-11-18 02:00:00,55,1046.972682518406,1006.2605273474824,-40.71215517092355,-3.8885594486566584
129,2025-11-18 02:00:00,56,1840.5575367078527,1803.6851898506125,-36.872346857240245,-2.003324868789087
130,2025-11-18 03:00:00,1,3250.600043775971,3106.835134469819,-143.76490930615182,-4.422719109397145
130,2025-11-18 03:00:00,3,2036.8511402658733,1987.9965926206853,-48.85454764518795,-2.3985330434511227
130,2025-11-18 03:00:00,5,1186.1506737570685,1162.397234978513,-23.75343877855539,-2.0025650454100954
130,2025-11-18 03:00:00,10,1835.0435249759787,1708.7640417074952,-126.27948326848355,-6.881552483619514
130,2025-11-18 03:00:00,12,2296.702028973088,2233.3130069547674,-63.3890220183207,-2.7600020036845394
130,2025-11-18 03:00:00,13,1047.9344063012024,1016.8686836572308,-31.06572264397164,-2.9644720563781717
130,2025-11-18 03:00:00,14,2062.449007548068,2033.4838576095171,-28.965149938550894,-1.4044056280928838
130,2025-11-18 03:00:00,15,2617.647638608023,2346.536056348211,-271.11158225981217,-10.357069387840916
130,2025-11-18 03:00:00,16,1919.0127883212483,1801.1679183189551,-117.84487000229319,-6.140911135114625
130,2025-11-18 03:00:00,17,1216.1733833262026,1181.2132875702694,-34.96009575593325,-2.8745980001896028
130,2025-11-18 03:00:00,18,1132.9143764822602,1109.3065165958385,-23.607859886421693,-2.0838167805518495
130,2025-11-18 03:00:00,19,1130.8943623520988,1095.3235420002204,-35.57082035187841,-3.1453707380675398
130,2025-11-18 03:00:00,20,1049.079985169413,1043.019679435108,-6.060305734305075,-0.5776781389387019
130,2025-11-18 03:00:00,21,1612.6321087913727,1401.061019012634,-211.57108977873872,-13.119612875456507
130,2025-11-18 03:00:00,24,1863.69289188154,1737.7594370942531,-125.93345478728679,-6.757199930088663
130,2025-11-18 03:00:00,27,1775.896642793299,1688.5531806434915,-87.34346214980746,-4.918273960607604
130,2025-11-18 03:00:00,28,6359.435712972823,6238.427071404086,-121.0086415687374,-1.902820423546194
130,2025-11-18 03:00:00,29,3551.2225104037816,3493.643963501346,-57.57854690243539,-1.621372548009913
130,2025-11-18 03:00:00,30,2101.592144767965,2075.445421438889,-26.14672332907594,-1.244138801820787
130,2025-11-18 03:00:00,31,5272.431030958174,4903.003580812468,-369.42745014570664,-7.006776342384313
130,2025-11-18 03:00:00,32,2179.620794196962,2154.700456727336,-24.920337469625792,-1.1433336264718101
130,2025-11-18 03:00:00,33,1217.3817235566764,1211.489892615322,-5.891830941354328,-0.48397563618261663
130,2025-11-18 03:00:00,34,1186.5363698410808,1174.924113844704,-11.612255996376916,-0.9786683570375687
130,2025-11-18 03:00:00,35,2501.006539098107,2356.3202955678157,-144.68624353029145,-5.785120561198814
130,2025-11-18 03:00:00,37,1079.9775843894568,1057.3864810921536,-22.591103297303107,-2.091812239795192
130,2025-11-18 03:00:00,38,3946.098817652333,3576.9352596399435,-369.16355801238933,-9.355152394080623
130,2025-11-18 03:00:00,39,3493.910732812809,2819.4789136768136,-674.4318191359953,-19.303063836237083
130,2025-11-18 03:00:00,40,2779.8969142337414,2672.789320787516,-107.10759344622556,-3.8529340026174674
130,2025-11-18 03:00:00,41,2784.187282973984,2736.808690716083,-47.37859225790089,-1.7017027750838845
130,2025-11-18 03:00:00,44,2974.3868384681205,2918.688669149795,-55.698169318325654,-1.8725933223605686
130,2025-11-18 03:00:00,47,3043.870282699943,2100.7487794980625,-943.1215032018804,-30.984286963941262
130,2025-11-18 03:00:00,48,2523.4997893829163,2116.3391139516257,-407.16067543129066,-16.1347616173511
130,2025-11-18 03:00:00,50,1283.8309261466873,1283.3794965595764,-0.45142958711085157,-0.03516269766656738
130,2025-11-18 03:00:00,53,3036.792903065089,2239.2581274034146,-797.5347756616743,-26.262402512094532
130,2025-11-18 03:00:00,54,2650.9226628417123,2358.0456975428037,-292.87696529890854,-11.048114281272655
130,2025-11-18 03:00:00,55,1048.6008667756678,1009.9936011963272,-38.607265579340606,-3.681788448073069
130,2025-11-18 03:00:00,56,1840.8581486937403,1804.1922220162205,-36.66592667751979,-1.9917844676700196
131,2025-11-18 04:00:00,1,3251.004444648433,3105.9174661029338,-145.08697854549928,-4.4628354410382585
131,2025-11-18 04:00:00,3,2032.81571950019,1979.7115955920176,-53.10412390817237,-2.6123432340059396
131,2025-11-18 04:00:00,5,1182.0002200472534,1154.3573530865538,-27.64286696069962,-2.338651591756432
131,2025-11-18 04:00:00,10,1831.5432006636852,1703.189396302547,-128.35380436113815,-7.0079594253975195
131,2025-11-18 04:00:00,12,2292.533515901316,2222.7939778884515,-69.73953801286461,-3.042029158097011
131,2025-11-18 04:00:00,13,1044.1425486510773,1009.125524153246,-35.017024497831244,-3.3536632084450124
131,2025-11-18 04:00:00,14,2055.9126685691385,2022.00864036884,-33.904028200298626,-1.6490986566999921
131,2025-11-18 04:00:00,15,2608.8096662312814,2320.0242676680155,-288.78539856326597,-11.069623142743447
131,2025-11-18 04:00:00,16,1912.248299568379,1782.1879051555431,-130.06039441283588,-6.801438622912742
131,2025-11-18 04:00:00,17,1212.7739123046213,1174.765649751845,-38.00826255277616,-3.1339940748353885
131,2025-11-18 04:00:00,18,1129.558113282622,1102.3973917159751,-27.16072156664677,-2.4045439758486338
131,2025-11-18 04:00:00,19,1127.6189209284012,1089.6571820869185,-37.961738841482656,-3.36653971806607
131,2025-11-18 04:00:00,20,1047.8179962295242,1040.7663124039868,-7.051683825537339,-0.6729874702393134
131,2025-11-18 04:00:00,21,1604.3519549551384,1378.8237151194994,-225.52823983563894,-14.057279585011338
131,2025-11-18 04:00:00,24,1855.1940180472093,1716.8880557623854,-138.30596228482386,-7.45506728349662
131,2025-11-18 04:00:00,27,1769.526896103903,1671.4771037659457,-98.04979233795734,-5.54101735067383
131,2025-11-18 04:00:00,28,6362.163188913258,6241.522014744863,-120.64117416839508,-1.896228854654736
131,2025-11-18 04:00:00,29,3550.3665540205125,3491.0835973306557,-59.282956689856746,-1.6697700304416014
131,2025-11-18 04:00:00,30,2098.819926750049,2069.6770918624456,-29.142834887603385,-1.3885343147437175
131,2025-11-18 04:00:00,31,5277.785786423349,4908.2964740866255,-369.48931233672374,-7.000839505218329
131,2025-11-18 04:00:00,32,2177.352222212761,2149.863877256947,-27.488344955813773,-1.2624666177288673
131,2025-11-18 04:00:00,33,1217.1614040404263,1210.5328807472647,-6.6285232931616065,-0.5445886857041229
131,2025-11-18 04:00:00,34,1183.8736885407511,1170.2982138602672,-13.575474680483921,-1.1466995855965953
131,2025-11-18 04:00:00,35,2500.3394784606003,2355.4641338934184,-144.87534456718186,-5.794226976585522
131,2025-11-18 04:00:00,37,1076.5526602939574,1050.5279281475548,-26.024732146402584,-2.4174137602610557
131,2025-11-18 04:00:00,38,3946.9224135778422,3577.6385859006573,-369.28382767718495,-9.35624745008436
131,2025-11-18 04:00:00,39,3490.633988725372,2815.884085380483,-674.7499033448889,-19.3302966029755
131,2025-11-18 04:00:00,40,2776.2304896783944,2663.863954887127,-112.36653479126744,-4.047449778000394
131,2025-11-18 04:00:00,41,2778.873841649449,2725.528833403435,-53.345008246014004,-1.919662830549736
131,2025-11-18 04:00:00,44,2966.360604397669,2901.4176669116387,-64.94293748603013,-2.18931364547356
131,2025-11-18 04:00:00,47,3033.263225030563,2070.43980624041,-962.823418790153,-31.742165033516066
131,2025-11-18 04:00:00,48,2512.819902784162,2085.8713376989363,-426.9485650852257,-16.990814368040223
131,2025-11-18 04:00:00,50,1284.360986087822,1283.9459269740132,-0.41505911380886573,-0.03231639066467913
131,2025-11-18 04:00:00,53,3025.677040377373,2207.8142765420885,-817.8627638352846,-27.03073569720045
131,2025-11-18 04:00:00,54,2641.9262064661884,2330.629880381772,-311.29632608441625,-11.782930398377887
131,2025-11-18 04:00:00,55,1043.8699968404103,999.0071866059658,-44.86281023444451,-4.297739217549641
131,2025-11-18 04:00:00,56,1839.976775628038,1802.687674235685,-37.289101392352904,-2.026607177127279
132,2025-11-18 05:00:00,1,3252.0108886256594,3103.3092151217106,-148.70167350394877,-4.572606876073283
132,2025-11-18 05:00:00,3,2021.9763563140157,1955.7503862469296,-66.22597006708611,-3.275308826450052
132,2025-11-18 05:00:00,5,1171.0194289149886,1131.320699490419,-39.69872942456959,-3.390099979925403
132,2025-11-18 05:00:00,10,1822.0662136368203,1686.6838514707397,-135.3823621660806,-7.430156003818279
132,2025-11-18 05:00:00,12,2281.2740251164664,2192.261751696216,-89.0122734202505,-3.9018667832202283
132,2025-11-18 05:00:00,13,1034.0404243552537,986.743374147862,-47.297050207391635,-4.574003984117193
132,2025-11-18 05:00:00,14,2038.786694335104,1989.5535796353693,-49.23311469973464,-2.4148242107196367
132,2025-11-18 05:00:00,15,2585.3726642030374,2244.6262311663054,-340.746433036732,-13.179780143678821
132,2025-11-18 05:00:00,16,1894.2840342492564,1727.9608016015677,-166.32323264768866,-8.780268937525303
132,2025-11-18 05:00:00,17,1203.6821720407927,1156.076953467507,-47.60521857328558,-3.9549658272808785
132,2025-11-18 05:00:00,18,1120.6182511293453,1082.4528666471103,-38.16538448223491,-3.40574361016986
132,2025-11-18 05:00:00,19,1118.8662389230676,1073.1943896733746,-45.67184924969297,-4.081975812734602
132,2025-11-18 05:00:00,20,1044.5187576599697,1034.4026942238213,-10.116063436148352,-0.9684903561532318
132,2025-11-18 05:00:00,21,1582.4888530143078,1315.7176239042683,-266.7712291100395,-16.857700362432034
132,2025-11-18 05:00:00,24,1832.7945971256652,1657.4942412559153,-175.30035586974986,-9.56464822324716
132,2025-11-18 05:00:00,27,1752.6013237202922,1622.599986127519,-130.0013375927731,-7.417621785017022
132,2025-11-18 05:00:00,28,6369.427435380946,6250.476309505787,-118.95112587515905,-1.8675324757514058
132,2025-11-18 05:00:00,29,3547.929653349224,3483.471106177786,-64.45854717143766,-1.816793270142467
132,2025-11-18 05:00:00,30,2091.348623895252,2052.955502503325,-38.3931213919268,-1.8358068546418385
132,2025-11-18 05:00:00,31,5292.068287018078,4923.679214334435,-368.38907268364346,-6.961154934212304
132,2025-11-18 05:00:00,32,2171.194880066549,2135.770231487828,-35.42464857872119,-1.6315738814580933
132,2025-11-18 05:00:00,33,1216.448809596153,1207.5082922544711,-8.940517341681925,-0.7349686457130961
132,2025-11-18 05:00:00,34,1176.9059245039566,1157.2367916750893,-19.669132828867305,-1.6712578651651762
132,2025-11-18 05:00:00,35,2498.415696970854,2352.77355341621,-145.642143554644,-5.829379943907031
132,2025-11-18 05:00:00,37,1067.4482632964186,1030.7712359753637,-36.67702732105499,-3.4359536271848508
132,2025-11-18 05:00:00,38,3949.026075225783,3579.6276036302597,-369.39847159552346,-9.354166433920122
132,2025-11-18 05:00:00,39,3481.659003694307,2805.1963538255945,-676.4626498687126,-19.42931944658951
132,2025-11-18 05:00:00,40,2766.253705881726,2637.9241794811246,-128.32952640060148,-4.639109063920702
132,2025-11-18 05:00:00,41,2764.686269671827,2693.0914948523528,-71.59477481947442,-2.589616608758029
132,2025-11-18 05:00:00,44,2945.090927877945,2851.9005440720607,-93.19038380588427,-3.1642616845460743
132,2025-11-18 05:00:00,47,3005.057684820683,1984.3149442638785,-1020.7427405568044,-33.9674923949992
132,2025-11-18 05:00:00,48,2484.5516988865347,1999.4335102793304,-485.1181886072043,-19.52538113111563
132,2025-11-18 05:00:00,50,1285.727190346641,1285.4506427260112,-0.276547620629799,-0.02150904349741875
132,2025-11-18 05:00:00,53,2996.148163829,2118.48513661581,-877.6630272131902,-29.293044910421234
132,2025-11-18 05:00:00,54,2618.067844322237,2252.731023118407,-365.3368212038299,-13.954444381421597
132,2025-11-18 05:00:00,55,1031.3300025011972,967.4023644854512,-63.92763801574597,-6.198562813135242
132,2025-11-18 05:00:00,56,1837.5334332478835,1798.192258174087,-39.34117507379642,-2.1409773755386845
133,2025-11-18 06:00:00,1,3257.7566296955097,3099.00679043284,-158.74983926266987,-4.87298031460096
133,2025-11-18 06:00:00,3,2036.7751412847128,1918.1239242534568,-118.65121703125601,-5.825445068836404
133,2025-11-18 06:00:00,5,1188.699695454172,1095.865148245475,-92.8345472086969,-7.809756119540956
133,2025-11-18 06:00:00,10,1825.7424623109148,1662.3767624363954,-163.36569987451935,-8.94790493439808
133,2025-11-18 06:00:00,12,2294.740022158413,2147.047303672164,-147.69271848624885,-6.436141657011339
133,2025-11-18 06:00:00,13,1034.423708328462,955.8382319441124,-78.58547638434959,-7.597029703750393
133,2025-11-18 06:00:00,14,2065.068092670338,1924.791926881475,-140.27616578886295,-6.792810672284998
133,2025-11-18 06:00:00,15,2597.9678820216163,2141.248087138696,-456.71979488292027,-17.579886111891515
133,2025-11-18 06:00:00,16,1902.1408811733256,1653.0984403634016,-249.04244080992407,-13.092744248065557
133,2025-11-18 06:00:00,17,1207.1124709672065,1129.3159779807231,-77.79649298648337,-6.444842121807294
133,2025-11-18 06:00:00,18,1132.1120019007524,1052.3335044718358,-79.77849742891658,-7.0468732152802
133,2025-11-18 06:00:00,19,1121.0466894875349,1049.6801607922023,-71.36652869533259,-6.366062124313166
133,2025-11-18 06:00:00,20,1049.6235822296935,1006.0772878848372,-43.54629434485628,-4.148753427619432
133,2025-11-18 06:00:00,21,1582.3603337788074,1231.3364227207076,-351.0239110580999,-22.183563602092182
133,2025-11-18 06:00:00,24,1844.7645059940503,1574.8873950001848,-269.8771109938655,-14.629352967111775
133,2025-11-18 06:00:00,27,1759.2740904611328,1554.933134726705,-204.34095573442778,-11.615072196104864
133,2025-11-18 06:00:00,28,6374.517965383392,6262.404892672383,-112.11307271100941,-1.7587694209952145
133,2025-11-18 06:00:00,29,3559.980899973756,3465.8174926640013,-94.1634073097548,-2.6450537223514026
133,2025-11-18 06:00:00,30,2106.98759656652,2018.4211995005,-88.56639706602004,-4.2034607707394676
133,2025-11-18 06:00:00,31,5302.177305232313,4944.121047066404,-358.05625816590964,-6.753004238703435
133,2025-11-18 06:00:00,32,2184.787829022436,2103.3765055186814,-81.41132350375483,-3.726280530415697
133,2025-11-18 06:00:00,33,1221.7483889167097,1185.8797391613084,-35.86864975540129,-2.935845881262428
133,2025-11-18 06:00:00,34,1186.945771770805,1122.1934707151186,-64.75230105568653,-5.455371474897504
133,2025-11-18 06:00:00,35,2502.383346698401,2347.363281044779,-155.02006565362217,-6.194896791418981
133,2025-11-18 06:00:00,37,1078.035753417829,1001.1697885899288,-76.86596482790026,-7.130186970534387
133,2025-11-18 06:00:00,38,3955.170122236145,3581.5423020935123,-373.6278201426326,-9.446567621505839
133,2025-11-18 06:00:00,39,3489.991616444512,2788.642274465428,-701.3493419790843,-20.096017958163344
133,2025-11-18 06:00:00,40,2781.1780065928974,2598.5439809985446,-182.6340255943528,-6.566786633628315
133,2025-11-18 06:00:00,41,2798.255342355569,2637.475868876817,-160.77947347875215,-5.74570415519722
133,2025-11-18 06:00:00,44,3010.352850422219,2770.08172824264,-240.27112217957892,-7.981493669284633
133,2025-11-18 06:00:00,47,3009.466373911915,1868.4751705549484,-1140.9912033569667,-37.91340595289079
133,2025-11-18 06:00:00,48,2488.613041266053,1883.384789566514,-605.2282516995392,-24.319901955976103
133,2025-11-18 06:00:00,50,1286.829668517376,1256.671686344511,-30.157982172864877,-2.3435877265412657
133,2025-11-18 06:00:00,53,3000.3977385240896,1998.257798613751,-1002.1399399103386,-33.40023647675778
133,2025-11-18 06:00:00,54,2630.1807098569107,2146.408410888951,-483.7722989679596,-18.393120182007504
133,2025-11-18 06:00:00,55,1031.9496623903574,923.9826835840591,-107.96697880629824,-10.462426874214858
133,2025-11-18 06:00:00,56,1841.6559513187697,1789.3133315226582,-52.34261979611142,-2.8421497380458067
134,2025-11-18 07:00:00,1,3257.856068599493,3098.398588539729,-159.45748005976384,-4.894552635295285
134,2025-11-18 07:00:00,3,2035.423037872048,1912.3500456518404,-123.07299222020765,-6.046555921312331
134,2025-11-18 07:00:00,5,1187.380061779261,1090.42652665199,-96.95353512727115,-8.165332924825146
134,2025-11-18 07:00:00,10,1824.532770539163,1658.6205020338489,-165.91226850531416,-9.093411265848946
134,2025-11-18 07:00:00,12,2293.3149672904137,2140.1270738464686,-153.1878934439451,-6.679758150488108
134,2025-11-18 07:00:00,13,1033.1700887654556,951.1149112996202,-82.05517746583541,-7.942078304249389
134,2025-11-18 07:00:00,14,2063.048094331003,1914.7538574518844,-148.29423687911867,-7.18811341755011
134,2025-11-18 07:00:00,15,2595.0946392287537,2125.60154367539,-469.4930955533637,-18.091559685580258
134,2025-11-18 07:00:00,16,1899.930826062724,1641.7198324907056,-258.2109935720184,-13.590547088870375
134,2025-11-18 07:00:00,17,1205.9793818212763,1125.2185391825512,-80.76084263872508,-6.69670177252613
134,2025-11-18 07:00:00,18,1131.016319841156,1047.7041234046376,-83.31219643651843,-7.36613565825638
134,2025-11-18 07:00:00,19,1119.9563574312758,1046.076696501695,-73.87966092958072,-6.596655346377122
134,2025-11-18 07:00:00,20,1049.2359619740914,1001.5420144308794,-47.69394754321206,-4.545588339678902
134,2025-11-18 07:00:00,21,1579.6901720952171,1218.5643118430842,-361.12586025213295,-22.860549912338495
134,2025-11-18 07:00:00,24,1842.057764066681,1562.3281187611192,-279.7296453055619,-15.185715169322776
134,2025-11-18 07:00:00,27,1757.188877210651,1544.6349910011895,-212.55388620946155,-12.09624582571158
134,2025-11-18 07:00:00,28,6375.4069546223145,6264.257071590342,-111.14988303197242,-1.7434162842167469
134,2025-11-18 07:00:00,29,3559.645811258168,3463.0544929049397,-96.59131835322842,-2.713509249929782
134,2025-11-18 07:00:00,30,2106.055097666852,2013.034621884228,-93.02047578262386,-4.416811121687871
134,2025-11-18 07:00:00,31,5303.9336323300895,4947.305738893817,-356.62789343627264,-6.723837780745405
134,2025-11-18 07:00:00,32,2184.0093439962566,2098.295253991922,-85.7140900043346,-3.924621029665407
134,2025-11-18 07:00:00,33,1221.6363856600883,1182.3485847097286,-39.287800950359724,-3.215997936172415
134,2025-11-18 07:00:00,34,1186.1255851112733,1116.680618377118,-69.44496673415529,-5.854773525321139
134,2025-11-18 07:00:00,35,2502.109963052017,2346.516871043445,-155.59309200857206,-6.218475379027033
134,2025-11-18 07:00:00,37,1076.9231745944985,996.6280074819256,-80.29516711257293,-7.455979127091125
134,2025-11-18 07:00:00,38,3955.3976643981487,3581.873302951633,-373.52436144651574,-9.443408555568105
134,2025-11-18 07:00:00,39,3488.8150817356177,2786.112634518317,-702.7024472173007,-20.14157903914242
134,2025-11-18 07:00:00,40,2779.897000806478,2592.532682323208,-187.36431848326993,-6.739973402932322
134,2025-11-18 07:00:00,41,2796.520903717216,2628.909597789685,-167.6113059275308,-5.993565279799519
134,2025-11-18 07:00:00,44,3007.8288977048933,2757.474667499152,-250.35423020574126,-8.323419939105333
134,2025-11-18 07:00:00,47,3005.973328563545,1850.9281451909883,-1155.0451833725565,-38.424997733579836
134,2025-11-18 07:00:00,48,2485.14700763208,1865.842430944845,-619.3045766872351,-24.920239116048364
134,2025-11-18 07:00:00,50,1286.9890604682564,1251.9025082406608,-35.086552227595575,-2.726251007512817
134,2025-11-18 07:00:00,53,2996.7485813096537,1980.058340353765,-1016.6902409558886,-33.92644439032552
134,2025-11-18 07:00:00,54,2627.254071985706,2130.3326214722647,-496.9214505134414,-18.914099546446337
134,2025-11-18 07:00:00,55,1030.408447991553,917.3445529283412,-113.06389506321182,-10.972725940241776
134,2025-11-18 07:00:00,56,1841.333013742176,1787.925687862357,-53.40732587981893,-2.900470772056501
135,2025-11-18 08:00:00,1,3257.843402704153,3098.476838753971,-159.3665639501819,-4.891780980568331
135,2025-11-18 08:00:00,3,2035.595861433403,1913.1027379410395,-122.49312349236334,-6.017556127575713
135,2025-11-18 08:00:00,5,1187.5485856047187,1091.1357094316193,-96.41287617309945,-8.118646878266835
135,2025-11-18 08:00:00,10,1824.68746612348,1659.1110038304687,-165.57646229301122,-9.074236841489125
135,2025-11-18 08:00:00,12,2293.497178324152,2141.029528938416,-152.46764938573597,-6.647823717714071
135,2025-11-18 08:00:00,13,1033.3302594844404,951.7313777482568,-81.59888173618356,-7.896689464692121
135,2025-11-18 08:00:00,14,2063.3058843401,1916.0610221147915,-147.24486222530845,-7.1363564337626695
135,2025-11-18 08:00:00,15,2595.4616357002888,2127.6412079891543,-467.82042771113447,-18.024555681205843
135,2025-11-18 08:00:00,16,1900.2131455693352,1643.2038825749196,-257.0092629944156,-13.525286023500874
135,2025-11-18 08:00:00,17,1206.1241828565169,1125.7531652453408,-80.37101761117606,-6.663577329229056
135,2025-11-18 08:00:00,18,1131.15630502072,1048.3080896154231,-82.84821540529697,-7.324205774000384
135,2025-11-18 08:00:00,19,1120.095687073023,1046.546936521488,-73.54875055153502,-6.566291737425475
135,2025-11-18 08:00:00,20,1049.2854239413489,1002.1322635565438,-47.15316038480512,-4.4938354530540785
135,2025-11-18 08:00:00,21,1580.0311472653775,1220.2300123663783,-359.8011348989992,-22.771774817333267
135,2025-11-18 08:00:00,24,1842.4033640598443,1563.9661073257553,-278.43725673408903,-15.112719731499846
135,2025-11-18 08:00:00,27,1757.4552604041633,1545.9783008120744,-211.47695959208886,-12.033134746397774
135,2025-11-18 08:00:00,28,6375.293368379609,6264.014694024683,-111.2786743549259,-1.745467509100829
135,2025-11-18 08:00:00,29,3559.6887559437805,3463.4142592612534,-96.27449668252711,-2.7045762504312503
135,2025-11-18 08:00:00,30,2106.17430802121,2013.7364228528563,-92.43788516835366,-4.38890004575171
135,2025-11-18 08:00:00,31,5303.7091847242045,4946.888754101175,-356.8204306230291,-6.727752563257933
135,2025-11-18 08:00:00,32,2184.108903847481,2098.957189601101,-85.15171424637992,-3.898693608930325
135,2025-11-18 08:00:00,33,1221.6508155818124,1182.8086896677237,-38.84212591408868,-3.1794785726549923
135,2025-11-18 08:00:00,34,1186.2302484663714,1117.3982730796797,-68.83197538669174,-5.80258136864085
135,2025-11-18 08:00:00,35,2502.1450162497367,2346.627175410925,-155.51784083881194,-6.2153807964298196
135,2025-11-18 08:00:00,37,1077.065300827504,997.2204602277338,-79.84484059977012,-7.413184747333864
135,2025-11-18 08:00:00,38,3955.368639789654,3581.8291278607867,-373.53951192886734,-9.443860887483098
135,2025-11-18 08:00:00,39,3488.9655998397,2786.4421839347947,-702.5234159049055,-20.13557874967821
135,2025-11-18 08:00:00,40,2780.060847146088,2593.316021300917,-186.7448258451709,-6.717292754109198
135,2025-11-18 08:00:00,41,2796.742515233449,2630.0257888638707,-166.71672636957828,-5.9611038721475635
135,2025-11-18 08:00:00,44,3008.151242567412,2759.118219218222,-249.03302334919,-8.278607133351581
135,2025-11-18 08:00:00,47,3006.419570872596,1853.2166026361576,-1153.2029682364384,-38.358018268944676
135,2025-11-18 08:00:00,48,2485.589677663655,1868.1296322872763,-617.4600453763787,-24.841591954017286
135,2025-11-18 08:00:00,50,1286.9687459273543,1252.5231307497838,-34.44561517757052,-2.6764919728295307
135,2025-11-18 08:00:00,53,2997.2147414055257,1982.4316172652436,-1014.7831241402821,-33.857538137704665
135,2025-11-18 08:00:00,54,2627.627890435839,2132.428081689234,-495.19980874660496,-18.8458879793846
135,2025-11-18 08:00:00,55,1030.6053064429982,918.211100811872,-112.39420563112617,-10.905649808755626
135,2025-11-18 08:00:00,56,1841.374355299976,1788.1065792627596,-53.267776037216436,-2.892827082331048
136,2025-11-18 09:00:00,1,3252.629673828461,3100.61717861496,-152.0124952135011,-4.673526052985213
136,2025-11-18 09:00:00,3,2014.8109605243103,1932.684519993025,-82.1264405312852,-4.076136279798358
136,2025-11-18 09:00:00,5,1163.8753116025275,1109.56942032279,-54.30589127973758,-4.665954397208098
136,2025-11-18 09:00:00,10,1815.7484157908088,1671.7824282020356,-143.96598758877326,-7.928740916790065
136,2025-11-18 09:00:00,12,2273.786367373432,2164.4727218333865,-109.3136455400454,-4.807560072862924
136,2025-11-18 09:00:00,13,1027.4171360334235,967.696040443204,-59.721095590219534,-5.812740852346142
136,2025-11-18 09:00:00,14,2027.7668558752976,1950.2242022095156,-77.54265366578193,-3.8240418735077006
136,2025-11-18 09:00:00,15,2570.083850653022,2180.72542011564,-389.358430537382,-15.149639201010952
136,2025-11-18 09:00:00,16,1882.5452086540072,1681.7501220210063,-200.7950866330009,-10.666149514495139
136,2025-11-18 09:00:00,17,1197.6974531465912,1139.6129226628302,-58.084530483761,-4.849683059036429
136,2025-11-18 09:00:00,18,1114.7589783679907,1063.9742217567025,-50.78475661128823,-4.555671458743236
136,2025-11-18 09:00:00,19,1113.1100641637024,1058.7302110354196,-54.379853128282775,-4.8853976690202
136,2025-11-18 09:00:00,20,1042.4007144370664,1017.593366134954,-24.807348302112473,-2.3798284055771513
136,2025-11-18 09:00:00,21,1568.2914459183348,1263.5115452155364,-304.7799007027984,-19.43388146992859
136,2025-11-18 09:00:00,24,1818.2786027613663,1606.5198925771203,-211.75871018424596,-11.64610912005752
136,2025-11-18 09:00:00,27,1741.53382755675,1580.8497778742867,-160.6840496824634,-9.226582173709016
136,2025-11-18 09:00:00,28,6374.190816924405,6257.803148986623,-116.38766793778268,-1.8259206741780694
136,2025-11-18 09:00:00,29,3546.226675804463,3472.815390869449,-73.41128493501401,-2.070123870983533
136,2025-11-18 09:00:00,30,2086.392930856652,2032.0369821767592,-54.35594867989289,-2.6052594348838634
136,2025-11-18 09:00:00,31,5301.454621151052,4936.225754745089,-365.22886640596334,-6.889219893514147
136,2025-11-18 09:00:00,32,2167.0809193883097,2116.226718150728,-50.85420123758149,-2.3466683123182976
136,2025-11-18 09:00:00,33,1215.8927478358298,1194.802593446077,-21.090154389752797,-1.7345406843894093
136,2025-11-18 09:00:00,34,1172.428649908965,1136.1784829281903,-36.25016698077479,-3.091886826852064
136,2025-11-18 09:00:00,35,2497.0562416093253,2349.497421539221,-147.5588200701045,-5.909311036382763
136,2025-11-18 09:00:00,37,1061.4941365188083,1012.5969074205336,-48.89722909827469,-4.606453056691783
136,2025-11-18 09:00:00,38,3950.353854997472,3580.7822657764677,-369.57158922100416,-9.355404674785538
136,2025-11-18 09:00:00,39,3475.6141142018555,2795.032701063474,-680.5814131383813,-19.5816161051202
136,2025-11-18 09:00:00,40,2759.5721864450497,2613.722777289585,-145.84940915546485,-5.285218117209383
136,2025-11-18 09:00:00,41,2755.3668830040388,2659.1208683464783,-96.24601465756041,-3.493038086914516
136,2025-11-18 09:00:00,44,2931.2291261780542,2801.877148745142,-129.351977432912,-4.412892062162686
136,2025-11-18 09:00:00,47,2986.603404857401,1912.6754799549467,-1073.9279249024544,-35.958169844574
136,2025-11-18 09:00:00,48,2466.147171836479,1927.6210578888536,-538.5261139476256,-21.836738703092017
136,2025-11-18 09:00:00,50,1286.5887728453213,1268.7864128838808,-17.802359961440516,-1.3836868731622909
136,2025-11-18 09:00:00,53,2976.8480556725654,2044.1209232945848,-932.7271323779805,-31.332708789103698
136,2025-11-18 09:00:00,54,2602.5032872905394,2186.981382364876,-415.5219049256634,-15.96623938785731
136,2025-11-18 09:00:00,55,1023.152165463358,940.63858159294,-82.51358387041796,-8.064644405365629
136,2025-11-18 09:00:00,56,1835.867302552321,1792.8114708442986,-43.055831708022424,-2.345258377234776
137,2025-11-18 10:00:00,1,3252.4891145329016,3101.295713987521,-151.19340054538043,-4.648544398498124
137,2025-11-18 10:00:00,3,2016.4676910955056,1938.5608293779817,-77.90686171752395,-3.863531365345048
137,2025-11-18 10:00:00,5,1165.5198694811122,1115.0981446109042,-50.42172487020798,-4.326114568313251
137,2025-11-18 10:00:00,10,1817.2126133003344,1675.550050579249,-141.66256272108535,-7.795596491255065
137,2025-11-18 10:00:00,12,2275.520514607424,2171.4941977154017,-104.02631689202235,-4.571539400512463
137,2025-11-18 10:00:00,13,1028.9451788768235,972.4616866405177,-56.48349223630589,-5.489455939524608
137,2025-11-18 10:00:00,14,2030.2954101140333,1960.540283674689,-69.7551264393444,-3.435713152473045
137,2025-11-18 10:00:00,15,2573.606061282266,2196.6746497236268,-376.9314115586394,-14.646041491324361
137,2025-11-18 10:00:00,16,1885.2509813339725,1693.302981149718,-191.9480001842544,-10.181562141314213
137,2025-11-18 10:00:00,17,1199.0796773734276,1143.7546357556232,-55.325041617804345,-4.6139587436752585
137,2025-11-18 10:00:00,18,1116.1105877107627,1068.660250148577,-47.45033756218572,-4.251401078410194
137,2025-11-18 10:00:00,19,1114.439147819318,1062.3679711573584,-52.0711766619595,-4.6724109399647284
137,2025-11-18 10:00:00,20,1042.8864063467145,1022.274527252114,-20.611879094600454,-1.9764260967601393
137,2025-11-18 10:00:00,21,1571.5581291262815,1276.4948038767532,-295.06332524952836,-18.775209124053898
137,2025-11-18 10:00:00,24,1821.616628483559,1619.2799935513476,-202.33663493221138,-11.107531176889319
137,2025-11-18 10:00:00,27,1744.0853739704928,1591.2937441487195,-152.7916298217733,-8.760559093155855
137,2025-11-18 10:00:00,28,6373.091711372469,6255.972226204048,-117.1194851684213,-1.8377184963371442
137,2025-11-18 10:00:00,29,3546.626121527632,3475.650169637204,-70.9759518904284,-2.0012245288448125
137,2025-11-18 10:00:00,30,2087.539788806146,2037.5451730060984,-49.99461580004777,-2.394906006971941
137,2025-11-18 10:00:00,31,5299.28713842962,4933.090805092362,-366.1963333372587,-6.910294229607957
137,2025-11-18 10:00:00,32,2168.0348688602226,2121.427455762355,-46.60741309786772,-2.1497538516237116
137,2025-11-18 10:00:00,33,1216.0268068368316,1198.4112721614194,-17.615534675412164,-1.448614008866652
137,2025-11-18 10:00:00,34,1173.4555781427116,1141.85813235894,-31.59744578377149,-2.692683589589509
137,2025-11-18 10:00:00,35,2497.3759676563527,2350.356838799422,-147.01912885693082,-5.886944167037053
137,2025-11-18 10:00:00,37,1062.8667823753992,1017.1996946593708,-45.66708771602839,-4.296595629225244
137,2025-11-18 10:00:00,38,3950.050219345779,3580.5027603028925,-369.54745904288666,-9.355512930772115
137,2025-11-18 10:00:00,39,3477.018479594245,2797.6129489699224,-679.4055306243226,-19.539888401847286
137,2025-11-18 10:00:00,40,2761.1224051447844,2619.85412333588,-141.26828180890425,-5.116335354987516
137,2025-11-18 10:00:00,41,2757.517817118327,2667.874498483121,-89.64331863520601,-3.250869970040138
137,2025-11-18 10:00:00,44,2934.42157720818,2814.715003269064,-119.70657393911642,-4.079392506819205
137,2025-11-18 10:00:00,47,2990.85844132512,1930.5087909972144,-1060.3496503279057,-35.453020299352936
137,2025-11-18 10:00:00,48,2470.384937083604,1945.486807070513,-524.8981300130913,-21.247625102214077
137,2025-11-18 10:00:00,50,1286.3923023212442,1273.7124557474929,-12.67984657375132,-0.9856904888867134
137,2025-11-18 10:00:00,53,2981.2968673151536,2062.6320837597004,-918.6647835554531,-30.81426722803251
137,2025-11-18 10:00:00,54,2606.089085794596,2203.378454302192,-402.710631492404,-15.45268094201076
137,2025-11-18 10:00:00,55,1025.0360795248084,947.3311795137182,-77.70490001109022,-7.580699017649511
137,2025-11-18 10:00:00,56,1836.2556971601089,1794.2218647865463,-42.03383237356252,-2.289105620669857
138,2025-11-18 11:00:00,1,3252.294614881996,3102.210493028421,-150.0841218535752,-4.614714828318859
138,2025-11-18 11:00:00,3,2018.7329825244456,1946.286264838803,-72.44671768564262,-3.5887221496251223
138,2025-11-18 11:00:00,5,1167.7754268744598,1122.367186359361,-45.40824051509867,-3.888439461055745
138,2025-11-18 11:00:00,10,1819.2113509047235,1680.477270276564,-138.73408062815952,-7.626056233607205
138,2025-11-18 11:00:00,12,2277.888873087568,2180.71508378504,-97.1737893025279,-4.265958293690312
138,2025-11-18 11:00:00,13,1031.0376767780444,978.7112104330864,-52.32646634495802,-5.075126498623828
138,2025-11-18 11:00:00,14,2033.7712910357093,1974.1526265167208,-59.61866451898845,-2.9314340693946623
138,2025-11-18 11:00:00,15,2578.4341962661024,2217.6665848271477,-360.76761143895465,-13.991732345211354
138,2025-11-18 11:00:00,16,1888.9586050817509,1708.4890203227346,-180.46958475901624,-9.553919512768033
138,2025-11-18 11:00:00,17,1200.9710588368507,1149.188111005391,-51.78294783145975,-4.3117565115692225
138,2025-11-18 11:00:00,18,1117.9616480620805,1074.8120830872151,-43.14956497486537,-3.8596641530290916
138,2025-11-18 11:00:00,19,1116.2581568660369,1067.13802047157,-49.120136394466954,-4.400427991708902
138,2025-11-18 11:00:00,20,1043.5543519236362,1028.4596906324873,-15.094661291148896,-1.4464662298924964
138,2025-11-18 11:00:00,21,1576.0398968449765,1293.5731131121252,-282.46678373285135,-17.922565558036474
138,2025-11-18 11:00:00,24,1826.1981632213503,1636.0595941031036,-190.13856911824678,-10.411716151485386
138,2025-11-18 11:00:00,27,1747.581168188503,1605.016598309235,-142.564569879268,-8.157822507726305
138,2025-11-18 11:00:00,28,6371.586770752216,6253.586438881538,-118.00033187067766,-1.8519771623034302
138,2025-11-18 11:00:00,29,3547.166891648404,3479.384675188216,-67.78221646018801,-1.9108832070962676
138,2025-11-18 11:00:00,30,2089.1069327241244,2044.798487117874,-44.308445606250416,-2.120927603666209
138,2025-11-18 11:00:00,31,5296.320998055842,4929.010908214152,-367.31008984169057,-6.935193127012537
138,2025-11-18 11:00:00,32,2169.336611520725,2128.277629670104,-41.05898185062097,-1.8926975939357904
138,2025-11-18 11:00:00,33,1216.2048550272314,1203.1625413741249,-13.042313653106476,-1.0723780290134142
138,2025-11-18 11:00:00,34,1174.867634614228,1149.3583933562763,-25.50924125795177,-2.1712438496382465
138,2025-11-18 11:00:00,35,2497.808017800802,2351.483341681569,-146.32467611923312,-5.858123405659689
138,2025-11-18 11:00:00,37,1064.7474623127628,1023.2447008590055,-41.502761453757216,-3.897897193725928
138,2025-11-18 11:00:00,38,3949.6319644364207,3580.156218898326,-369.47574553809454,-9.354687952319518
138,2025-11-18 11:00:00,39,3478.9323840028383,2801.002986011194,-677.9293979916442,-19.48670808058715
138,2025-11-18 11:00:00,40,2763.236964498706,2627.9174668784785,-135.3194976202276,-4.897136921616733
138,2025-11-18 11:00:00,41,2760.462506893916,2679.3996489873107,-81.06285790660513,-2.936567973814555
138,2025-11-18 11:00:00,44,2938.798683698085,2831.602507669821,-107.19617602826384,-3.647618893491942
138,2025-11-18 11:00:00,47,2996.6876839012957,1953.964027199112,-1042.7236567021837,-34.79587353409794
138,2025-11-18 11:00:00,48,2476.196060513114,1968.9992548939776,-507.1968056191363,-20.48290172604651
138,2025-11-18 11:00:00,50,1286.1210320346954,1280.2221641151182,-5.898867919577242,-0.4586557386628687
138,2025-11-18 11:00:00,53,2987.392762241911,2086.9841786043025,-900.4085836376084,-30.140281352288277
138,2025-11-18 11:00:00,54,2611.004323916036,2224.964480216422,-386.0398436996138,-14.785109322248216
138,2025-11-18 11:00:00,55,1027.6185528461465,956.1085374609949,-71.51001538515163,-6.958809296221222
138,2025-11-18 11:00:00,56,1836.783755839624,1796.0740045049806,-40.70975133464344,-2.2163605925420624
139,2025-11-18 12:00:00,1,3252.3330196000684,3102.0320462787354,-150.300973321333,-4.621327902633266
139,2025-11-18 12:00:00,3,2018.288293473213,1944.7954833253875,-73.49281014782537,-3.6413435278541777
139,2025-11-18 12:00:00,5,1167.332004652654,1120.9643355019757,-46.36766915067824,-3.972106390116083
139,2025-11-18 12:00:00,10,1818.819293393588,1679.5288116874,-139.29048170618785,-7.658291409824282
139,2025-11-18 12:00:00,12,2277.42420931951,2178.936632741182,-98.48757657832766,-4.324516099166065
139,2025-11-18 12:00:00,13,1030.6266108588068,977.5065683097116,-53.12004254909516,-5.154150105325824
139,2025-11-18 12:00:00,14,2033.0872367902905,1971.5212409203,-61.5659958699905,-3.0282023690821553
139,2025-11-18 12:00:00,15,2577.485274114418,2213.613295143946,-363.87197897047236,-14.117325232653087
139,2025-11-18 12:00:00,16,1888.230032854699,1705.5584962473904,-182.67153660730855,-9.674220483144136
139,2025-11-18 12:00:00,17,1200.5996354038095,1148.1406078568436,-52.4590275469659,-4.369402255342335
139,2025-11-18 12:00:00,18,1117.5979969343684,1073.6256748770002,-43.972322057368274,-3.9345383740832323
139,2025-11-18 12:00:00,19,1115.9009140670655,1066.2186275898696,-49.68228647719593,-4.452213081905409
139,2025-11-18 12:00:00,20,1043.4228730724212,1027.2633305064553,-16.15954256596592,-1.5487050344586735
139,2025-11-18 12:00:00,21,1575.158686042539,1290.276227750504,-284.88245829203515,-18.085952914863434
139,2025-11-18 12:00:00,24,1825.2971617403232,1632.8208869565294,-192.47627478379377,-10.544928180366968
139,2025-11-18 12:00:00,27,1746.8942674594568,1602.3689344662944,-144.52533299316246,-8.273273070118236
139,2025-11-18 12:00:00,28,6371.882398631081,6254.045006677398,-117.83739195368253,-1.849334067731671
139,2025-11-18 12:00:00,29,3547.061241375444,3478.6634064949967,-68.39783488044714,-1.9282958546812266
139,2025-11-18 12:00:00,30,2088.7993860962656,2043.3977510809464,-45.40163501531924,-2.1735756587026707
139,2025-11-18 12:00:00,31,5296.903512985375,4929.794663162114,-367.10884982326024,-6.930631243768964
139,2025-11-18 12:00:00,32,2169.0813165006275,2126.9546042186143,-42.12671228201316,-1.942145366406828
139,2025-11-18 12:00:00,33,1216.170390623181,1202.2450496633112,-13.9253409598698,-1.145015621761214
139,2025-11-18 12:00:00,34,1174.5897056201172,1147.9080217767064,-26.681683843410838,-2.271574807419618
139,2025-11-18 12:00:00,35,2497.723683847449,2351.266324370189,-146.45735947726007,-5.863633372433726
139,2025-11-18 12:00:00,37,1064.37791724832,1022.0786751308176,-42.299242117502445,-3.9740811446799307
139,2025-11-18 12:00:00,38,3949.7143693541902,3580.2213528190177,-369.4930165351725,-9.354930052716384
139,2025-11-18 12:00:00,39,3478.5572702685613,2800.3491254620108,-678.2081448065505,-19.496822737496274
139,2025-11-18 12:00:00,40,2762.822341558222,2626.361333675511,-136.46100788271087,-4.939188663348775
139,2025-11-18 12:00:00,41,2759.884108542094,2677.174090151791,-82.71001839030305,-2.9968656341151414
139,2025-11-18 12:00:00,44,2937.9383173799797,2828.3426579685483,-109.59565941143137,-3.730359441622571
139,2025-11-18 12:00:00,47,2995.5423213524327,1949.4363944128795,-1046.1059269395532,-34.92208804672322
139,2025-11-18 12:00:00,48,2475.0537427133872,1964.4593300194135,-510.5944126939737,-20.629629324097504
139,2025-11-18 12:00:00,50,1286.1745269218602,1278.962956135302,-7.211570786558241,-0.5606992391473766
139,2025-11-18 12:00:00,53,2986.194895308156,2082.282979867795,-903.9119154403611,-30.269689257742943
139,2025-11-18 12:00:00,54,2610.038288060174,2220.796062113124,-389.24222594705,-14.913276472903451
139,2025-11-18 12:00:00,55,1027.1109859117173,954.416477274208,-72.69450863750933,-7.077570937767927
139,2025-11-18 12:00:00,56,1836.680376038161,1795.7168138490322,-40.96356218912888,-2.2303043427452494
140,2025-11-18 13:00:00,1,3252.522965143537,3101.1336635030384,-151.38930164049862,-4.65451906913185
140,2025-11-18 13:00:00,3,2016.070166318692,1937.1695011026225,-78.90066521606946,-3.9135872617043215
140,2025-11-18 13:00:00,5,1165.1248828540272,1113.78912504837,-51.335757805657295,-4.4060305089277625
140,2025-11-18 13:00:00,10,1816.8614694293617,1674.659511391862,-142.2019580374997,-7.8267914439377915
140,2025-11-18 13:00:00,12,2275.104569233693,2169.8323187353344,-105.27225049835852,-4.627138986135332
140,2025-11-18 13:00:00,13,1028.5783579331437,971.3342955393272,-57.244062393816534,-5.565357461812095
140,2025-11-18 13:00:00,14,2029.687666705208,1958.0948702588455,-71.5927964463624,-3.527281444370157
140,2025-11-18 13:00:00,15,2572.7602533703453,2192.897122798673,-379.8631305716722,-14.764808733112504
140,2025-11-18 13:00:00,16,1884.60130576562,1690.5678843912756,-194.03342137434447,-10.29572784337631
140,2025-11-18 13:00:00,17,1198.747940730764,1142.7747024095356,-55.97323832122834,-4.669308402490912
140,2025-11-18 13:00:00,18,1115.786111477436,1067.5512954869314,-48.23481599050456,-4.322944648113232
140,2025-11-18 13:00:00,19,1114.120145876608,1061.5074063714317,-52.61273950517625,-4.722357790575601
140,2025-11-18 13:00:00,20,1042.7696534035551,1021.164367720925,-21.605285682630097,-2.0719135440997327
140,2025-11-18 13:00:00,21,1570.7734668410635,1273.4204193118082,-297.35304752925526,-18.930358438461102
140,2025-11-18 13:00:00,24,1820.8147246290416,1616.2587296534205,-204.55599497562116,-11.23431133375175
140,2025-11-18 13:00:00,27,1743.472757222587,1588.821499109141,-154.65125811344592,-8.870299663288732
140,2025-11-18 13:00:00,28,6373.355551446,6256.40443629051,-116.9511151554907,-1.835000639952632
140,2025-11-18 13:00:00,29,3546.530574459733,3474.9784940531554,-71.55208040657772,-2.017523292252393
140,2025-11-18 13:00:00,30,2087.2646599349314,2036.240307412177,-51.0243525227545,-2.4445559541234765
140,2025-11-18 13:00:00,31,5299.807346867651,4933.830531665389,-365.9768152022625,-6.905473939888892
140,2025-11-18 13:00:00,32,2167.806117985513,2120.1953174560213,-47.610800529491826,-2.1962665449867504
140,2025-11-18 13:00:00,33,1215.9949320078897,1197.556438477887,-18.438493530002688,-1.516329800779388
140,2025-11-18 13:00:00,34,1173.208732240801,1140.51143011344,-32.69730212736113,-2.7869978486189795
140,2025-11-18 13:00:00,35,2497.2995331260645,2350.153520414979,-147.1460127110854,-5.892205190415876
140,2025-11-18 13:00:00,37,1062.537210994088,1016.1102945666972,-46.426916427390665,-4.369439107356494
140,2025-11-18 13:00:00,38,3950.123240767673,3580.567640108862,-369.5556006588108,-9.35554609650586
140,2025-11-18 13:00:00,39,3476.681855452187,2797.002090415062,-679.679765037125,-19.54966814036322
140,2025-11-18 13:00:00,40,2760.7507187758574,2618.402211474995,-142.34850730086237,-5.156152141254572
140,2025-11-18 13:00:00,41,2757.0015070987097,2665.8009227453176,-91.20058435339206,-3.3079628037405633
140,2025-11-18 13:00:00,44,2933.6548996671067,2811.6749000460045,-121.97999962110225,-4.157953262837554
140,2025-11-18 13:00:00,47,2989.8368462071585,1926.286087668683,-1063.5507585384755,-35.57220053287097
140,2025-11-18 13:00:00,48,2469.367181714856,1941.255539143656,-528.1116425712,-21.386517423644225
140,2025-11-18 13:00:00,50,1286.4395911985644,1272.5441559496553,-13.895435248909052,-1.0801467355309549
140,2025-11-18 13:00:00,53,2980.228683064643,2058.2485443075293,-921.9801387571138,-30.936556781576193
140,2025-11-18 13:00:00,54,2605.2280116173856,2199.494583600518,-405.7334280168675,-15.573816426339544
140,2025-11-18 13:00:00,55,1024.5836819917083,945.74792454088,-78.83575745082828,-7.694418604986749
140,2025-11-18 13:00:00,56,1836.1626695021816,1793.8880327484003,-42.27463675378135,-2.3023361413421397
141,2025-11-18 14:00:00,1,3257.6710165181544,3099.51960534735,-158.1514111708043,-4.854738565339812
141,2025-11-18 14:00:00,3,2037.9303202153435,1922.8661129368384,-115.06420727850514,-5.646130593235718
141,2025-11-18 14:00:00,5,1189.8292894445892,1100.329779727957,-89.49950971663225,-7.522046272571631
141,2025-11-18 14:00:00,10,1826.774896488576,1665.4507467180083,-161.3241497705676,-8.831090797265972
141,2025-11-18 14:00:00,12,2295.9566247113903,2152.726689855593,-143.22993485579718,-6.238355433818428
141,2025-11-18 14:00:00,13,1035.4956873751544,959.708283501838,-75.7874038733164,-7.318949252741701
141,2025-11-18 14:00:00,14,2066.799685226826,1933.0556435331928,-133.74404169363333,-6.471069385660143
141,2025-11-18 14:00:00,15,2600.426364801014,2154.100816319509,-446.3255484815054,-17.163552659013995
141,2025-11-18 14:00:00,16,1904.031462560254,1662.4355490932398,-241.59591346701427,-12.688651328384697
141,2025-11-18 14:00:00,17,1208.0809487953989,1132.6750993346302,-75.40584946076865,-6.241787815291459
141,2025-11-18 14:00:00,18,1133.0490173835651,1056.129745339165,-76.91927204440003,-6.788697652465371
141,2025-11-18 14:00:00,19,1121.978726845467,1052.633411282385,-69.34531556308207,-6.180626593344775
141,2025-11-18 14:00:00,20,1049.955942906871,1009.8152753155656,-40.14066759130549,-3.823081136164004
141,2025-11-18 14:00:00,21,1584.646235413236,1241.8188818176031,-342.82735359563276,-21.634314709126986
141,2025-11-18 14:00:00,24,1847.0823898292613,1585.1943318329486,-261.8880579963127,-14.178471920817826
141,2025-11-18 14:00:00,27,1761.0577141012304,1563.3812406117502,-197.67647348948026,-11.224871956588089
141,2025-11-18 14:00:00,28,6373.75782462607,6260.895582584414,-112.86224204165592,-1.770733139649485
141,2025-11-18 14:00:00,29,3560.265532580016,3468.0921238717888,-92.17340870822727,-2.5889475901375256
141,2025-11-18 14:00:00,30,2107.78399484244,2022.8506264526409,-84.93336838979894,-4.029510073025668
141,2025-11-18 14:00:00,31,5300.676120013815,4941.528872188209,-359.1472478256064,-6.775498817397476
141,2025-11-18 14:00:00,32,2185.452136134229,2107.5559464678413,-77.89618966638773,-3.5643054532493954
141,2025-11-18 14:00:00,33,1221.8424428563249,1188.7829159813189,-33.059526875005986,-2.7057111224358916
141,2025-11-18 14:00:00,34,1187.648971112072,1126.7348880916525,-60.91408302041964,-5.12896356600906
141,2025-11-18 14:00:00,35,2502.615324675353,2348.0586589355107,-154.55666573984217,-6.1758059345333765
141,2025-11-18 14:00:00,37,1078.9874731674352,1004.8953156281142,-74.09215753932097,-6.866822774301429
141,2025-11-18 14:00:00,38,3954.974835540508,3581.2835001224785,-373.69133541802967,-9.448640028248345
141,2025-11-18 14:00:00,39,3490.9948281359066,2790.7223004211573,-700.2725277147492,-20.059397455156788
141,2025-11-18 14:00:00,40,2782.270847692307,2603.4848120923284,-178.78603559997873,-6.425903349714095
141,2025-11-18 14:00:00,41,2799.738343275573,2644.518520135657,-155.21982313991566,-5.544083200229175
141,2025-11-18 14:00:00,44,3012.512989581573,2780.4358738269125,-232.07711575466055,-7.703771454505668
141,2025-11-18 14:00:00,47,3012.454052495968,1882.876065522076,-1129.577986973892,-37.496936626733955
141,2025-11-18 14:00:00,48,2491.579367655268,1897.7901322299565,-593.7892354253115,-23.83184108576498
141,2025-11-18 14:00:00,50,1286.6926498824362,1260.6033076391147,-26.089342243321425,-2.027628139921774
141,2025-11-18 14:00:00,53,3003.5193158217808,2013.197553979142,-990.3217618426388,-32.97204571403533
141,2025-11-18 14:00:00,54,2632.684853316065,2159.615857461848,-473.06899585421706,-17.969070443746848
141,2025-11-18 14:00:00,55,1033.2683927671233,929.41976168382,-103.8486310833033,-10.050499154938205
141,2025-11-18 14:00:00,56,1841.9309265086235,1790.4529537321623,-51.47797277646123,-2.7947830201232153
142,2025-11-18 15:00:00,1,3257.984872660518,3097.5890239390706,-160.39584872144724,-4.923161248151089
142,2025-11-18 15:00:00,3,2033.655983726721,1904.3718728720603,-129.28411085466064,-6.357226192098851
142,2025-11-18 15:00:00,5,1185.6594375708642,1082.905208581731,-102.75422898913325,-8.666420199011984
142,2025-11-18 15:00:00,10,1822.949825878654,1653.4064105328664,-169.5434153457877,-9.300498178224325
142,2025-11-18 15:00:00,12,2291.450884207293,2130.5556672006423,-160.89521700665046,-7.0215433424972025
142,2025-11-18 15:00:00,13,1031.5334648868911,944.566683430641,-86.96678145625015,-8.430825020862134
142,2025-11-18 15:00:00,14,2060.418958310669,1900.923470238234,-159.49548807243514,-7.740925088517191
142,2025-11-18 15:00:00,15,2591.346461262714,2103.980290700787,-487.366170561927,-18.807449248775583
142,2025-11-18 15:00:00,16,1897.0469379775927,1625.974236471551,-271.07270150604177,-14.289193170677551
142,2025-11-18 15:00:00,17,1204.4993105278168,1119.5427222419316,-84.95658828588512,-7.053269980591087
142,2025-11-18 15:00:00,18,1129.5860610425796,1041.2930981247591,-88.29296291782043,-7.816399826705391
142,2025-11-18 15:00:00,19,1118.5323335345763,1041.0832440131965,-77.44908952137985,-6.924170826304121
142,2025-11-18 15:00:00,20,1048.7316050982763,995.3032928456774,-53.42831225259886,-5.094564900386702
142,2025-11-18 15:00:00,21,1576.209101177136,1200.8920352107125,-375.31706596642357,-23.81137538706833
142,2025-11-18 15:00:00,24,1838.5302487891984,1544.9495029985894,-293.58074579060894,-15.968230383152658
142,2025-11-18 15:00:00,27,1754.4675874872428,1530.3793968053114,-224.08819068193134,-12.77243263313126
142,2025-11-18 15:00:00,28,6376.5676364969295,6266.84375403025,-109.72388246667924,-1.7207358052420476
142,2025-11-18 15:00:00,29,3559.204843016694,3459.249423559116,-99.95541945757805,-2.8083637741079914
142,2025-11-18 15:00:00,30,2104.8358910268366,2005.6032357743045,-99.23265525253214,-4.714507942190298
142,2025-11-18 15:00:00,31,5306.227861349691,4951.760349805295,-354.4675115443961,-6.680216545661758
142,2025-11-18 15:00:00,32,2182.990473167853,2091.2876557447084,-91.70281742314455,-4.200788713936517
142,2025-11-18 15:00:00,33,1221.486959208223,1177.4757045951833,-44.01125461303968,-3.6030883736628763
142,2025-11-18 15:00:00,34,1185.0582816274757,1109.0918993887178,-75.96638223875789,-6.410349888819899
142,2025-11-18 15:00:00,35,2501.749756641425,2345.348836898145,-156.40091974328016,-6.251661235424557
142,2025-11-18 15:00:00,37,1075.4713333450056,990.3407594889478,-85.13057385605782,-7.915652534529097
142,2025-11-18 15:00:00,38,3955.693491137554,3582.361368693976,-373.33212244357765,-9.437842524452448
142,2025-11-18 15:00:00,39,3487.273882361805,2782.624565508097,-704.6493168537081,-20.206308441035738
142,2025-11-18 15:00:00,40,2778.2199203632144,2584.2359857253905,-193.98393463782395,-6.982310263345286
142,2025-11-18 15:00:00,41,2794.25636175678,2617.087893331513,-177.16846842526684,-6.340451465014437
142,2025-11-18 15:00:00,44,3004.5373802482222,2740.0510214245933,-264.48635882362896,-8.802897929057492
142,2025-11-18 15:00:00,47,3001.4144928100327,1826.6484685650364,-1174.7660242449963,-39.14041286397394
142,2025-11-18 15:00:00,48,2480.626672282731,1841.5885842438936,-639.0380880388373,-25.76115524271048
142,2025-11-18 15:00:00,50,1287.1957932320984,1245.344120150101,-41.85167308199743,-3.2513836125046303
142,2025-11-18 15:00:00,53,2991.986687558771,1954.8840549249612,-1037.1026326338097,-34.662675370390936
142,2025-11-18 15:00:00,54,2623.436188736398,2108.122859681617,-515.3133290547812,-19.64268585099402
142,2025-11-18 15:00:00,55,1028.3978930481476,908.1360804070164,-120.2618126411312,-11.694093643529156
142,2025-11-18 15:00:00,56,1840.9092567565956,1786.0086488585953,-54.90060789800032,-2.982254975170634
143,2025-11-18 16:00:00,1,3258.251421275563,3095.8196628087426,-162.4317584668206,-4.985243232188346
143,2025-11-18 16:00:00,3,2029.948561914872,1885.384852386587,-144.56370952828502,-7.121545453935864
143,2025-11-18 16:00:00,5,1182.0635443171348,1064.9627790832135,-117.10076523392127,-9.906469563069818
143,2025-11-18 16:00:00,10,1819.621495728593,1640.890737142079,-178.73075858651396,-9.822414112279352
143,2025-11-18 16:00:00,12,2287.5338281371373,2107.735952493269,-179.79787564386834,-7.859900187368484
143,2025-11-18 16:00:00,13,1028.105661259771,928.8707259117303,-99.23493534804072,-9.652211741198366
143,2025-11-18 16:00:00,14,2054.9412027676303,1868.176296290936,-186.76490647669425,-9.08857665733482
143,2025-11-18 16:00:00,15,2583.5064792584617,2052.4731299445443,-531.0333493139174,-20.55475198445559
143,2025-11-18 16:00:00,16,1891.011671325506,1588.3555944097134,-302.6560769157927,-16.004981963101567
143,2025-11-18 16:00:00,17,1201.3965812122813,1105.9646321831212,-95.43194902916002,-7.9434177291285
143,2025-11-18 16:00:00,18,1126.5911403686748,1025.9586928328004,-100.63244753587446,-8.932472831531648
143,2025-11-18 16:00:00,19,1115.5478080626178,1029.1294844192223,-86.41832364339552,-7.74671627865766
143,2025-11-18 16:00:00,20,1047.6813124408689,980.5808849385536,-67.10042750231526,-6.4046601486081585
143,2025-11-18 16:00:00,21,1568.9354968131458,1158.6569118891284,-410.2785849240174,-26.150124447906478
143,2025-11-18 16:00:00,24,1831.1640691392568,1503.4209807058187,-327.74308843343806,-17.8980733598325
143,2025-11-18 16:00:00,27,1748.771477127064,1496.2976047057562,-252.47387242130776,-14.437213536675454
143,2025-11-18 16:00:00,28,6378.999012615058,6273.13755102158,-105.86146159347754,-1.6595309292904226
143,2025-11-18 16:00:00,29,3558.2690202592507,3450.2618893183217,-108.00713094092907,-3.0353840680955546
143,2025-11-18 16:00:00,30,2102.2760489290404,1987.971158593886,-114.30489033515437,-5.437197003380434
143,2025-11-18 16:00:00,31,5311.038088853242,4962.635284368368,-348.40280448487374,-6.5599756329388486
143,2025-11-18 16:00:00,32,2180.847608007871,2074.674422237682,-106.17318577018887,-4.868436720673684
143,2025-11-18 16:00:00,33,1221.1625794171798,1165.9072353080078,-55.25534410917203,-4.524814716771256
143,2025-11-18 16:00:00,34,1182.8353328720607,1091.1574042945638,-91.67792857749691,-7.750692427735679
143,2025-11-18 16:00:00,35,2500.9838144042533,2342.5845154339536,-158.3992989702997,-6.333479571439417
143,2025-11-18 16:00:00,37,1072.43291047801,975.3139916730964,-97.1189188049135,-9.0559435332533
143,2025-11-18 16:00:00,38,3956.309230546539,3583.682684646446,-372.6265459000929,-9.418539456497866
143,2025-11-18 16:00:00,39,3484.0279365432066,2774.3742469216386,-709.653689621568,-20.368771506627883
143,2025-11-18 16:00:00,40,2774.690946997658,2564.5481191359286,-210.14282786172953,-7.573557988110843
143,2025-11-18 16:00:00,41,2789.512956959621,2589.019520038096,-200.49343692152524,-7.187399378135509
143,2025-11-18 16:00:00,44,2997.6563471304803,2698.5435010127107,-299.11284611776955,-9.978223367868589
143,2025-11-18 16:00:00,47,2991.871311827341,1768.6238687499454,-1223.2474430773955,-40.88569713014409
143,2025-11-18 16:00:00,48,2471.175575857683,1783.7276678924748,-687.4479079652081,-27.818659049614965
143,2025-11-18 16:00:00,50,1287.6238732199574,1229.8789918513187,-57.744881368638744,-4.484607855571696
143,2025-11-18 16:00:00,53,2982.020839116367,1894.7657036155392,-1087.2551355008277,-36.46034666286918
143,2025-11-18 16:00:00,54,2615.4502181509224,2055.2356474561966,-560.2145706947258,-21.419431607105402
143,2025-11-18 16:00:00,55,1024.1923044322918,886.0244080195362,-138.16789641275568,-13.490425168673957
143,2025-11-18 16:00:00,56,1840.0141843525405,1781.4522305419623,-58.56195381057819,-3.182690346008654
144,2025-11-18 17:00:00,1,3258.1557733844684,3096.4713406010505,-161.68443278341783,-4.962452504702229
144,2025-11-18 17:00:00,3,2031.286250189525,1892.6737801032004,-138.6124700863245,-6.823876746735796
144,2025-11-18 17:00:00,5,1183.358841708741,1071.8591001810642,-111.49974152767686,-9.422310257696132
144,2025-11-18 17:00:00,10,1820.8235059640635,1645.712794039476,-175.11071192458758,-9.617116175786213
144,2025-11-18 17:00:00,12,2288.948087211959,2116.5028353356847,-172.44525187627414,-7.53382100886002
144,2025-11-18 17:00:00,13,1029.341562476377,934.9160368056092,-94.4255256707678,-9.17339094358534
144,2025-11-18 17:00:00,14,2056.911778165328,1880.7215279870125,-176.19025017831564,-8.565766021110994
144,2025-11-18 17:00:00,15,2586.331613336106,2072.259232907164,-514.0723804289419,-19.876506855431447
144,2025-11-18 17:00:00,16,1893.1869610305785,1602.825331521041,-290.36162950953735,-15.337187266041363
144,2025-11-18 17:00:00,17,1202.5157036667802,1111.189335157074,-91.32636850970607,-7.594609220588842
144,2025-11-18 17:00:00,18,1127.67085891903,1031.8593144611648,-95.81154445786524,-8.496410428634192
144,2025-11-18 17:00:00,19,1116.6241861492044,1033.7304281775398,-82.89375797166463,-7.423604020035824
144,2025-11-18 17:00:00,20,1048.0590667770782,986.2123577494788,-61.846709027599445,-5.901070940379949
144,2025-11-18 17:00:00,21,1571.5553699215457,1174.9067081667622,-396.64866175478346,-25.239241922133786
144,2025-11-18 17:00:00,24,1833.8165976729904,1519.397239387606,-314.4193582853843,-17.145627249985885
144,2025-11-18 17:00:00,27,1750.8246995451443,1509.4106458924828,-241.41405365266155,-13.788590811825976
144,2025-11-18 17:00:00,28,6378.122305827014,6270.697452988128,-107.42485283888618,-1.684270819653983
144,2025-11-18 17:00:00,29,3558.6082868437843,3453.6999328312263,-104.908354012558,-2.948016346738847
144,2025-11-18 17:00:00,30,2103.199953811589,1994.731036235325,-108.46891757626372,-5.1573278793434545
144,2025-11-18 17:00:00,31,5309.30292671721,4958.412784818655,-350.89014189855425,-6.608968196800797
144,2025-11-18 17:00:00,32,2181.6215721321205,2081.0413197665107,-100.5802523656098,-4.610343684276632
144,2025-11-18 17:00:00,33,1221.2812849910056,1170.343653612504,-50.937631378501464,-4.170835335356556
144,2025-11-18 17:00:00,34,1183.6349031635957,1098.0221361589008,-85.61276700469489,-7.233038395190172
144,2025-11-18 17:00:00,35,2501.2617183087536,2343.6423152380394,-157.61940307071427,-6.301595787316882
144,2025-11-18 17:00:00,37,1073.5280528301555,981.0942985871012,-92.4337542430543,-8.610278417910928
144,2025-11-18 17:00:00,38,3956.0877630834575,3583.147160435868,-372.94060264758946,-9.427005288601377
144,2025-11-18 17:00:00,39,3485.200974493436,2777.531335388845,-707.6696391045912,-20.304987984443247
144,2025-11-18 17:00:00,40,2775.965814027707,2572.0952802406573,-203.87053378704968,-7.3441298432724444
144,2025-11-18 17:00:00,41,2791.223248946704,2599.784083413089,-191.43916553361532,-6.85861174328699
144,2025-11-18 17:00:00,44,3000.1353307736176,2714.4872104447168,-285.64812032890086,-9.521174508326041
144,2025-11-18 17:00:00,47,2995.3113548423544,1790.9479451200243,-1204.36340972233,-40.20828778869023
144,2025-11-18 17:00:00,48,2474.580670592297,1805.9705407429465,-668.6101298493504,-27.019128444469626
144,2025-11-18 17:00:00,50,1287.4702877524908,1235.792425239146,-51.677862513344735,-4.013907194981383
144,2025-11-18 17:00:00,53,2985.612877614632,1917.8873106361352,-1067.7255669784968,-35.76235803991978
144,2025-11-18 17:00:00,54,2618.327988552044,2075.5481933807755,-542.7797951712687,-20.730015397017933
144,2025-11-18 17:00:00,55,1025.7078170510133,894.5485587263474,-131.15925832466587,-12.78719496374304
144,2025-11-18 17:00:00,56,1840.3380469293304,1783.2000058652234,-57.13804106410703,-3.1047579089854653
145,2025-11-18 18:00:00,1,3257.95513701797,3097.778231795528,-160.1769052224422,-4.916485908675012
145,2025-11-18 18:00:00,3,2034.0654348092123,1906.2695166456524,-127.79591816355992,-6.282783040140824
145,2025-11-18 18:00:00,5,1186.0577339062283,1084.694963899477,-101.36277000675136,-8.546191901883022
145,2025-11-18 18:00:00,10,1823.3168163492023,1654.6490701928558,-168.66774615634654,-9.250600040757988
145,2025-11-18 18:00:00,12,2291.88298680552,2132.8332228526574,-159.04976395286258,-6.939698268564306
145,2025-11-18 18:00:00,13,1031.912523948945,946.1265742761092,-85.78594967283573,-8.313296687644435
145,2025-11-18 18:00:00,14,2061.0270929406183,1904.2090525233104,-156.81804041730788,-7.608732604944271
145,2025-11-18 18:00:00,15,2592.2142896506407,2109.123514385744,-483.0907752648968,-18.63622067024421
145,2025-11-18 18:00:00,16,1897.7147396367516,1629.7221260157978,-267.99261362095376,-14.121859730733357
145,2025-11-18 18:00:00,17,1204.842189790515,1120.8942587370484,-83.94793105346662,-6.967545771953967
145,2025-11-18 18:00:00,18,1129.917305948355,1042.8195730887182,-87.09773285963684,-7.708328069772727
145,2025-11-18 18:00:00,19,1118.8622089395155,1042.2724869287454,-76.58972201077017,-6.845322095860557
145,2025-11-18 18:00:00,20,1048.8482508482543,996.7843081510404,-52.063942697213974,-4.963915671795928
145,2025-11-18 18:00:00,21,1577.0148688648198,1205.0985246112468,-371.916344253573,-23.583566115726544
145,2025-11-18 18:00:00,24,1839.346642552976,1549.0861107061346,-290.26053184684133,-15.780632379547859
145,2025-11-18 18:00:00,27,1755.0977682853006,1533.7731553954056,-221.32461288989498,-12.610386548786124
145,2025-11-18 18:00:00,28,6376.298800672441,6266.225538638504,-110.07326203393677,-1.7262877019240144
145,2025-11-18 18:00:00,29,3559.307322064596,3460.153064747332,-99.15425731726418,-2.785773981993474
145,2025-11-18 18:00:00,30,2105.118450546004,2007.3696076062688,-97.74884293973537,-4.643389207594578
145,2025-11-18 18:00:00,31,5305.696358642286,4950.694942805893,-355.0014158363929,-6.690948592603531
145,2025-11-18 18:00:00,32,2183.2267058020907,2092.95301656367,-90.2736892384205,-4.134874724576761
145,2025-11-18 18:00:00,33,1221.521886994156,1178.6340833273575,-42.88780366679839,-3.511013934620033
145,2025-11-18 18:00:00,34,1185.3051339407464,1110.893958755765,-74.4111751849814,-6.277807549655077
145,2025-11-18 18:00:00,35,2501.833510015301,2345.6264303133244,-156.20707970197645,-6.243704030530038
145,2025-11-18 18:00:00,37,1075.80752948012,991.83750406971,-83.9700254104099,-7.805301888060601
145,2025-11-18 18:00:00,38,3955.62509139078,3582.2419178251635,-373.38317356561674,-9.439296316990873
145,2025-11-18 18:00:00,39,3487.631352788923,2783.4533117758133,-704.1780410131096,-20.190724585899993
145,2025-11-18 18:00:00,40,2778.60881437842,2586.2082862606944,-192.40052811772557,-6.924347433223194
145,2025-11-18 18:00:00,41,2794.780870340876,2619.898203670923,-174.88266666995287,-6.257473296953784
145,2025-11-18 18:00:00,44,3005.299374185504,2744.1958926181364,-261.10348156736745,-8.68810221737499
145,2025-11-18 18:00:00,47,3002.4702267797843,1832.42772310828,-1170.0425036715044,-38.96932909560941
145,2025-11-18 18:00:00,48,2481.673167813965,1847.3595711699156,-634.3135966440493,-25.55991678802725
145,2025-11-18 18:00:00,50,1287.148047696857,1246.9007852385394,-40.247262458317664,-3.1268557280829987
145,2025-11-18 18:00:00,53,2993.089377769667,1960.8753482093284,-1032.2140295603385,-34.48657555056054
145,2025-11-18 18:00:00,54,2624.320161359256,2113.4055877169776,-510.91457364227836,-19.46845438925608
145,2025-11-18 18:00:00,55,1028.8634067816029,910.330376324362,-118.5330304572409,-11.520774252048206
145,2025-11-18 18:00:00,56,1841.00761639503,1786.464551757082,-54.543064637947964,-2.962674578432842
146,2025-11-18 19:00:00,1,3257.801237371563,3098.735675411952,-159.06556195961093,-4.882604872725358
146,2025-11-18 19:00:00,3,2036.1699442369493,1915.571377973699,-120.59856626325018,-5.922814380233093
146,2025-11-18 19:00:00,5,1188.1086989775508,1093.461223262561,-94.64747571498992,-7.966230345459181
146,2025-11-18 19:00:00,10,1825.2011746383664,1660.7179862374423,-164.48318840092406,-9.011784053531178
146,2025-11-18 19:00:00,12,2294.102312197623,2143.9886769586897,-150.1136352389335,-6.543458608658693
146,2025-11-18 19:00:00,13,1033.8624478576069,953.7516903296048,-80.11075752800207,-7.748686268082315
146,2025-11-18 19:00:00,14,2064.1630521587267,1920.3511425064005,-143.81190965232622,-6.967080895180542
146,2025-11-18 19:00:00,15,2596.6812566402773,2134.330828288295,-462.3504283519824,-17.80543634955781
146,2025-11-18 19:00:00,16,1901.1512978561195,1648.0696380014067,-253.08165985471283,-13.312020991706795
146,2025-11-18 19:00:00,17,1206.6052403960878,1127.5055941225355,-79.09964627355225,-6.5555530197752585
146,2025-11-18 19:00:00,18,1131.6214377830345,1050.2879397117565,-81.33349807127797,-7.187341575166591
146,2025-11-18 19:00:00,19,1120.5585829593465,1048.0881775450937,-72.47040541425281,-6.467346421359035
146,2025-11-18 19:00:00,20,1049.4499000255164,1004.0701778278708,-45.379722197645606,-4.3241437439312005
146,2025-11-18 19:00:00,21,1581.164464696525,1225.6915236558905,-355.4729410406346,-22.481718314410827
146,2025-11-18 19:00:00,24,1843.552150751036,1569.3366713908013,-274.21547936023467,-14.874300097695818
146,2025-11-18 19:00:00,27,1758.340432118467,1550.3822363062125,-207.95819581225464,-11.82695864882686
146,2025-11-18 19:00:00,28,6374.915969758502,6263.221713999281,-111.69425575922105,-1.752089851679289
146,2025-11-18 19:00:00,29,3559.8311698075386,3464.5951017839743,-95.23606802356426,-2.6752973239658773
146,2025-11-18 19:00:00,30,2106.5702575274904,2016.0389972290252,-90.53126029846521,-4.297566623993019
146,2025-11-18 19:00:00,31,5302.9635287459,4945.525010337049,-357.43851840885054,-6.740354076947259
146,2025-11-18 19:00:00,32,2184.439504613952,2101.1291490401472,-83.31035557380483,-3.813809235634015
146,2025-11-18 19:00:00,33,1221.698509860695,1184.3181828878426,-37.380326972852345,-3.0597014460723755
146,2025-11-18 19:00:00,34,1186.5782773911394,1119.7541115651045,-66.82416582603491,-5.631669405996317
146,2025-11-18 19:00:00,35,2502.2612256365637,2346.989030073232,-155.27219556333193,-6.205275211577137
146,2025-11-18 19:00:00,37,1077.537584852388,999.1627466186568,-78.37483823373111,-7.273513178147535
146,2025-11-18 19:00:00,38,3955.272102708942,3581.686421813793,-373.5856808951489,-9.44525866221144
146,2025-11-18 19:00:00,39,3489.46530543355,2787.523503091297,-701.9418023422531,-20.11602755440035
146,2025-11-18 19:00:00,40,2780.6048783844594,2595.885829060276,-184.7190493241833,-6.64312469420343
146,2025-11-18 19:00:00,41,2797.478832089986,2633.6877059757585,-163.7911261142276,-5.8549549771520475
146,2025-11-18 19:00:00,44,3009.222553316181,2764.50846531762,-244.7140879985609,-8.132136578894258
146,2025-11-18 19:00:00,47,3007.9023795526077,1860.719962749232,-1147.1824168033756,-38.13895107107852
146,2025-11-18 19:00:00,48,2487.060870877287,1875.6302471497052,-611.4306237275819,-24.58446557891868
146,2025-11-18 19:00:00,50,1286.901142226047,1254.5609138482628,-32.34022837778434,-2.513031290176888
146,2025-11-18 19:00:00,53,2998.7637884316887,1990.213656361244,-1008.5501320704448,-33.632196572505045
146,2025-11-18 19:00:00,54,2628.870178560914,2139.30103616032,-489.56914240059405,-18.622796454277253
146,2025-11-18 19:00:00,55,1031.2595147335203,921.0506215196764,-110.20889321384391,-10.686824377307406
146,2025-11-18 19:00:00,56,1841.5115485744896,1788.699871161614,-52.8116774128755,-2.8678439434038254
147,2025-11-18 20:00:00,1,3252.6374543302504,3100.5791804035016,-152.05827392674883,-4.674922307259083
147,2025-11-18 20:00:00,3,2014.7187945207156,1932.3513740815283,-82.3674204391873,-4.088283717965802
147,2025-11-18 20:00:00,5,1163.7839449298826,1109.2559685180452,-54.52797641183747,-4.6854037340343915
147,2025-11-18 20:00:00,10,1815.6669019254248,1671.5683314411767,-144.09857048424806,-7.936399035056411
147,2025-11-18 20:00:00,12,2273.689844907801,2164.074459072468,-109.6153858353332,-4.821035115270004
147,2025-11-18 20:00:00,13,1027.3321845255507,967.4255355024025,-59.90664902314825,-5.831283194034725
147,2025-11-18 20:00:00,14,2027.6265180764865,1949.640293453967,-77.98622462251956,-3.8461829102778458
147,2025-11-18 20:00:00,15,2569.8881192685576,2179.8215914352268,-390.06652783333084,-15.178346672319405
147,2025-11-18 20:00:00,16,1882.3948226011385,1681.0950451799006,-201.29977742123788,-10.693812743443324
147,2025-11-18 20:00:00,17,1197.6205831699076,1139.3778834456832,-58.242699724224394,-4.863201296195612
147,2025-11-18 20:00:00,18,1114.683838866824,1063.7083680738851,-50.97547079293895,-4.573087813380346
147,2025-11-18 20:00:00,19,1113.0361556430892,1058.5237273465466,-54.512428296542566,-4.897633200877147
147,2025-11-18 20:00:00,20,1042.373762995296,1017.3285698269364,-25.04519316835956,-2.4027075562983624
147,2025-11-18 20:00:00,21,1568.109983095326,1262.775563238255,-305.334419857071,-19.471492634360047
147,2025-11-18 20:00:00,24,1818.0932104829728,1605.7964736682216,-212.29673681475128,-11.676889589085208
147,2025-11-18 20:00:00,27,1741.392004363925,1580.257471056391,-161.13453330753396,-9.253202777073234
147,2025-11-18 20:00:00,28,6374.251925170791,6257.907384773956,-116.34454039683442,-1.8252265797247589
147,2025-11-18 20:00:00,29,3546.204359158863,3472.654845601553,-73.54951355731009,-2.0740348301516263
147,2025-11-18 20:00:00,30,2086.329112392816,2031.724935862707,-54.604176530109044,-2.61723695488692
147,2025-11-18 20:00:00,31,5301.575160149908,4936.404335698433,-365.1708244514748,-6.887968451269663
147,2025-11-18 20:00:00,32,2167.027803754155,2115.9321257687784,-51.09567798537637,-2.357869054419067
147,2025-11-18 20:00:00,33,1215.8851965761728,1194.5981412029528,-21.287055373220028,-1.750745500739916
147,2025-11-18 20:00:00,34,1172.3716610281351,1135.8571209040429,-36.514540124092264,-3.114587407552149
147,2025-11-18 20:00:00,35,2497.038364948386,2349.4486496542604,-147.58971529412565,-5.910590616703494
147,2025-11-18 20:00:00,37,1061.4178419283612,1012.3358240393536,-49.0820178890076,-4.624193785911535
147,2025-11-18 20:00:00,38,3950.3706946862335,3580.7985520372617,-369.57214264897175,-9.355378803971353
147,2025-11-18 20:00:00,39,3475.535877412061,2794.8864085090268,-680.6494689030342,-19.584015038563106
147,2025-11-18 20:00:00,40,2759.4858561301776,2613.375246007168,-146.1106101230098,-5.294849031330461
147,2025-11-18 20:00:00,41,2755.247288883989,2658.624921996679,-96.62236688730991,-3.506849177463368
147,2025-11-18 20:00:00,44,2931.051738056001,2801.149480377045,-129.90225767895572,-4.431933288394031
147,2025-11-18 20:00:00,47,2986.366889051562,1911.6645146649907,-1074.7023743865711,-35.98695050921506
147,2025-11-18 20:00:00,48,2465.911714033652,1926.60855036896,-539.303163664692,-21.8703354461348
147,2025-11-18 20:00:00,50,1286.5996557555386,1268.507787369033,-18.091868386505666,-1.4061769957400974
147,2025-11-18 20:00:00,53,2976.6007897571703,2043.0716428516523,-933.529146905518,-31.36225556742108
147,2025-11-18 20:00:00,54,2602.3040211806906,2186.052265177396,-416.25175600329476,-15.995508311685937
147,2025-11-18 20:00:00,55,1023.0474760083648,940.2586969986098,-82.78877900975499,-8.092369215627494
147,2025-11-18 20:00:00,56,1835.8456428183435,1792.731479245332,-43.11416357301164,-2.3484634310989168
148,2025-11-18 21:00:00,1,3252.088042242945,3103.0908897209265,-148.9971525220185,-4.581584218711868
148,2025-11-18 21:00:00,3,2021.1018818951595,1953.6829754178736,-67.41890647728587,-3.3357500223624594
148,2025-11-18 21:00:00,5,1170.143043942314,1129.3438640448182,-40.79917989749583,-3.4866831118390307
148,2025-11-18 21:00:00,10,1821.2973038270052,1685.2362064054244,-136.06109742158083,-7.4705594268262585
148,2025-11-18 21:00:00,12,2280.362010606901,2189.6202839492626,-90.74172665763854,-3.9792684773540983
148,2025-11-18 21:00:00,13,1033.2300098017824,984.810259553554,-48.41975024822841,-4.68625086272101
148,2025-11-18 21:00:00,14,2037.4298377498455,1986.7957359922575,-50.63410175758804,-2.4851948675449242
148,2025-11-18 21:00:00,15,2583.498841175202,2238.1895986897216,-345.30924248548035,-13.365953062645982
148,2025-11-18 21:00:00,16,1892.8461544364584,1723.3149692942263,-169.53118514223206,-8.95641649189948
148,2025-11-18 21:00:00,17,1202.950829632815,1154.460635071954,-48.49019456086103,-4.030937372200161
148,2025-11-18 21:00:00,18,1119.9012225205004,1080.7321676729518,-39.16905484754852,-3.49754550311079
148,2025-11-18 21:00:00,19,1118.1626064995532,1071.7682959933757,-46.39431050617759,-4.149155966806705
148,2025-11-18 21:00:00,20,1044.2577753538287,1033.8624674585856,-10.39530789524315,-0.9954733534754748
148,2025-11-18 21:00:00,21,1580.7462430382177,1310.3350964293948,-270.41114660882295,-17.10655001077774
148,2025-11-18 21:00:00,24,1831.0116734938188,1652.419104407415,-178.59256908640373,-9.753764635788743
148,2025-11-18 21:00:00,27,1751.2459866594352,1618.4069096164958,-132.83907704293938,-7.585403652877727
148,2025-11-18 21:00:00,28,6370.010196456958,6251.251904109561,-118.75829234739649,-1.8643344152486703
148,2025-11-18 21:00:00,29,3547.7253808487385,3482.803666276887,-64.92171457185168,-1.8299532123402449
148,2025-11-18 21:00:00,30,2090.7444739907737,2051.510527188471,-39.23394680230285,-1.8765538921843392
148,2025-11-18 21:00:00,31,5293.215649303562,4925.016866065034,-368.19878323852754,-6.9560510591887965
148,2025-11-18 21:00:00,32,2170.694517194859,2134.548218586322,-36.14629860853711,-1.6651950941143103
148,2025-11-18 21:00:00,33,1216.3843382923228,1207.2313694687855,-9.152968823537321,-0.7524734194117575
148,2025-11-18 21:00:00,34,1176.3543937748325,1156.128283680871,-20.22611009396155,-1.7193891739595148
148,2025-11-18 21:00:00,35,2498.2531696540445,2352.5300480181777,-145.72312163586685,-5.833000570396411
148,2025-11-18 21:00:00,37,1066.719105234945,1029.0693888475068,-37.64971638743805,-3.5294873976355468
148,2025-11-18 21:00:00,38,3949.1903167674736,3579.800826675065,-369.3894900924088,-9.353549980208722
148,2025-11-18 21:00:00,39,3480.925511699056,2804.2598409015504,-676.6656707975058,-19.43924592822505
148,2025-11-18 21:00:00,40,2765.441635013913,2635.680702226254,-129.76093278765893,-4.692231835404694
148,2025-11-18 21:00:00,41,2763.5465548499365,2690.303765095167,-73.24278975476955,-2.650318650367253
148,2025-11-18 21:00:00,44,2943.3914051909783,2847.650151966361,-95.74125322461714,-3.252753033652522
148,2025-11-18 21:00:00,47,3002.798105107332,1976.962579813852,-1025.83552529348,-34.16265394428882
148,2025-11-18 21:00:00,48,2482.294607678201,1992.064529879952,-490.2300777982489,-19.749069118624185
148,2025-11-18 21:00:00,50,1285.8340209433825,1285.5719200154294,-0.26210092795304263,-0.02038372944594716
148,2025-11-18 21:00:00,53,2993.784237923384,2110.861345742281,-882.9228921811027,-29.491867884024117
148,2025-11-18 21:00:00,54,2616.1602634290984,2246.085324226101,-370.0749392029975,-14.14572892862177
148,2025-11-18 21:00:00,55,1030.3276485108129,964.6799486510748,-65.64769985973805,-6.371536273400229
148,2025-11-18 21:00:00,56,1837.332072612054,1797.796447118258,-39.53562549379603,-2.151795316868876
149,2025-11-18 22:00:00,1,3251.7726572046045,3103.967331853125,-147.8053253514795,-4.54537696612963
149,2025-11-18 22:00:00,3,2024.6394344752996,1961.9074943390544,-62.73194013624516,-3.098425283438313
149,2025-11-18 22:00:00,5,1173.6965657637684,1137.2163621449508,-36.48020361881754,-3.108146064573215
149,2025-11-18 22:00:00,10,1824.403991466496,1690.974383518808,-133.42960794768805,-7.313599869973667
149,2025-11-18 22:00:00,12,2284.048215199171,2200.122057891246,-83.92615730792477,-3.674447708653398
149,2025-11-18 22:00:00,13,1036.5123318818482,992.4974268986148,-44.014904983233464,-4.246442963521896
149,2025-11-18 22:00:00,14,2042.9404806880684,1997.8031314956183,-45.137349192450074,-2.209430456693857
149,2025-11-18 22:00:00,15,2591.093751516869,2263.851635265247,-327.24211625162206,-12.629497333319149
149,2025-11-18 22:00:00,16,1898.67264386071,1741.822007789532,-156.85063607117786,-8.261067887523886
149,2025-11-18 22:00:00,17,1205.9111743971646,1160.886583579756,-45.02459081740858,-3.733657318493328
149,2025-11-18 22:00:00,18,1122.8054656033926,1087.5764243514625,-35.229041251930084,-3.137590823268579
149,2025-11-18 22:00:00,19,1121.0111742688025,1077.4360002616345,-43.575174007168016,-3.887131101578057
149,2025-11-18 22:00:00,20,1045.3180651805192,1036.0191017036227,-9.29896347689646,-0.8895822034119916
149,2025-11-18 22:00:00,21,1587.8140042498408,1331.7968217578475,-256.01718249199325,-16.123877343741405
149,2025-11-18 22:00:00,24,1838.2451060618805,1672.6474506741035,-165.59765538777697,-9.00846436863586
149,2025-11-18 22:00:00,27,1756.7374591039045,1635.1053685775205,-121.63209052638399,-6.923748901468031
149,2025-11-18 22:00:00,28,6367.64998077852,6248.170526394793,-119.47945438372699,-1.876350847555839
149,2025-11-18 22:00:00,29,3548.545143803466,3485.4505384194267,-63.09460538403937,-1.7780415022820355
149,2025-11-18 22:00:00,30,2093.187268900518,2057.2570306182843,-35.93023828223386,-1.7165324295664584
149,2025-11-18 22:00:00,31,5288.570326687974,4919.707590269303,-368.86273641867047,-6.974715539987437
149,2025-11-18 22:00:00,32,2172.7155264963303,2139.404559461391,-33.310967034939495,-1.5331490307272748
149,2025-11-18 22:00:00,33,1216.6390252182855,1208.3188111432708,-8.320214075014746,-0.683868748458234
149,2025-11-18 22:00:00,34,1178.594794793064,1160.553915103083,-18.04087968998101,-1.5307109593292072
149,2025-11-18 22:00:00,35,2498.904372751793,2353.489620292544,-145.41475245924903,-5.819140341857834
149,2025-11-18 22:00:00,37,1069.6734173918128,1035.8410390888264,-33.8323783029864,-3.1628698771892423
149,2025-11-18 22:00:00,38,3948.5214871122,3579.1153426613027,-369.40614445089705,-9.35555614061168
149,2025-11-18 22:00:00,39,3483.884761583989,2807.974529069066,-675.9102325149229,-19.401050228986687
149,2025-11-18 22:00:00,40,2768.7205596612275,2644.6021490534085,-124.11841060781899,-4.482879652651033
149,2025-11-18 22:00:00,41,2768.1613698335946,2701.4033990127805,-66.75797082081408,-2.4116358080969524
149,2025-11-18 22:00:00,44,2950.2808268720078,2864.576103687589,-85.70472318441898,-2.904968313653252
149,2025-11-18 22:00:00,47,3011.952571769297,2006.2731146719457,-1005.6794570973511,-33.389617968206906
149,2025-11-18 22:00:00,48,2491.4455547717944,2021.451120759168,-469.99443401262647,-18.864326901001693
149,2025-11-18 22:00:00,50,1285.3988529198637,1285.0817164184118,-0.31713650145184147,-0.024672225335462695
149,2025-11-18 22:00:00,53,3003.3628951410824,2141.2562735796155,-862.1066215614669,-28.704710408329447
149,2025-11-18 22:00:00,54,2623.891935517683,2272.5848607959106,-351.30707472177255,-13.38877832453344
149,2025-11-18 22:00:00,55,1034.3905194326328,975.511131337956,-58.879388094676756,-5.692181723298502
149,2025-11-18 22:00:00,56,1838.142996905612,1799.36448669036,-38.77851021525203,-2.109656880913672
150,2025-11-18 23:00:00,1,3251.3014277583407,3105.195373904159,-146.10605385418148,-4.493771405099051
150,2025-11-18 23:00:00,3,2029.7322239397956,1973.1715830268715,-56.5606409129241,-2.7866060481188755
150,2025-11-18 23:00:00,5,1178.85293205513,1148.0420423531284,-30.810889702001532,-2.613633038031977
150,2025-11-18 23:00:00,10,1828.857906875989,1698.7376220197507,-130.1202848562384,-7.114838411831936
150,2025-11-18 23:00:00,12,2289.339417114639,2214.476110306868,-74.8633068077711,-3.2700833370581983
150,2025-11-18 23:00:00,13,1041.2572418693378,1003.0174227509032,-38.23981911843464,-3.6724660901069788
150,2025-11-18 23:00:00,14,2050.979802915823,2013.0508527846216,-37.92895013120119,-1.849308807296816
150,2025-11-18 23:00:00,15,2602.100168807838,2299.2766475952417,-302.82352121259646,-11.637658105657637
150,2025-11-18 23:00:00,16,1907.109346708224,1767.3021176744203,-139.80722903380365,-7.330844939495401
150,2025-11-18 23:00:00,17,1210.1821275462282,1169.6717212451697,-40.51040630105854,-3.3474636072503943
150,2025-11-18 23:00:00,18,1127.00446321092,1096.9505544727049,-30.053908738215114,-2.6667071621517167
150,2025-11-18 23:00:00,19,1125.1227344335198,1085.1752478716598,-39.94748656185993,-3.5505003444777796
150,2025-11-18 23:00:00,20,1046.8666654275753,1039.0086432954506,-7.858022132124688,-0.750623015483563
150,2025-11-18 23:00:00,21,1598.07961532202,1361.4428155760502,-236.6367997459697,-14.80757263137271
150,2025-11-18 23:00:00,24,1848.76185524366,1700.5518870991932,-148.20996814446676,-8.016714955693049
150,2025-11-18 23:00:00,27,1764.6864937373266,1658.0725822207028,-106.61391151662383,-6.041521363425435
150,2025-11-18 23:00:00,28,6364.238117852923,6243.962823682525,-120.27529417039841,-1.8898616290456334
150,2025-11-18 23:00:00,29,3549.6925406414816,3489.03263945396,-60.65990118752143,-1.7088776138498827
150,2025-11-18 23:00:00,30,2096.698041187357,2065.1183183759454,-31.579722811411557,-1.5061645592766428
150,2025-11-18 23:00:00,31,5281.861994081354,4912.478980598193,-369.38301348316145,-6.99342417308664
150,2025-11-18 23:00:00,32,2175.609602466163,2146.031360979289,-29.57824148687405,-1.3595381015668264
150,2025-11-18 23:00:00,33,1216.975827221996,1209.7432528541794,-7.232574367816596,-0.5943071510570981
150,2025-11-18 23:00:00,34,1181.8654685873207,1166.6900714165304,-15.175397170790347,-1.284020692213763
150,2025-11-18 23:00:00,35,2499.8105995559617,2354.7578236290087,-145.05277592695302,-5.80255063934518
150,2025-11-18 23:00:00,37,1073.949389064204,1045.126489511661,-28.82289955254305,-2.6838228920320124
150,2025-11-18 23:00:00,38,3947.535344800605,3578.183470128808,-369.35187467179685,-9.356518495984568
150,2025-11-18 23:00:00,39,3488.1047913385933,2813.0040224008603,-675.1007689377329,-19.354371766986297
150,2025-11-18 23:00:00,40,2773.410334516908,2656.7991804332983,-116.61115408360956,-4.204612373160487
150,2025-11-18 23:00:00,41,2774.8258848789856,2716.649912206448,-58.17597267253768,-2.0965629948011975
150,2025-11-18 23:00:00,44,2960.2692752890352,2887.846584430496,-72.42269085853923,-2.4464899684326187
150,2025-11-18 23:00:00,47,3025.1996751632523,2046.734425917008,-978.4652492462444,-32.34382369135493
150,2025-11-18 23:00:00,48,2504.7198248019404,2062.0588985606487,-442.6609262412917,-17.673071529119824
150,2025-11-18 23:00:00,50,1284.757868235179,1284.3755435021842,-0.38232473299490266,-0.02975850488622319
150,2025-11-18 23:00:00,53,3017.2309906683067,2183.223251397721,-834.0077392705857,-27.641494530912787
150,2025-11-18 23:00:00,54,2635.096245430666,2309.184134453162,-325.91211097750374,-12.368129306193081
150,2025-11-18 23:00:00,55,1040.2793713448868,990.3630329683864,-49.91633837650045,-4.798358955437898
150,2025-11-18 23:00:00,56,1839.292318841961,1801.4798423423813,-37.812476499579816,-2.0558165829446278
151,2025-11-19 00:00:00,1,3251.193959937833,3105.4613591211632,-145.73260081666967,-4.482433303347311
151,2025-11-19 00:00:00,3,2030.8595736066795,1975.5852073106892,-55.274366295990376,-2.721722713591002
151,2025-11-19 00:00:00,5,1180.0012907170683,1150.369862195446,-29.631428521622183,-2.5111352635568416
151,2025-11-19 00:00:00,10,1829.8407035600108,1700.3855764792036,-129.4551270808072,-7.074666490309691
151,2025-11-19 00:00:00,12,2290.5080671401897,2217.547290015096,-72.9607771250935,-3.185353423190016
151,2025-11-19 00:00:00,13,1042.310983203654,1005.2714265515004,-37.039556652153465,-3.553599381473314
151,2025-11-19 00:00:00,14,2052.777351627364,2016.347132793269,-36.43021883409506,-1.7746794997136226
151,2025-11-19 00:00:00,15,2604.5490346585943,2306.9167401994714,-297.63229445912293,-11.427402229658416
151,2025-11-19 00:00:00,16,1908.9853438233963,1772.786906184983,-136.19843763841322,-7.134598391710502
151,2025-11-19 00:00:00,17,1211.1291575564103,1171.5521702953015,-39.5769872611088,-3.267775943976102
151,2025-11-19 00:00:00,18,1127.9370568122026,1098.9601945063494,-28.976862305853274,-2.569014124577859
151,2025-11-19 00:00:00,19,1126.034731829422,1086.8302827609582,-39.20444906846387,-3.4816376404988882
151,2025-11-19 00:00:00,20,1047.2132300882697,1039.6553014000192,-7.557928688250513,-0.7217182204252189
151,2025-11-19 00:00:00,21,1600.3676083992173,1367.8412657110496,-232.5263426881677,-14.52955817574653
151,2025-11-19 00:00:00,24,1851.1075751991832,1706.567928383682,-144.5396468155011,-7.808279148765751
151,2025-11-19 00:00:00,27,1766.4536362961296,1663.0127646406183,-103.44087165551127,-5.8558497958884645
151,2025-11-19 00:00:00,28,6363.480367100756,6243.062053425359,-120.41831367539635,-1.8923341745180828
151,2025-11-19 00:00:00,29,3549.9408702229,3489.7923189779576,-60.148551244942155,-1.6943536088015303
151,2025-11-19 00:00:00,30,2097.4741641878063,2066.8012692942925,-30.672894893513785,-1.4623729539663286
151,2025-11-19 00:00:00,31,5280.373107551715,4910.934561990767,-369.4385455609481,-6.99644775162945
151,2025-11-19 00:00:00,32,2176.2475993581443,2147.447163622222,-28.800435735922292,-1.3233988515101225
151,2025-11-19 00:00:00,33,1217.0453412512468,1210.0380205897477,-7.0073206614990795,-0.5757649632260076
151,2025-11-19 00:00:00,34,1182.597146376154,1168.0175039612768,-14.579642414877071,-1.2328494500053242
151,2025-11-19 00:00:00,35,2500.005788099168,2355.0213360443413,-144.98445205482676,-5.799364655273976
151,2025-11-19 00:00:00,37,1074.8998501757603,1047.1188340736542,-27.78101610210615,-2.5845213484366556
151,2025-11-19 00:00:00,38,3947.3127651110126,3577.983070020918,-369.32969509009445,-9.356484197413417
151,2025-11-19 00:00:00,39,3489.031889024278,2814.0708106780617,-674.9610783462163,-19.345225260608665
151,2025-11-19 00:00:00,40,2774.443182388104,2659.4081827116006,-115.0349996765035,-4.146237356985161
151,2025-11-19 00:00:00,41,2776.304681952542,2719.9242916533467,-56.38039029919537,-2.0307709980715702
151,2025-11-19 00:00:00,44,2962.4923181634986,2892.849296387191,-69.6430217763077,-2.3508253962150576
151,2025-11-19 00:00:00,47,3028.1438212078588,2055.4626133009533,-972.6812079069055,-32.12136758811293
151,2025-11-19 00:00:00,48,2507.67548974066,2070.8247213695604,-436.85076837109955,-17.420546245251135
151,2025-11-19 00:00:00,50,1284.6135576002907,1284.218727373622,-0.3948302266687733,-0.03073533081857955
151,2025-11-19 00:00:00,53,3020.3143821535846,2192.277279492718,-828.0371026608664,-27.415593143335244
151,2025-11-19 00:00:00,54,2637.5890936080223,2317.080381230837,-320.5087123771855,-12.151578619805173
151,2025-11-19 00:00:00,55,1041.5898165174003,993.5508464736996,-48.038970043700715,-4.612081385772477
151,2025-11-19 00:00:00,56,1839.5436112887207,1801.9275029269315,-37.6161083617892,-2.0448609171835104
152,2025-11-19 01:00:00,1,3251.181705150585,3105.4913533494314,-145.6903518011536,-4.481150701923185
152,2025-11-19 01:00:00,3,2030.98730148522,1975.856993301181,-55.130308184038995,-2.7144585366793437
152,2025-11-19 01:00:00,5,1180.1315648406928,1150.6321899328404,-29.49937490785237,-2.4996683240003432
152,2025-11-19 01:00:00,10,1829.951979451984,1700.5707830205135,-129.38119643147047,-7.07019626111808
152,2025-11-19 01:00:00,12,2290.640412253803,2217.893016219595,-72.74739603420767,-3.1758540382438367
152,2025-11-19 01:00:00,13,1042.4304534708472,1005.5252501584188,-36.9052033124284,-3.540303642276554
152,2025-11-19 01:00:00,14,2052.981439575306,2016.719001596518,-36.26243797878806,-1.76633053176991
152,2025-11-19 01:00:00,15,2604.826788639777,2307.7782579947952,-297.04853064498184,-11.403772870444817
152,2025-11-19 01:00:00,16,1909.1980963368076,1773.4051490851762,-135.7929472516314,-7.112564563739003
152,2025-11-19 01:00:00,17,1211.2364943545335,1171.763879290923,-39.47261506361065,-3.2588693659404275
152,2025-11-19 01:00:00,18,1128.0427934655684,1099.1865255847113,-28.856267880857104,-2.558082729486263
152,2025-11-19 01:00:00,19,1126.138105319037,1087.0165772433552,-39.12152807568191,-3.4739547388460585
152,2025-11-19 01:00:00,20,1047.2525852916494,1039.7282630373572,-7.524322254292201,-0.7184820892274764
152,2025-11-19 01:00:00,21,1600.627210427469,1368.5629030217126,-232.06430740575638,-14.498335770749549
152,2025-11-19 01:00:00,24,1851.3737683506708,1707.246279600416,-144.12748875025477,-7.784894180425453
152,2025-11-19 01:00:00,27,1766.654034255675,1663.5695345534143,-103.0844997022607,-5.835013404064263
152,2025-11-19 01:00:00,28,6363.394453324662,6242.960625198122,-120.43382812653999,-1.8926035311800813
152,2025-11-19 01:00:00,29,3549.968869426601,3489.877666650827,-60.091202775774036,-1.6927247811466049
152,2025-11-19 01:00:00,30,2097.5620736159917,2066.990741117105,-30.57133249888693,-1.4574697399150123
152,2025-11-19 01:00:00,31,5280.204318564658,4910.76072319215,-369.44359537250784,-6.99676703936592
152,2025-11-19 01:00:00,32,2176.3198207067926,2147.6064901880413,-28.713330518751263,-1.3193525255596936
152,2025-11-19 01:00:00,33,1217.053097426437,1210.0709706546977,-6.982126771739331,-0.573691220744899
152,2025-11-19 01:00:00,34,1182.6802275643586,1168.1672787716434,-14.512948792715179,-1.227123651386606
152,2025-11-19 01:00:00,35,2500.0277721583666,2355.050806453649,-144.9769657047177,-5.79901420773233
152,2025-11-19 01:00:00,37,1075.0076309121348,1047.3432567787888,-27.664374133345973,-2.5734118845159255
152,2025-11-19 01:00:00,38,3947.28743985383,3577.960461186689,-369.32697866714125,-9.356475409878374
152,2025-11-19 01:00:00,39,3489.136756923084,2814.190661490271,-674.9460954328129,-19.344214413310016
152,2025-11-19 01:00:00,40,2774.560076021065,2659.701849543839,-114.8582264772258,-4.139691458472272
152,2025-11-19 01:00:00,41,2776.472312406308,2720.2931777505505,-56.17913465575748,-2.0233997798115353
152,2025-11-19 01:00:00,44,2962.7444737296573,2893.413035103801,-69.33143862585621,-2.3401086135038227
152,2025-11-19 01:00:00,47,3028.477673495327,2056.446898103902,-972.0307753914249,-32.096349393573455
152,2025-11-19 01:00:00,48,2508.0107787893367,2071.813381551775,-436.19739723756174,-17.392165971795478
152,2025-11-19 01:00:00,50,1284.5971502343723,1284.2009432111367,-0.39620702323554724,-0.030842900683942825
152,2025-11-19 01:00:00,53,3020.664053752181,2193.298328890877,-827.365724861304,-27.390193352801823
152,2025-11-19 01:00:00,54,2637.871835044,2317.97085052607,-319.9009845179298,-12.127237580994676
152,2025-11-19 01:00:00,55,1041.7384546750136,993.9099705177435,-47.828484157270054,-4.591218068472943
152,2025-11-19 01:00:00,56,1839.572007375752,1801.9777757605589,-37.594231615193166,-2.043640121966378
153,2025-11-19 02:00:00,1,3251.2392082037286,3105.3500140067376,-145.88919419699096,-4.487187341641128
153,2025-11-19 02:00:00,3,2030.3864961529812,1974.5756217766952,-55.81087437628594,-2.7487808100591713
153,2025-11-19 02:00:00,5,1179.5190781300148,1149.3957762320726,-30.123301897942156,-2.553863049481066
153,2025-11-19 02:00:00,10,1829.428428694693,1699.6969581551575,-129.7314705395354,-7.091366270726399
153,2025-11-19 02:00:00,12,2290.0177779542046,2216.2628591028147,-73.7549188513899,-3.2207138111075766
153,2025-11-19 02:00:00,13,1041.8686367389396,1004.3285882820228,-37.54004845691679,-3.603146033305846
153,2025-11-19 02:00:00,14,2052.0222126794038,2014.967011032473,-37.055201646930755,-1.8057894996441761
153,2025-11-19 02:00:00,15,2603.520825181068,2303.7186754084246,-299.8021497726436,-11.51525837139379
153,2025-11-19 02:00:00,16,1908.197715562808,1770.4914884874738,-137.70622707533425,-7.216559686254465
153,2025-11-19 02:00:00,17,1210.7316740152296,1170.765680950759,-39.965993064470695,-3.300978567111309
153,2025-11-19 02:00:00,18,1127.545563062232,1098.1195231977547,-29.42603986447739,-2.609742863477819
153,2025-11-19 02:00:00,19,1125.651937972256,1086.1381421794415,-39.51379579281456,-3.510303181638413
153,2025-11-19 02:00:00,20,1047.0676263236678,1039.3845341625004,-7.683092161167451,-0.7337722958872636
153,2025-11-19 02:00:00,21,1599.4067633120942,1365.1626912364602,-234.244072075634,-14.645684728164781
153,2025-11-19 02:00:00,24,1850.1224082415135,1704.0497432520865,-146.07266498942704,-7.895297324043805
153,2025-11-19 02:00:00,27,1765.7117286172213,1660.9454326886332,-104.76629592858808,-5.933374866951443
153,2025-11-19 02:00:00,28,6363.7984645624665,6243.438824496061,-120.35964006640552,-1.891317594933935
153,2025-11-19 02:00:00,29,3549.836923921835,3489.4749321072013,-60.36199181463371,-1.7004159094707427
153,2025-11-19 02:00:00,30,2097.148521899508,2066.0973851246604,-31.05113677484769,-1.480636037485933
153,2025-11-19 02:00:00,31,5280.99808897198,4911.580428823327,-369.41766014865334,-6.9952242724739495
153,2025-11-19 02:00:00,32,2175.979993888362,2146.8551453743244,-29.124848514037694,-1.3384704177354645
153,2025-11-19 02:00:00,33,1217.0164008885329,1209.9151916784635,-7.101209210069328,-0.5834933041892285
153,2025-11-19 02:00:00,34,1182.2897561563375,1167.4616798783445,-14.828076277992977,-1.25418292772827
153,2025-11-19 02:00:00,35,2499.9241307571424,2354.911501680903,-145.0126290762396,-5.800681200365876
153,2025-11-19 02:00:00,37,1074.5008206568884,1046.2853214063318,-28.215499250556604,-2.625916956797414
153,2025-11-19 02:00:00,38,3947.406372868076,3578.0669727038194,-369.3394001642564,-9.35650817972168
153,2025-11-19 02:00:00,39,3488.643174000778,2813.625115348242,-675.0180586525357,-19.349014071806735
153,2025-11-19 02:00:00,40,2774.010005874476,2658.317102065573,-115.69290380890288,-4.17060153221877
153,2025-11-19 02:00:00,41,2775.683962946085,2718.554326698993,-57.129636247092094,-2.058218335002924
153,2025-11-19 02:00:00,44,2961.55889677823,2890.7559463125717,-70.80295046565834,-2.3907324802043357
153,2025-11-19 02:00:00,47,3026.9078058980986,2051.8089514620706,-975.098854436028,-32.21435593565135
153,2025-11-19 02:00:00,48,2506.434387548014,2067.155050162377,-439.27933738563706,-17.5260656958738
153,2025-11-19 02:00:00,50,1284.6742255340273,1284.2845650610373,-0.3896604729900446,-0.03033146187922205
153,2025-11-19 02:00:00,53,3019.019851900348,2188.4871810640702,-830.5326708362777,-27.510010254271492
153,2025-11-19 02:00:00,54,2636.5424192919018,2313.774963678261,-322.7674556136408,-12.242073302212475
153,2025-11-19 02:00:00,55,1041.039587139721,992.2171241741904,-48.82246296553069,-4.689779674918172
153,2025-11-19 02:00:00,56,1839.4383041215867,1801.74051450486,-37.69778961672682,-2.049418538923445
154,2025-11-19 03:00:00,1,3251.186418541224,3105.479825252321,-145.70659328890315,-4.481643761119066
154,2025-11-19 03:00:00,3,2030.9381953668023,1975.7525425154497,-55.18565285135264,-2.717249248512248
154,2025-11-19 03:00:00,5,1180.081475763703,1150.5313690820365,-29.550106681666648,-2.504073429552223
154,2025-11-19 03:00:00,10,1829.9092002469524,1700.4996145472578,-129.40958569969462,-7.07191294968244
154,2025-11-19 03:00:00,12,2290.589532503482,2217.7601517767,-72.82938072678235,-3.1795037781030997
154,2025-11-19 03:00:00,13,1042.3845200644776,1005.4277021916932,-36.95681787278431,-3.545411233706571
154,2025-11-19 03:00:00,14,2052.902965784921,2016.5760709332983,-36.32689485162268,-1.76953784260978
154,2025-11-19 03:00:00,15,2604.719996375187,2307.447136422204,-297.2728599529828,-11.412852835110007
154,2025-11-19 03:00:00,16,1909.1162967909688,1773.1675351274628,-135.94876166350605,-7.1210309132043
154,2025-11-19 03:00:00,17,1211.1952268177,1171.682517758397,-39.512709059303006,-3.262290684807179
154,2025-11-19 03:00:00,18,1128.0021402572252,1099.099542776227,-28.90259748099811,-2.5622821490752914
154,2025-11-19 03:00:00,19,1126.098361369641,1086.9449836034355,-39.153377766205494,-3.476905669109079
154,2025-11-19 03:00:00,20,1047.2374526563358,1039.7002194432878,-7.537233213048012,-0.7197253300986982
154,2025-11-19 03:00:00,21,1600.527395023315,1368.2855408154014,-232.24185420791355,-14.510332964624482
154,2025-11-19 03:00:00,24,1851.2714177000764,1706.985558271181,-144.2858594288955,-7.793879279362978
154,2025-11-19 03:00:00,27,1766.5769850472864,1663.355549031354,-103.22143601593234,-5.843019403604955
154,2025-11-19 03:00:00,28,6363.427485133096,6242.999605347768,-120.4278797853276,-1.8925002298947196
154,2025-11-19 03:00:00,29,3549.9581082011155,3489.8448712590807,-60.113236942034746,-1.6933506004806398
154,2025-11-19 03:00:00,30,2097.528276656248,2066.917925597831,-30.61035105841711,-1.4593534399075785
154,2025-11-19 03:00:00,31,5280.269213428208,4910.827530086153,-369.4416833420546,-6.9966448377770325
154,2025-11-19 03:00:00,32,2176.292056103559,2147.545261404556,-28.74679469900275,-1.3209070270867556
154,2025-11-19 03:00:00,33,1217.050118400542,1210.0583133828347,-6.991805017707293,-0.5744878466382292
154,2025-11-19 03:00:00,34,1182.6482818297836,1168.1097111547351,-14.538570675048504,-1.22932328219803
154,2025-11-19 03:00:00,35,2500.019323371024,2355.039485546218,-144.9798378248056,-5.799148689351525
154,2025-11-19 03:00:00,37,1074.966191359571,1047.2570064368017,-27.709184922769282,-2.5776796652296476
154,2025-11-19 03:00:00,38,3947.297178998598,3577.969151196895,-369.32802780170323,-9.356478903252963
154,2025-11-19 03:00:00,39,3489.096443708688,2814.1446080494416,-674.9518356592466,-19.34460243643525
154,2025-11-19 03:00:00,40,2774.5151383200946,2659.588992631788,-114.9261456883064,-4.142206474241534
154,2025-11-19 03:00:00,41,2776.407863353332,2720.151405929994,-56.256457423337906,-2.026231742312948
154,2025-11-19 03:00:00,44,2962.647523321054,2893.196373198474,-69.4511501225802,-2.3442258849857103
154,2025-11-19 03:00:00,47,3028.3493141375448,2056.0685896165173,-972.2807245210274,-32.10596346934062
154,2025-11-19 03:00:00,48,2507.8818638566154,2071.433388260576,-436.4484755960393,-17.403071567528695
154,2025-11-19 03:00:00,50,1284.603459575054,1284.207780924737,-0.3956786503169951,-0.03080161799096239
154,2025-11-19 03:00:00,53,3020.52961147579,2192.9058895379767,-827.6237219378131,-27.399953928392293
154,2025-11-19 03:00:00,54,2637.76312520353,2317.628599924624,-320.13452527890604,-12.136591122229918
154,2025-11-19 03:00:00,55,1041.6813053827302,993.7719505816636,-47.90935480106657,-4.599233427105031
154,2025-11-19 03:00:00,56,1839.56109207581,1801.958458588423,-37.60263348738704,-2.044108980634898
155,2025-11-19 04:00:00,1,3251.5051599946537,3104.6766775583046,-146.82848243634908,-4.515708117055256
155,2025-11-19 04:00:00,3,2027.559818973093,1968.4421886557088,-59.117630317384055,-2.915703387105275
155,2025-11-19 04:00:00,5,1176.6472805262963,1143.4896065319615,-33.1576739943348,-2.8179790616185234
155,2025-11-19 04:00:00,10,1826.960802105107,1695.492265386157,-131.46853671894996,-7.196023941371154
155,2025-11-19 04:00:00,12,2287.084704332053,2208.45354182386,-78.63116250819303,-3.4380520476244185
155,2025-11-19 04:00:00,13,1039.2302441771403,998.6009462043312,-40.62929797280913,-3.9095569245080326
155,2025-11-19 04:00:00,14,2047.534605397617,2006.622693598154,-40.91191179946304,-1.998105999850402
155,2025-11-19 04:00:00,15,2597.3942288864714,2284.35912327011,-313.0351056163613,-12.051890395958974
155,2025-11-19 04:00:00,16,1903.5031304553147,1756.582096408572,-146.92103404674276,-7.718455078747335
155,2025-11-19 04:00:00,17,1208.3588851683571,1165.9851321146948,-42.37375305366231,-3.5067192018667948
155,2025-11-19 04:00:00,18,1125.2105925587955,1093.0140554886548,-32.19653707014072,-2.861378775054356
155,2025-11-19 04:00:00,19,1123.367258950075,1081.928951569001,-41.43830738107408,-3.6887586896384432
155,2025-11-19 04:00:00,20,1046.202754939464,1037.7479770082723,-8.454777931191757,-0.8081395208791026
155,2025-11-19 04:00:00,21,1593.6869331193516,1348.9550065585106,-244.73192656084098,-15.35633639674907
155,2025-11-19 04:00:00,24,1844.2601535409035,1688.8035038648509,-155.45664967605262,-8.429214792586732
155,2025-11-19 04:00:00,27,1761.289101695796,1648.4131535019235,-112.87594819387255,-6.4087121237049525
155,2025-11-19 04:00:00,28,6365.695672015964,6245.728373542035,-119.96729847392908,-1.8845905405329628
155,2025-11-19 04:00:00,29,3549.2080834933363,3487.5355594469816,-61.67252404635474,-1.7376418230641768
155,2025-11-19 04:00:00,30,2095.20137494703,2061.8190176489,-33.382357298130046,-1.5932767941684842
155,2025-11-19 04:00:00,31,5284.726882615511,4915.509190175458,-369.2176924400537,-6.986504707643868
155,2025-11-19 04:00:00,32,2174.377424161114,2143.2527333594494,-31.124690801664656,-1.431430001793397
155,2025-11-19 04:00:00,33,1216.8366308071234,1209.1547380804018,-7.681892726721571,-0.6313002528224516
155,2025-11-19 04:00:00,34,1180.4635136810507,1164.1023532511908,-16.361160429859865,-1.385994589433832
155,2025-11-19 04:00:00,35,2499.4287975591023,2354.2326301931,-145.19616736600256,-5.80917398038298
155,2025-11-19 04:00:00,37,1072.121949900182,1041.2256564076808,-30.896293492501172,-2.8817891001464635
155,2025-11-19 04:00:00,38,3947.9596917434274,3578.5748404534597,-369.3848512899676,-9.356348091964598
155,2025-11-19 04:00:00,39,3486.310853405362,2810.9018247943186,-675.4090286110436,-19.373172875600492
155,2025-11-19 04:00:00,40,2771.41450045669,2651.681903756168,-119.73259670052175,-4.320270269235855
155,2025-11-19 04:00:00,41,2771.9799100030064,2710.2417207525764,-61.73818925042997,-2.227223546160658
155,2025-11-19 04:00:00,44,2955.997966512259,2878.0617380855983,-77.93622842666082,-2.6365454005577917
155,2025-11-19 04:00:00,47,3019.5385897921187,2029.694919474202,-989.8436703179168,-32.78128895799484
155,2025-11-19 04:00:00,48,2499.04228686144,2044.952021679261,-454.0902651821791,-18.170571485305814
155,2025-11-19 04:00:00,50,1285.0334455532288,1284.6771008156022,-0.356344737626614,-0.027730386229223903
155,2025-11-19 04:00:00,53,3011.303443854852,2165.548607356425,-845.7548364984273,-28.086005022986104
155,2025-11-19 04:00:00,54,2630.305736983832,2293.7694756437527,-336.53626134007936,-12.794568198219611
155,2025-11-19 04:00:00,55,1037.7613412996436,984.1230488660702,-53.63829243357338,-5.168653937946783
155,2025-11-19 04:00:00,56,1838.804809529085,1800.5966802103485,-38.20812931873661,-2.07787847414439
156,2025-11-19 05:00:00,1,3252.457241047528,3101.447521132207,-151.00971991532106,-4.642942511572725
156,2025-11-19 05:00:00,3,2016.841128799468,1939.857691121163,-76.98343767830488,-3.817030334170622
156,2025-11-19 05:00:00,5,1165.8911457984843,1116.3182994906012,-49.57284630788308,-4.251927505113018
156,2025-11-19 05:00:00,10,1817.5423738911315,1676.3792665649753,-141.16310732615625,-7.766702408370465
156,2025-11-19 05:00:00,12,2275.9111667127813,2173.0429076502064,-102.86825906257491,-4.519871450481653
156,2025-11-19 05:00:00,13,1029.2898751404846,973.5120054496684,-55.777869690816146,-5.419063282168515
156,2025-11-19 05:00:00,14,2030.8669268322635,1962.8213111553985,-68.04561567686505,-3.350569886083195
156,2025-11-19 05:00:00,15,2574.401010461901,2200.1964660132567,-374.20454444864436,-14.535596549564138
156,2025-11-19 05:00:00,16,1885.8615475538493,1695.8522846843898,-190.00926286945946,-10.075461961453133
156,2025-11-19 05:00:00,17,1199.3913592446106,1144.667651070287,-54.72370817432352,-4.562623179875924
156,2025-11-19 05:00:00,18,1116.4154988084697,1069.6936158582616,-46.721882950208055,-4.184990534444702
156,2025-11-19 05:00:00,19,1114.738875940831,1063.169693651248,-51.56918228958284,-4.626122171083237
156,2025-11-19 05:00:00,20,1042.996209094188,1023.3103335098704,-19.685875584317728,-1.887435008168854
156,2025-11-19 05:00:00,21,1572.295735119399,1279.3607386374954,-292.9349964819037,-18.631036766099122
156,2025-11-19 05:00:00,24,1822.370502979805,1622.0962415071906,-200.2742614726144,-10.989766413862647
156,2025-11-19 05:00:00,27,1744.6610961125448,1593.5978673403818,-151.06322877216303,-8.658600177923507
156,2025-11-19 05:00:00,28,6372.84379039792,6255.570071576218,-117.27371882170246,-1.8402101585857307
156,2025-11-19 05:00:00,29,3546.7157049733173,3476.2764996986725,-70.43920527464479,-1.9860403577279313
156,2025-11-19 05:00:00,30,2087.798215132416,2038.7618343708864,-49.03638076152947,-2.348712648861969
156,2025-11-19 05:00:00,31,5298.798371556697,4932.402689483805,-366.39568207289176,-6.914693792457911
156,2025-11-19 05:00:00,32,2168.249674664637,2122.576363596941,-45.67331106769598,-2.1064599525310785
156,2025-11-19 05:00:00,33,1216.056580594142,1199.2082978102324,-16.848282783909553,-1.38548510429324
156,2025-11-19 05:00:00,34,1173.6877224258392,1143.114499410138,-30.57322301570116,-2.6048856464572046
156,2025-11-19 05:00:00,35,2497.447605793949,2350.546245574793,-146.90136021915623,-5.882059742849166
156,2025-11-19 05:00:00,37,1063.1765075279695,1018.2149199301026,-44.961587597866924,-4.228986182398702
156,2025-11-19 05:00:00,38,3949.981523678552,3580.442986378708,-369.53853729984394,-9.355449768172557
156,2025-11-19 05:00:00,39,3477.334503276121,2798.18226873427,-679.1522345418507,-19.53082839462229
156,2025-11-19 05:00:00,40,2761.471405746681,2621.207547329789,-140.2638584168917,-5.079315980784723
156,2025-11-19 05:00:00,41,2758.002960777858,2669.8078458035448,-88.19511497431313,-3.1977889882119226
156,2025-11-19 05:00:00,44,2935.142186462545,2817.5490109407237,-117.5931755218212,-4.006387699518753
156,2025-11-19 05:00:00,47,2991.818496993898,1934.4450925384865,-1057.3734044554114,-35.34216415594172
156,2025-11-19 05:00:00,48,2471.3415630224417,1949.431576940926,-521.9099860815156,-21.11848859302239
156,2025-11-19 05:00:00,50,1286.3477937641103,1274.8025417905774,-11.545251973532913,-0.8975218078268866
156,2025-11-19 05:00:00,53,2982.300743911691,2066.718490824752,-915.5822530869391,-30.700533973848298
156,2025-11-19 05:00:00,54,2606.898381294893,2206.99956961722,-399.89881167767317,-15.340023015359588
156,2025-11-19 05:00:00,55,1025.461276183154,948.8062224057678,-76.65505377738623,-7.4751778109751985
156,2025-11-19 05:00:00,56,1836.3429911814087,1794.5329642364386,-41.810026944970105,-2.276809242377519
157,2025-11-19 06:00:00,1,3258.108599914457,3096.785367974252,-161.323231940205,-4.951438142499013
157,2025-11-19 06:00:00,3,2031.9430719380332,1896.0530297317464,-135.8900422062868,-6.687689437907194
157,2025-11-19 06:00:00,5,1183.9957283127087,1075.0525461487723,-108.9431821639364,-9.201315474270283
157,2025-11-19 06:00:00,10,1821.413255226371,1647.9410652950808,-173.47218993129013,-9.524043455461207
157,2025-11-19 06:00:00,12,2289.642123479166,2120.5645224360096,-169.0776010431564,-7.384455383194948
157,2025-11-19 06:00:00,13,1029.948770393387,937.7101524227988,-92.23861797058805,-8.955651059747147
157,2025-11-19 06:00:00,14,2057.881762389038,1886.5483925564463,-171.33336983259187,-8.325714963997122
157,2025-11-19 06:00:00,15,2587.72027479234,2081.4260528663845,-506.29422192595575,-19.565260853651772
157,2025-11-19 06:00:00,16,1894.255999130647,1609.521012363046,-284.73498676760096,-15.031494523352583
157,2025-11-19 06:00:00,17,1203.0653626897515,1113.6063279197122,-89.45903477003935,-7.435924725655093
157,2025-11-19 06:00:00,18,1128.2013771849752,1034.58885340074,-93.61252378423524,-8.297501286322833
157,2025-11-19 06:00:00,19,1117.152896207852,1035.858343026018,-81.29455318183409,-7.276940645974821
157,2025-11-19 06:00:00,20,1048.245042678986,988.8316953763608,-59.4133473026252,-5.667887267158764
157,2025-11-19 06:00:00,21,1572.8436147313937,1182.4238557699878,-390.41975896140593,-24.822541497749654
157,2025-11-19 06:00:00,24,1835.1211831702203,1526.7887158365795,-308.3324673336408,-16.80174966979501
157,2025-11-19 06:00:00,27,1751.8336759970869,1515.4769753331568,-236.35670066393004,-13.491960104568914
157,2025-11-19 06:00:00,28,6377.691602725789,6269.576509031995,-108.11509369379473,-1.6952073011430493
157,2025-11-19 06:00:00,29,3558.7742147986296,3455.2991606706355,-103.4750541279941,-2.907603795085077
157,2025-11-19 06:00:00,30,2103.6534890491525,1997.8687702737504,-105.7847187754021,-5.028618987208612
157,2025-11-19 06:00:00,31,5308.4507736013165,4956.475744788182,-351.9750288131345,-6.630466096878777
157,2025-11-19 06:00:00,32,2182.001275741721,2083.9976732688137,-98.00360247290746,-4.491454865881936
157,2025-11-19 06:00:00,33,1221.338888379344,1172.402365143001,-48.93652323634319,-4.006793176075767
157,2025-11-19 06:00:00,34,1184.0285266186872,1101.2131058315529,-82.81542078713437,-6.99437715606702
157,2025-11-19 06:00:00,35,2501.397544201767,2344.1343070360463,-157.2632371657205,-6.287014934121779
157,2025-11-19 06:00:00,37,1074.0662560147562,983.7690030841062,-90.29725293064996,-8.40704681158975
157,2025-11-19 06:00:00,38,3955.978742367453,3582.911144349843,-373.0675980176097,-9.4304752960919
157,2025-11-19 06:00:00,39,3485.776196695147,2778.99958350842,-706.776613186727,-20.276018117767276
157,2025-11-19 06:00:00,40,2776.5911507038204,2575.599055599808,-200.9920951040126,-7.238807739233211
157,2025-11-19 06:00:00,41,2792.0635129927136,2604.779112893525,-187.2844000991886,-6.707741397273771
157,2025-11-19 06:00:00,44,3001.354092420506,2721.8745268580224,-279.47956556248346,-9.311782514041562
157,2025-11-19 06:00:00,47,2997.0017906202515,1801.2753972102175,-1195.726393410034,-39.89742005334504
157,2025-11-19 06:00:00,48,2476.2546511226037,1816.2683727007611,-659.9862784218426,-26.652601263066362
157,2025-11-19 06:00:00,50,1287.394517269094,1238.5438492722587,-48.85066799683523,-3.794537520670857
157,2025-11-19 06:00:00,53,2987.3781524907567,1928.5872180800795,-1058.7909344106772,-35.44214626889132
157,2025-11-19 06:00:00,54,2619.7425106045694,2084.960484107576,-534.7820264969932,-20.413533938248733
157,2025-11-19 06:00:00,55,1026.4527357353802,898.4848401948904,-127.96789554048985,-12.46700321265255
157,2025-11-19 06:00:00,56,1840.4966968984425,1784.0109578908623,-56.48573900758015,-3.069048648811403
158,2025-11-19 07:00:00,1,3258.175542583841,3096.338359601876,-161.83718298196482,-4.967110607356121
158,2025-11-19 07:00:00,3,2031.0104069779115,1891.218138968492,-139.79226800941956,-6.88289274782332
158,2025-11-19 07:00:00,5,1183.0915443704678,1070.4827887779352,-112.60875559253259,-9.518177703860827
158,2025-11-19 07:00:00,10,1820.575741649253,1644.7515136375937,-175.82422801165922,-9.657616763166397
158,2025-11-19 07:00:00,12,2288.656539699386,2114.752683926001,-173.9038557733852,-7.598512610207009
158,2025-11-19 07:00:00,13,1029.0866277737844,933.710802390582,-95.37582538320237,-9.268007455264305
158,2025-11-19 07:00:00,14,2056.5048922825586,1878.2136890144843,-178.29120326807424,-8.669622131080128
158,2025-11-19 07:00:00,15,2585.748715735452,2068.309424432692,-517.43929130276,-20.01119784586598
158,2025-11-19 07:00:00,16,1892.7381876676563,1599.9387310209609,-292.7994566466955,-15.46962271667907
158,2025-11-19 07:00:00,17,1202.284896196246,1110.1471818620298,-92.1377143342163,-7.663550846036484
158,2025-11-19 07:00:00,18,1127.4481307903131,1030.6823839689976,-96.76574682131559,-8.58272271501175
158,2025-11-19 07:00:00,19,1116.4021842294774,1032.812815143386,-83.58936908609144,-7.487388529590119
158,2025-11-19 07:00:00,20,1047.9810606061928,985.0857263375972,-62.89533426859566,-6.001571653615053
158,2025-11-19 07:00:00,21,1571.014716991384,1171.6655798678544,-399.34913712352954,-25.419821520724792
158,2025-11-19 07:00:00,24,1833.2691426525173,1516.2104434173373,-317.05869923518003,-17.294716408984808
158,2025-11-19 07:00:00,27,1750.4011253946426,1506.7950607926807,-243.60606460196186,-13.917156534450857
158,2025-11-19 07:00:00,28,6378.303141149499,6271.182298455358,-107.12084269414117,-1.679456750856715
158,2025-11-19 07:00:00,29,3558.538472727148,3453.012065796124,-105.52640693102421,-2.965442350554446
158,2025-11-19 07:00:00,30,2103.009461630996,1993.3801641960376,-109.62929743495852,-5.212972144687126
158,2025-11-19 07:00:00,31,5309.660768355709,4959.251142646129,-350.4096257095798,-6.599472941810827
158,2025-11-19 07:00:00,32,2181.462045518515,2079.76873366344,-101.69331185507508,-4.661704386009771
158,2025-11-19 07:00:00,33,1221.2569587906366,1169.457224215367,-51.79973457526967,-4.241509880653203
158,2025-11-19 07:00:00,34,1183.4697966683364,1096.6492521180878,-86.82054455024854,-7.3361014192895135
158,2025-11-19 07:00:00,35,2501.2045515222285,2343.430674418552,-157.77387710367657,-6.307915800315319
158,2025-11-19 07:00:00,37,1073.3021193269049,979.9411717472298,-93.3609475796751,-8.698477893458753
158,2025-11-19 07:00:00,38,3956.133492258146,3583.2511782370284,-372.8823140211175,-9.425422947704368
158,2025-11-19 07:00:00,39,3484.9592506970944,2776.8997278948464,-708.059522802248,-20.317583990705636
158,2025-11-19 07:00:00,40,2775.703067054619,2570.5869044398464,-205.11616261477275,-7.389701191360775
158,2025-11-19 07:00:00,41,2790.870462623227,2597.633302591169,-193.237160032058,-6.923902869014864
158,2025-11-19 07:00:00,44,2999.623797710066,2711.304259298254,-288.3195384118121,-9.61185661455004
158,2025-11-19 07:00:00,47,2994.601691933875,1786.495171478104,-1208.1065204557708,-40.34281165705183
158,2025-11-19 07:00:00,48,2473.8780576141435,1801.532054930992,-672.3460026831515,-27.177815034730333
158,2025-11-19 07:00:00,50,1287.5020382500668,1234.609159095087,-52.89287915497971,-4.108178285051112
158,2025-11-19 07:00:00,53,2984.8718258519525,1913.274617005304,-1071.5972088466485,-35.900945546993114
158,2025-11-19 07:00:00,54,2617.7342334496384,2071.4929213909973,-546.2413120586411,-20.866950704113563
158,2025-11-19 07:00:00,55,1025.3951311370256,892.849994889352,-132.54513624767355,-12.92624981559048
158,2025-11-19 07:00:00,56,1840.271345886534,1782.8508001102716,-57.420545776262315,-3.120221694730594
159,2025-11-19 08:00:00,1,3258.1652250633274,3096.407867346511,-161.7573577168164,-4.964676329871281
159,2025-11-19 08:00:00,3,2031.154411761704,1891.9808880873843,-139.17352367431977,-6.851942071386332
159,2025-11-19 08:00:00,5,1183.2310749916585,1071.2040242497385,-112.02705074192,-9.467892883282309
159,2025-11-19 08:00:00,10,1820.7050943298857,1645.2553272615453,-175.4497670683404,-9.636363824912296
159,2025-11-19 08:00:00,12,2288.8087485126234,2115.6697956676217,-173.13895284500177,-7.564588039848925
159,2025-11-19 08:00:00,13,1029.2197119060502,934.3424645992512,-94.87724730679895,-9.218366711136172
159,2025-11-19 08:00:00,14,2056.7172733624207,1879.5276268263688,-177.1896465360519,-8.615167910092655
159,2025-11-19 08:00:00,15,2586.0529976287776,2070.3791953885416,-515.673802240236,-19.940573635307217
159,2025-11-19 08:00:00,16,1892.9724574557088,1601.451479898098,-291.5209775576109,-15.400170055798702
159,2025-11-19 08:00:00,17,1202.405387669735,1110.6933420033415,-91.71204566639358,-7.627381464427049
159,2025-11-19 08:00:00,18,1127.564401414531,1031.2991783994391,-96.2652230150918,-8.537447873871058
159,2025-11-19 08:00:00,19,1116.518078172209,1033.2937152965628,-83.2243628756462,-7.453919869518661
159,2025-11-19 08:00:00,20,1048.0217767980944,985.6759509788028,-62.345825819291576,-5.948905566616174
159,2025-11-19 08:00:00,21,1571.2969395677007,1173.3641537188012,-397.9327858488996,-25.325116840002238
159,2025-11-19 08:00:00,24,1833.5549118343536,1517.8805311809865,-315.67438065336705,-17.216521775044914
159,2025-11-19 08:00:00,27,1750.6222416722774,1508.1658045270194,-242.45643714525795,-13.849729049120961
159,2025-11-19 08:00:00,28,6378.208738852946,6270.928091004414,-107.28064784853268,-1.6819870945118358
159,2025-11-19 08:00:00,29,3558.574928927386,3453.3724276344087,-105.2025012929771,-2.956309854200173
159,2025-11-19 08:00:00,30,2103.10891030158,1994.087959689435,-109.02095061214527,-5.183799568254978
159,2025-11-19 08:00:00,31,5309.473958488572,4958.811546783907,-350.6624117046649,-6.604466175863619
159,2025-11-19 08:00:00,32,2181.545331552021,2080.435495891739,-101.10983566028199,-4.634780409919295
159,2025-11-19 08:00:00,33,1221.269668260981,1169.9216807749654,-51.347987486015654,-4.204475786181793
159,2025-11-19 08:00:00,34,1183.5559761489164,1097.3685136413972,-86.18746250751929,-7.282077421294274
159,2025-11-19 08:00:00,35,2501.234404742584,2343.54155048048,-157.692854262104,-6.304601198636281
159,2025-11-19 08:00:00,37,1073.4200617066606,980.545479352155,-92.8745823545056,-8.652212276230584
159,2025-11-19 08:00:00,38,3956.109623250532,3583.1964946136272,-372.91312863690473,-9.426258727646207
159,2025-11-19 08:00:00,39,3485.0854542955226,2777.2306210679817,-707.8548332275409,-20.31097493908158
159,2025-11-19 08:00:00,40,2775.840244186217,2571.377216572097,-204.46302761412016,-7.3658067333792765
159,2025-11-19 08:00:00,41,2791.0546286934755,2598.760236597085,-192.2943920963903,-6.88966780225314
159,2025-11-19 08:00:00,44,2999.890822604131,2712.972174044693,-286.91864855943777,-9.564303020546955
159,2025-11-19 08:00:00,47,2994.9721542669586,1788.8287258360697,-1206.143428430889,-40.272275210054545
159,2025-11-19 08:00:00,48,2474.2448292796003,1803.8580057976997,-670.3868234819006,-27.09460339367831
159,2025-11-19 08:00:00,50,1287.4854680008934,1235.229040142243,-52.25642785865034,-4.058797489946821
159,2025-11-19 08:00:00,53,2985.2586718193284,1915.691929231458,-1069.5667425878703,-35.8282768821516
159,2025-11-19 08:00:00,54,2618.04418330922,2073.617934132994,-544.4262491762261,-20.795151305967217
159,2025-11-19 08:00:00,55,1025.5583583940388,893.7402618009966,-131.81809659304224,-12.853300401106502
159,2025-11-19 08:00:00,56,1840.306172749585,1783.0337728466884,-57.272399902896495,-3.1121125794696605
160,2025-11-19 09:00:00,1,3258.0214718770244,3097.3541242409824,-160.667347636042,-4.931439188566111
160,2025-11-19 09:00:00,3,2033.1508210982488,1901.985341463165,-131.16547963508378,-6.45134036658589
160,2025-11-19 09:00:00,5,1185.1683620152023,1080.6535919194323,-104.51477009577002,-8.818558902302978
160,2025-11-19 09:00:00,10,1822.4968845071185,1651.841449482913,-170.65543502420542,-9.36382588496759
160,2025-11-19 09:00:00,12,2290.917636259832,2127.690515644252,-163.22712061557968,-7.124966783269669
160,2025-11-19 09:00:00,13,1031.0659366124746,942.6027557178834,-88.46318089459123,-8.579779212300762
160,2025-11-19 09:00:00,14,2059.669550319408,1896.7948836155704,-162.87466670383742,-7.90780572925299
160,2025-11-19 09:00:00,15,2590.276326356532,2097.5112842163576,-492.7650421401745,-19.023647675199772
160,2025-11-19 09:00:00,16,1896.223388898516,1621.2581190985577,-274.9652697999584,-14.500679160997008
160,2025-11-19 09:00:00,17,1204.0763411657206,1117.8416171158349,-86.2347240498857,-7.161898386475892
160,2025-11-19 09:00:00,18,1129.1775213585818,1039.3718908113756,-89.80563054720619,-7.953189719819751
160,2025-11-19 09:00:00,19,1118.125421734758,1039.5862434623075,-78.5391782724505,-7.024183221824786
160,2025-11-19 09:00:00,20,1048.5878740237918,993.4432517555636,-55.144622268228204,-5.258941442515385
160,2025-11-19 09:00:00,21,1575.2156715939052,1195.5987151253505,-379.6169564685547,-24.099363872150516
160,2025-11-19 09:00:00,24,1837.5238209218903,1539.7441586346329,-297.77966228725745,-16.20548582264695
160,2025-11-19 09:00:00,27,1753.6904077419265,1526.108432277052,-227.5819754648744,-12.97731768732839
160,2025-11-19 09:00:00,28,6376.899225101883,6267.623926468768,-109.27529863311429,-1.7136118162721699
160,2025-11-19 09:00:00,29,3559.078163417284,3458.1142826712176,-100.96388074606648,-2.8367986346533343
160,2025-11-19 09:00:00,30,2104.487238889198,2003.382869496456,-101.10436939274223,-4.8042281998396765
160,2025-11-19 09:00:00,31,5306.883527116363,4953.105559585704,-353.7779675306592,-6.666397815647819
160,2025-11-19 09:00:00,32,2182.6989001970715,2089.1945199746497,-93.50438022242179,-4.28388818146101
160,2025-11-19 09:00:00,33,1221.4436172529372,1176.0194680805994,-45.42414917233782,-3.7188903794428168
160,2025-11-19 09:00:00,34,1184.7541014934714,1106.828137402806,-77.92596409066527,-6.577395595628979
160,2025-11-19 09:00:00,35,2501.6461899060387,2344.9999833540005,-156.64620655203817,-6.261725066641889
160,2025-11-19 09:00:00,37,1075.0567259209147,988.4572002009488,-86.59952571996587,-8.05534476757801
160,2025-11-19 09:00:00,38,3955.7777629916336,3582.514676972873,-373.26308601876053,-9.4358962606755
160,2025-11-19 09:00:00,39,3486.8325641912884,2781.5832192242738,-705.2493449670146,-20.22607429475425
160,2025-11-19 09:00:00,40,2777.739882093172,2581.756623420379,-195.983258672793,-7.055493566413763
160,2025-11-19 09:00:00,41,2793.609425015107,2613.5549012279444,-180.05452378716245,-6.445228963465027
160,2025-11-19 09:00:00,44,3003.597837146432,2734.8376421420376,-268.7601950043945,-8.947942087337834
160,2025-11-19 09:00:00,47,3000.112474329077,1819.3760349863824,-1180.7364393426947,-39.356405782978044
160,2025-11-19 09:00:00,48,2479.3363119719734,1834.3285022734717,-645.0078096985017,-26.015341548621375
160,2025-11-19 09:00:00,50,1287.25456985126,1243.3892899719908,-43.86527987926911,-3.407661616174155
160,2025-11-19 09:00:00,53,2990.6268142214417,1947.345636885408,-1043.2811773360336,-34.88503387901422
160,2025-11-19 09:00:00,54,2622.346141810071,2101.4788228778457,-520.8673189322253,-19.86264553819342
160,2025-11-19 09:00:00,55,1027.823856516897,905.3727319618448,-122.45112455505216,-11.913629342095263
160,2025-11-19 09:00:00,56,1840.7877666671031,1785.4353837620258,-55.35238290507732,-3.0069942829583955
161,2025-11-19 10:00:00,1,3257.95513701797,3097.778231795528,-160.1769052224422,-4.916485908675012
161,2025-11-19 10:00:00,3,2034.0654348092123,1906.2695166456524,-127.79591816355992,-6.282783040140824
161,2025-11-19 10:00:00,5,1186.0577339062283,1084.694963899477,-101.36277000675136,-8.546191901883022
161,2025-11-19 10:00:00,10,1823.3168163492023,1654.6490701928558,-168.66774615634654,-9.250600040757988
161,2025-11-19 10:00:00,12,2291.88298680552,2132.8332228526574,-159.04976395286258,-6.939698268564306
161,2025-11-19 10:00:00,13,1031.912523948945,946.1265742761092,-85.78594967283573,-8.313296687644435
161,2025-11-19 10:00:00,14,2061.0270929406183,1904.2090525233104,-156.81804041730788,-7.608732604944271
161,2025-11-19 10:00:00,15,2592.2142896506407,2109.123514385744,-483.0907752648968,-18.63622067024421
161,2025-11-19 10:00:00,16,1897.7147396367516,1629.7221260157978,-267.99261362095376,-14.121859730733357
161,2025-11-19 10:00:00,17,1204.842189790515,1120.8942587370484,-83.94793105346662,-6.967545771953967
161,2025-11-19 10:00:00,18,1129.917305948355,1042.8195730887182,-87.09773285963684,-7.708328069772727
161,2025-11-19 10:00:00,19,1118.8622089395155,1042.2724869287454,-76.58972201077017,-6.845322095860557
161,2025-11-19 10:00:00,20,1048.8482508482543,996.7843081510404,-52.063942697213974,-4.963915671795928
161,2025-11-19 10:00:00,21,1577.0148688648198,1205.0985246112468,-371.916344253573,-23.583566115726544
161,2025-11-19 10:00:00,24,1839.346642552976,1549.0861107061346,-290.26053184684133,-15.780632379547859
161,2025-11-19 10:00:00,27,1755.0977682853006,1533.7731553954056,-221.32461288989498,-12.610386548786124
161,2025-11-19 10:00:00,28,6376.298800672441,6266.225538638504,-110.07326203393677,-1.7262877019240144
161,2025-11-19 10:00:00,29,3559.307322064596,3460.153064747332,-99.15425731726418,-2.785773981993474
161,2025-11-19 10:00:00,30,2105.118450546004,2007.3696076062688,-97.74884293973537,-4.643389207594578
161,2025-11-19 10:00:00,31,5305.696358642286,4950.694942805893,-355.0014158363929,-6.690948592603531
161,2025-11-19 10:00:00,32,2183.2267058020907,2092.95301656367,-90.2736892384205,-4.134874724576761
161,2025-11-19 10:00:00,33,1221.521886994156,1178.6340833273575,-42.88780366679839,-3.511013934620033
161,2025-11-19 10:00:00,34,1185.3051339407464,1110.893958755765,-74.4111751849814,-6.277807549655077
161,2025-11-19 10:00:00,35,2501.833510015301,2345.6264303133244,-156.20707970197645,-6.243704030530038
161,2025-11-19 10:00:00,37,1075.80752948012,991.83750406971,-83.9700254104099,-7.805301888060601
161,2025-11-19 10:00:00,38,3955.62509139078,3582.2419178251635,-373.38317356561674,-9.439296316990873
161,2025-11-19 10:00:00,39,3487.631352788923,2783.4533117758133,-704.1780410131096,-20.190724585899993
161,2025-11-19 10:00:00,40,2778.60881437842,2586.2082862606944,-192.40052811772557,-6.924347433223194
161,2025-11-19 10:00:00,41,2794.780870340876,2619.898203670923,-174.88266666995287,-6.257473296953784
161,2025-11-19 10:00:00,44,3005.299374185504,2744.1958926181364,-261.10348156736745,-8.68810221737499
161,2025-11-19 10:00:00,47,3002.4702267797843,1832.42772310828,-1170.0425036715044,-38.96932909560941
161,2025-11-19 10:00:00,48,2481.673167813965,1847.3595711699156,-634.3135966440493,-25.55991678802725
161,2025-11-19 10:00:00,50,1287.148047696857,1246.9007852385394,-40.247262458317664,-3.1268557280829987
161,2025-11-19 10:00:00,53,2993.089377769667,1960.8753482093284,-1032.2140295603385,-34.48657555056054
161,2025-11-19 10:00:00,54,2624.320161359256,2113.4055877169776,-510.91457364227836,-19.46845438925608
161,2025-11-19 10:00:00,55,1028.8634067816029,910.330376324362,-118.5330304572409,-11.520774252048206
161,2025-11-19 10:00:00,56,1841.00761639503,1786.464551757082,-54.543064637947964,-2.962674578432842
162,2025-11-19 11:00:00,1,3257.944952873961,3097.842704882756,-160.10224799120488,-4.914209733653492
162,2025-11-19 11:00:00,3,2034.2054628856151,1906.911326371146,-127.29413651446907,-6.25768334796901
162,2025-11-19 11:00:00,5,1186.1940016178874,1085.3001678052028,-100.89383381268453,-8.505677290145815
162,2025-11-19 11:00:00,10,1823.4422957719328,1655.06900930832,-168.37328646361289,-9.233814903494604
162,2025-11-19 11:00:00,12,2292.0307382467336,2133.603390456144,-158.42734779058947,-6.9120952501613
162,2025-11-19 11:00:00,13,1032.0421814711813,946.6538114309471,-85.38837004023412,-8.273728687960464
162,2025-11-19 11:00:00,14,2061.2352163465152,1905.320842488225,-155.91437385829022,-7.5641233286633005
162,2025-11-19 11:00:00,15,2592.5111709211,2110.862928304901,-481.64824261619924,-18.578444251990366
162,2025-11-19 11:00:00,16,1897.9431806187629,1630.989308803776,-266.95387181498677,-14.065430121462072
162,2025-11-19 11:00:00,17,1204.9594610782012,1121.3511505038075,-83.60831057439373,-6.938682443273301
162,2025-11-19 11:00:00,18,1130.0306110794552,1043.3356191741232,-86.69499190533202,-7.671915349489262
162,2025-11-19 11:00:00,19,1118.9750353737309,1042.6744880308074,-76.30054734292344,-6.818789064175996
162,2025-11-19 11:00:00,20,1048.888172860009,997.2856137046808,-51.60255915532821,-4.919738871172818
162,2025-11-19 11:00:00,21,1577.2905490978867,1206.5207521727816,-370.7697969251051,-23.506753219130278
162,2025-11-19 11:00:00,24,1839.6259754822324,1550.484713077409,-289.14126240482346,-15.717393984341252
162,2025-11-19 11:00:00,27,1755.3133356852377,1534.9205300651183,-220.39280562011936,-12.555752932514617
162,2025-11-19 11:00:00,28,6376.20684653155,6266.016873076973,-110.18997345457683,-1.7281430183607769
162,2025-11-19 11:00:00,29,3559.3423276359617,3460.458892716423,-98.88343491953856,-2.7781378079813637
162,2025-11-19 11:00:00,30,2105.215075834166,2007.9671907671784,-97.24788506698746,-4.619380042604634
162,2025-11-19 11:00:00,31,5305.514576573472,4950.335445708945,-355.179130864527,-6.6945274720914405
162,2025-11-19 11:00:00,32,2183.307474888072,2093.5164669689448,-89.79100791912742,-4.112613956205623
162,2025-11-19 11:00:00,33,1221.5337901628236,1179.025955377907,-42.50783478491667,-3.4798738378944565
162,2025-11-19 11:00:00,34,1185.3896177403908,1111.503852644497,-73.8857650958937,-6.233036293732348
162,2025-11-19 11:00:00,35,2501.8621132594008,2345.720353077586,-156.1417601818148,-6.241021811485641
162,2025-11-19 11:00:00,37,1075.9225347221943,992.3435359425752,-83.57899877961916,-7.768124198755578
162,2025-11-19 11:00:00,38,3955.601679492934,3582.202001485437,-373.3996780074972,-9.439769427324215
162,2025-11-19 11:00:00,39,3487.753555726964,2783.7337422713595,-704.0198134556044,-20.18548048785125
162,2025-11-19 11:00:00,40,2778.741772207057,2586.8755087844124,-191.86626342264435,-6.904789258998029
162,2025-11-19 11:00:00,41,2794.960276817982,2620.848904668046,-174.11137214993596,-6.229475731517694
162,2025-11-19 11:00:00,44,3005.5600640343832,2745.597651187309,-259.9624128470741,-8.649383386407019
162,2025-11-19 11:00:00,47,3002.8313608497933,1834.381706758532,-1168.4496540912614,-38.91159754507803
162,2025-11-19 11:00:00,48,2482.031186038293,1849.3110644660064,-632.7201215722866,-25.49202947696262
162,2025-11-19 11:00:00,50,1287.131697530927,1247.4277317044562,-39.70396582647095,-3.0846855766689676
162,2025-11-19 11:00:00,53,2993.466583435602,1962.9011535054524,-1030.5654299301495,-34.42715664951133
162,2025-11-19 11:00:00,54,2624.622564808756,2115.192250490921,-509.4303143178349,-19.40965993161591
162,2025-11-19 11:00:00,55,1029.0226570384032,911.0719354711304,-117.95072156727281,-11.462402772232728
162,2025-11-19 11:00:00,56,1841.0412311693217,1786.6187570972188,-54.42247407210289,-2.956070355770192
163,2025-11-19 12:00:00,1,3257.861137114929,3098.3672094857666,-159.4939276291625,-4.895663778057952
163,2025-11-19 12:00:00,3,2035.3538307729743,1912.0473521296483,-123.30647864332605,-6.058233058990901
163,2025-11-19 12:00:00,5,1187.3125886870473,1090.1413124118278,-97.1712762752195,-8.184135938680928
163,2025-11-19 12:00:00,10,1824.4708166652904,1658.4231782986233,-166.04763836666712,-9.101139730487096
163,2025-11-19 12:00:00,12,2293.2419958395635,2139.7641265359925,-153.47786930357097,-6.69261550163537
163,2025-11-19 12:00:00,13,1033.1059537483902,950.8669380929468,-82.23901565544338,-7.960366055103815
163,2025-11-19 12:00:00,14,2062.944895325438,1914.228301304654,-148.7165940207842,-7.2089465093212555
163,2025-11-19 12:00:00,15,2594.9476965648537,2124.7812956592134,-470.16640090564033,-18.118530925615126
163,2025-11-19 12:00:00,16,1899.8177848531557,1641.1229601172777,-258.694824735878,-13.616822981572074
163,2025-11-19 12:00:00,17,1205.921398633316,1125.0034996813858,-80.91789895193006,-6.710047524128456
163,2025-11-19 12:00:00,18,1130.9602679792963,1047.4611986630412,-83.49906931625515,-7.383024115024323
163,2025-11-19 12:00:00,19,1119.9005657723071,1045.887549071088,-74.01301670121916,-6.608891803727076
163,2025-11-19 12:00:00,20,1049.2161617254742,1001.304728842294,-47.91143288318017,-4.566402485107366
163,2025-11-19 12:00:00,21,1579.5536548378282,1217.8943870023152,-361.659267835513,-22.896295211487725
163,2025-11-19 12:00:00,24,1841.9193989501969,1561.6693364907665,-280.2500624594304,-15.21510998902336
163,2025-11-19 12:00:00,27,1757.0822159935417,1544.0947081882916,-212.98750780525006,-12.12165861486546
163,2025-11-19 12:00:00,28,6375.4524367093545,6264.354622457674,-111.09781425168057,-1.7425871395728416
163,2025-11-19 12:00:00,29,3559.628604798303,3462.9098503960136,-96.7187544022895,-2.7171024042203364
163,2025-11-19 12:00:00,30,2106.007358327608,2012.7524280777675,-93.25493024984053,-4.428043894580443
163,2025-11-19 12:00:00,31,5304.023508848745,4947.47358486111,-356.54992398763534,-6.722253839802939
163,2025-11-19 12:00:00,32,2183.96947081353,2098.029097403248,-85.94037341028161,-3.935053788928138
163,2025-11-19 12:00:00,33,1221.6305979135595,1182.1635731278122,-39.4670247857473,-3.2306840425537473
163,2025-11-19 12:00:00,34,1186.08368672168,1116.392099376542,-69.6915873451378,-5.875773195883375
163,2025-11-19 12:00:00,35,2502.0959170989154,2346.4725163566777,-155.62340074223766,-6.21972162133085
163,2025-11-19 12:00:00,37,1076.8662668717457,996.3897208025415,-80.47654606920412,-7.473216363530946
163,2025-11-19 12:00:00,38,3955.409282538508,3581.8911564193195,-373.5181261191883,-9.443223177134058
163,2025-11-19 12:00:00,39,3488.754795866505,2785.980127399738,-702.7746684667668,-20.143997202079603
163,2025-11-19 12:00:00,40,2779.8313796537645,2592.217691431973,-187.61368822179156,-6.749103186437134
163,2025-11-19 12:00:00,41,2796.43216615986,2628.460767665732,-167.97139849412815,-6.006632326962225
163,2025-11-19 12:00:00,44,3007.699836275385,2756.8137076555963,-250.8861286197889,-8.341461657639222
163,2025-11-19 12:00:00,47,3005.794649996562,1850.0077531916208,-1155.786896804941,-38.45195801404008
163,2025-11-19 12:00:00,48,2484.9697693331914,1864.92259995866,-620.0471693745314,-24.951899899406538
163,2025-11-19 12:00:00,50,1286.9971906183462,1251.6530182818587,-35.34417233648742,-2.7462509315584502
163,2025-11-19 12:00:00,53,2996.5619296155564,1979.1038583511652,-1017.4580712643913,-33.95418133056659
163,2025-11-19 12:00:00,54,2627.1043976977367,2129.489948737912,-497.6144489598246,-18.94155593496433
163,2025-11-19 12:00:00,55,1030.329627262209,916.995968916986,-113.33365834522294,-10.999747590135115
163,2025-11-19 12:00:00,56,1841.3164533154336,1787.8529436408037,-53.463509674629904,-2.903548142328533
164,2025-11-19 13:00:00,1,3257.830744420064,3098.554809764293,-159.27593465577093,-4.889018096737376
164,2025-11-19 13:00:00,3,2035.768408133095,1913.84975442618,-121.91865370691494,-5.988827276218549
164,2025-11-19 13:00:00,5,1187.716882900576,1091.83948301365,-95.87739988692601,-8.07241197521581
164,2025-11-19 13:00:00,10,1824.841892099648,1659.5975624726052,-165.24432962704282,-9.055268313514771
164,2025-11-19 13:00:00,12,2293.6790791277604,2141.9250839237834,-151.75399520397696,-6.616182559492408
164,2025-11-19 13:00:00,13,1033.4901923888872,952.34297732764,-81.14721506124715,-7.8517644055893125
164,2025-11-19 13:00:00,14,2063.5633785269706,1917.35874332824,-146.20463519873056,-7.0850566898069065
164,2025-11-19 13:00:00,15,2595.8281187151883,2129.6654919116745,-466.16262680351383,-17.95814689896503
164,2025-11-19 13:00:00,16,1900.4950609272537,1644.6765187649394,-255.81854216231432,-13.460626518939764
164,2025-11-19 13:00:00,17,1206.2687601632765,1126.2836172137484,-79.98514294952815,-6.630789554618129
164,2025-11-19 13:00:00,18,1131.2960842376683,1048.907358647666,-82.38872559000242,-7.28268458964221
164,2025-11-19 13:00:00,19,1120.2348035763682,1047.0134855839697,-73.22131799239855,-6.536247379445656
164,2025-11-19 13:00:00,20,1049.3348308060492,1002.7183493794812,-46.61648142656804,-4.442479183766299
164,2025-11-19 13:00:00,21,1580.3716691882012,1221.8829247171996,-358.4887444710016,-22.6838250432032
164,2025-11-19 13:00:00,24,1842.7485181839656,1565.5915094641457,-277.15700871981994,-15.040414141423867
164,2025-11-19 13:00:00,27,1757.721258936161,1547.3112264928102,-210.4100324433507,-11.970614303811674
164,2025-11-19 13:00:00,28,6375.179951725754,6263.774420966654,-111.40553075909975,-1.7474884097811607
164,2025-11-19 13:00:00,29,3559.7315986955155,3463.7714405112383,-95.96015818427713,-2.6957133009534284
164,2025-11-19 13:00:00,30,2106.293321622022,2014.4330507077725,-91.86027091424967,-4.361228798062635
164,2025-11-19 13:00:00,31,5303.485084433992,4946.47545989297,-357.00962454102137,-6.731604197188437
164,2025-11-19 13:00:00,32,2184.208288166746,2099.6142716576137,-84.59401650913242,-3.872983037718167
164,2025-11-19 13:00:00,33,1221.6651892602622,1183.2653905315278,-38.39979872873437,-3.1432342565139355
164,2025-11-19 13:00:00,34,1186.3347940402814,1118.1108127332172,-68.22398130706415,-5.750820227965735
164,2025-11-19 13:00:00,35,2502.179981454599,2346.736660882674,-155.4433205719247,-6.2123157296446925
164,2025-11-19 13:00:00,37,1077.2072230968624,997.8083304641716,-79.39889263269083,-7.370809527662375
164,2025-11-19 13:00:00,38,3955.3396446445417,3581.785594459197,-373.55405018534475,-9.444297677220467
164,2025-11-19 13:00:00,39,3489.115837600869,2786.769317979481,-702.3465196213879,-20.12964178639378
164,2025-11-19 13:00:00,40,2780.224398972002,2594.093547003542,-186.13085196845987,-6.694813988298298
164,2025-11-19 13:00:00,41,2796.963795440135,2631.1337166079347,-165.83007883220034,-5.92893190475156
164,2025-11-19 13:00:00,44,3008.473147328328,2760.749348218248,-247.7237991100801,-8.234203430735986
164,2025-11-19 13:00:00,47,3006.865165832528,1855.4874840651207,-1151.3776817674072,-38.29162992909323
164,2025-11-19 13:00:00,48,2486.031740849753,1870.3994618356207,-615.6322790141323,-24.763653210787343
164,2025-11-19 13:00:00,50,1286.948446839588,1253.139396571402,-33.80905026818618,-2.627071064984184
164,2025-11-19 13:00:00,53,2997.6802327361384,1984.7867482455983,-1012.89348449054,-33.7892438769568
164,2025-11-19 13:00:00,54,2628.0011853353503,2134.507788204283,-493.49339713106747,-18.778279092294035
164,2025-11-19 13:00:00,55,1030.801889251449,919.0707538701508,-111.73113538129815,-10.839244334567084
164,2025-11-19 13:00:00,56,1841.4156119901504,1788.2861090834967,-53.12950290665367,-2.8852532019771893
165,2025-11-19 14:00:00,1,3257.961080324398,3097.74052949684,-160.22055082755833,-4.917816599933263
165,2025-11-19 14:00:00,3,2033.983668145628,1905.8930819820207,-128.0905861636072,-6.297522844929563
165,2025-11-19 14:00:00,5,1185.9781758925487,1084.3399723683783,-101.63820352417042,-8.569989363225769
165,2025-11-19 14:00:00,10,1823.2435385835051,1654.4026857505771,-168.84085283292802,-9.260466265746487
165,2025-11-19 14:00:00,12,2291.7967047534885,2132.381472137828,-159.41523261566044,-6.955906354390519
165,2025-11-19 14:00:00,13,1031.8368184539188,945.817259253848,-86.01955920007083,-8.336546793218778
165,2025-11-19 14:00:00,14,2060.9055981822685,1903.5570970952356,-157.3485010870329,-7.634920358594554
165,2025-11-19 14:00:00,15,2592.040953560589,2108.1032910804265,-483.93766248016254,-18.670139521344968
165,2025-11-19 14:00:00,16,1897.581360080989,1628.978802998832,-268.6025570821571,-14.154995550266845
165,2025-11-19 14:00:00,17,1204.7737138969735,1120.6262314430778,-84.14748245389569,-6.984505179957103
165,2025-11-19 14:00:00,18,1129.8511490066403,1042.5168478654334,-87.33430114120688,-7.729717424989193
165,2025-11-19 14:00:00,19,1118.796329081629,1042.0366539336194,-76.75967514800959,-6.860915892619906
165,2025-11-19 14:00:00,20,1048.8249463366287,996.490377630787,-52.334568705841775,-4.989828749653384
165,2025-11-19 14:00:00,21,1576.8539181613774,1204.2642513812957,-372.58966678008164,-23.628673683008238
165,2025-11-19 14:00:00,24,1839.1835633397095,1548.2656961013397,-290.9178672383698,-15.817772246186355
165,2025-11-19 14:00:00,27,1754.97190420494,1533.100093673232,-221.87181053170798,-12.64247079968059
165,2025-11-19 14:00:00,28,6376.352491939112,6266.348024564673,-110.00446737443872,-1.7251942629191954
165,2025-11-19 14:00:00,29,3559.286871505579,3459.973737971517,-99.31313353406176,-2.7902536974226044
165,2025-11-19 14:00:00,30,2105.0620263986552,2007.0191530782315,-98.04287332042372,-4.657481446670514
165,2025-11-19 14:00:00,31,5305.802503498092,4950.905991742725,-354.8965117553671,-6.6888375796382435
165,2025-11-19 14:00:00,32,2183.1795375327256,2092.6225887452524,-90.55694878747317,-4.147938693572321
165,2025-11-19 14:00:00,33,1221.5149265088085,1178.404263986582,-43.11066252222645,-3.5292784055812003
165,2025-11-19 14:00:00,34,1185.2558161092545,1110.5363406201077,-74.71947548914682,-6.304080053740848
165,2025-11-19 14:00:00,35,2501.8167983622543,2345.57135102874,-156.24544733351422,-6.245279328038569
165,2025-11-19 14:00:00,37,1075.7403814068723,991.540662025802,-84.19971938107028,-7.827141272781114
165,2025-11-19 14:00:00,38,3955.638757592044,3582.265442745762,-373.373314846282,-9.439014473444216
165,2025-11-19 14:00:00,39,3487.5599833494257,2783.288865108873,-704.2711182405528,-20.19380660412832
165,2025-11-19 14:00:00,40,2778.531166811819,2585.816984320595,-192.7141824912237,-6.935829433662625
165,2025-11-19 14:00:00,41,2794.676116489914,2619.3406485093624,-175.33546798055158,-6.273910130264799
165,2025-11-19 14:00:00,44,3005.147172039892,2743.3737107820566,-261.7734612578356,-8.710836650311004
165,2025-11-19 14:00:00,47,3002.259369403499,1831.2815234532493,-1170.9778459502497,-39.003220637226434
165,2025-11-19 14:00:00,48,2481.4641401731305,1846.2149036930527,-635.2492364800778,-25.599774995570026
165,2025-11-19 14:00:00,50,1287.1575899408772,1246.591828697107,-40.56576124377011,-3.1515768978710224
165,2025-11-19 14:00:00,53,2992.8691387804283,1959.6870487748615,-1033.1820900055668,-34.52145891104951
165,2025-11-19 14:00:00,54,2624.143600940929,2112.3576676638263,-511.7859332771027,-19.502969772446658
165,2025-11-19 14:00:00,55,1028.7704273579477,909.895300550129,-118.87512680781867,-11.555068424071017
165,2025-11-19 14:00:00,56,1840.98798221838,1786.3741099541912,-54.613872264188785,-2.9665523507860914
166,2025-11-19 15:00:00,1,3258.1274525258577,3096.6604102407578,-161.46704228509998,-4.955823387446766
166,2025-11-19 15:00:00,3,2031.6808161110732,1894.717826326876,-136.96298978419713,-6.741363539887324
166,2025-11-19 15:00:00,5,1183.7413620142715,1073.791023812982,-109.95033820128947,-9.288375123954136
166,2025-11-19 15:00:00,10,1821.1778161230095,1647.061192187391,-174.11662393561846,-9.560660271289949
166,2025-11-19 15:00:00,12,2289.365039056252,2118.9598877617177,-170.40515129453433,-7.443336837395782
166,2025-11-19 15:00:00,13,1029.7062950988684,936.6067773366084,-93.09951776226,-9.04136628137453
166,2025-11-19 15:00:00,14,2057.494275307602,1884.245254540736,-173.24902076686612,-8.420388957872792
166,2025-11-19 15:00:00,15,2587.165691202081,2077.8044840219386,-509.3612071801422,-19.688001000951605
166,2025-11-19 15:00:00,16,1893.829077910363,1606.876325295577,-286.9527526147858,-15.151987893828696
166,2025-11-19 15:00:00,17,1202.8458822498064,1112.6517196003745,-90.19416264943197,-7.498397257737836
166,2025-11-19 15:00:00,18,1127.9895227805755,1033.5108052881233,-94.47871749245223,-8.375850624884828
166,2025-11-19 15:00:00,19,1116.9417771767887,1035.01794866123,-81.92382851555863,-7.33465523356387
166,2025-11-19 15:00:00,20,1048.1707468573256,987.7960965984108,-60.37465025891481,-5.760001453955178
166,2025-11-19 15:00:00,21,1572.3290959901467,1179.4548381136049,-392.87425787654183,-24.986770191970283
166,2025-11-19 15:00:00,24,1834.600115534324,1523.8692819926912,-310.7308335416328,-16.937251388493074
166,2025-11-19 15:00:00,27,1751.4307461487074,1513.080991412279,-238.3497547364284,-13.608859799940443
166,2025-11-19 15:00:00,28,6377.8635923881575,6270.018649047961,-107.84494334019655,-1.6909258371236908
166,2025-11-19 15:00:00,29,3558.7080155966746,3454.66688800208,-104.0411275945944,-2.9235645953142417
166,2025-11-19 15:00:00,30,2103.4724105798923,1996.628709301318,-106.84370127857437,-5.079396370552792
166,2025-11-19 15:00:00,31,5308.791035497161,4957.239581336075,-351.55145416108553,-6.622062383138485
166,2025-11-19 15:00:00,32,2181.849693423549,2082.8292199006023,-99.02047352294676,-4.5383728229039155
166,2025-11-19 15:00:00,33,1221.3159428427216,1171.5887831214864,-49.72715972123524,-4.071604895739823
166,2025-11-19 15:00:00,34,1183.8712790192458,1099.9516497655989,-83.91962925364692,-7.0885771739617205
166,2025-11-19 15:00:00,35,2501.3433619500984,2343.939804638752,-157.4035573113465,-6.292760910226714
166,2025-11-19 15:00:00,37,1073.851324284375,982.7125502793494,-91.13877400502565,-8.487094250757796
166,2025-11-19 15:00:00,38,3956.02229500541,3583.003496252118,-373.0187987532918,-9.429137930396362
166,2025-11-19 15:00:00,39,3485.5465825411875,2778.419130371198,-707.1274521699893,-20.287419359475262
166,2025-11-19 15:00:00,40,2776.341517336536,2574.214305941063,-202.1272113954733,-7.280343939436623
166,2025-11-19 15:00:00,41,2791.727973370008,2602.805145511678,-188.92282785833004,-6.7672362658699035
166,2025-11-19 15:00:00,44,3000.867341585819,2718.955959144784,-281.9113824410347,-9.394330050326637
166,2025-11-19 15:00:00,47,2996.326726689218,1797.1963842760804,-1199.1303424131377,-40.02001289552668
166,2025-11-19 15:00:00,48,2475.5861012032005,1812.200478887494,-663.3856223157065,-26.797113701409277
166,2025-11-19 15:00:00,50,1287.424799364226,1237.455959798646,-49.968839565579856,-3.881301617792058
166,2025-11-19 15:00:00,53,2986.6731901948683,1924.3608424902875,-1062.3123477045808,-35.568416095611354
166,2025-11-19 15:00:00,54,2619.1776001421817,2081.2418182760703,-537.9357818661115,-20.538346916104878
166,2025-11-19 15:00:00,55,1026.1552418507094,896.9306801898057,-129.22456166090376,-12.593081084675104
166,2025-11-19 15:00:00,56,1840.4333807774765,1783.6904920770146,-56.74288870046189,-3.083126468641386
167,2025-11-19 16:00:00,1,3258.296445574038,3095.504997131735,-162.79144844230314,-4.99621354783214
167,2025-11-19 16:00:00,3,2029.3162584490808,1881.7112378179384,-147.60502063114245,-7.273633176523734
167,2025-11-19 16:00:00,5,1181.4521014206375,1061.4823519540437,-119.96974946659384,-10.154431933578701
167,2025-11-19 16:00:00,10,1819.052898884653,1638.4523667959293,-180.60053208872364,-9.928272685168107
167,2025-11-19 16:00:00,12,2286.864970414983,2103.3144315222034,-183.5505388927795,-8.026295442335266
167,2025-11-19 16:00:00,13,1027.5218095617413,925.8138922283846,-101.7079173333567,-9.898370661031242
167,2025-11-19 16:00:00,14,2054.0120036601343,1861.8649150844883,-192.14708857564597,-9.354720821166119
167,2025-11-19 16:00:00,15,2582.172470320813,2042.492396838936,-539.6800734818769,-20.900233415269362
167,2025-11-19 16:00:00,16,1889.9843246813552,1581.0472499835012,-308.9370746978541,-16.34601253901615
167,2025-11-19 16:00:00,17,1200.867734045452,1103.3253313631185,-97.54240268233343,-8.122659966367413
167,2025-11-19 16:00:00,18,1126.0811132840215,1022.977604861739,-103.10350842228252,-9.155957524373969
167,2025-11-19 16:00:00,19,1115.0392024253483,1026.8047208319283,-88.23448159342001,-7.913128202264019
167,2025-11-19 16:00:00,20,1047.503217325688,977.7519959492936,-69.75122137639437,-6.658807364283964
167,2025-11-19 16:00:00,21,1567.698855775661,1150.446228665263,-417.25262711039795,-26.615610872787876
167,2025-11-19 16:00:00,24,1829.9122806258413,1495.349796506301,-334.5624841195404,-18.28297933522354
167,2025-11-19 16:00:00,27,1747.8017121036155,1489.6727832150016,-258.1289288886139,-14.768776520875223
167,2025-11-19 16:00:00,28,6379.413207219389,6274.379249973543,-105.03395724584607,-1.6464517007141397
167,2025-11-19 16:00:00,29,3558.10804294489,3448.5353360766544,-109.5727068682354,-3.0795216318824
167,2025-11-19 16:00:00,30,2101.8392283875487,1984.5683846185136,-117.27084376903508,-5.579439292271695
167,2025-11-19 16:00:00,31,5311.858130895388,4964.787180197917,-347.07095069747083,-6.533889688785178
167,2025-11-19 16:00:00,32,2180.481466318038,2071.470665678913,-109.01080063912514,-4.99939129605173
167,2025-11-19 16:00:00,33,1221.1058280706286,1163.6733998290215,-57.43242824160711,-4.703312925166485
167,2025-11-19 16:00:00,34,1182.4583506841498,1087.7067151385702,-94.75163554557957,-8.013105534817182
167,2025-11-19 16:00:00,35,2500.85186849926,2342.053426798293,-158.79844170096703,-6.349773999059794
167,2025-11-19 16:00:00,37,1071.915697649382,972.394617469949,-99.52108017943306,-9.284412981139667
167,2025-11-19 16:00:00,38,3956.413667548487,3583.9668757323807,-372.44679181610627,-9.413747477191523
167,2025-11-19 16:00:00,39,3483.472762069837,2772.7887596049063,-710.6840024649305,-20.401594931451417
167,2025-11-19 16:00:00,40,2774.087741641112,2560.7501796099923,-213.3375620311199,-7.69036821830705
167,2025-11-19 16:00:00,41,2788.7049894710835,2583.599031994864,-205.10595747621937,-7.3548818627502275
167,2025-11-19 16:00:00,44,2996.4860233851427,2690.502093681328,-305.98392970381474,-10.211425226610714
167,2025-11-19 16:00:00,47,2990.246499101655,1757.344487768492,-1232.902011333163,-41.23078186709884
167,2025-11-19 16:00:00,48,2469.567942505262,1772.4987488403058,-697.0691936649564,-28.226362258242307
167,2025-11-19 16:00:00,50,1287.6961330901445,1226.9095763695666,-60.78655672057789,-4.72056684481187
167,2025-11-19 16:00:00,53,2980.3243737994403,1883.0875492670857,-1097.2368245323546,-36.81602023519178
167,2025-11-19 16:00:00,54,2614.091343124913,2044.991146561912,-569.1001965630007,-21.770478604725888
167,2025-11-19 16:00:00,55,1023.4766751815488,881.709687228551,-141.76698795299774,-13.851511362274131
167,2025-11-19 16:00:00,56,1839.8607540993405,1780.5722248335894,-59.288529265751094,-3.222446542959952
