hour_index,timestamp,bus,SCL_intact_MVA,SCL_contingency_MVA,delta_SCL_MVA,delta_SCL_pct
0,2025-11-12 17:00:00,1,3250.982749740668,3105.968620932701,-145.01412880796715,-4.460624370262653
1,2025-11-12 18:00:00,1,3250.633185513449,3106.762782351345,-143.87040316210368,-4.425919350213576
2,2025-11-12 19:00:00,1,3250.2837892674806,3107.500015502771,-142.78377376470962,-4.39296329250342
3,2025-11-12 20:00:00,1,3249.6214509477268,3108.4663879011664,-141.15506304656037,-4.343738653171236
4,2025-11-12 21:00:00,1,3210.4993783409413,3071.9329632938566,-138.56641504708475,-4.316039304723068
5,2025-11-12 22:00:00,1,3121.85914128675,3027.633953680905,-94.2251876058449,-3.018239559873534
6,2025-11-12 23:00:00,1,3121.563215114956,3027.619668139765,-93.94354697519113,-3.009503268115988
7,2025-11-13 00:00:00,1,3120.242380049955,3027.576301477145,-92.66607857280997,-2.969835906508211
8,2025-11-13 01:00:00,1,3080.8607167177856,2990.194330751614,-90.66638596617167,-2.94289142882005
9,2025-11-13 02:00:00,1,3080.0765265561604,2990.1067863248995,-89.96974023126086,-2.9210228854883744
10,2025-11-13 03:00:00,1,3080.6263235870906,2990.1678494835382,-90.45847410355236,-2.9363663295008866
11,2025-11-13 04:00:00,1,3120.3860444365496,3027.580058187409,-92.80598624914046,-2.9741828391588805
12,2025-11-13 05:00:00,1,3210.820517743972,3072.26700284208,-138.5535149018915,-4.315205852715922
13,2025-11-13 06:00:00,1,3249.9288852524523,3108.1915895124057,-141.73729574004665,-4.361242991599695
14,2025-11-13 07:00:00,1,3249.965384334286,3108.123099707312,-141.84228462697365,-4.36442447389415
15,2025-11-13 08:00:00,1,3250.165509180102,3107.7368655259825,-142.4286436541197,-4.382196637427527
16,2025-11-13 09:00:00,1,3250.5289693912146,3106.9885823659324,-143.54038702528214,-4.415908560635457
17,2025-11-13 10:00:00,1,3250.8392921966056,3106.3013938504946,-144.53789834611098,-4.446171753032003
18,2025-11-13 11:00:00,1,3250.940294834888,3106.068095634489,-144.87219920039843,-4.456316821030893
19,2025-11-13 12:00:00,1,3250.9799197688862,3105.97527771276,-145.00464205612616,-4.460336441156321
20,2025-11-13 13:00:00,1,3250.9723729398816,3105.993011555792,-144.97936138408977,-4.459569161240941
21,2025-11-13 14:00:00,1,3251.030852431097,3105.854904814108,-145.1759476169891,-4.465535831763257
22,2025-11-13 15:00:00,1,3251.24109356597,3105.345354191792,-145.895739374178,-4.487386052756831
23,2025-11-13 16:00:00,1,3251.0478270901217,3105.81452076993,-145.2333063201918,-4.467276830257649
24,2025-11-13 17:00:00,1,3251.1110006734684,3105.6630563569,-145.44794431656874,-4.47379201406655
25,2025-11-13 18:00:00,1,3251.168507557104,3105.5235779043733,-145.6449296527303,-4.479771790179109
26,2025-11-13 19:00:00,1,3250.920478331235,3106.114241191871,-144.80623713936393,-4.454314958011399
27,2025-11-13 20:00:00,1,3250.520435017765,3107.0068506447465,-143.5135843730186,-4.41509558983081
28,2025-11-13 21:00:00,1,3250.170284731616,3107.727426584604,-142.44285814701243,-4.382627544660316
29,2025-11-13 22:00:00,1,3249.694279478218,3108.4096262832413,-141.28465319497673,-4.347629070438646
30,2025-11-13 23:00:00,1,3249.4927345591536,3108.560168330544,-140.93256622860963,-4.337063589333718
31,2025-11-14 00:00:00,1,3249.486010094181,3108.5648456562585,-140.92116443792293,-4.336721684603853
32,2025-11-14 01:00:00,1,3211.4871887529,3072.6803897172863,-138.80679903561304,-4.322196878808512
33,2025-11-14 02:00:00,1,3211.4069335951094,3072.7351390878707,-138.6717945072387,-4.318100987345078
34,2025-11-14 03:00:00,1,3211.527355677635,3072.6527683316613,-138.87458734597385,-4.324253601653385
35,2025-11-14 04:00:00,1,3249.9202353642013,3108.2077330608204,-141.71250230338092,-4.360491705652583
36,2025-11-14 05:00:00,1,3250.923309436404,3106.1076597022416,-144.81564973416243,-4.454600614964011
37,2025-11-14 06:00:00,1,3251.737629327927,3104.0620211163173,-147.67560821160987,-4.541436765368172
38,2025-11-14 07:00:00,1,3251.862690300084,3103.7214913940143,-148.14119890606935,-4.555579771186427
39,2025-11-14 08:00:00,1,3251.814338611924,3103.85395693786,-147.96038167406368,-4.550087005804346
40,2025-11-14 09:00:00,1,3251.5948602752387,3104.442360500342,-147.15249977489657,-4.525548418490257
41,2025-11-14 10:00:00,1,3251.298599435782,3105.202441830857,-146.09615760492488,-4.493470935898594
42,2025-11-14 11:00:00,1,3251.176049059065,3105.505173635206,-145.67087542385934,-4.480559441437152
43,2025-11-14 12:00:00,1,3251.000671811108,3105.926377794008,-145.07429401710033,-4.4624504471812525
44,2025-11-14 13:00:00,1,3251.176049059065,3105.505173635206,-145.67087542385934,-4.480559441437152
45,2025-11-14 14:00:00,1,3251.306141674376,3105.183585789972,-146.12255588440348,-4.4942724405876
46,2025-11-14 15:00:00,1,3251.5145985775757,3104.6521919120823,-146.86240666549293,-4.516738344946695
47,2025-11-14 16:00:00,1,3251.638324812311,3104.3275274804137,-147.31079733189745,-4.530356165623076
48,2025-11-14 17:00:00,1,3251.4768486306843,3104.7498824028776,-146.72696622780677,-4.51262527948181
49,2025-11-14 18:00:00,1,3251.24486429967,3105.3360296493584,-145.90883465031175,-4.487783625664905
50,2025-11-14 19:00:00,1,3250.8591219919404,3106.255963755425,-144.60315823651536,-4.448152097957133
51,2025-11-14 20:00:00,1,3250.693747741126,3106.629252821421,-144.06449491970488,-4.431807672433425
52,2025-11-14 21:00:00,1,3250.4559129018908,3107.1438740514595,-143.31203885043124,-4.4089826993680825
53,2025-11-14 22:00:00,1,3250.245668624074,3107.577049357482,-142.66861926659203,-4.389471868044606
54,2025-11-14 23:00:00,1,3249.7520315665697,3108.362632269544,-141.3893992970261,-4.350775010635756
55,2025-11-15 00:00:00,1,3249.567445997668,3108.5067312674446,-141.06071473022303,-4.340907430740069
56,2025-11-15 01:00:00,1,3249.514193343693,3108.545097381265,-140.96909596242767,-4.3381591085581
57,2025-11-15 02:00:00,1,3211.4949111045057,3072.6750906789025,-138.8198204256032,-4.322591947619183
58,2025-11-15 03:00:00,1,3249.6709870404834,3108.428079445569,-141.24290759491396,-4.346375622584048
59,2025-11-15 04:00:00,1,3249.869250721664,3108.261629731903,-141.60762098976056,-4.357332866801188
60,2025-11-15 05:00:00,1,3250.165509180102,3107.7368655259825,-142.4286436541197,-4.382196637427527
61,2025-11-15 06:00:00,1,3250.6085674742244,3106.816574903244,-143.7919925709807,-4.423540687419938
62,2025-11-15 07:00:00,1,3250.8553451668336,3106.2646305301955,-144.59071463663804,-4.447774486539562
63,2025-11-15 08:00:00,1,3250.8081234825845,3106.3724327161967,-144.43569076638778,-4.443070316055876
64,2025-11-15 09:00:00,1,3250.7013145984074,3106.6124496306325,-144.08886496777495,-4.432547042101152
65,2025-11-15 10:00:00,1,3250.4635075239457,3107.127845491481,-143.33566203246482,-4.409699161386721
66,2025-11-15 11:00:00,1,3250.390365191105,3107.281107322204,-143.1092578689013,-4.40283294589717
67,2025-11-15 12:00:00,1,3250.406522123016,3107.247464530663,-143.1590575923533,-4.404343168092352
68,2025-11-15 13:00:00,1,3250.3694487122943,3107.324482068078,-143.0449666442164,-4.400883311922798
69,2025-11-15 14:00:00,1,3250.803400101256,3106.3831587871514,-144.42024131410471,-4.442601521507155
70,2025-11-15 15:00:00,1,3251.3051988865486,3105.1859442366253,-146.11925464992328,-4.4941722081324045
71,2025-11-15 16:00:00,1,3251.3872327524714,3104.9792140212835,-146.4080187311879,-4.502940076050116
72,2025-11-15 17:00:00,1,3251.2146986854505,3105.4104427330167,-145.80425595243378,-4.484608660614945
73,2025-11-15 18:00:00,1,3250.860066178095,3106.25379607412,-144.60627010397502,-4.448246530463022
74,2025-11-15 19:00:00,1,3250.507156907866,3107.0352061643785,-143.47195074348747,-4.413832790325836
75,2025-11-15 20:00:00,1,3250.0890257017145,3107.8866208443587,-142.20240485735576,-4.375338759425317
76,2025-11-15 21:00:00,1,3249.655397468712,3108.440271974568,-141.2151254941441,-4.34554154893292
77,2025-11-15 22:00:00,1,3211.1063152373704,3072.5615218457933,-138.54479339157706,-4.314550182725283
78,2025-11-15 23:00:00,1,3210.855803722605,3072.303505484824,-138.55229823778063,-4.315120538180063
79,2025-11-16 00:00:00,1,3210.5064371414023,3071.940341220424,-138.56609592097857,-4.316019875180696
80,2025-11-16 01:00:00,1,3210.601727258668,3072.0397823715903,-138.56194488707752,-4.315762484977759
81,2025-11-16 02:00:00,1,3210.693481942942,3072.1352585946383,-138.55822334830373,-4.315523239062223
82,2025-11-16 03:00:00,1,3210.1640370378227,3071.5806007784345,-138.58343625938824,-4.31702039710301
83,2025-11-16 04:00:00,1,3209.931000031233,3071.3335703118278,-138.59742971940568,-4.317769750130364
84,2025-11-16 05:00:00,1,3210.584081447654,3072.0213899008318,-138.56269154682286,-4.315809461197629
85,2025-11-16 06:00:00,1,3211.5026344329717,3072.669785560347,-138.83284887262425,-4.322987232957286
86,2025-11-16 07:00:00,1,3250.021982918958,3108.0157062361964,-142.00627668276184,-4.369394343456749
87,2025-11-16 08:00:00,1,3250.217057073145,3107.634430102244,-142.5826269709014,-4.386864768327152
88,2025-11-16 09:00:00,1,3250.290457151766,3107.486472635723,-142.80398451604287,-4.393576094155665
89,2025-11-16 10:00:00,1,3250.402720941616,3107.255390368034,-143.1473305735817,-4.403987532108424
90,2025-11-16 11:00:00,1,3250.423624056503,3107.211722907975,-143.2119011485279,-4.405945738537323
91,2025-11-16 12:00:00,1,3250.4995680781567,3107.051375564706,-143.44819251345007,-4.41311218503755
92,2025-11-16 13:00:00,1,3250.717391768164,3106.5766600155143,-144.14073175264957,-4.43412066879942
93,2025-11-16 14:00:00,1,3250.957278208562,3106.0284026299546,-144.9288755786074,-4.458036915774863
94,2025-11-16 15:00:00,1,3251.400436305928,3104.945654113953,-146.45478219197503,-4.504360046108911
95,2025-11-16 16:00:00,1,3251.62320418174,3104.3675715304503,-147.2556326512895,-4.528680705129421
96,2025-11-16 17:00:00,1,3251.6128103385363,3104.3950385810936,-147.21777175744273,-4.527530808384144
97,2025-11-16 18:00:00,1,3251.5891925842325,3104.457272416774,-147.1319201674587,-4.524923397550235
98,2025-11-16 19:00:00,1,3251.263718200704,3105.2893086076297,-145.9744095930737,-4.489774507552345
99,2025-11-16 20:00:00,1,3251.036510796136,3105.8414579214277,-145.19505287470838,-4.46611572624732
100,2025-11-16 21:00:00,1,3250.757098371596,3106.4877547686315,-144.26934360296443,-4.43802287397091
101,2025-11-16 22:00:00,1,3250.597202302401,3106.841314035244,-143.75588826715784,-4.422445456032984
102,2025-11-16 23:00:00,1,3250.391315737784,3107.279131375533,-143.1121843622509,-4.402921693438221
103,2025-11-17 00:00:00,1,3250.170284731616,3107.727426584604,-142.44285814701243,-4.382627544660316
104,2025-11-17 01:00:00,1,3250.154045655231,3107.7594808924364,-142.39456476279474,-4.381163562174727
105,2025-11-17 02:00:00,1,3250.1138984747336,3107.838211757184,-142.27568671754943,-4.377560022875472
106,2025-11-17 03:00:00,1,3250.1855629018414,3107.6971591822125,-142.48840371962888,-4.38400826543614
107,2025-11-17 04:00:00,1,3250.6341321868254,3106.760708179356,-143.87342400746957,-4.426010992220784
108,2025-11-17 05:00:00,1,3251.6364345805227,3104.3325389531783,-147.30389562734445,-4.530146545929799
109,2025-11-17 06:00:00,1,3252.31477098465,3102.1169706190835,-150.1978003655663,-4.618181539669772
110,2025-11-17 07:00:00,1,3252.4659297703565,3101.406213010952,-151.05971675940464,-4.644467306382218
111,2025-11-17 08:00:00,1,3252.492014162395,3101.281866237999,-151.2101479243961,-4.6490551634248
112,2025-11-17 09:00:00,1,3252.277349214698,3102.2903719305705,-149.98697728412753,-4.61175235624796
113,2025-11-17 10:00:00,1,3252.138611354276,3102.924518914703,-149.21409243957214,-4.588183662240507
114,2025-11-17 11:00:00,1,3252.008033957953,3103.317245017929,-148.6907889400236,-4.572276187124146
115,2025-11-17 12:00:00,1,3252.056590821298,3103.180191241307,-148.8763995799909,-4.577915402831061
116,2025-11-17 13:00:00,1,3252.224653830912,3102.5328456554694,-149.69180817544247,-4.602751166009247
117,2025-11-17 14:00:00,1,3252.496847643307,3101.258769105116,-151.23807853819062,-4.649906998304231
118,2025-11-17 15:00:00,1,3257.6400319920053,3099.7028394793124,-157.93719251269297,-4.848208855541242
119,2025-11-17 16:00:00,1,3257.8358068278,3098.5236546423303,-159.3121521854696,-4.890122204795644
120,2025-11-17 17:00:00,1,3257.68610333484,3099.42993785313,-158.25616548171,-4.85793168714769
121,2025-11-17 18:00:00,1,3257.622462005031,3099.806199654416,-157.81626235061503,-4.844522782835948
122,2025-11-17 19:00:00,1,3252.6092631595984,3100.716638730243,-151.89262442935524,-4.669870007127942
123,2025-11-17 20:00:00,1,3252.4099876669907,3101.671200873785,-150.7387867932057,-4.634679741016698
124,2025-11-17 21:00:00,1,3251.9623855896853,3103.4451798625128,-148.5172057271725,-4.567002570057142
125,2025-11-17 22:00:00,1,3251.646831407012,3104.304954739093,-147.34187666791877,-4.531300116752312
126,2025-11-17 23:00:00,1,3251.011990093526,3105.899623504993,-145.11236658853295,-4.463606010396729
127,2025-11-18 00:00:00,1,3250.857233595529,3106.2602979328326,-144.59693566269652,-4.447963268530519
128,2025-11-18 01:00:00,1,3250.8081234825845,3106.3724327161967,-144.43569076638778,-4.443070316055876
129,2025-11-18 02:00:00,1,3250.7410289017266,3106.523823303463,-144.21720559826372,-4.436440931961534
130,2025-11-18 03:00:00,1,3250.600043775971,3106.835134469819,-143.76490930615182,-4.422719109397145
131,2025-11-18 04:00:00,1,3251.004444648433,3105.9174661029338,-145.08697854549973,-4.462835441038272
132,2025-11-18 05:00:00,1,3252.0108886256594,3103.3092151217106,-148.70167350394877,-4.572606876073283
133,2025-11-18 06:00:00,1,3257.7566296955097,3099.00679043284,-158.74983926266987,-4.87298031460096
134,2025-11-18 07:00:00,1,3257.856068599493,3098.398588539729,-159.45748005976384,-4.894552635295285
135,2025-11-18 08:00:00,1,3257.843402704153,3098.476838753971,-159.3665639501819,-4.891780980568331
136,2025-11-18 09:00:00,1,3252.629673828461,3100.61717861496,-152.0124952135011,-4.673526052985213
137,2025-11-18 10:00:00,1,3252.4891145329016,3101.295713987521,-151.19340054538043,-4.648544398498124
138,2025-11-18 11:00:00,1,3252.294614881996,3102.210493028421,-150.08412185357474,-4.614714828318846
139,2025-11-18 12:00:00,1,3252.3330196000684,3102.0320462787354,-150.300973321333,-4.621327902633266
140,2025-11-18 13:00:00,1,3252.522965143537,3101.1336635030384,-151.38930164049816,-4.654519069131837
141,2025-11-18 14:00:00,1,3257.6710165181544,3099.51960534735,-158.1514111708043,-4.854738565339812
142,2025-11-18 15:00:00,1,3257.984872660518,3097.5890239390706,-160.39584872144724,-4.923161248151089
143,2025-11-18 16:00:00,1,3258.251421275563,3095.8196628087426,-162.4317584668206,-4.985243232188346
144,2025-11-18 17:00:00,1,3258.1557733844684,3096.4713406010505,-161.68443278341783,-4.962452504702229
145,2025-11-18 18:00:00,1,3257.95513701797,3097.778231795528,-160.17690522244266,-4.916485908675026
146,2025-11-18 19:00:00,1,3257.801237371563,3098.735675411952,-159.06556195961093,-4.882604872725358
147,2025-11-18 20:00:00,1,3252.6374543302504,3100.5791804035016,-152.05827392674885,-4.674922307259083
148,2025-11-18 21:00:00,1,3252.088042242945,3103.0908897209265,-148.9971525220185,-4.581584218711868
149,2025-11-18 22:00:00,1,3251.7726572046045,3103.967331853125,-147.8053253514795,-4.54537696612963
150,2025-11-18 23:00:00,1,3251.3014277583407,3105.195373904159,-146.10605385418148,-4.493771405099051
151,2025-11-19 00:00:00,1,3251.193959937833,3105.4613591211632,-145.73260081666967,-4.482433303347311
152,2025-11-19 01:00:00,1,3251.181705150585,3105.4913533494314,-145.6903518011536,-4.481150701923185
153,2025-11-19 02:00:00,1,3251.2392082037286,3105.3500140067376,-145.88919419699096,-4.487187341641128
154,2025-11-19 03:00:00,1,3251.186418541224,3105.479825252321,-145.70659328890315,-4.481643761119066
155,2025-11-19 04:00:00,1,3251.5051599946537,3104.6766775583046,-146.82848243634908,-4.515708117055256
156,2025-11-19 05:00:00,1,3252.457241047528,3101.447521132207,-151.00971991532106,-4.642942511572725
157,2025-11-19 06:00:00,1,3258.108599914457,3096.785367974252,-161.32323194020546,-4.951438142499027
158,2025-11-19 07:00:00,1,3258.175542583841,3096.338359601876,-161.83718298196527,-4.967110607356134
159,2025-11-19 08:00:00,1,3258.1652250633274,3096.407867346511,-161.7573577168164,-4.964676329871281
160,2025-11-19 09:00:00,1,3258.0214718770244,3097.3541242409824,-160.667347636042,-4.931439188566111
161,2025-11-19 10:00:00,1,3257.95513701797,3097.778231795528,-160.17690522244266,-4.916485908675026
162,2025-11-19 11:00:00,1,3257.944952873961,3097.842704882756,-160.10224799120488,-4.914209733653492
163,2025-11-19 12:00:00,1,3257.861137114929,3098.3672094857666,-159.4939276291625,-4.895663778057952
164,2025-11-19 13:00:00,1,3257.830744420064,3098.554809764293,-159.27593465577093,-4.889018096737376
165,2025-11-19 14:00:00,1,3257.961080324398,3097.74052949684,-160.22055082755878,-4.9178165999332775
166,2025-11-19 15:00:00,1,3258.1274525258577,3096.6604102407578,-161.46704228509998,-4.955823387446766
167,2025-11-19 16:00:00,1,3258.296445574038,3095.504997131735,-162.79144844230314,-4.99621354783214
0,2025-11-12 17:00:00,3,2033.037027789054,1980.1737011144835,-52.86332667457077,-2.6002146518728244
1,2025-11-12 18:00:00,3,2036.5276127831876,1987.3429748977735,-49.18463788541362,-2.4151225633614777
2,2025-11-12 19:00:00,3,2039.8733899307229,1994.01936148038,-45.85402845034264,-2.2478860049201344
3,2025-11-12 20:00:00,3,2045.3347339248676,2004.257574475459,-41.07715944940833,-2.0083343214234604
4,2025-11-12 21:00:00,3,1984.5161289315145,1945.839155392436,-38.67697353907852,-1.9489372232969773
5,2025-11-12 22:00:00,3,1931.8280442165983,1909.4016800012744,-22.42636421532393,-1.1608882210020066
6,2025-11-12 23:00:00,3,1932.9983330683483,1911.212786990321,-21.785546078026755,-1.1270338781640556
7,2025-11-13 00:00:00,3,1938.1784661981824,1919.185510639904,-18.99295555827825,-0.9799384261828956
8,2025-11-13 01:00:00,3,1887.1127703526995,1869.2806751216183,-17.832095231080984,-0.9449406262959148
9,2025-11-13 02:00:00,3,1887.1779574027137,1871.3294061486308,-15.84855125408285,-0.8398016303610764
10,2025-11-13 03:00:00,3,1887.132632544762,1869.8962091054611,-17.23642343930055,-0.9133657667748328
11,2025-11-13 04:00:00,3,1937.625576161993,1918.3353943972636,-19.2901817647296,-0.995557759045438
12,2025-11-13 05:00:00,3,1984.280065982236,1945.7961469606496,-38.48391902158664,-1.9394398845879028
13,2025-11-13 06:00:00,3,2043.1248368219535,2000.341387224897,-42.78344959705669,-2.094020337181433
14,2025-11-13 07:00:00,3,2042.797266120799,1999.7114785929537,-43.08578752784524,-2.1091563143543683
15,2025-11-13 08:00:00,3,2040.9734519534104,1996.175888308985,-44.79756364442551,-2.1949116291321613
16,2025-11-13 09:00:00,3,2037.540611997113,1989.3836541776063,-48.15695781950672,-2.363484562514082
17,2025-11-13 10:00:00,3,2034.486738836644,1983.1779813143007,-51.3087575223426,-2.5219509443291765
18,2025-11-13 11:00:00,3,2033.468537475597,1981.0720374335967,-52.39650004199984,-2.576705716187096
19,2025-11-13 12:00:00,3,2033.065856171476,1980.2338275808868,-52.832028590588834,-2.5986383289166213
20,2025-11-13 13:00:00,3,2033.1426891434585,1980.3939983532016,-52.74869079025666,-2.594441161061801
21,2025-11-13 14:00:00,3,2032.5456049344252,1979.1463017432536,-53.39930319117161,-2.6272130407078564
22,2025-11-13 15:00:00,3,2030.3667343550803,1974.5333467398343,-55.83338761524601,-2.749916390497836
23,2025-11-13 16:00:00,3,2032.3715552135368,1978.7813017528972,-53.590253460639815,-2.636833472854288
24,2025-11-13 17:00:00,3,2031.7209066049943,1977.411551991736,-54.30935461325862,-2.6730716033241766
25,2025-11-13 18:00:00,3,2031.124665850944,1976.1489102151031,-54.97575563584087,-2.706665748299042
26,2025-11-13 19:00:00,3,2033.6692387079013,1981.4886696411445,-52.18056906675724,-2.5658336210027124
27,2025-11-13 20:00:00,3,2037.623001938206,1989.5488757367552,-48.07412620145078,-2.359323886495305
28,2025-11-13 21:00:00,3,2040.9293559832647,1996.0897967893025,-44.83955919396272,-2.197016719981482
29,2025-11-13 22:00:00,3,2044.844719905996,2003.3914432542729,-41.45327665172317,-2.027209022190635
30,2025-11-13 23:00:00,3,2046.1609154082496,2005.723215930905,-40.437699477344495,-1.976271718066532
31,2025-11-14 00:00:00,3,2046.2027247261544,2005.797582414683,-40.40514231147176,-1.974640235946281
32,2025-11-14 01:00:00,3,1983.1222264755045,1944.1952118666,-38.92701460890453,-1.9629155525167703
33,2025-11-14 02:00:00,3,1983.51233132299,1944.954021336932,-38.55830998605825,-1.9439410270940995
34,2025-11-14 03:00:00,3,1982.926423464064,1943.813478085692,-39.11294537837193,-1.9724859639544143
35,2025-11-14 04:00:00,3,2043.2022393990087,2000.4900069417777,-42.71223245723149,-2.0904554445767904
36,2025-11-14 05:00:00,3,2033.6405931349764,1981.429250956448,-52.21134217852818,-2.567382966035377
37,2025-11-14 06:00:00,3,2025.0261342132817,1962.785234057306,-62.24090015597562,-3.073585032034961
38,2025-11-14 07:00:00,3,2023.639706869698,1959.619611951474,-64.020094918224,-3.1636113237397674
39,2025-11-14 08:00:00,3,2024.1776333383905,1960.8540512864347,-63.32358205195556,-3.128360920949347
40,2025-11-14 09:00:00,3,2026.588990171846,1966.2933640464728,-60.295626125373474,-2.9752271633658025
41,2025-11-14 10:00:00,3,2029.7620592821345,1973.2358073052428,-56.52625197689167,-2.7848708531325737
42,2025-11-14 11:00:00,3,2031.0461958737317,1975.9821988064025,-55.06399706732896,-2.7111149504721674
43,2025-11-14 12:00:00,3,2032.854244877275,1979.79210652597,-53.062138351305066,-2.610228376432786
44,2025-11-14 13:00:00,3,2031.0461958737317,1975.9821988064025,-55.06399706732896,-2.7111149504721674
45,2025-11-14 14:00:00,3,2029.6824780512327,1973.0644561625636,-56.61802188866932,-2.7895014368469204
46,2025-11-14 15:00:00,3,2027.458073379205,1968.218040711305,-59.24003266789987,-2.9218869403875427
47,2025-11-14 16:00:00,3,2026.1154734218744,1965.236970119115,-60.8785033027591,-3.004690705014081
48,2025-11-14 17:00:00,3,2027.8644284889551,1969.1117999251533,-58.75262856380164,-2.8972660962143624
49,2025-11-14 18:00:00,3,2030.327198673216,1974.4487461519864,-55.878452521229065,-2.7521895267789684
50,2025-11-14 19:00:00,3,2034.287769849008,1982.7679560107736,-51.51981383823454,-2.5325725593905783
51,2025-11-14 20:00:00,3,2035.933079284138,1986.137186213128,-49.79589307101037,-2.4458511715188243
52,2025-11-14 21:00:00,3,2038.243117451399,1990.788860971043,-47.45425648035598,-2.328194123363083
53,2025-11-14 22:00:00,3,2040.2297291462528,1994.7199383136197,-45.50979083263383,-2.230620904229137
54,2025-11-14 23:00:00,3,2044.4440489211747,2002.6847514876724,-41.7592974335023,-2.0425747261480747
55,2025-11-15 00:00:00,3,2045.6874424740745,2004.882406962391,-40.80503551168317,-1.994685730794396
56,2025-11-15 01:00:00,3,2046.0266130888972,2005.4844669287145,-40.542146160183165,-1.981506296195066
57,2025-11-15 02:00:00,3,1983.08461099546,1944.1219226756816,-38.962688319777726,-1.9647516855178164
58,2025-11-15 03:00:00,3,2045.0032646820528,2003.671447389894,-41.3318172921588,-2.0211125334601787
59,2025-11-15 04:00:00,3,2043.596503387784,2001.193788886825,-42.40271450095906,-2.074906393246696
60,2025-11-15 05:00:00,3,2040.9734519534104,1996.175888308985,-44.79756364442551,-2.1949116291321613
61,2025-11-15 06:00:00,3,2036.7680556775483,1987.8289072260104,-48.93914845153813,-2.4027845642570287
62,2025-11-15 07:00:00,3,2034.3257011458063,1982.846178668511,-51.47952247729563,-2.530544762242373
63,2025-11-15 08:00:00,3,2034.7985560110783,1983.8191125227888,-50.97944348828969,-2.505380364935355
64,2025-11-15 09:00:00,3,2035.8584941081008,1985.9854874681516,-49.87300663994984,-2.449728543721745
65,2025-11-15 10:00:00,3,2038.1703808339955,1990.643740844112,-47.52663998988351,-2.331828606518959
66,2025-11-15 11:00:00,3,2038.8680693647195,1992.0322222377797,-46.83584712693983,-2.2971494738025484
67,2025-11-15 12:00:00,3,2038.71449430584,1991.7272593796315,-46.98723492620866,-2.304748166427653
68,2025-11-15 13:00:00,3,2039.066428080396,1992.4255601340035,-46.640867946392746,-2.287363830039665
69,2025-11-15 14:00:00,3,2034.845710806896,1983.9159153518624,-50.92979545503295,-2.502882414354516
70,2025-11-15 15:00:00,3,2029.69242926139,1973.085890183721,-56.60653907766914,-2.7889220190010957
71,2025-11-15 16:00:00,3,2028.822856579868,1971.20474918577,-57.61810739409793,-2.839977241346192
72,2025-11-15 17:00:00,3,2030.64303343904,1975.1236715025432,-55.51936193649658,-2.7340778769211127
73,2025-11-15 18:00:00,3,2034.278284637142,1982.7483913085011,-51.52989332864058,-2.533079850372196
74,2025-11-15 19:00:00,3,2037.7510170002488,1989.8053703176615,-47.94564668258704,-2.3528707031719365
75,2025-11-15 20:00:00,3,2041.6760238335976,1997.5436542924535,-44.13236954114382,-2.161575540191617
76,2025-11-15 21:00:00,3,2045.108413780044,2003.8572712159696,-41.2511425640746,-2.0170638527582354
77,2025-11-15 22:00:00,3,1984.0646323110648,1945.7438245355645,-38.3208077755005,-1.9314294076631928
78,2025-11-15 23:00:00,3,1984.253740201359,1945.7904018763911,-38.463338324967935,-1.93842841495991
79,2025-11-16 00:00:00,3,1984.5110084854248,1945.8383899921885,-38.67261849323632,-1.9487228001194703
80,2025-11-16 01:00:00,3,1984.4415846136556,1945.8272652162425,-38.61431939741283,-1.945853165787721
81,2025-11-16 02:00:00,3,1984.3742075374128,1945.815160087294,-38.55904745011867,-1.9431338758413936
82,2025-11-16 03:00:00,3,1984.755848783088,1945.8661727879933,-38.88967599509442,-1.959418636752668
83,2025-11-16 04:00:00,3,1984.9183593585053,1945.8741416427752,-39.04421771573016,-1.9670440112382577
84,2025-11-16 05:00:00,3,1984.45448273918,1945.829436562921,-38.62504617625905,-1.946381058987262
85,2025-11-16 06:00:00,3,1983.04697698126,1944.0485758696168,-38.99840111164326,-1.966589877311404
86,2025-11-16 07:00:00,3,2042.2862250607889,1998.72568856366,-43.56053649712908,-2.132930044897722
87,2025-11-16 08:00:00,3,2040.4960563053617,1995.242278076824,-45.25377822853761,-2.2177831752577206
88,2025-11-16 09:00:00,3,2039.810884861358,1993.896272351226,-45.91461251013197,-2.2509249681375585
89,2025-11-16 10:00:00,3,2038.7506530086264,1991.799095624349,-46.951557384277294,-2.302957319228318
90,2025-11-16 11:00:00,3,2038.5516017344028,1991.4033827572732,-47.14821897712932,-2.31282931160612
91,2025-11-16 12:00:00,3,2037.8240881795807,1989.9516571266267,-47.87243105295397,-2.3491935015705474
92,2025-11-16 13:00:00,3,2035.6998017750725,1985.6624010190217,-50.03740075605083,-2.4579950694311425
93,2025-11-16 14:00:00,3,2033.2961689135548,1980.7136158521316,-52.58255306142337,-2.5860744669341336
94,2025-11-16 15:00:00,3,2028.6822006184848,1970.898897669652,-57.783302948833125,-2.8483171455448626
95,2025-11-16 16:00:00,3,2026.280430326711,1965.605611559345,-60.67481876736565,-2.994393957483103
96,2025-11-16 17:00:00,3,2026.393680011676,1965.858307825186,-60.53537218648989,-2.987345094075752
97,2025-11-16 18:00:00,3,2026.6505874808715,1966.430378823496,-60.22020865737591,-2.971415449183556
98,2025-11-16 19:00:00,3,2030.1292782609744,1974.0247294089463,-56.10454885202785,-2.7635948829863426
99,2025-11-16 20:00:00,3,2032.4876235990864,1979.0247745167976,-53.462849082288585,-2.6304144960852307
100,2025-11-16 21:00:00,3,2035.3065758125056,1984.8599190345149,-50.44665677799094,-2.478577791547317
101,2025-11-16 22:00:00,3,2036.878818509458,1988.052428344876,-48.82639016458211,-2.3971180671568946
102,2025-11-16 23:00:00,3,2038.859042732695,1992.01430791713,-46.844734815564834,-2.2975955587777444
103,2025-11-17 00:00:00,3,2040.9293559832647,1996.0897967893025,-44.83955919396272,-2.197016719981482
104,2025-11-17 01:00:00,3,2041.0791931400563,1996.3822151442864,-44.69697799576966,-2.1898698563972183
105,2025-11-17 02:00:00,3,2041.4482984930032,1997.1011217129544,-44.347176780048585,-2.1723389621371094
106,2025-11-17 03:00:00,3,2040.7881018702303,1995.8138201387965,-44.97428173143408,-2.203770283167493
107,2025-11-17 04:00:00,3,2036.5183524773263,1987.3242402798664,-49.1941121974603,-2.415598766277654
108,2025-11-17 05:00:00,3,2026.136107965896,1965.2831207816216,-60.85298718427407,-3.003400756001845
109,2025-11-17 06:00:00,3,2018.4997576127128,1945.5058909231848,-72.9938666895282,-3.616243520180469
110,2025-11-17 07:00:00,3,2016.7394137370352,1939.5054170535825,-77.23399668345269,-3.829646812938388
111,2025-11-17 08:00:00,3,2016.4336763255155,1938.4422195250352,-77.99145680048014,-3.867791820587005
112,2025-11-17 09:00:00,3,2018.9324741610933,1946.95119428376,-71.98127987733369,-3.5653138873425343
113,2025-11-17 10:00:00,3,2020.525636489524,1952.180166093642,-68.3454703958821,-3.382558932270021
114,2025-11-17 11:00:00,3,2022.0086012439915,1955.8261690744985,-66.18243216949304,-3.273103394751927
115,2025-11-17 12:00:00,3,2021.459050491312,1954.5302539833772,-66.92879650793452,-3.31091527635287
116,2025-11-17 13:00:00,3,2019.5396675688155,1948.9607968938867,-70.5788706749288,-3.4947999194239063
117,2025-11-17 14:00:00,3,2016.37696058532,1938.2442690621328,-78.13269152318685,-3.874904992988328
118,2025-11-17 15:00:00,3,2038.3462841585865,1924.5351236606389,-113.8111604979474,-5.583504696059423
119,2025-11-17 16:00:00,3,2035.6994226329284,1913.551621248876,-122.1478013840524,-6.000286684075842
120,2025-11-17 17:00:00,3,2037.7273707700929,1922.0446346645092,-115.68273610558344,-5.677046780888305
121,2025-11-17 18:00:00,3,2038.5816505439248,1925.47101460784,-113.11063593608516,-5.548496716131311
122,2025-11-17 19:00:00,3,2015.0525154828777,1933.554406974854,-81.49810850802373,-4.044465733861726
123,2025-11-17 20:00:00,3,2017.3931871029151,1941.757435335973,-75.63575176694212,-3.7491824722358222
124,2025-11-17 21:00:00,3,2022.5231400465625,1957.0312245063203,-65.49191554024196,-3.2381293565192144
125,2025-11-17 22:00:00,3,2026.0225651196856,1965.0290419599844,-60.99352315970145,-3.010505618731759
126,2025-11-17 23:00:00,3,2032.7386219730336,1979.5503901790223,-53.18823179401102,-2.616579978314429
127,2025-11-18 00:00:00,3,2034.306737407298,1982.8070745673767,-51.49966283992126,-2.5315583875791035
128,2025-11-18 01:00:00,3,2034.7985560110783,1983.8191125227888,-50.97944348828969,-2.505380364935355
129,2025-11-18 02:00:00,3,2035.4659384391684,1985.18546868886,-50.28046975030884,-2.470219167060334
130,2025-11-18 03:00:00,3,2036.8511402658733,1987.9965926206853,-48.85454764518795,-2.3985330434511227
131,2025-11-18 04:00:00,3,2032.81571950019,1979.7115955920176,-53.10412390817237,-2.61234323400594
132,2025-11-18 05:00:00,3,2021.9763563140157,1955.7503862469296,-66.22597006708588,-3.275308826450041
133,2025-11-18 06:00:00,3,2036.7751412847128,1918.1239242534568,-118.65121703125624,-5.825445068836415
134,2025-11-18 07:00:00,3,2035.423037872048,1912.3500456518404,-123.07299222020764,-6.046555921312331
135,2025-11-18 08:00:00,3,2035.595861433403,1913.1027379410395,-122.49312349236357,-6.017556127575723
136,2025-11-18 09:00:00,3,2014.8109605243103,1932.684519993025,-82.12644053128497,-4.076136279798347
137,2025-11-18 10:00:00,3,2016.4676910955056,1938.5608293779817,-77.90686171752395,-3.863531365345048
138,2025-11-18 11:00:00,3,2018.7329825244456,1946.286264838803,-72.44671768564285,-3.588722149625133
139,2025-11-18 12:00:00,3,2018.288293473213,1944.7954833253875,-73.49281014782514,-3.641343527854167
140,2025-11-18 13:00:00,3,2016.070166318692,1937.1695011026225,-78.90066521606946,-3.913587261704322
141,2025-11-18 14:00:00,3,2037.9303202153435,1922.8661129368384,-115.06420727850468,-5.646130593235696
142,2025-11-18 15:00:00,3,2033.655983726721,1904.3718728720603,-129.2841108546604,-6.357226192098839
143,2025-11-18 16:00:00,3,2029.948561914872,1885.384852386587,-144.56370952828524,-7.121545453935875
144,2025-11-18 17:00:00,3,2031.286250189525,1892.6737801032004,-138.6124700863245,-6.823876746735796
145,2025-11-18 18:00:00,3,2034.0654348092123,1906.2695166456524,-127.79591816356016,-6.282783040140836
146,2025-11-18 19:00:00,3,2036.1699442369493,1915.571377973699,-120.5985662632504,-5.922814380233103
147,2025-11-18 20:00:00,3,2014.7187945207156,1932.3513740815283,-82.36742043918707,-4.088283717965791
148,2025-11-18 21:00:00,3,2021.1018818951595,1953.6829754178736,-67.41890647728542,-3.335750022362437
149,2025-11-18 22:00:00,3,2024.6394344752996,1961.9074943390544,-62.73194013624493,-3.098425283438302
150,2025-11-18 23:00:00,3,2029.7322239397956,1973.1715830268715,-56.56064091292387,-2.7866060481188644
151,2025-11-19 00:00:00,3,2030.8595736066795,1975.5852073106892,-55.27436629599015,-2.721722713590991
152,2025-11-19 01:00:00,3,2030.98730148522,1975.856993301181,-55.13030818403831,-2.714458536679311
153,2025-11-19 02:00:00,3,2030.3864961529812,1974.5756217766952,-55.810874376286165,-2.748780810059182
154,2025-11-19 03:00:00,3,2030.9381953668023,1975.7525425154497,-55.18565285135264,-2.717249248512248
155,2025-11-19 04:00:00,3,2027.559818973093,1968.4421886557088,-59.117630317384055,-2.915703387105275
156,2025-11-19 05:00:00,3,2016.841128799468,1939.857691121163,-76.98343767830465,-3.817030334170612
157,2025-11-19 06:00:00,3,2031.9430719380332,1896.0530297317464,-135.8900422062868,-6.687689437907193
158,2025-11-19 07:00:00,3,2031.0104069779115,1891.218138968492,-139.7922680094198,-6.88289274782333
159,2025-11-19 08:00:00,3,2031.154411761704,1891.9808880873843,-139.1735236743193,-6.85194207138631
160,2025-11-19 09:00:00,3,2033.1508210982488,1901.985341463165,-131.16547963508378,-6.45134036658589
161,2025-11-19 10:00:00,3,2034.0654348092123,1906.2695166456524,-127.79591816356016,-6.282783040140836
162,2025-11-19 11:00:00,3,2034.2054628856151,1906.911326371146,-127.29413651446907,-6.25768334796901
163,2025-11-19 12:00:00,3,2035.3538307729743,1912.0473521296483,-123.30647864332605,-6.0582330589909
164,2025-11-19 13:00:00,3,2035.768408133095,1913.84975442618,-121.91865370691494,-5.988827276218549
165,2025-11-19 14:00:00,3,2033.983668145628,1905.8930819820207,-128.09058616360653,-6.29752284492953
166,2025-11-19 15:00:00,3,2031.6808161110732,1894.717826326876,-136.96298978419782,-6.741363539887358
167,2025-11-19 16:00:00,3,2029.3162584490808,1881.7112378179384,-147.60502063114222,-7.273633176523723
0,2025-11-12 17:00:00,5,1182.226886842859,1154.804554445558,-27.422332397300806,-2.3195490394007403
1,2025-11-12 18:00:00,5,1185.8165353484371,1161.7611502475036,-24.055385100933563,-2.028592483226353
2,2025-11-12 19:00:00,5,1189.2844039884487,1168.274784798779,-21.009619189670047,-1.7665765328470673
3,2025-11-12 20:00:00,5,1194.8979031155209,1178.3609851528413,-16.53691796267958,-1.3839607484088805
4,2025-11-12 21:00:00,5,1148.7477588132294,1133.8560782931468,-14.891680520082671,-1.296340332839235
5,2025-11-12 22:00:00,5,1132.9340762114928,1121.31163460241,-11.622441609082898,-1.0258709534051702
6,2025-11-12 23:00:00,5,1134.2014540217835,1123.201509574041,-10.999944447742564,-0.9698404466629522
7,2025-11-13 00:00:00,5,1139.829213750966,1131.5305863890503,-8.298627361915806,-0.7280588409035916
8,2025-11-13 01:00:00,5,1116.5668148378943,1109.1147121212844,-7.45210271661017,-0.6674121617784317
9,2025-11-13 02:00:00,5,1117.075469852012,1111.3190905183037,-5.756379333708537,-0.5153080064027483
10,2025-11-13 03:00:00,5,1116.7190249132614,1109.77662064295,-6.942404270311499,-0.6216786958430063
11,2025-11-13 04:00:00,5,1139.2261488652678,1130.6411616865012,-8.584987178766596,-0.7535805939248953
12,2025-11-13 05:00:00,5,1148.3021179221555,1133.5560506548743,-14.746067267281203,-1.28416268133025
13,2025-11-13 06:00:00,5,1192.682096358898,1174.4796156790994,-18.202480679798555,-1.5261804243870467
14,2025-11-13 07:00:00,5,1192.3384946685949,1173.8596083677671,-18.478886300827757,-1.5498020388886191
15,2025-11-13 08:00:00,5,1190.4307883762483,1170.3870103829297,-20.0437779933186,-1.6837415655771455
16,2025-11-13 09:00:00,5,1186.8635962307392,1163.7481964911228,-23.11539973961635,-1.947603735848552
17,2025-11-13 10:00:00,5,1183.7143767072323,1157.7153463943469,-25.99903031288545,-2.1963938957307927
18,2025-11-13 11:00:00,5,1182.669153519441,1155.6743098271545,-26.994843692286626,-2.282535535145576
19,2025-11-13 12:00:00,5,1182.256421126369,1154.8627516915851,-27.39366943478376,-2.317066665511111
20,2025-11-13 13:00:00,5,1182.3351443526003,1155.0177945450368,-27.31734980756346,-2.310457397637567
21,2025-11-13 14:00:00,5,1181.7237097864363,1153.8104751788446,-27.913234607591903,-2.362077901664209
22,2025-11-13 15:00:00,5,1179.498944815357,1149.3550001137085,-30.14394470164848,-2.5556567756291906
23,2025-11-13 16:00:00,5,1181.5456227310067,1153.4574721486986,-28.08815058230812,-2.377237919716176
24,2025-11-13 17:00:00,5,1180.880458054926,1152.1334720363457,-28.7469860185804,-2.434368849318641
25,2025-11-13 18:00:00,5,1180.2717056355043,1150.9139951837649,-29.35771045173988,-2.487368824615899
26,2025-11-13 19:00:00,5,1182.874998022386,1156.0778654801472,-26.79713254223861,-2.2654238687130897
27,2025-11-13 20:00:00,5,1186.9488654103611,1163.9092200799569,-23.039645330404483,-1.9410815412371647
28,2025-11-13 21:00:00,5,1190.3847745988144,1170.3026045176182,-20.082170081196185,-1.687031832876417
29,2025-11-13 22:00:00,5,1194.4092563957058,1177.5035208696418,-16.905735526064063,-1.4154056020194823
30,2025-11-13 23:00:00,5,1195.720178706225,1179.8097816085167,-15.910397097708255,-1.3306120763909317
31,2025-11-14 00:00:00,5,1195.7617339310814,1179.8832171241963,-15.878516806885044,-1.3278997275388824
32,2025-11-14 01:00:00,5,1146.7440860796396,1131.5506853585252,-15.193400721114358,-1.3249164225521195
33,2025-11-14 02:00:00,5,1147.1695391707258,1132.309802865925,-14.859736304801118,-1.2953391628183426
34,2025-11-14 03:00:00,5,1146.5307488458031,1131.1690844602654,-15.36166438553778,-1.3398388487183757
35,2025-11-14 04:00:00,5,1192.763330606528,1174.6259595957752,-18.13737101075276,-1.520617757550426
36,2025-11-14 05:00:00,5,1182.845612898955,1156.0203047304396,-26.82530816851568,-2.2678621686537235
37,2025-11-14 06:00:00,5,1174.0863665551597,1138.057952950025,-36.028413605134574,-3.068634014620587
38,2025-11-14 07:00:00,5,1172.6900806342558,1135.024075735448,-37.66600489880784,-3.211931738898651
39,2025-11-14 08:00:00,5,1173.2313196062366,1136.2066945302213,-37.02462507601536,-3.155782193782694
40,2025-11-14 09:00:00,5,1175.6645817605663,1141.424728519759,-34.23985324080786,-2.912382814963552
41,2025-11-14 10:00:00,5,1178.8832898090725,1148.1039423028449,-30.779347506227623,-2.61089013410416
42,2025-11-14 11:00:00,5,1180.1916447716983,1150.7530524626138,-29.43859230908447,-2.494390842326223
43,2025-11-14 12:00:00,5,1182.0396705477583,1154.4352575539915,-27.6044129937668,-2.3353203518943566
44,2025-11-14 13:00:00,5,1180.1916447716983,1150.7530524626138,-29.43859230908447,-2.494390842326223
45,2025-11-14 14:00:00,5,1178.8023191512264,1147.938797391119,-30.863521760107687,-2.618210132325695
46,2025-11-14 15:00:00,5,1176.5442057567102,1143.274116560964,-33.270089195746095,-2.827780633567269
47,2025-11-14 16:00:00,5,1175.1859280100043,1140.410356235403,-34.77557177460153,-2.9591548831331376
48,2025-11-14 17:00:00,5,1176.9559896831802,1144.133493885205,-32.82249579797485,-2.788761524278423
49,2025-11-14 18:00:00,5,1179.4586682905792,1149.2734021222411,-30.185266168338103,-2.5592474734266366
50,2025-11-14 19:00:00,5,1183.5099445632432,1157.317723283481,-26.19222127976218,-2.213096848073214
51,2025-11-14 20:00:00,5,1185.203149002181,1160.5885604821513,-24.614588520029656,-2.076824428010726
52,2025-11-14 21:00:00,5,1187.5911847169034,1165.118409301935,-22.472775414968737,-1.8922989412662043
53,2025-11-14 22:00:00,5,1189.6554032030208,1168.9605004837083,-20.69490271931249,-1.7395711954565725
54,2025-11-14 23:00:00,5,1194.0092122835376,1176.8032287004455,-17.20598358309212,-1.4410260328047009
55,2025-11-15 00:00:00,5,1195.249198363313,1178.978980239728,-16.27021812358521,-1.3612406639439252
56,2025-11-15 01:00:00,5,1195.5866547501114,1179.5739705154897,-16.01268423462193,-1.3393160730761693
57,2025-11-15 02:00:00,5,1146.703091381578,1131.4774068412698,-15.225684540308292,-1.3277791483028083
58,2025-11-15 03:00:00,5,1194.567432642982,1177.7808240359586,-16.78660860702348,-1.4052457942774388
59,2025-11-15 04:00:00,5,1193.1616267122808,1175.3238856565324,-17.837741055748438,-1.49499788263387
60,2025-11-15 05:00:00,5,1190.4307883762483,1170.3870103829297,-20.0437779933186,-1.6837415655771455
61,2025-11-15 06:00:00,5,1186.064840378364,1162.234016193241,-23.83082418512322,-2.0092345185378733
62,2025-11-15 07:00:00,5,1183.5489104582384,1157.393571001489,-26.15533945674952,-2.209907780374101
63,2025-11-15 08:00:00,5,1184.034935952736,1158.337318268781,-25.69761768395506,-2.1703428592905007
64,2025-11-15 09:00:00,5,1185.1262573532565,1160.4411156311237,-24.68514172213304,-2.08291239595538
65,2025-11-15 10:00:00,5,1187.515794746236,1164.976827973473,-22.538966772762933,-1.8979930096491355
66,2025-11-15 11:00:00,5,1188.2394756920255,1166.3321754912142,-21.90730020081128,-1.8436771920956891
67,2025-11-15 12:00:00,5,1188.0800750181254,1166.0343503296194,-22.04572468850597,-1.8555756595926112
68,2025-11-15 13:00:00,5,1188.4454464731411,1166.7164250994051,-21.729021373736032,-1.828356651810951
69,2025-11-15 14:00:00,5,1184.08343203075,1158.4312532322826,-25.652178798467503,-2.166416496046482
70,2025-11-15 15:00:00,5,1178.812443397309,1147.9594542293637,-30.852989167945225,-2.6172941540239987
71,2025-11-15 16:00:00,5,1177.9285050929052,1146.1474372492655,-31.78106784363945,-2.69804726740464
72,2025-11-15 17:00:00,5,1179.7805115228357,1149.924484121353,-29.85602740148238,-2.5306425313760146
73,2025-11-15 18:00:00,5,1183.50020114348,1157.2987532449065,-26.20144789857341,-2.213894672198447
74,2025-11-15 19:00:00,5,1187.0813869701458,1164.1592413213357,-22.92214564881033,-1.930966646466912
75,2025-11-15 20:00:00,5,1191.1646135884246,1171.728947115903,-19.435666472521238,-1.6316524392015488
76,2025-11-15 21:00:00,5,1194.6722986970433,1177.964802528394,-16.707496168649413,-1.3985003407939791
77,2025-11-15 22:00:00,5,1147.9008049491256,1133.2763084339824,-14.624496515143164,-1.2740209303879106
78,2025-11-15 23:00:00,5,1148.2528101203477,1133.5221605252518,-14.730649595095883,-1.2828751182025824
79,2025-11-16 00:00:00,5,1148.7380236850945,1133.84964656465,-14.888377120444376,-1.2960637511312807
80,2025-11-16 01:00:00,5,1148.6063393801544,1133.7620864693183,-14.844252910836076,-1.292370797713582
81,2025-11-16 02:00:00,5,1148.479074196433,1133.67654726596,-14.80252693047305,-1.2888808566956322
82,2025-11-16 03:00:00,5,1149.207122077081,1134.1531687355375,-15.053953341543547,-1.3099425727831358
83,2025-11-16 04:00:00,5,1149.5227435666404,1134.3498451134983,-15.172898453142125,-1.3199302526250989
84,2025-11-16 05:00:00,5,1148.6307619121062,1133.7784158754173,-14.852346036688914,-1.2930479079251251
85,2025-11-16 06:00:00,5,1146.6620816015889,1131.4040777913722,-15.258003810216678,-1.3306451878922527
86,2025-11-16 07:00:00,5,1191.8030360992836,1172.8901321470146,-18.912903952269065,-1.5869152351021123
87,2025-11-16 08:00:00,5,1189.9329022695874,1169.4720516924378,-20.460850577149586,-1.7194961613486035
88,2025-11-16 09:00:00,5,1189.2193611846376,1168.1543525278214,-21.06500865681619,-1.7713307859226526
89,2025-11-16 10:00:00,5,1188.1176000238434,1166.1044980886852,-22.013101935158147,-1.8527713026653576
90,2025-11-16 11:00:00,5,1187.911067848018,1165.7181407460785,-22.19292710193963,-1.868231360293968
91,2025-11-16 12:00:00,5,1187.1570484102876,1164.301860101904,-22.855188308383504,-1.925203437825577
92,2025-11-16 13:00:00,5,1184.9627008387426,1160.1271457881858,-24.83555505055688,-2.095893400946521
93,2025-11-16 14:00:00,5,1182.4924388670845,1155.327228840603,-27.165210026481414,-2.2972840361252294
94,2025-11-16 15:00:00,5,1177.7856679101938,1145.8529960500869,-31.932671860106893,-2.7112464287977533
95,2025-11-16 16:00:00,5,1175.3526263448591,1140.7642789432757,-34.58834740158386,-2.942805982332941
96,2025-11-16 17:00:00,5,1175.4671013409113,1141.0069195880892,-34.46018175282211,-2.9316160114997465
97,2025-11-16 18:00:00,5,1175.7268785608503,1141.556328684514,-34.17054987633651,-2.9063339878869656
98,2025-11-16 19:00:00,5,1179.2570875074168,1148.8644936912929,-30.392593816123963,-2.577266156641421
99,2025-11-16 20:00:00,5,1181.6643762162837,1153.6929331628728,-27.97144305341089,-2.367122477109456
100,2025-11-16 21:00:00,5,1184.557674013104,1159.3476380578309,-25.21003595527327,-2.128223598422645
101,2025-11-16 22:00:00,5,1186.1792713791035,1162.4515882637857,-23.727683115318086,-2.0003454526507825
102,2025-11-16 23:00:00,5,1188.230105014076,1166.3146782587771,-21.915426755298768,-1.8443756527309287
103,2025-11-17 00:00:00,5,1190.3847745988144,1170.3026045176182,-20.082170081196185,-1.687031832876417
104,2025-11-17 01:00:00,5,1190.5411493793326,1170.5893259778395,-19.951823401492906,-1.675861721528435
105,2025-11-17 02:00:00,5,1190.9266137116297,1171.2945739706463,-19.632039740983373,-1.6484676314183928
106,2025-11-17 03:00:00,5,1190.2374116537912,1170.032078580268,-20.205333073523207,-1.697588470643738
107,2025-11-17 04:00:00,5,1185.8069749932893,1161.742923022476,-24.064051970813352,-2.029339722086686
108,2025-11-17 05:00:00,5,1175.2067775837215,1140.454661059114,-34.75211652460757,-2.9571065439274866
109,2025-11-17 06:00:00,5,1167.5428266183696,1121.632829732829,-45.90999688554098,-3.9321895384782666
110,2025-11-17 07:00:00,5,1165.7899979461813,1115.986859862036,-49.8031380841453,-4.27205055557909
111,2025-11-17 08:00:00,5,1165.4860623408383,1114.986551113826,-50.49951122701236,-4.33291421139656
112,2025-11-17 09:00:00,5,1167.9744540840866,1122.992927604228,-44.98152647985853,-3.851242321488322
113,2025-11-17 10:00:00,5,1169.566250619922,1127.9145844859609,-41.65166613396104,-3.561291727756663
114,2025-11-17 11:00:00,5,1171.0517694117725,1131.393186944706,-39.65858246706648,-3.386578074766692
115,2025-11-17 12:00:00,5,1170.5008347344942,1130.1538674342426,-40.34696730025166,-3.4469832146171515
116,2025-11-17 13:00:00,5,1168.5806331519266,1124.884228102656,-43.69640504927065,-3.7392717121634607
117,2025-11-17 14:00:00,5,1165.42969678205,1114.8003106171382,-50.62938616491192,-4.344267724145719
118,2025-11-17 15:00:00,5,1190.236535989634,1101.900730587664,-88.33580540196999,-7.421701714821106
119,2025-11-17 16:00:00,5,1187.6495911276616,1091.558615237643,-96.09097589001864,-8.090852437273288
120,2025-11-17 17:00:00,5,1189.6306890113606,1099.5565006620006,-90.07418834935991,-7.571609339047554
121,2025-11-17 18:00:00,5,1190.4670873043126,1102.7815633915393,-87.6855239127733,-7.365640331252496
122,2025-11-17 19:00:00,5,1164.1148321543744,1110.387873514018,-53.72695864035654,-4.615262786483572
123,2025-11-17 20:00:00,5,1166.440407989464,1118.1057228796435,-48.33468510982016,-4.143776636916436
124,2025-11-17 21:00:00,5,1171.568077230262,1132.5460861366205,-39.021991093641645,-3.330748921214605
125,2025-11-17 22:00:00,5,1175.0920614475292,1140.2107555910172,-34.88130585651197,-2.968389201229364
126,2025-11-17 23:00:00,5,1181.921280858205,1154.201378873915,-27.71990198428989,-2.345325567212242
127,2025-11-18 00:00:00,5,1183.5294290673369,1157.355653627318,-26.17377544001852,-2.2115018686645067
128,2025-11-18 01:00:00,5,1184.034935952736,1158.337318268781,-25.69761768395506,-2.1703428592905007
129,2025-11-18 02:00:00,5,1184.7217760037229,1159.663811124149,-25.057964879573547,-2.115092791161357
130,2025-11-18 03:00:00,5,1186.1506737570685,1162.397234978513,-23.753438778555164,-2.0025650454100767
131,2025-11-18 04:00:00,5,1182.0002200472534,1154.3573530865538,-27.64286696069962,-2.338651591756432
132,2025-11-18 05:00:00,5,1171.0194289149886,1131.320699490419,-39.69872942456959,-3.390099979925403
133,2025-11-18 06:00:00,5,1188.699695454172,1095.865148245475,-92.83454720869712,-7.809756119540975
134,2025-11-18 07:00:00,5,1187.380061779261,1090.42652665199,-96.95353512727092,-8.165332924825126
135,2025-11-18 08:00:00,5,1187.5485856047187,1091.1357094316193,-96.41287617309943,-8.118646878266835
136,2025-11-18 09:00:00,5,1163.8753116025275,1109.56942032279,-54.30589127973758,-4.665954397208098
137,2025-11-18 10:00:00,5,1165.5198694811122,1115.0981446109042,-50.42172487020798,-4.326114568313251
138,2025-11-18 11:00:00,5,1167.7754268744598,1122.367186359361,-45.40824051509867,-3.888439461055745
139,2025-11-18 12:00:00,5,1167.332004652654,1120.9643355019757,-46.36766915067847,-3.972106390116103
140,2025-11-18 13:00:00,5,1165.1248828540272,1113.78912504837,-51.33575780565707,-4.406030508927743
141,2025-11-18 14:00:00,5,1189.8292894445892,1100.329779727957,-89.49950971663225,-7.522046272571631
142,2025-11-18 15:00:00,5,1185.6594375708642,1082.905208581731,-102.75422898913348,-8.666420199012004
143,2025-11-18 16:00:00,5,1182.0635443171348,1064.9627790832135,-117.10076523392104,-9.9064695630698
144,2025-11-18 17:00:00,5,1183.358841708741,1071.8591001810642,-111.49974152767686,-9.422310257696132
145,2025-11-18 18:00:00,5,1186.0577339062283,1084.694963899477,-101.36277000675136,-8.546191901883022
146,2025-11-18 19:00:00,5,1188.1086989775508,1093.461223262561,-94.64747571498992,-7.966230345459181
147,2025-11-18 20:00:00,5,1163.7839449298826,1109.2559685180452,-54.52797641183747,-4.685403734034392
148,2025-11-18 21:00:00,5,1170.143043942314,1129.3438640448182,-40.79917989749583,-3.4866831118390307
149,2025-11-18 22:00:00,5,1173.6965657637684,1137.2163621449508,-36.48020361881754,-3.108146064573215
150,2025-11-18 23:00:00,5,1178.85293205513,1148.0420423531284,-30.81088970200153,-2.613633038031977
151,2025-11-19 00:00:00,5,1180.0012907170683,1150.369862195446,-29.63142852162241,-2.5111352635568607
152,2025-11-19 01:00:00,5,1180.1315648406928,1150.6321899328404,-29.49937490785237,-2.4996683240003432
153,2025-11-19 02:00:00,5,1179.5190781300148,1149.3957762320726,-30.12330189794216,-2.553863049481066
154,2025-11-19 03:00:00,5,1180.081475763703,1150.5313690820365,-29.550106681666648,-2.504073429552223
155,2025-11-19 04:00:00,5,1176.6472805262963,1143.4896065319615,-33.1576739943348,-2.817979061618523
156,2025-11-19 05:00:00,5,1165.8911457984843,1116.3182994906012,-49.57284630788308,-4.251927505113018
157,2025-11-19 06:00:00,5,1183.9957283127087,1075.0525461487723,-108.9431821639364,-9.201315474270285
158,2025-11-19 07:00:00,5,1183.0915443704678,1070.4827887779352,-112.6087555925326,-9.518177703860829
159,2025-11-19 08:00:00,5,1183.2310749916585,1071.2040242497385,-112.02705074192,-9.46789288328231
160,2025-11-19 09:00:00,5,1185.1683620152023,1080.6535919194323,-104.5147700957698,-8.818558902302959
161,2025-11-19 10:00:00,5,1186.0577339062283,1084.694963899477,-101.36277000675136,-8.546191901883022
162,2025-11-19 11:00:00,5,1186.1940016178874,1085.3001678052028,-100.89383381268452,-8.505677290145815
163,2025-11-19 12:00:00,5,1187.3125886870473,1090.1413124118278,-97.1712762752195,-8.184135938680928
164,2025-11-19 13:00:00,5,1187.716882900576,1091.83948301365,-95.8773998869258,-8.07241197521579
165,2025-11-19 14:00:00,5,1185.9781758925487,1084.3399723683783,-101.6382035241702,-8.56998936322575
166,2025-11-19 15:00:00,5,1183.7413620142715,1073.791023812982,-109.95033820128948,-9.288375123954136
167,2025-11-19 16:00:00,5,1181.4521014206375,1061.4823519540437,-119.96974946659408,-10.15443193357872
0,2025-11-12 17:00:00,10,1831.7355822139784,1703.5022947684024,-128.2332874455758,-7.00064401711207
1,2025-11-12 18:00:00,10,1834.7635064186943,1708.3270451838523,-126.436461234842,-6.891158494951506
2,2025-11-12 19:00:00,10,1837.6539592153256,1712.7667299839568,-124.88722923136902,-6.796014483852857
3,2025-11-12 20:00:00,10,1842.889556188645,1720.060375331516,-122.8291808571289,-6.665032120055905
4,2025-11-12 21:00:00,10,1827.162522568702,1706.422969755765,-120.73955281293706,-6.608035756074743
5,2025-11-12 22:00:00,10,1747.4869281270155,1669.032070159894,-78.4548579671216,-4.48958196506859
6,2025-11-12 23:00:00,10,1748.3547397909444,1670.2262436477074,-78.12849614323704,-4.468686723872701
7,2025-11-13 00:00:00,10,1752.2675227934185,1675.5399954982422,-76.72752729517606,-4.3787564568256725
8,2025-11-13 01:00:00,10,1736.3309057104634,1661.9669814386689,-74.36392427179476,-4.2828198258307735
9,2025-11-13 02:00:00,10,1735.8802573737255,1663.1860091829544,-72.6942481907713,-4.187745547653902
10,2025-11-13 03:00:00,10,1736.1965069008734,1662.33376162039,-73.8627452804833,-4.254284868498496
11,2025-11-13 04:00:00,10,1751.8436132333804,1674.9685269315382,-76.8750863018422,-4.388239094011008
12,2025-11-13 05:00:00,10,1827.038837208391,1706.3441978363169,-120.6946393720741,-6.606024837243663
13,2025-11-13 06:00:00,10,1840.4510087476797,1716.9187128009576,-123.53229594672187,-6.712066518455087
14,2025-11-13 07:00:00,10,1840.169772713038,1716.5074324871978,-123.66234022584013,-6.720159305927499
15,2025-11-13 08:00:00,10,1838.6016405008795,1714.1889616521728,-124.41267884870672,-6.766701177032219
16,2025-11-13 09:00:00,10,1835.6399091440887,1709.6897497029854,-125.95015944110378,-6.861376178067029
17,2025-11-13 10:00:00,10,1832.9946209808877,1705.530988704142,-127.46363227674532,-6.953846498934946
18,2025-11-13 11:00:00,10,1832.110553424476,1704.109926060006,-128.00062736446966,-6.98651220174559
19,2025-11-13 12:00:00,10,1831.7606390074768,1703.542990758467,-128.2176482490097,-6.9996944752827135
20,2025-11-13 13:00:00,10,1831.8274160579372,1703.6513821000435,-128.17603395789365,-6.997167573445668
21,2025-11-13 14:00:00,10,1831.3083281280915,1702.8063231561405,-128.502004971951,-7.016950832266564
22,2025-11-13 15:00:00,10,1829.4112022834977,1699.6681011729277,-129.74310111057002,-7.092068800531165
23,2025-11-13 16:00:00,10,1831.156949629488,1702.5588028368784,-128.59814679260944,-7.022781243226022
24,2025-11-13 17:00:00,10,1830.590796443515,1701.6286968881927,-128.9620995553223,-7.044834913726803
25,2025-11-13 18:00:00,10,1830.0716335989769,1700.769625239641,-129.30200835933556,-7.065406948309079
26,2025-11-13 19:00:00,10,1832.284895886353,1704.3914430336115,-127.89345285274136,-6.979998205512355
27,2025-11-13 20:00:00,10,1835.7111418692064,1709.7998650820866,-125.91127678711972,-6.858991805154651
28,2025-11-13 21:00:00,10,1838.5636789599464,1714.132299504731,-124.43137945521562,-6.767858023041385
29,2025-11-13 22:00:00,10,1842.3314833761435,1719.349165659489,-122.9823177166545,-6.675363192039939
30,2025-11-13 23:00:00,10,1843.8442812295027,1721.2735511552237,-122.57073007427924,-6.6475640769700615
31,2025-11-14 00:00:00,10,1843.893083995464,1721.3354483974676,-122.5576355979963,-6.646677980505826
32,2025-11-14 01:00:00,10,1826.1151471126773,1705.173361540872,-120.9417855718052,-6.622900300839721
33,2025-11-14 02:00:00,10,1826.4758949641755,1705.6891147096596,-120.78678025451586,-6.613105630769081
34,2025-11-14 03:00:00,10,1825.934011259948,1704.9135586050895,-121.020452654858,-6.627865624308643
35,2025-11-14 04:00:00,10,1840.5174441395825,1717.0156692777343,-123.50177486184792,-6.710165951161815
36,2025-11-14 05:00:00,10,1832.2600148478584,1704.351305380386,-127.90870946747214,-6.980925656345399
37,2025-11-14 06:00:00,10,1824.742966923156,1691.5834171266572,-133.1595497964986,-7.297441459441792
38,2025-11-14 07:00:00,10,1823.5270657856456,1689.3837972176857,-134.14326856796015,-7.356253224032409
39,2025-11-14 08:00:00,10,1823.9990191067727,1690.242560230144,-133.75645887662904,-7.333143136345032
40,2025-11-14 09:00:00,10,1826.111651259008,1694.0108468991596,-132.10080435984855,-7.233993839794625
41,2025-11-14 10:00:00,10,1828.8839316738947,1698.7815464789714,-130.10238519492327,-7.1137584480742
42,2025-11-14 11:00:00,10,1830.0032828199528,1700.6560785098889,-129.34720431006372,-7.068140561515579
43,2025-11-14 12:00:00,10,1831.5766938757424,1703.2439275851427,-128.33276629059992,-7.006682642321624
44,2025-11-14 13:00:00,10,1830.0032828199528,1700.6560785098889,-129.34720431006372,-7.068140561515579
45,2025-11-14 14:00:00,10,1828.8145126823465,1698.6643465878817,-130.1501660944648,-7.11664114604886
46,2025-11-14 15:00:00,10,1826.8718473545237,1695.3379328948567,-131.53391445966668,-7.199953004374102
47,2025-11-14 16:00:00,10,1825.697185604589,1693.2810292196175,-132.41615638497137,-7.252909049159818
48,2025-11-14 17:00:00,10,1827.2270634519332,1695.9530364188076,-131.27402703312578,-7.184330270652159
49,2025-11-14 18:00:00,10,1829.3767378431803,1699.610347436448,-129.76639040673265,-7.093475483881253
50,2025-11-14 19:00:00,10,1832.8219439776217,1705.2546857481595,-127.56725822946214,-6.960155548586104
51,2025-11-14 20:00:00,10,1834.2486450170784,1707.5195852268755,-126.72905979020264,-6.909044754345326
52,2025-11-14 21:00:00,10,1836.2470498302616,1710.6252370250018,-125.62181280525988,-6.841226120247385
53,2025-11-14 22:00:00,10,1837.961086934372,1713.2294165270828,-124.73167040728912,-6.786415190940488
54,2025-11-14 23:00:00,10,1841.8793718354143,1718.77184384028,-123.10752799513445,-6.683799703585312
55,2025-11-15 00:00:00,10,1843.2949454766408,1720.5760423613008,-122.71890311534004,-6.657583661067723
56,2025-11-15 01:00:00,10,1843.6878424452796,1721.0750620286276,-122.61278041665172,-6.650408902953477
57,2025-11-15 02:00:00,10,1826.080352826625,1705.123499629511,-120.956853197114,-6.6238516289758325
58,2025-11-15 03:00:00,10,1842.511414515139,1719.5786400803338,-122.9327744348052,-6.672022407370281
59,2025-11-15 04:00:00,10,1840.9346565376095,1717.5620757229665,-123.37258081464348,-6.70162737045105
60,2025-11-15 05:00:00,10,1838.6016405008795,1714.1889616521728,-124.41267884870672,-6.766701177032219
61,2025-11-15 06:00:00,10,1834.971624244132,1708.6519777245894,-126.3196465195424,-6.88401089425982
62,2025-11-15 07:00:00,10,1832.8548660273343,1705.3074116605503,-127.547454366784,-6.958950036411765
63,2025-11-15 08:00:00,10,1833.265154862056,1705.9626573096698,-127.30249755238584,-6.944030830170049
64,2025-11-15 09:00:00,10,1834.184029169848,1707.4178820664329,-126.76614710341528,-6.911310156854307
65,2025-11-15 10:00:00,10,1836.1842116301875,1710.5287362387362,-125.65547539145108,-6.843293532073919
66,2025-11-15 11:00:00,10,1836.786719776756,1711.45098654063,-125.33573323612632,-6.823641083999109
67,2025-11-15 12:00:00,10,1836.654140971168,1711.2486275743445,-125.4055133968236,-6.8279329569645
68,2025-11-15 13:00:00,10,1836.9579216063144,1711.7118177291425,-125.24610387717188,-6.818125902832404
69,2025-11-15 14:00:00,10,1833.3060580884064,1706.0277945650037,-127.27826352340252,-6.942554024837291
70,2025-11-15 15:00:00,10,1828.823193474738,1698.6790084806407,-130.14418499409726,-7.11628031941268
71,2025-11-15 16:00:00,10,1828.064295151964,1697.3905339412163,-130.67376121074767,-7.148203788963833
72,2025-11-15 17:00:00,10,1829.652020132052,1700.0708975510393,-129.58112258101255,-7.0822823769330885
73,2025-11-15 18:00:00,10,1832.8137111695432,1705.2414971361025,-127.5722140334408,-6.960457206097353
74,2025-11-15 19:00:00,10,1835.8218068976007,1709.9707468722393,-125.8510600253619,-6.855298240412592
75,2025-11-15 20:00:00,10,1839.2061742437277,1715.0878642262078,-124.11831001751966,-6.748471800262224
76,2025-11-15 21:00:00,10,1842.63107877229,1719.7311636561735,-122.89991511611652,-6.669805829933271
77,2025-11-15 22:00:00,10,1826.9227006792405,1706.2623660440352,-120.66033463520512,-6.604567045466359
78,2025-11-15 23:00:00,10,1827.024807527074,1706.3346912540926,-120.6901162729814,-6.605827998380528
79,2025-11-16 00:00:00,10,1827.159881333794,1706.4213886181512,-120.7384927156429,-6.607987289404907
80,2025-11-16 01:00:00,10,1827.1238855268875,1706.3993822124576,-120.72450331442997,-6.607351820569991
81,2025-11-16 02:00:00,10,1827.0886258592047,1706.3770286174347,-120.71159724177004,-6.606772957442299
82,2025-11-16 03:00:00,10,1827.283992781966,1706.4902759773363,-120.7937168046294,-6.610560661713336
83,2025-11-16 04:00:00,10,1827.363787405849,1706.528015100737,-120.83577230511196,-6.612573431623711
84,2025-11-16 05:00:00,10,1827.130599067348,1706.4035503002965,-120.72704876705144,-6.6074668569765125
85,2025-11-16 06:00:00,10,1826.0455397270368,1705.0735900690456,-120.971949657991,-6.624804640747036
86,2025-11-16 07:00:00,10,1839.730764958744,1715.8626931809592,-123.86807177778472,-6.732945610145433
87,2025-11-16 08:00:00,10,1838.1905408199243,1713.5739802146643,-124.61656060526002,-6.7793059445118695
88,2025-11-16 09:00:00,10,1837.60007171523,1712.6853729962602,-124.9146987189697,-6.797708633216006
89,2025-11-16 10:00:00,10,1836.685358484555,1711.2963050087717,-125.38905347578338,-6.826920729593097
90,2025-11-16 11:00:00,10,1836.513490575005,1711.0335934011082,-125.47989717389714,-6.832506149171269
91,2025-11-16 12:00:00,10,1835.884966847946,1710.068170875708,-125.8167959722382,-6.853196046822837
92,2025-11-16 13:00:00,10,1834.046529304261,1707.2011887144708,-126.84534058979013,-6.916146267996179
93,2025-11-16 14:00:00,10,1831.960791171188,1703.867593685028,-128.09319748615985,-6.992136409440771
94,2025-11-16 15:00:00,10,1827.941476966776,1697.180723595951,-130.76075337082557,-7.153443095333966
95,2025-11-16 16:00:00,10,1825.841593068064,1693.5358213871596,-132.30577168090417,-7.246289721036719
96,2025-11-16 17:00:00,10,1825.9407211620016,1693.7104061175628,-132.23031504443907,-7.241763848734894
97,2025-11-16 18:00:00,10,1826.165552694103,1694.105431201124,-132.06012149297908,-7.231552544518957
98,2025-11-16 19:00:00,10,1829.2041830133576,1699.3207805841162,-129.88340242924164,-7.100541516107673
99,2025-11-16 20:00:00,10,1831.2579025053828,1702.7239263154854,-128.53397618989743,-7.0188899124502
100,2025-11-16 21:00:00,10,1833.7057059095744,1706.6624564602123,-127.04324944936228,-6.928224580418423
101,2025-11-16 22:00:00,10,1835.0674759051835,1708.8013493958424,-126.26612650934112,-6.880734804972653
102,2025-11-16 23:00:00,10,1836.778927943373,1711.439102605735,-125.33982533763832,-6.823892817519436
103,2025-11-17 00:00:00,10,1838.5636789599464,1714.132299504731,-124.43137945521562,-6.767858023041385
104,2025-11-17 01:00:00,10,1838.6926624496948,1714.3247186088977,-124.36794384079712,-6.763933221721862
105,2025-11-17 02:00:00,10,1839.010288084204,1714.7973004460885,-124.21298763811524,-6.754338920393676
106,2025-11-17 03:00:00,10,1838.4420606160472,1713.9505970205726,-124.49146359547468,-6.771573946353174
107,2025-11-17 04:00:00,10,1834.755489864701,1708.3145122718513,-126.44097759284978,-6.89143476018016
108,2025-11-17 05:00:00,10,1825.715250887933,1693.3129335926085,-132.4023172953248,-7.252079273092076
109,2025-11-17 06:00:00,10,1819.005748318356,1679.9809261587757,-139.02482215958048,-7.642901749381873
110,2025-11-17 07:00:00,10,1817.4525656394155,1676.1541041211565,-141.29846151825905,-7.774533662645961
111,2025-11-17 08:00:00,10,1817.1825717453064,1675.474169760199,-141.70840198510746,-7.7982479134721245
112,2025-11-17 09:00:00,10,1819.387182457892,1680.8999406094738,-138.4872418484183,-7.611752087938185
113,2025-11-17 10:00:00,10,1820.7902897212448,1684.2157657379844,-136.5745239832604,-7.50083767220493
114,2025-11-17 11:00:00,10,1822.094554338993,1686.736850764204,-135.35770357478896,-7.428687125619181
115,2025-11-17 12:00:00,10,1821.611429500211,1685.8299038498487,-135.78152565036223,-7.453923677214528
116,2025-11-17 13:00:00,10,1819.922173338543,1682.1759765006125,-137.74619683793048,-7.568796009844914
117,2025-11-17 14:00:00,10,1817.132478983361,1675.3475152523492,-141.78496373101166,-7.802676214908487
118,2025-11-17 15:00:00,10,1827.146416189416,1666.5302092478837,-160.61620694153248,-8.790549324257425
119,2025-11-17 16:00:00,10,1824.7801540194416,1659.403406883952,-165.37674713548972,-9.062831309909551
120,2025-11-17 17:00:00,10,1826.593584062562,1664.9189746261418,-161.67460943642027,-8.851153910046955
121,2025-11-17 18:00:00,10,1827.3565764640207,1667.1349548062412,-160.2216216577799,-8.767945113799989
122,2025-11-17 19:00:00,10,1815.962023724763,1672.3412123651794,-143.6208113595835,-7.9088003759571714
123,2025-11-17 20:00:00,10,1818.0296734187168,1677.5924586421334,-140.43721477658323,-7.724693212102411
124,2025-11-17 21:00:00,10,1822.5466792644725,1687.5789868458685,-134.9676924186042,-7.4054450266850385
125,2025-11-17 22:00:00,10,1825.615841030545,1693.1372630788771,-132.47857795166783,-7.256651425465544
126,2025-11-17 23:00:00,10,1831.4761692728985,1703.080188998699,-128.39598027419925,-7.010518751394557
127,2025-11-18 00:00:00,10,1832.8384068387709,1705.281054409557,-127.55735242921378,-6.959552569024412
128,2025-11-18 01:00:00,10,1833.265154862056,1705.9626573096698,-127.30249755238584,-6.944030830170049
129,2025-11-18 02:00:00,10,1833.8438502902995,1706.881095790788,-126.96275449951168,-6.923313262435803
130,2025-11-18 03:00:00,10,1835.0435249759787,1708.7640417074952,-126.27948326848356,-6.881552483619514
131,2025-11-18 04:00:00,10,1831.5432006636852,1703.189396302547,-128.35380436113837,-7.007959425397532
132,2025-11-18 05:00:00,10,1822.0662136368203,1686.6838514707397,-135.38236216608084,-7.430156003818292
133,2025-11-18 06:00:00,10,1825.7424623109148,1662.3767624363954,-163.36569987451935,-8.94790493439808
134,2025-11-18 07:00:00,10,1824.532770539163,1658.6205020338489,-165.91226850531416,-9.093411265848946
135,2025-11-18 08:00:00,10,1824.68746612348,1659.1110038304687,-165.57646229301145,-9.074236841489135
136,2025-11-18 09:00:00,10,1815.7484157908088,1671.7824282020356,-143.96598758877303,-7.928740916790053
137,2025-11-18 10:00:00,10,1817.2126133003344,1675.550050579249,-141.66256272108512,-7.795596491255054
138,2025-11-18 11:00:00,10,1819.2113509047235,1680.477270276564,-138.73408062815952,-7.626056233607205
139,2025-11-18 12:00:00,10,1818.819293393588,1679.5288116874,-139.29048170618785,-7.658291409824282
140,2025-11-18 13:00:00,10,1816.8614694293617,1674.659511391862,-142.2019580374997,-7.826791443937791
141,2025-11-18 14:00:00,10,1826.774896488576,1665.4507467180083,-161.32414977056737,-8.83109079726596
142,2025-11-18 15:00:00,10,1822.949825878654,1653.4064105328664,-169.5434153457877,-9.300498178224323
143,2025-11-18 16:00:00,10,1819.621495728593,1640.890737142079,-178.73075858651396,-9.822414112279352
144,2025-11-18 17:00:00,10,1820.8235059640635,1645.712794039476,-175.11071192458758,-9.617116175786212
145,2025-11-18 18:00:00,10,1823.3168163492023,1654.6490701928558,-168.66774615634654,-9.250600040757988
146,2025-11-18 19:00:00,10,1825.2011746383664,1660.7179862374423,-164.48318840092384,-9.011784053531168
147,2025-11-18 20:00:00,10,1815.6669019254248,1671.5683314411767,-144.0985704842485,-7.936399035056435
148,2025-11-18 21:00:00,10,1821.2973038270052,1685.2362064054244,-136.06109742158105,-7.47055942682627
149,2025-11-18 22:00:00,10,1824.403991466496,1690.974383518808,-133.42960794768783,-7.313599869973657
150,2025-11-18 23:00:00,10,1828.857906875989,1698.7376220197507,-130.1202848562384,-7.114838411831936
151,2025-11-19 00:00:00,10,1829.8407035600108,1700.3855764792036,-129.4551270808072,-7.074666490309691
152,2025-11-19 01:00:00,10,1829.951979451984,1700.5707830205135,-129.38119643147002,-7.070196261118057
153,2025-11-19 02:00:00,10,1829.428428694693,1699.6969581551575,-129.7314705395354,-7.091366270726399
154,2025-11-19 03:00:00,10,1829.9092002469524,1700.4996145472578,-129.40958569969462,-7.07191294968244
155,2025-11-19 04:00:00,10,1826.960802105107,1695.492265386157,-131.46853671894996,-7.196023941371154
156,2025-11-19 05:00:00,10,1817.5423738911315,1676.3792665649753,-141.16310732615625,-7.766702408370465
157,2025-11-19 06:00:00,10,1821.413255226371,1647.9410652950808,-173.4721899312899,-9.524043455461197
158,2025-11-19 07:00:00,10,1820.575741649253,1644.7515136375937,-175.824228011659,-9.657616763166386
159,2025-11-19 08:00:00,10,1820.7050943298857,1645.2553272615453,-175.4497670683404,-9.636363824912296
160,2025-11-19 09:00:00,10,1822.4968845071185,1651.841449482913,-170.65543502420542,-9.36382588496759
161,2025-11-19 10:00:00,10,1823.3168163492023,1654.6490701928558,-168.66774615634654,-9.250600040757988
162,2025-11-19 11:00:00,10,1823.4422957719328,1655.06900930832,-168.37328646361266,-9.233814903494592
163,2025-11-19 12:00:00,10,1824.4708166652904,1658.4231782986233,-166.0476383666669,-9.101139730487082
164,2025-11-19 13:00:00,10,1824.841892099648,1659.5975624726052,-165.2443296270426,-9.05526831351476
165,2025-11-19 14:00:00,10,1823.2435385835051,1654.4026857505771,-168.84085283292802,-9.260466265746484
166,2025-11-19 15:00:00,10,1821.1778161230095,1647.061192187391,-174.1166239356187,-9.56066027128996
167,2025-11-19 16:00:00,10,1819.052898884653,1638.4523667959293,-180.60053208872387,-9.928272685168118
0,2025-11-12 17:00:00,12,2292.762472490394,2223.3812339268434,-69.3812385635506,-3.0260979667984897
1,2025-11-12 18:00:00,12,2296.368339169885,2232.483908807917,-63.88443036196759,-2.781976622489979
2,2025-11-12 19:00:00,12,2299.814734300766,2240.9463102772884,-58.86842402347747,-2.5597028815182274
3,2025-11-12 20:00:00,12,2305.8664260809096,2254.3292248988623,-51.53720118204728,-2.2350471215126197
4,2025-11-12 21:00:00,12,2252.8440660320475,2204.1708993008438,-48.67316673120422,-2.1605208929055024
5,2025-11-12 22:00:00,12,2139.4364527806624,2115.019875958249,-24.41657682241339,-1.1412620735090655
6,2025-11-12 23:00:00,12,2140.496035348241,2117.0226273037047,-23.473408044536427,-1.0966340351439845
7,2025-11-13 00:00:00,12,2145.232949339279,2125.8952204188536,-19.337728920425437,-0.901427927740032
8,2025-11-13 01:00:00,12,2104.8667377716783,2087.747884813259,-17.11885295841921,-0.8132986593033495
9,2025-11-13 02:00:00,12,2104.3396753005213,2089.93951492978,-14.400160370741103,-0.684307792119379
10,2025-11-13 03:00:00,12,2104.7094971599904,2088.4064493490464,-16.30304781094401,-0.7745984817830052
11,2025-11-13 04:00:00,12,2144.723894054271,2124.9441901122404,-19.779703942030665,-0.9222494325197343
12,2025-11-13 05:00:00,12,2252.757722463725,2204.371857951924,-48.38586451180072,-2.1478503449045374
13,2025-11-13 06:00:00,12,2303.154051151992,2248.9458974883964,-54.20815366359511,-2.3536486253049933
14,2025-11-13 07:00:00,12,2302.8180901154365,2248.149461502196,-54.6686286132408,-2.3739881516433785
15,2025-11-13 08:00:00,12,2300.945652729659,2243.6766107815856,-57.26904194807321,-2.488935011573775
16,2025-11-13 09:00:00,12,2297.412853276605,2235.072014114182,-62.34083916242298,-2.7135235651490124
17,2025-11-13 10:00:00,12,2294.2612969451675,2227.197604164136,-67.06369278103148,-2.9231061374886758
18,2025-11-13 11:00:00,12,2293.208780769095,2224.522682880663,-68.68609788843196,-2.9951960093836747
19,2025-11-13 12:00:00,12,2292.79229425162,2223.457639609886,-69.33465464173423,-3.0240268521299023
20,2025-11-13 13:00:00,12,2292.871771473413,2223.6611713357056,-69.21060013770784,-3.0185115887764056
21,2025-11-13 14:00:00,12,2292.254012820334,2222.075501853103,-70.17851096723098,-3.061550359372477
22,2025-11-13 15:00:00,12,2289.997293401688,2216.209068962032,-73.78822443965646,-3.222197015353122
23,2025-11-13 16:00:00,12,2292.0738825300823,2221.611545078711,-70.46233745137124,-3.0741739168369264
24,2025-11-13 17:00:00,12,2291.400288994422,2219.8700896483647,-71.53019934605754,-3.1216806460929822
25,2025-11-13 18:00:00,12,2290.7827279921758,2218.264326466896,-72.51840152527939,-3.1656603936786403
26,2025-11-13 19:00:00,12,2293.416313346901,2225.051984918909,-68.3643284279924,-2.980894834929677
27,2025-11-13 20:00:00,12,2297.497766873249,2235.2814997103037,-62.21626716294577,-2.7080012028746485
28,2025-11-13 21:00:00,12,2300.900341718152,2243.567643462611,-57.33269825554044,-2.491750608056688
29,2025-11-13 22:00:00,12,2305.2534457538272,2253.125064794201,-52.12838095962616,-2.261286326483723
30,2025-11-13 23:00:00,12,2306.906906291017,2256.3763196441178,-50.53058664689934,-2.190404238207473
31,2025-11-14 00:00:00,12,2306.95980694236,2256.480521152978,-50.47928578938172,-2.188130267266636
32,2025-11-14 01:00:00,12,2251.805905843601,2202.715824952079,-49.09008089152212,-2.180031625466909
33,2025-11-14 02:00:00,12,2252.209469859388,2203.6894220181302,-48.52004784125711,-2.154331046493929
34,2025-11-14 03:00:00,12,2251.603291967751,2202.225971817372,-49.37732015037909,-2.1929848977626345
35,2025-11-14 04:00:00,12,2303.233420810987,2249.1337869688687,-54.09963384211824,-2.3488558889992714
36,2025-11-14 05:00:00,12,2293.386694768646,2224.9765008067666,-68.41019396187949,-2.9829332365940413
37,2025-11-14 06:00:00,12,2284.450639338881,2201.2418013732754,-83.20883796560611,-3.642400344867451
38,2025-11-14 07:00:00,12,2283.0073497664275,2197.202433363636,-85.8049164027916,-3.7584161264995593
39,2025-11-14 08:00:00,12,2283.567498084305,2198.777901536491,-84.7895965478142,-3.713032201541867
40,2025-11-14 09:00:00,12,2286.0759613919995,2205.715133108739,-80.36082828326062,-3.515230011619064
41,2025-11-14 10:00:00,12,2289.37035806074,2214.557852840141,-74.81250522059827,-3.2678201216848906
42,2025-11-14 11:00:00,12,2290.701431327933,2218.052277153507,-72.6491541744258,-3.17148071681741
43,2025-11-14 12:00:00,12,2292.573375538699,2222.8962978643917,-69.67707767430784,-3.0392518040097807
44,2025-11-14 13:00:00,12,2290.701431327933,2218.052277153507,-72.6491541744258,-3.17148071681741
45,2025-11-14 14:00:00,12,2289.2878262884656,2214.3397602050973,-74.9480660833683,-3.2738594606899527
46,2025-11-14 15:00:00,12,2286.9790176097786,2208.167951690614,-78.81106591916478,-3.4460773497403423
47,2025-11-14 16:00:00,12,2285.5837035750164,2204.368435120636,-81.21526845438075,-3.553370997848259
48,2025-11-14 17:00:00,12,2287.4010672947884,2209.306621653774,-78.09444564101432,-3.4141124946388737
49,2025-11-14 18:00:00,12,2289.9563108635407,2216.1014228847785,-73.85488797876224,-3.2251658089892388
50,2025-11-14 19:00:00,12,2294.055689670592,2226.676904004951,-67.37878566564086,-2.9371033130985547
51,2025-11-14 20:00:00,12,2295.754895344762,2230.954044760766,-64.80085058399618,-2.8226380226999277
52,2025-11-14 21:00:00,12,2298.136683912801,2236.8534068990884,-61.28327701371245,-2.6666506584530785
53,2025-11-14 22:00:00,12,2300.1811924046824,2241.833456348782,-58.34773605590044,-2.5366582532092554
54,2025-11-14 23:00:00,12,2304.7543594690287,2252.1454673279404,-52.60889214108829,-2.282624693818059
55,2025-11-15 00:00:00,12,2306.3095122604686,2255.200446879117,-51.10906538135168,-2.21605405127339
56,2025-11-15 01:00:00,12,2306.737141430453,2256.0420093540306,-50.69513207642285,-2.197698695959168
57,2025-11-15 02:00:00,12,2251.7669847988045,2202.621781322916,-49.14520347588859,-2.1825172767723
58,2025-11-15 03:00:00,12,2305.451455574977,2253.513911460073,-51.93754411490454,-2.2528144754169794
59,2025-11-15 04:00:00,12,2303.704537148152,2250.086807181532,-53.61772996661966,-2.327456889632001
60,2025-11-15 05:00:00,12,2300.945652729659,2243.6766107815856,-57.26904194807321,-2.488935011573775
61,2025-11-15 06:00:00,12,2296.616343278639,2233.1003149190315,-63.51602835960739,-2.7656351286315504
62,2025-11-15 07:00:00,12,2294.0948890187533,2226.7762445990907,-67.31864441966263,-2.934431559125989
63,2025-11-15 08:00:00,12,2294.583451158064,2228.0116887739096,-66.57176238415468,-2.901256973267033
64,2025-11-15 09:00:00,12,2295.677916448177,2230.7615424944943,-64.91637395368252,-2.827764883242843
65,2025-11-15 10:00:00,12,2298.061759678155,2236.669466231853,-61.39229344630167,-2.67148144247001
66,2025-11-15 11:00:00,12,2298.780236202708,2238.429095581618,-60.35114062108914,-2.6253549456637733
67,2025-11-15 12:00:00,12,2298.622122899141,2238.042668286852,-60.57945461228928,-2.635468179340558
68,2025-11-15 13:00:00,12,2298.9844249446305,2238.92746061888,-60.056964325750414,-2.6123258458872267
69,2025-11-15 14:00:00,12,2294.632162115077,2228.134594565465,-66.49756754961209,-2.897961976106792
70,2025-11-15 15:00:00,12,2289.298146712684,2214.36704149087,-74.93110522181269,-3.2731038257035228
71,2025-11-15 16:00:00,12,2288.3960268979763,2211.972230527056,-76.42379637092063,-3.3396228394311853
72,2025-11-15 17:00:00,12,2290.283670248579,2216.960143631246,-73.32352661733285,-3.201504144216973
73,2025-11-15 18:00:00,12,2294.0458871797737,2226.652057090056,-67.39383008971754,-2.9377716664843767
74,2025-11-15 19:00:00,12,2297.6296912226217,2235.606693756393,-62.02299746622885,-2.699434016855213
75,2025-11-15 20:00:00,12,2301.6673344610376,2245.4074736082907,-56.2598608527469,-2.444308958571583
76,2025-11-15 21:00:00,12,2305.5829461741323,2253.772196436149,-51.81074973798332,-2.2471865444684043
77,2025-11-15 22:00:00,12,2252.673822230923,2204.529795809451,-48.14402642147206,-2.1371947392629123
78,2025-11-15 23:00:00,12,2252.747723617392,2204.392421417446,-48.35530219994644,-2.146503209968802
79,2025-11-16 00:00:00,12,2252.842258306029,2204.175584369741,-48.66667393628768,-2.160234421955553
80,2025-11-16 01:00:00,12,2252.817458504553,2204.2376506651394,-48.57980783941366,-2.1564023155103524
81,2025-11-16 02:00:00,12,2252.7928810022227,2204.2953401364307,-48.49754086579196,-2.1527740643523505
82,2025-11-16 03:00:00,12,2252.925280865192,2203.934408866582,-48.99087199861015,-2.174544908999208
83,2025-11-16 04:00:00,12,2252.9763426610243,2203.753964811201,-49.22237784982326,-2.1847711810274038
84,2025-11-16 05:00:00,12,2252.822106628258,2204.2263228961506,-48.59578373210752,-2.157107016534013
85,2025-11-16 06:00:00,12,2251.728043212972,2202.527662128872,-49.20038108409972,-2.185005477566292
86,2025-11-16 07:00:00,12,2302.293748927943,2246.9027807944644,-55.39096813347851,-2.405903597630457
87,2025-11-16 08:00:00,12,2300.455005263438,2242.4947925450933,-57.96021271834479,-2.5195108178917605
88,2025-11-16 09:00:00,12,2299.750442168586,2240.7904246393123,-58.9600175292735,-2.563757199397524
89,2025-11-16 10:00:00,12,2298.6593520335937,2238.1336968073438,-60.525655226250365,-2.6330850272661808
90,2025-11-16 11:00:00,12,2298.4543934865637,2237.632241670498,-60.82215181606534,-2.646219650406168
91,2025-11-16 12:00:00,12,2297.704987327988,2235.7921525781303,-61.91283474985767,-2.6945510886432986
92,2025-11-16 13:00:00,12,2295.5141152948545,2230.351529385848,-65.16258590900634,-2.8386924512828067
93,2025-11-16 14:00:00,12,2293.030518994854,2224.067292018186,-68.96322697666801,-3.007514571018353
94,2025-11-16 15:00:00,12,2288.2500526812114,2211.5827692204884,-76.66728346072296,-3.350476639163172
95,2025-11-16 16:00:00,12,2285.755207599213,2204.838415602287,-80.91679199692544,-3.540046271267798
96,2025-11-16 17:00:00,12,2285.8729407860847,2205.1605567434867,-80.71238404259793,-3.5309217149594456
97,2025-11-16 18:00:00,12,2286.1399847032367,2205.889778536816,-80.25020616642087,-3.5102927512480444
98,2025-11-16 19:00:00,12,2289.7511291973287,2215.561871984983,-74.18925721234564,-3.240057675541038
99,2025-11-16 20:00:00,12,2292.194008555658,2221.9210311694246,-70.27297738623338,-3.0657517262473486
100,2025-11-16 21:00:00,12,2295.108137954345,2229.332999742375,-65.77513821196999,-2.865884056800744
101,2025-11-16 22:00:00,12,2296.730572399194,2233.3838269833554,-63.34674541583854,-2.7581269730591744
102,2025-11-16 23:00:00,12,2298.770943417626,2238.406396663966,-60.36454675365985,-2.625948745633384
103,2025-11-17 00:00:00,12,2300.900341718152,2243.567643462611,-57.33269825554044,-2.491750608056688
104,2025-11-17 01:00:00,12,2301.054300066038,2243.937751485921,-57.11654858011707,-2.48219038457623
105,2025-11-17 02:00:00,12,2301.4334665713386,2244.847533222031,-56.58593334930765,-2.458725580001625
106,2025-11-17 03:00:00,12,2300.755183065022,2243.218318769294,-57.53686429572781,-2.5007816876491096
107,2025-11-17 04:00:00,12,2296.3587866542885,2232.4601424260686,-63.89864422821984,-2.782607169209732
108,2025-11-17 05:00:00,12,2285.605158174248,2204.427274526345,-81.17788364790295,-3.551701979564493
109,2025-11-17 06:00:00,12,2277.6451879442457,2179.784179359529,-97.86100858471671,-4.296587067322984
110,2025-11-17 07:00:00,12,2275.804771548705,2172.622254505981,-103.18251704272416,-4.5338914098728935
111,2025-11-17 08:00:00,12,2275.484927513127,2171.352537974075,-104.13238953905191,-4.576272436700251
112,2025-11-17 09:00:00,12,2278.097284169027,2181.508179699666,-96.5891044693608,-4.239902533600239
113,2025-11-17 10:00:00,12,2279.7607485125263,2187.741954568827,-92.01879394369917,-4.036335567394016
114,2025-11-17 11:00:00,12,2281.307644445921,2192.3585566709985,-88.94908777492265,-3.899039570199065
115,2025-11-17 12:00:00,12,2280.7345739894968,2190.7029556705743,-90.03161831892248,-3.947483383015401
116,2025-11-17 13:00:00,12,2278.731467016435,2183.904600935276,-94.8268660811591,-4.1613883625049
117,2025-11-17 14:00:00,12,2275.42558849326,2171.116113087932,-104.3094754053286,-4.584174315908973
118,2025-11-17 15:00:00,12,2296.394500254049,2154.7246019792,-141.6698982748494,-6.1692317351908175
119,2025-11-17 16:00:00,12,2293.606355984646,2141.5676806183083,-152.03867536633788,-6.6288042396476365
120,2025-11-17 17:00:00,12,2295.742944776416,2151.743146318867,-143.99979845754888,-6.272470477811841
121,2025-11-17 18:00:00,12,2296.6422162268377,2155.844705335169,-140.79751089166894,-6.130580980218404
122,2025-11-17 19:00:00,12,2274.039315353235,2165.512540019911,-108.52677533332415,-4.772423000807543
123,2025-11-17 20:00:00,12,2276.488512580189,2175.310994318463,-101.17751826172572,-4.444455471776151
124,2025-11-17 21:00:00,12,2281.844019516675,2193.897698971631,-87.94632054504382,-3.854177577119054
125,2025-11-17 22:00:00,12,2285.4870991293287,2204.1033317862207,-81.38376734310805,-3.56089375320087
126,2025-11-17 23:00:00,12,2292.4537446409604,2222.589098934455,-69.8646457065056,-3.0475923830449045
127,2025-11-18 00:00:00,12,2294.0752914674235,2226.7265837118007,-67.34870775562285,-2.93576710433696
128,2025-11-18 01:00:00,12,2294.583451158064,2228.0116887739096,-66.57176238415468,-2.901256973267033
129,2025-11-18 02:00:00,12,2295.2726841168305,2229.746219163476,-65.52646495335466,-2.8548444551618832
130,2025-11-18 03:00:00,12,2296.702028973088,2233.3130069547674,-63.3890220183207,-2.7600020036845394
131,2025-11-18 04:00:00,12,2292.533515901316,2222.7939778884515,-69.73953801286416,-3.042029158096992
132,2025-11-18 05:00:00,12,2281.2740251164664,2192.261751696216,-89.0122734202505,-3.901866783220228
133,2025-11-18 06:00:00,12,2294.740022158413,2147.047303672164,-147.6927184862493,-6.436141657011359
134,2025-11-18 07:00:00,12,2293.3149672904137,2140.1270738464686,-153.1878934439451,-6.679758150488108
135,2025-11-18 08:00:00,12,2293.497178324152,2141.029528938416,-152.4676493857355,-6.6478237177140524
136,2025-11-18 09:00:00,12,2273.786367373432,2164.4727218333865,-109.3136455400454,-4.807560072862924
137,2025-11-18 10:00:00,12,2275.520514607424,2171.4941977154017,-104.02631689202236,-4.571539400512463
138,2025-11-18 11:00:00,12,2277.888873087568,2180.71508378504,-97.1737893025279,-4.265958293690312
139,2025-11-18 12:00:00,12,2277.42420931951,2178.936632741182,-98.48757657832766,-4.324516099166065
140,2025-11-18 13:00:00,12,2275.104569233693,2169.8323187353344,-105.27225049835852,-4.627138986135332
141,2025-11-18 14:00:00,12,2295.9566247113903,2152.726689855593,-143.22993485579718,-6.238355433818428
142,2025-11-18 15:00:00,12,2291.450884207293,2130.5556672006423,-160.89521700665046,-7.0215433424972025
143,2025-11-18 16:00:00,12,2287.5338281371373,2107.735952493269,-179.79787564386788,-7.859900187368465
144,2025-11-18 17:00:00,12,2288.948087211959,2116.5028353356847,-172.44525187627414,-7.53382100886002
145,2025-11-18 18:00:00,12,2291.88298680552,2132.8332228526574,-159.04976395286258,-6.939698268564306
146,2025-11-18 19:00:00,12,2294.102312197623,2143.9886769586897,-150.1136352389335,-6.543458608658693
147,2025-11-18 20:00:00,12,2273.689844907801,2164.074459072468,-109.61538583533364,-4.821035115270025
148,2025-11-18 21:00:00,12,2280.362010606901,2189.6202839492626,-90.74172665763854,-3.9792684773540974
149,2025-11-18 22:00:00,12,2284.048215199171,2200.122057891246,-83.92615730792431,-3.674447708653378
150,2025-11-18 23:00:00,12,2289.339417114639,2214.476110306868,-74.86330680777155,-3.270083337058218
151,2025-11-19 00:00:00,12,2290.5080671401897,2217.547290015096,-72.96077712509395,-3.185353423190036
152,2025-11-19 01:00:00,12,2290.640412253803,2217.893016219595,-72.74739603420767,-3.1758540382438367
153,2025-11-19 02:00:00,12,2290.0177779542046,2216.2628591028147,-73.7549188513899,-3.2207138111075766
154,2025-11-19 03:00:00,12,2290.589532503482,2217.7601517767,-72.82938072678235,-3.1795037781031
155,2025-11-19 04:00:00,12,2287.084704332053,2208.45354182386,-78.63116250819303,-3.4380520476244185
156,2025-11-19 05:00:00,12,2275.9111667127813,2173.0429076502064,-102.86825906257492,-4.519871450481653
157,2025-11-19 06:00:00,12,2289.642123479166,2120.5645224360096,-169.0776010431564,-7.384455383194948
158,2025-11-19 07:00:00,12,2288.656539699386,2114.752683926001,-173.9038557733852,-7.598512610207009
159,2025-11-19 08:00:00,12,2288.8087485126234,2115.6697956676217,-173.13895284500177,-7.564588039848925
160,2025-11-19 09:00:00,12,2290.917636259832,2127.690515644252,-163.22712061558013,-7.124966783269689
161,2025-11-19 10:00:00,12,2291.88298680552,2132.8332228526574,-159.04976395286258,-6.939698268564306
162,2025-11-19 11:00:00,12,2292.0307382467336,2133.603390456144,-158.4273477905895,-6.9120952501613
163,2025-11-19 12:00:00,12,2293.2419958395635,2139.7641265359925,-153.47786930357097,-6.69261550163537
164,2025-11-19 13:00:00,12,2293.6790791277604,2141.9250839237834,-151.75399520397696,-6.616182559492408
165,2025-11-19 14:00:00,12,2291.7967047534885,2132.381472137828,-159.41523261566044,-6.955906354390519
166,2025-11-19 15:00:00,12,2289.365039056252,2118.9598877617177,-170.40515129453388,-7.443336837395763
167,2025-11-19 16:00:00,12,2286.864970414983,2103.3144315222034,-183.5505388927795,-8.026295442335266
0,2025-11-12 17:00:00,13,1044.3500211713176,1009.5572080175602,-34.79281315375738,-3.3315279789753443
1,2025-11-12 18:00:00,13,1047.6297030297608,1016.2574714111616,-31.372231618599244,-2.9945916508352406
2,2025-11-12 19:00:00,13,1050.787124020611,1022.5045649986248,-28.28255902198612,-2.691559343986724
3,2025-11-12 20:00:00,13,1056.279557129342,1032.473995379199,-23.805561750142715,-2.2537179281249413
4,2025-11-12 21:00:00,13,1052.4727633429827,1029.6497998119924,-22.822963530990364,-2.16850870881423
5,2025-11-12 22:00:00,13,1014.4885807140416,1000.5101188950164,-13.978461819025142,-1.37788261837176
6,2025-11-12 23:00:00,13,1015.4273724708346,1002.066590560784,-13.360781910050603,-1.315779175574111
7,2025-11-13 00:00:00,13,1019.6521145455342,1008.9713938352664,-10.680720710267792,-1.047486741596006
8,2025-11-13 01:00:00,13,1014.6761407790292,1005.6401241959502,-9.036016583079116,-0.8905320840738022
9,2025-11-13 02:00:00,13,1014.7311476625016,1007.4869569231832,-7.244190739318583,-0.7139024712118122
10,2025-11-13 03:00:00,13,1014.692742318937,1006.1949681268596,-8.497774192077259,-0.837472649371355
11,2025-11-13 04:00:00,13,1019.194017063519,1008.22910766532,-10.964909398199095,-1.075841224989818
12,2025-11-13 05:00:00,13,1052.2333395432129,1029.5950881641306,-22.63825137908202,-2.151447832750629
13,2025-11-13 06:00:00,13,1053.8697458177437,1028.4301186501534,-25.439627167590288,-2.413925180843916
14,2025-11-13 07:00:00,13,1053.5585098402566,1027.8391758499902,-25.71933399026648,-2.44118705796094
15,2025-11-13 08:00:00,13,1051.8284316556485,1024.5245778805308,-27.30385377511743,-2.5958467135309644
16,2025-11-13 09:00:00,13,1048.584188364871,1018.166000515972,-30.41818784889904,-2.9008817972291
17,2025-11-13 10:00:00,13,1045.7104424575875,1012.3641948300786,-33.34624762750889,-3.188860536683544
18,2025-11-13 11:00:00,13,1044.7547084736443,1010.3964570403508,-34.35825143329362,-3.2886428895343296
19,2025-11-13 12:00:00,13,1044.3770512061988,1009.6133775024076,-34.76367370379103,-3.328651626693719
20,2025-11-13 13:00:00,13,1044.4490957066116,1009.763008789114,-34.68608691749762,-3.320993532387626
21,2025-11-13 14:00:00,13,1043.889393453045,1008.5974682172102,-35.2919252358347,-3.380810788688424
22,2025-11-13 15:00:00,13,1041.850163655115,1004.2891089133952,-37.56105474171977,-3.6052261689862015
23,2025-11-13 16:00:00,13,1043.726313457357,1008.2565247667134,-35.46978869064367,-3.3983802298851247
24,2025-11-13 17:00:00,13,1043.116960641075,1006.9771325631737,-36.13982807790126,-3.464599794800631
25,2025-11-13 18:00:00,13,1042.5589561215206,1005.7978776487948,-36.761078472725785,-3.526043132321518
26,2025-11-13 19:00:00,13,1044.943004492408,1010.7857108941328,-34.157293598275146,-3.2688188208760165
27,2025-11-13 20:00:00,13,1048.661874754563,1018.3205553571822,-30.341319397380857,-2.893336749224546
28,2025-11-13 21:00:00,13,1051.786659345895,1024.4439126909442,-27.342746654950812,-2.599647600774404
29,2025-11-13 22:00:00,13,1055.7308340921618,1031.5642045500222,-24.166629542139617,-2.289090056076732
30,2025-11-13 23:00:00,13,1057.219719704515,1034.02769984548,-23.1920198590351,-2.19368021866988
31,2025-11-14 00:00:00,13,1057.2678282990914,1034.107034122805,-23.160794176286345,-2.1906269685276345
32,2025-11-14 01:00:00,13,1051.0241966140477,1027.963520643193,-23.06067597085439,-2.194114659314797
33,2025-11-14 02:00:00,13,1051.437181193375,1028.728035814662,-22.709145378712947,-2.159819510371338
34,2025-11-14 03:00:00,13,1050.817034895732,1027.579042437054,-23.237992458678264,-2.2114213689906603
35,2025-11-14 04:00:00,13,1053.9433113858172,1028.5695639722412,-25.373747413575984,-2.4075059008830704
36,2025-11-14 05:00:00,13,1044.9161267399531,1010.7301957928108,-34.18593094714231,-3.2716435388742084
37,2025-11-14 06:00:00,13,1036.8717791612412,993.3174062906052,-43.55437287063603,-4.200555338276113
38,2025-11-14 07:00:00,13,1035.583664063368,990.3597844740124,-45.22387958935565,-4.366994300770312
39,2025-11-14 08:00:00,13,1036.0832476347657,991.513221201818,-44.57002643294766,-4.301780434602609
40,2025-11-14 09:00:00,13,1038.325857361965,996.594153471583,-41.73170389038205,-4.019133646195444
41,2025-11-14 10:00:00,13,1041.2851125658915,1003.0773978933568,-38.20771467253462,-3.66928463793982
42,2025-11-14 11:00:00,13,1042.4855460345682,1005.6421818284568,-36.84336420611146,-3.534184655725649
43,2025-11-14 12:00:00,13,1044.1786616482116,1009.2007335792088,-34.977928069002814,-3.349802993846951
44,2025-11-14 13:00:00,13,1042.4855460345682,1005.6421818284568,-36.84336420611146,-3.534184655725649
45,2025-11-14 14:00:00,13,1041.210773714191,1002.9173836404102,-38.29339007378076,-3.677775051940845
46,2025-11-14 15:00:00,13,1039.135420409749,998.3916212551962,-40.74379915455279,-3.920932570895024
47,2025-11-14 16:00:00,13,1037.8850644138197,995.6075118644546,-42.27755254936483,-4.073432983954008
48,2025-11-14 17:00:00,13,1039.5141896086477,999.2262680478632,-40.287921560784525,-3.875649025623399
49,2025-11-14 18:00:00,13,1041.8132073856664,1004.2101031559856,-37.60310422968075,-3.609390240314025
50,2025-11-14 19:00:00,13,1045.5235883935916,1011.9810408156948,-33.5425475778967,-3.2082057210620745
51,2025-11-14 20:00:00,13,1047.070090597443,1015.1300921255024,-31.939998471940385,-3.050416467699492
52,2025-11-14 21:00:00,13,1049.246860953618,1019.480655293037,-29.76620566058091,-2.8369115761306745
53,2025-11-14 22:00:00,13,1051.1242529975125,1023.160662115001,-27.963590882511312,-2.6603506486285493
54,2025-11-14 23:00:00,13,1055.2867318169426,1030.8262279336643,-24.460503883278307,-2.317901205974927
55,2025-11-15 00:00:00,13,1056.6785375620868,1033.134123319629,-23.544414242457837,-2.228152972310601
56,2025-11-15 01:00:00,13,1057.065539599354,1033.7733365548404,-23.2922030445136,-2.20347766263781
57,2025-11-15 02:00:00,13,1050.9843925615464,1027.8896980793477,-23.094694482198747,-2.1974345809180327
58,2025-11-15 03:00:00,13,1055.9076851076877,1031.8576699703003,-24.050015137387163,-2.277662666593283
59,2025-11-15 04:00:00,13,1054.359959316802,1029.281312120583,-25.07864719621898,-2.3785659702469446
60,2025-11-15 05:00:00,13,1051.8284316556485,1024.5245778805308,-27.30385377511743,-2.5958467135309644
61,2025-11-15 06:00:00,13,1047.8561438104948,1016.7118705608746,-31.14427324962025,-2.9721897832621487
62,2025-11-15 07:00:00,13,1045.5592066372776,1012.0541356235896,-33.50507101368794,-3.204512073634432
63,2025-11-15 08:00:00,13,1046.003364506376,1012.9633485280178,-33.04001597835804,-3.158691176289868
64,2025-11-15 09:00:00,13,1046.9999160930183,1014.9882737195954,-32.01164237342289,-3.05746369998552
65,2025-11-15 10:00:00,13,1049.1782197960413,1019.3448686946808,-29.833351101360563,-2.843496990164371
66,2025-11-15 11:00:00,13,1049.8369022034774,1020.6442285796932,-29.19267362378423,-2.780686558313242
67,2025-11-15 12:00:00,13,1049.6918597536612,1020.3588050908212,-29.333054662839917,-2.794444330522265
68,2025-11-15 13:00:00,13,1050.024285133458,1021.0123949780782,-29.011890155379888,-2.7629732536797924
69,2025-11-15 14:00:00,13,1046.04767158802,1013.0538176066216,-32.99385398139839,-3.15414439299023
70,2025-11-15 15:00:00,13,1041.220069045223,1002.9373995246058,-38.28266952061722,-3.676712604639058
71,2025-11-15 16:00:00,13,1040.4081811695626,1001.1807362693204,-39.22744490024206,-3.770389892181066
72,2025-11-15 17:00:00,13,1042.108480881487,1004.8404001923803,-37.268080689106455,-3.576218922773045
73,2025-11-15 18:00:00,13,1045.5146818458531,1011.9627587755622,-33.55192307029097,-3.2091297858252115
74,2025-11-15 19:00:00,13,1048.7825983421308,1018.560500856542,-30.222097485588847,-2.8816360543512647
75,2025-11-15 20:00:00,13,1052.494342278981,1025.806411885111,-26.687930393870147,-2.53568397679767
76,2025-11-15 21:00:00,13,1056.0253352972304,1032.0527690181975,-23.97256627903289,-2.270074919394385
77,2025-11-15 22:00:00,13,1052.0147483204294,1029.5321315511237,-22.48261676930565,-2.1371009109140124
78,2025-11-15 23:00:00,13,1052.2066324182215,1029.5880414055905,-22.618591012631214,-2.149633951712346
79,2025-11-16 00:00:00,13,1052.4675711465284,1029.6487799177223,-22.81879122880605,-2.1681229763638137
80,2025-11-16 01:00:00,13,1052.397169354061,1029.6342075944256,-22.76296175963512,-2.16296303548655
81,2025-11-16 02:00:00,13,1052.3288342091832,1029.6187615689407,-22.710072640242515,-2.1580775801234178
82,2025-11-16 03:00:00,13,1052.7157822384206,1029.6887678482065,-23.027014390214163,-2.1873913907941174
83,2025-11-16 04:00:00,13,1052.8804593366126,1029.7048832593964,-23.175576077216192,-2.2011592932229367
84,2025-11-16 05:00:00,13,1052.4102498817988,1029.637019049075,-22.77323083272381,-2.163911918881594
85,2025-11-16 06:00:00,13,1050.9445719771247,1027.815820568489,-23.128751408635708,-2.2007584439133616
86,2025-11-16 07:00:00,13,1053.0732610034552,1026.9146229245252,-26.15863807892993,-2.4840283242975723
87,2025-11-16 08:00:00,13,1051.376333426486,1023.649919367053,-27.72641405943284,-2.63715409772171
88,2025-11-16 09:00:00,13,1050.7280060016,1022.38930335598,-28.33870264562017,-2.697054088570379
89,2025-11-16 10:00:00,13,1049.7260067554157,1020.4260368755104,-29.299969879905007,-2.7912016746606008
90,2025-11-16 11:00:00,13,1049.5380505384824,1020.0557016067532,-29.48234893172912,-2.8090786147870226
91,2025-11-16 12:00:00,13,1048.851516707367,1018.697354851392,-30.15416185597485,-2.8749695620059783
92,2025-11-16 13:00:00,13,1046.8506301087468,1014.6862415622948,-32.164388546452074,-3.072490728033553
93,2025-11-16 14:00:00,13,1044.593029589916,1010.0616016633808,-34.53142792653534,-3.305730265124554
94,2025-11-16 15:00:00,13,1040.2769259329696,1000.8951242050556,-39.38180172791385,-3.7857036666072728
95,2025-11-16 16:00:00,13,1038.0385981427485,995.9518188692758,-42.08677927347264,-4.05445224761141
96,2025-11-16 17:00:00,13,1038.1440197664415,996.1878302593605,-41.95618950708104,-4.041461368387039
97,2025-11-16 18:00:00,13,1038.3832129620896,996.7221173552692,-41.66109560682048,-4.012111818331321
98,2025-11-16 19:00:00,13,1041.6282237478229,1003.8141305049372,-37.81409324288552,-3.630286927789725
99,2025-11-16 20:00:00,13,1043.8350628378066,1008.483949575514,-35.35111326229253,-3.386657003663563
100,2025-11-16 21:00:00,13,1046.4808400011186,1013.936118277494,-32.54472172362455,-3.10992045717624
101,2025-11-16 22:00:00,13,1047.9604800092786,1016.9209001943184,-31.03957981496012,-2.9619036602110507
102,2025-11-16 23:00:00,13,1049.8283762504934,1020.6274614925048,-29.200914757988585,-2.78149413928788
103,2025-11-17 00:00:00,13,1051.786659345895,1024.4439126909442,-27.342746654950812,-2.599647600774404
104,2025-11-17 01:00:00,13,1051.9286115997268,1024.7179082537414,-27.210703345985397,-2.586744294805762
105,2025-11-17 02:00:00,13,1052.2784251752717,1025.391623887979,-26.886801287292656,-2.555103349459463
106,2025-11-17 03:00:00,13,1051.6528665638962,1024.185344363901,-27.467522199994846,-2.61184303997007
107,2025-11-17 04:00:00,13,1047.6209833932107,1016.2399533003762,-31.38103009283452,-2.995456428449187
108,2025-11-17 05:00:00,13,1037.9042686672085,995.6506164719192,-42.253652195289305,-4.0710548622704845
109,2025-11-17 06:00:00,13,1030.8220676787828,978.0806982152336,-52.74136946354929,-5.116437755578218
110,2025-11-17 07:00:00,13,1029.1959786797863,973.22675106826,-55.96922761152632,-5.43815063126476
111,2025-11-17 08:00:00,13,1028.913786960101,972.365600166732,-56.54818679336904,-5.4959110772963
112,2025-11-17 09:00:00,13,1031.2221329540896,979.2483149467504,-51.97381800733933,-5.040021576966407
113,2025-11-17 10:00:00,13,1032.696312443063,983.4679231252744,-49.2283893177887,-4.766976382565796
114,2025-11-17 11:00:00,13,1034.0703190432357,986.8142229736771,-47.25609606955823,-4.569911271922156
115,2025-11-17 12:00:00,13,1033.5609392633403,985.60257341252,-47.9583658508202,-4.640110130806803
116,2025-11-17 13:00:00,13,1031.783748556294,980.8708610479932,-50.91288750830074,-4.934453327021262
117,2025-11-17 14:00:00,13,1028.8614463487493,972.2052299720528,-56.65621637669642,-5.506690582853454
118,2025-11-17 15:00:00,13,1035.8819100117416,961.0684286909684,-74.81348132077335,-7.222201739185246
119,2025-11-17 16:00:00,13,1033.4262477245452,952.0989148163104,-81.3273329082349,-7.869679436467372
120,2025-11-17 17:00:00,13,1035.307290979182,959.0384653099328,-76.26882566924905,-7.366781469984129
121,2025-11-17 18:00:00,13,1036.100499690515,961.8306981352988,-74.26980155521642,-7.168204394979148
122,2025-11-17 19:00:00,13,1027.639810131811,968.4021959818314,-59.23761414997955,-5.764433565723908
123,2025-11-17 20:00:00,13,1029.799627607934,975.049692942682,-54.74993466525211,-5.3165619017000205
124,2025-11-17 21:00:00,13,1034.5474701997405,987.9407206152006,-46.6067495845399,-4.505037316029735
125,2025-11-17 22:00:00,13,1037.798600888626,995.4133059947656,-42.38529489386031,-4.084154175729997
126,2025-11-17 23:00:00,13,1044.0702836700684,1008.9749353927896,-35.095348277278845,-3.3613971038341663
127,2025-11-18 00:00:00,13,1045.5413991046682,1012.017594887686,-33.523804216982285,-3.206358375258008
128,2025-11-18 01:00:00,13,1046.003364506376,1012.9633485280178,-33.04001597835804,-3.158691176289868
129,2025-11-18 02:00:00,13,1046.6306829268651,1014.2404163554992,-32.39026657136583,-3.0947178503106376
130,2025-11-18 03:00:00,13,1047.9344063012024,1016.8686836572308,-31.06572264397153,-2.9644720563781606
131,2025-11-18 04:00:00,13,1044.1425486510773,1009.125524153246,-35.01702449783113,-3.3536632084450018
132,2025-11-18 05:00:00,13,1034.0404243552537,986.743374147862,-47.29705020739175,-4.574003984117204
133,2025-11-18 06:00:00,13,1034.423708328462,955.8382319441124,-78.58547638434959,-7.597029703750393
134,2025-11-18 07:00:00,13,1033.1700887654556,951.1149112996202,-82.05517746583541,-7.942078304249389
135,2025-11-18 08:00:00,13,1033.3302594844404,951.7313777482568,-81.59888173618367,-7.896689464692131
136,2025-11-18 09:00:00,13,1027.4171360334235,967.696040443204,-59.721095590219534,-5.812740852346142
137,2025-11-18 10:00:00,13,1028.9451788768235,972.4616866405177,-56.48349223630589,-5.489455939524608
138,2025-11-18 11:00:00,13,1031.0376767780444,978.7112104330864,-52.326466344958135,-5.075126498623838
139,2025-11-18 12:00:00,13,1030.6266108588068,977.5065683097116,-53.12004254909528,-5.154150105325835
140,2025-11-18 13:00:00,13,1028.5783579331437,971.3342955393272,-57.24406239381619,-5.565357461812063
141,2025-11-18 14:00:00,13,1035.4956873751544,959.708283501838,-75.7874038733164,-7.318949252741701
142,2025-11-18 15:00:00,13,1031.5334648868911,944.566683430641,-86.96678145625015,-8.430825020862134
143,2025-11-18 16:00:00,13,1028.105661259771,928.8707259117303,-99.2349353480406,-9.652211741198354
144,2025-11-18 17:00:00,13,1029.341562476377,934.9160368056092,-94.4255256707678,-9.17339094358534
145,2025-11-18 18:00:00,13,1031.912523948945,946.1265742761092,-85.78594967283561,-8.313296687644426
146,2025-11-18 19:00:00,13,1033.8624478576069,953.7516903296048,-80.11075752800207,-7.748686268082315
147,2025-11-18 20:00:00,13,1027.3321845255507,967.4255355024025,-59.90664902314825,-5.831283194034725
148,2025-11-18 21:00:00,13,1033.2300098017824,984.810259553554,-48.41975024822841,-4.68625086272101
149,2025-11-18 22:00:00,13,1036.5123318818482,992.4974268986148,-44.01490498323346,-4.246442963521896
150,2025-11-18 23:00:00,13,1041.2572418693378,1003.0174227509032,-38.239819118434525,-3.672466090106968
151,2025-11-19 00:00:00,13,1042.310983203654,1005.2714265515004,-37.039556652153806,-3.553599381473346
152,2025-11-19 01:00:00,13,1042.4304534708472,1005.5252501584188,-36.90520331242829,-3.540303642276543
153,2025-11-19 02:00:00,13,1041.8686367389396,1004.3285882820228,-37.54004845691679,-3.603146033305846
154,2025-11-19 03:00:00,13,1042.3845200644776,1005.4277021916932,-36.95681787278443,-3.5454112337065817
155,2025-11-19 04:00:00,13,1039.2302441771403,998.6009462043312,-40.62929797280924,-3.909556924508043
156,2025-11-19 05:00:00,13,1029.2898751404846,973.5120054496684,-55.77786969081626,-5.419063282168525
157,2025-11-19 06:00:00,13,1029.948770393387,937.7101524227988,-92.23861797058804,-8.955651059747147
158,2025-11-19 07:00:00,13,1029.0866277737844,933.710802390582,-95.37582538320235,-9.268007455264303
159,2025-11-19 08:00:00,13,1029.2197119060502,934.3424645992512,-94.87724730679906,-9.218366711136184
160,2025-11-19 09:00:00,13,1031.0659366124746,942.6027557178834,-88.46318089459123,-8.579779212300762
161,2025-11-19 10:00:00,13,1031.912523948945,946.1265742761092,-85.78594967283561,-8.313296687644426
162,2025-11-19 11:00:00,13,1032.0421814711813,946.6538114309471,-85.38837004023412,-8.273728687960464
163,2025-11-19 12:00:00,13,1033.1059537483902,950.8669380929468,-82.2390156554435,-7.960366055103826
164,2025-11-19 13:00:00,13,1033.4901923888872,952.34297732764,-81.14721506124704,-7.851764405589302
165,2025-11-19 14:00:00,13,1031.8368184539188,945.817259253848,-86.01955920007083,-8.336546793218778
166,2025-11-19 15:00:00,13,1029.7062950988684,936.6067773366084,-93.09951776226012,-9.04136628137454
167,2025-11-19 16:00:00,13,1027.5218095617413,925.8138922283846,-101.7079173333567,-9.898370661031242
0,2025-11-12 17:00:00,14,2056.2687096718223,2022.6447916669515,-33.62391800487103,-1.6351908603539156
1,2025-11-12 18:00:00,14,2061.9214485282814,2032.5729668680428,-29.348481660238576,-1.423355951856768
2,2025-11-12 19:00:00,14,2067.408448087141,2041.926170555776,-25.48227753136553,-1.2325710265401533
3,2025-11-12 20:00:00,14,2066.141197765233,2046.274881279185,-19.866316486047708,-0.961517853065192
4,2025-11-12 21:00:00,14,1025.6209789788056,1016.5977650376258,-9.023213941179849,-0.8797805550120588
5,2025-11-12 22:00:00,14,1019.432321611453,1011.7235076811628,-7.708813930290262,-0.7561869254944423
6,2025-11-12 23:00:00,14,1020.26573971033,1012.9770827707084,-7.288656939621433,-0.7143880908606028
7,2025-11-13 00:00:00,14,1023.8016072078568,1018.339243736566,-5.462363471290814,-0.5335373018399472
8,2025-11-13 01:00:00,14,906.6546122300977,900.8868537431164,-5.767758486981279,-0.6361582910601786
9,2025-11-13 02:00:00,14,907.1411548469528,902.674095554018,-4.467059292934778,-0.4924326571522854
10,2025-11-13 03:00:00,14,906.8001803157144,901.4234867121564,-5.3766936035578965,-0.5929303633007582
11,2025-11-13 04:00:00,14,1023.436881853786,1017.7807327316248,-5.656149122161082,-0.5526622327618199
12,2025-11-13 05:00:00,14,1025.3595420229262,1016.426125539644,-8.933416483282258,-0.8712472178936931
13,2025-11-13 06:00:00,14,2072.8101106315285,2050.8904834858195,-21.919627145709,-1.0574836080392669
14,2025-11-13 07:00:00,14,2072.2626688861,2049.9922547368574,-22.270414149242697,-1.074690698414872
15,2025-11-13 08:00:00,14,2069.228084866804,2044.9716344861947,-24.256450380609067,-1.172246334660128
16,2025-11-13 09:00:00,14,2063.575412686091,2035.42023587923,-28.155176806861164,-1.364388072942411
17,2025-11-13 10:00:00,14,2058.607843410219,2026.791504873897,-31.81633853632184,-1.545526926761145
18,2025-11-13 11:00:00,14,2056.963712617857,2023.8827397935504,-33.08097282430617,-1.6082428980822747
19,2025-11-13 12:00:00,14,2056.315108972308,2022.7275963182797,-33.58751265402793,-1.6333835464941993
20,2025-11-13 13:00:00,14,2056.43879443302,2022.94821597042,-33.49057846259984,-1.6285716138628634
21,2025-11-13 14:00:00,14,2055.4784776049805,2021.2310313644184,-34.24744624056211,-1.6661544556996206
22,2025-11-13 15:00:00,14,2051.990694314464,2014.9092624316468,-37.08143188281701,-1.807095518783788
23,2025-11-13 16:00:00,14,2055.198918792439,2020.7292886062728,-34.46963018616634,-1.6771919190391291
24,2025-11-13 17:00:00,14,2054.1553237520825,2018.848764912344,-35.30655883973827,-1.7187872032601683
25,2025-11-13 18:00:00,14,2053.2010229035945,2017.1185727702416,-36.08245013335272,-1.757375421639215
26,2025-11-13 19:00:00,14,2057.28732594485,2024.457450785112,-32.82987515973855,-1.595784640565983
27,2025-11-13 20:00:00,14,2063.710209513994,2035.6511973876643,-28.059012126329662,-1.359639158491036
28,2025-11-13 21:00:00,14,2069.154991750584,2044.8498159826536,-24.305175767930223,-1.1746425891163963
29,2025-11-13 22:00:00,14,2067.880021294313,2047.5596426198583,-20.32037867445433,-0.9826671985416032
30,2025-11-13 23:00:00,14,2063.0599255567786,2043.965724590598,-19.09420096618055,-0.9255281792664072
31,2025-11-14 00:00:00,14,2062.898698656453,2043.8438148750151,-19.054883781438093,-0.9236945950786803
32,2025-11-14 01:00:00,14,1024.4467532699057,1015.2210854442494,-9.225667825656046,-0.9005512288665929
33,2025-11-14 02:00:00,14,1024.695500305436,1015.6836286952388,-9.011871610196977,-0.8794682525209455
34,2025-11-14 03:00:00,14,1024.3220169601427,1014.9885554462588,-9.333461513884004,-0.911184311119535
35,2025-11-14 04:00:00,14,2072.9395760879274,2051.102579778537,-21.836996309390543,-1.05343139574775
36,2025-11-14 05:00:00,14,2057.2411234939354,2024.375465084277,-32.86565840965841,-1.5975598598690608
37,2025-11-14 06:00:00,14,2043.546420851268,1998.983794730164,-44.56262612110436,-2.18065152161022
38,2025-11-14 07:00:00,14,2041.3772517672908,1994.731201580857,-46.64605018643374,-2.285028411385041
39,2025-11-14 08:00:00,14,2042.217795195964,1996.3876931160944,-45.83010207986899,-2.244133911068545
40,2025-11-14 09:00:00,14,2046.002718659107,2003.7148342438757,-42.28788441523125,-2.0668537744146085
41,2025-11-14 10:00:00,14,2051.027288558553,2013.1384227661024,-37.88886579245059,-1.8473116376271423
42,2025-11-14 11:00:00,14,2053.075572558409,2016.8903607399368,-36.18521181847268,-1.7624880594814647
43,2025-11-14 12:00:00,14,2055.9746285975443,2022.119443061884,-33.85518553566067,-1.6466733132185842
44,2025-11-14 13:00:00,14,2053.075572558409,2016.8903607399368,-36.18521181847268,-1.7624880594814647
45,2025-11-14 14:00:00,14,2050.9006382236034,2012.9048019226225,-37.99583630098118,-1.8526414977320127
46,2025-11-14 15:00:00,14,2047.3738381776147,2006.3190052496184,-41.054832927996586,-2.00524360341245
47,2025-11-14 16:00:00,14,2045.2572453966347,2002.2881004024832,-42.96914499415152,-2.1009164050568394
48,2025-11-14 17:00:00,14,2048.016227972893,2007.5304335409448,-40.48579443194831,-1.976829767214333
49,2025-11-14 18:00:00,14,2051.927644532892,2014.7937063368745,-37.13393819601743,-1.8097099230061169
50,2025-11-14 19:00:00,14,2058.2860942181705,2026.224426331033,-32.06166788713722,-1.5576876303639255
51,2025-11-14 20:00:00,14,2060.9536127616457,2030.8951676940108,-30.05844506763492,-1.4584726643777817
52,2025-11-14 21:00:00,14,2064.726116489489,2037.386682356348,-27.33943413314114,-1.324119161122662
53,2025-11-14 22:00:00,14,2067.997010358619,2042.9141719145125,-25.0828384441063,-1.2129049664223932
54,2025-11-14 23:00:00,14,2069.2561950508784,2048.566404332914,-20.68979071796457,-0.9998660759092642
55,2025-11-15 00:00:00,14,2064.849576912156,2045.3118112303684,-19.537765681787505,-0.946207699594511
56,2025-11-15 01:00:00,14,2063.574266576679,2044.3539365684223,-19.220330008256497,-0.931409657484324
57,2025-11-15 02:00:00,14,1024.4227843470303,1015.176433627338,-9.2463507196926,-0.902591279789452
58,2025-11-15 03:00:00,14,2067.324295572483,2047.1505421923027,-20.17375338018041,-0.9758388378342888
59,2025-11-15 04:00:00,14,2072.041119411192,2050.5746641799424,-21.46645523124971,-1.0360052718138042
60,2025-11-15 05:00:00,14,2069.228084866804,2044.9716344861947,-24.256450380609067,-1.172246334660128
61,2025-11-15 06:00:00,14,2062.313465622906,2033.2500733335544,-29.06339228935144,-1.4092616265089977
62,2025-11-15 07:00:00,14,2058.347414677184,2026.3325827804551,-32.01483189672899,-1.555365807950839
63,2025-11-15 08:00:00,14,2059.1125368076696,2027.6789433769388,-31.433593430730756,-1.5265602471375168
64,2025-11-15 09:00:00,14,2060.83234497852,2030.684322420699,-30.148022557820468,-1.4629051524390118
65,2025-11-15 10:00:00,14,2064.6068318139173,2037.1833770789665,-27.423454734951065,-1.3282652325071225
66,2025-11-15 11:00:00,14,2065.752374331868,2039.1307119201124,-26.62166241175555,-1.2887150823372946
67,2025-11-15 12:00:00,14,2065.499955111065,2038.702590166161,-26.797364944904075,-1.2973791104954606
68,2025-11-15 13:00:00,14,2066.078621761465,2039.683246279408,-26.39537548205749,-1.2775591017709542
69,2025-11-15 14:00:00,14,2059.188908474421,2027.8130137206745,-31.375894753746707,-1.523701619828167
70,2025-11-15 15:00:00,14,2050.916473358222,2012.934022194542,-37.982451163680025,-1.8519745517225576
71,2025-11-15 16:00:00,14,2049.5346905625497,2010.3727139278683,-39.16197663468142,-1.910774031540416
72,2025-11-15 17:00:00,14,2052.4315561267185,2015.715964477943,-36.71559164877544,-1.7888826323672349
73,2025-11-15 18:00:00,14,2058.270761534772,2026.1973767865225,-32.073384748249964,-1.558268491572707
74,2025-11-15 19:00:00,14,2063.919735791744,2036.0098795168803,-27.909856274863387,-1.3522743055779172
75,2025-11-15 20:00:00,14,2070.394409480604,2046.9097354289595,-23.484674051644333,-1.1343091897903594
76,2025-11-15 21:00:00,14,2066.952138674488,2046.875777895371,-20.07636077911729,-0.9713026442882235
77,2025-11-15 22:00:00,14,1025.123923380614,1016.2652746243418,-8.85864875627226,-0.8641539382925091
78,2025-11-15 23:00:00,14,1025.3306018967924,1016.4066785740788,-8.923923322713563,-0.8703459456106067
79,2025-11-16 00:00:00,14,1025.6152702020638,1016.594095994053,-9.021174208010848,-0.8795865730658946
80,2025-11-16 01:00:00,14,1025.538038720328,1016.5441095053784,-8.993929214949617,-0.8769961596131812
81,2025-11-16 02:00:00,14,1025.4633805586484,1016.4951749963594,-8.968205562288972,-0.8745515181052398
82,2025-11-16 03:00:00,14,1025.8902312940156,1016.7666913016458,-9.123539992369842,-0.889329064071678
83,2025-11-16 04:00:00,14,1026.0750885167768,1016.8778680000704,-9.197220516706466,-0.8963496550726451
84,2025-11-16 05:00:00,14,1025.5523637537322,1016.553430087456,-8.998933666276002,-0.8774718858175177
85,2025-11-16 06:00:00,14,1024.398806464054,1015.1317506700472,-9.267055794006865,-0.9046335992907116
86,2025-11-16 07:00:00,14,2071.4100873410084,2048.588859170568,-22.821228170440463,-1.10172429447494
87,2025-11-16 08:00:00,14,2068.437440648588,2043.6516572837984,-24.78578336478972,-1.1982853760864909
88,2025-11-16 09:00:00,14,2067.3052938620085,2041.7527150665017,-25.55257879550686,-1.236033152499269
89,2025-11-16 10:00:00,14,2065.5593729209745,2038.803416290389,-26.755956630585388,-1.2953370879264012
90,2025-11-16 11:00:00,14,2065.2323838977863,2038.2481724121708,-26.98421148561556,-1.3065944392508169
91,2025-11-16 12:00:00,14,2064.0393790261337,2036.214518649552,-27.82486037658191,-1.348077980455508
92,2025-11-16 13:00:00,14,2060.574437364437,2030.235440799556,-30.338996564880745,-1.472356252448013
93,2025-11-16 14:00:00,14,2056.685964845779,2023.388617112157,-33.29734773362179,-1.618980646669537
94,2025-11-16 15:00:00,14,2049.311551141038,2009.956877568001,-39.35467357303696,-1.9203850947468013
95,2025-11-16 16:00:00,14,2045.5168172923948,2002.7857689595712,-42.73104833282355,-2.0890098762123936
96,2025-11-16 17:00:00,14,2045.6951015073969,2003.1270389015472,-42.56806260584972,-2.0808605629686894
97,2025-11-16 18:00:00,14,2046.0997746760693,2003.9000166709272,-42.19975800514203,-2.062448690305092
98,2025-11-16 19:00:00,14,2051.612134265784,2014.2147436398527,-37.39739062593071,-1.8228294715811
99,2025-11-16 20:00:00,14,2055.385329311521,2021.0639454797924,-34.32138383172878,-1.6698272261788103
100,2025-11-16 21:00:00,14,2059.936004842129,2029.1215289701288,-30.814475872000912,-1.4958948141868362
101,2025-11-16 22:00:00,14,2062.49417035687,2033.5617175756904,-28.93245278117979,-1.4027895543662872
102,2025-11-16 23:00:00,14,2065.737533846763,2039.1055564334315,-26.631977413331697,-1.289223678079679
103,2025-11-17 00:00:00,14,2069.154991750584,2044.8498159826536,-24.305175767930223,-1.1746425891163963
104,2025-11-17 01:00:00,14,2069.4034131190638,2045.263666755264,-24.13974636379908,-1.1665075166477554
105,2025-11-17 02:00:00,14,2070.0160059072487,2046.282109218536,-23.733896688712548,-1.1465561918836678
106,2025-11-17 03:00:00,14,2068.920936718248,2044.4594478651384,-24.46148885310936,-1.182330770547014
107,2025-11-17 04:00:00,14,2061.906357529268,2032.5468727769503,-29.359484752317712,-1.4239000061815836
108,2025-11-17 05:00:00,14,2045.2897080688635,2002.3503920092317,-42.93931605963189,-2.0994246384867723
109,2025-11-17 06:00:00,14,2033.4124209403808,1972.774903879085,-60.63751706129574,-2.9820569814977844
110,2025-11-17 07:00:00,14,2030.7112023935804,1962.2015438096337,-68.5096585839467,-3.3736780741247205
111,2025-11-17 08:00:00,14,2030.2433820598908,1960.331742638171,-69.91163942172011,-3.4435102726840348
112,2025-11-17 09:00:00,14,2034.0784408326435,1975.3270263951451,-58.75141443749817,-2.888355397614286
113,2025-11-17 10:00:00,14,2036.537599986773,1984.5785234132584,-51.959076573515176,-2.55134383837807
114,2025-11-17 11:00:00,14,2038.836792663501,1989.6547833910304,-49.18200927247085,-2.4122582763586644
115,2025-11-17 12:00:00,14,2037.9836120142932,1987.9252606954708,-50.05835131882259,-2.4562685893899867
116,2025-11-17 13:00:00,14,2035.0143758095503,1978.879164864684,-56.135210944866685,-2.758467537731054
117,2025-11-17 14:00:00,14,2030.15664191162,1959.9837337580368,-70.17290815358297,-3.4565267873865797
118,2025-11-17 15:00:00,14,2067.424534856872,1935.968356460295,-131.45617839657734,-6.358451115396
119,2025-11-17 16:00:00,14,2063.460416301943,1916.8407751229072,-146.61964117903585,-7.105522355587617
120,2025-11-17 17:00:00,14,2066.4950764743576,1931.622854706091,-134.87222176826663,-6.52661713563682
121,2025-11-17 18:00:00,14,2067.7784100502213,1937.602652214318,-130.17575783590337,-6.295440420656182
122,2025-11-17 19:00:00,14,2028.1348259921583,1951.7493318481688,-76.38549414398949,-3.766292712153488
123,2025-11-17 20:00:00,14,2031.7128771686428,1966.1656545944927,-65.5472225741496,-3.2262050071511577
124,2025-11-17 21:00:00,14,2039.636864763511,1991.26515575437,-48.37170900914112,-2.371584366060654
125,2025-11-17 22:00:00,14,2045.1111060729695,2002.0074933687124,-43.10361270425733,-2.107641613028304
126,2025-11-17 23:00:00,14,2055.7886981200127,2021.7868223113385,-34.001875808674185,-1.6539577165575616
127,2025-11-18 00:00:00,14,2058.3167565023123,2026.2785128983385,-32.0382436039738,-1.5565263948206025
128,2025-11-18 01:00:00,14,2059.1125368076696,2027.6789433769388,-31.433593430730756,-1.5265602471375168
129,2025-11-18 02:00:00,14,2060.1946326250195,2029.573244435043,-30.62138818997641,-1.4863347231887425
130,2025-11-18 03:00:00,14,2062.449007548068,2033.4838576095171,-28.96514993855021,-1.404405628092851
131,2025-11-18 04:00:00,14,2055.9126685691385,2022.00864036884,-33.904028200298626,-1.649098656699992
132,2025-11-18 05:00:00,14,2038.786694335104,1989.5535796353693,-49.233114699734415,-2.4148242107196256
133,2025-11-18 06:00:00,14,2065.068092670338,1924.791926881475,-140.27616578886295,-6.792810672284998
134,2025-11-18 07:00:00,14,2063.048094331003,1914.7538574518844,-148.29423687911867,-7.18811341755011
135,2025-11-18 08:00:00,14,2063.3058843401,1916.0610221147915,-147.24486222530868,-7.13635643376268
136,2025-11-18 09:00:00,14,2027.7668558752976,1950.2242022095156,-77.54265366578215,-3.824041873507712
137,2025-11-18 10:00:00,14,2030.2954101140333,1960.540283674689,-69.7551264393444,-3.435713152473045
138,2025-11-18 11:00:00,14,2033.7712910357093,1974.1526265167208,-59.61866451898891,-2.931434069394684
139,2025-11-18 12:00:00,14,2033.0872367902905,1971.5212409203,-61.56599586999005,-3.028202369082133
140,2025-11-18 13:00:00,14,2029.687666705208,1958.0948702588455,-71.59279644636217,-3.527281444370146
141,2025-11-18 14:00:00,14,2066.799685226826,1933.0556435331928,-133.74404169363288,-6.471069385660121
142,2025-11-18 15:00:00,14,2060.418958310669,1900.923470238234,-159.49548807243514,-7.740925088517191
143,2025-11-18 16:00:00,14,2054.9412027676303,1868.176296290936,-186.76490647669425,-9.08857665733482
144,2025-11-18 17:00:00,14,2056.911778165328,1880.7215279870125,-176.19025017831564,-8.565766021110994
145,2025-11-18 18:00:00,14,2061.0270929406183,1904.2090525233104,-156.8180404173081,-7.608732604944282
146,2025-11-18 19:00:00,14,2064.1630521587267,1920.3511425064005,-143.81190965232622,-6.967080895180542
147,2025-11-18 20:00:00,14,2027.6265180764865,1949.640293453967,-77.98622462251933,-3.846182910277835
148,2025-11-18 21:00:00,14,2037.4298377498455,1986.7957359922575,-50.63410175758804,-2.485194867544924
149,2025-11-18 22:00:00,14,2042.9404806880684,1997.8031314956183,-45.13734919245008,-2.209430456693857
150,2025-11-18 23:00:00,14,2050.979802915823,2013.0508527846216,-37.92895013120096,-1.849308807296805
151,2025-11-19 00:00:00,14,2052.777351627364,2016.347132793269,-36.4302188340946,-1.7746794997136008
152,2025-11-19 01:00:00,14,2052.981439575306,2016.719001596518,-36.26243797878806,-1.76633053176991
153,2025-11-19 02:00:00,14,2052.0222126794038,2014.967011032473,-37.0552016469303,-1.8057894996441544
154,2025-11-19 03:00:00,14,2052.902965784921,2016.5760709332983,-36.32689485162291,-1.7695378426097907
155,2025-11-19 04:00:00,14,2047.534605397617,2006.622693598154,-40.91191179946304,-1.998105999850402
156,2025-11-19 05:00:00,14,2030.8669268322635,1962.8213111553985,-68.04561567686505,-3.3505698860831954
157,2025-11-19 06:00:00,14,2057.881762389038,1886.5483925564463,-171.33336983259164,-8.325714963997111
158,2025-11-19 07:00:00,14,2056.5048922825586,1878.2136890144843,-178.291203268074,-8.669622131080118
159,2025-11-19 08:00:00,14,2056.7172733624207,1879.5276268263688,-177.18964653605144,-8.615167910092634
160,2025-11-19 09:00:00,14,2059.669550319408,1896.7948836155704,-162.87466670383742,-7.90780572925299
161,2025-11-19 10:00:00,14,2061.0270929406183,1904.2090525233104,-156.8180404173081,-7.608732604944282
162,2025-11-19 11:00:00,14,2061.2352163465152,1905.320842488225,-155.91437385829022,-7.5641233286633
163,2025-11-19 12:00:00,14,2062.944895325438,1914.228301304654,-148.7165940207842,-7.208946509321255
164,2025-11-19 13:00:00,14,2063.5633785269706,1917.35874332824,-146.20463519873056,-7.0850566898069065
165,2025-11-19 14:00:00,14,2060.9055981822685,1903.5570970952356,-157.34850108703313,-7.634920358594566
166,2025-11-19 15:00:00,14,2057.494275307602,1884.245254540736,-173.24902076686612,-8.420388957872792
167,2025-11-19 16:00:00,14,2054.0120036601343,1861.8649150844883,-192.1470885756457,-9.354720821166108
0,2025-11-12 17:00:00,15,2609.2926294940044,2321.495938706355,-287.79669078764937,-11.029682433260046
1,2025-11-12 18:00:00,15,2616.936557394929,2344.434253364196,-272.5023040307333,-10.41302676064872
2,2025-11-12 19:00:00,15,2624.31278284408,2365.994502302675,-258.31828054140533,-9.843273341124176
3,2025-11-12 20:00:00,15,2637.185916245587,2400.2928738096853,-236.89304243590183,-8.982796433751366
4,2025-11-12 21:00:00,15,2587.4034193290327,2363.703900657324,-223.69951867170855,-8.645714734724997
5,2025-11-12 22:00:00,15,2159.141067712032,1908.376920780363,-250.76414693166907,-11.614069626186827
6,2025-11-12 23:00:00,15,2160.7324588999786,1912.0683821053908,-248.6640767945878,-11.508323289648818
7,2025-11-13 00:00:00,15,2167.87436388498,1928.4444252409423,-239.42993864403752,-11.044456386991108
8,2025-11-13 01:00:00,15,2135.094831107608,1908.2959441433936,-226.7988869642138,-10.622426866471264
9,2025-11-13 02:00:00,15,2133.8107598674487,1912.6663840766664,-221.1443757907823,-10.363823256965846
10,2025-11-13 03:00:00,15,2134.710762136277,1909.607624426577,-225.10313770969924,-10.54490105649868
11,2025-11-13 04:00:00,15,2167.1033597425303,1926.684916334972,-240.41844340755847,-11.093999846695
12,2025-11-13 05:00:00,15,2587.639059212947,2364.9292541566697,-222.7098050562772,-8.606679678270753
13,2025-11-13 06:00:00,15,2631.531525023981,2386.6145136569403,-244.91701136704117,-9.307014148911218
14,2025-11-13 07:00:00,15,2630.801885011712,2384.5502728285182,-246.25161218319363,-9.360325214382206
15,2025-11-13 08:00:00,15,2626.7493138785558,2373.0045211592965,-253.74479271925884,-9.660030798469656
16,2025-11-13 09:00:00,15,2619.164555095472,2351.0025744889035,-268.1619806065687,-10.23845485709827
17,2025-11-13 10:00:00,15,2612.461199871666,2331.083321754727,-281.377878116939,-10.77060505743631
18,2025-11-13 11:00:00,15,2610.2348768513407,2324.359146397602,-285.87573045373847,-10.952107528291975
19,2025-11-13 12:00:00,15,2609.355556233476,2321.6874818808,-287.6680743526763,-11.02448739365808
20,2025-11-13 13:00:00,15,2609.523283749311,2322.197798793998,-287.3254849553128,-11.010650364555827
21,2025-11-13 14:00:00,15,2608.220454241268,2318.2250355897663,-289.9954186515015,-11.118516388441607
22,2025-11-13 15:00:00,15,2603.477892119476,2303.5848342426552,-299.8930578768209,-11.518940060316
23,2025-11-13 16:00:00,15,2607.8409440327805,2317.0639197706428,-290.77702426213773,-11.15010579642478
24,2025-11-13 17:00:00,15,2606.423267212899,2312.71079368241,-293.7124735304892,-11.268794183400685
25,2025-11-13 18:00:00,15,2605.12556663394,2308.703865276854,-296.421701357086,-11.37840360378828
26,2025-11-13 19:00:00,15,2610.673383135734,2325.6880806611425,-284.9853024745921,-10.916160723724476
27,2025-11-13 20:00:00,15,2619.345962617827,2351.535181771665,-267.81078084616183,-10.224337856405436
28,2025-11-13 21:00:00,15,2626.651533917693,2372.7242148466294,-253.92731907106415,-9.667339416444308
29,2025-11-13 22:00:00,15,2635.9039661684915,2397.2269242858483,-238.67704188264315,-9.054845887636048
30,2025-11-13 23:00:00,15,2639.373542635319,2405.522283551893,-233.8512590834257,-8.860104691734298
31,2025-11-14 00:00:00,15,2639.4851768550006,2405.789076568256,-233.6961002867447,-8.85385158954362
32,2025-11-14 01:00:00,15,2586.1291019195496,2361.541272083989,-224.58782983556057,-8.684323983240459
33,2025-11-14 02:00:00,15,2587.0590356644893,2364.16723470542,-222.89180095906977,-8.615644169164456
34,2025-11-14 03:00:00,15,2585.6627575394587,2360.22183300943,-225.4409245300285,-8.71888353856944
35,2025-11-14 04:00:00,15,2631.7040138634543,2387.1018762365507,-244.60213762690364,-9.294439509092712
36,2025-11-14 05:00:00,15,2610.6107863512198,2325.4985122595194,-285.1122740916999,-10.921286144312369
37,2025-11-14 06:00:00,15,2591.926386271828,2266.599692677095,-325.3266935947331,-12.551540634712088
38,2025-11-14 07:00:00,15,2588.9434033885336,2256.6975233250846,-332.245880063449,-12.8332616166344
39,2025-11-14 08:00:00,15,2590.1000476078448,2260.555994656316,-329.544052951529,-12.72321713039186
40,2025-11-14 09:00:00,15,2595.296550250041,2277.602898073259,-317.6936521767825,-12.241131062505152
41,2025-11-14 10:00:00,15,2602.164917568248,2299.4796986973074,-302.6852188709404,-11.632053634548386
42,2025-11-14 11:00:00,15,2604.954879699253,2308.175223054189,-296.7796566450643,-11.39289048566277
43,2025-11-14 12:00:00,15,2608.89372662473,2320.280614940478,-288.6131116842521,-11.062662642745774
44,2025-11-14 13:00:00,15,2604.954879699253,2308.175223054189,-296.7796566450643,-11.39289048566277
45,2025-11-14 14:00:00,15,2601.9922173654086,2298.937985145907,-303.0542322195015,-11.647007635032535
46,2025-11-14 15:00:00,15,2597.1742335275403,2283.653760303704,-313.52047322383623,-12.071599555259937
47,2025-11-14 16:00:00,15,2594.2745874275583,2274.28610817592,-319.98847925163864,-12.33441058253337
48,2025-11-14 17:00:00,15,2598.053074586114,2286.4671602343046,-311.58591435180915,-11.99305423740994
49,2025-11-14 18:00:00,15,2603.392004098667,2303.3170095816395,-300.07499451702733,-11.526308525362388
50,2025-11-14 19:00:00,15,2612.0258176163347,2329.7727832540218,-282.253034362313,-10.805905227226644
51,2025-11-14 20:00:00,15,2615.63100872037,2340.5616787106096,-275.0693300097605,-10.516365997065124
52,2025-11-14 21:00:00,15,2620.712315218953,2355.5363579935697,-265.1759572253832,-10.118468772228765
53,2025-11-14 22:00:00,15,2625.1014081675644,2368.269213592112,-256.8321945754524,-9.783705641860612
54,2025-11-14 23:00:00,15,2634.8637476503445,2394.738006054693,-240.1257415956516,-9.113402611796724
55,2025-11-15 00:00:00,15,2638.115670863804,2402.51573488968,-235.59993597412404,-8.930614323555458
56,2025-11-15 01:00:00,15,2639.0155687185943,2404.666733994692,-234.34883472390263,-8.880161129086993
57,2025-11-15 02:00:00,15,2586.039491797193,2361.2878699078283,-224.7516218893643,-8.690958610735331
58,2025-11-15 03:00:00,15,2636.317538174989,2398.216185867587,-238.10135230740207,-9.031588526783825
59,2025-11-15 04:00:00,15,2632.685472516817,2389.522105746176,-243.163366770641,-9.2363242517603
60,2025-11-15 05:00:00,15,2626.7493138785558,2373.0045211592965,-253.74479271925884,-9.660030798469656
61,2025-11-15 06:00:00,15,2617.4649835785926,2345.996662460096,-271.46832111849653,-10.371421311139972
62,2025-11-15 07:00:00,15,2612.1088060480824,2330.0227505509392,-282.0860554971432,-10.799169423723871
63,2025-11-15 08:00:00,15,2613.1438430568446,2333.13386168921,-280.00998136763474,-10.715444620916092
64,2025-11-15 09:00:00,15,2615.46733226866,2340.074910948308,-275.3924213203518,-10.52937721387925
65,2025-11-15 10:00:00,15,2620.551959200332,2355.0677203470423,-265.4842388532893,-10.130851934502472
66,2025-11-15 11:00:00,15,2622.091080270681,2359.55559123505,-262.5354890356307,-10.012447355891576
67,2025-11-15 12:00:00,15,2621.7520990313337,2358.569107883547,-263.18299114778665,-10.038439227149876
68,2025-11-15 13:00:00,15,2622.529071152887,2360.828601825417,-261.7004693274698,-9.978934922251367
69,2025-11-15 14:00:00,15,2613.247111269796,2333.443610018494,-279.8035012513019,-10.707119890982806
70,2025-11-15 15:00:00,15,2602.01381133934,2299.0057420555167,-303.0080692838228,-11.645136853745402
71,2025-11-15 16:00:00,15,2600.1282108490896,2293.06459063279,-307.0636202162996,-11.809556887813075
72,2025-11-15 17:00:00,15,2604.0782917909783,2305.4543130465017,-298.6239787444765,-11.467549946015454
73,2025-11-15 18:00:00,15,2612.00506620412,2329.710266292297,-282.29479991182234,-10.807590060384742
74,2025-11-15 19:00:00,15,2619.6278881335184,2352.3622607878915,-267.26562734562685,-10.202427167472754
75,2025-11-15 20:00:00,15,2628.3084993864486,2377.4630708911045,-250.8454284953441,-9.543987266102947
76,2025-11-15 21:00:00,15,2636.5924545497955,2398.873701846145,-237.71875270365035,-9.016135667589984
77,2025-11-15 22:00:00,15,2587.8315844374383,2365.964669371175,-221.86691506626312,-8.573468088128855
78,2025-11-15 23:00:00,15,2587.663705733745,2365.059895009012,-222.60381072473277,-8.602501562760542
79,2025-11-16 00:00:00,15,2587.408818075407,2363.7315402563795,-223.6772778190275,-8.644837114894177
80,2025-11-16 01:00:00,15,2587.4807343122634,2364.1015530558834,-223.37918125638,-8.633076115086622
81,2025-11-16 02:00:00,15,2587.54828507205,2364.452374077857,-223.0959109941932,-8.621903300559323
82,2025-11-16 03:00:00,15,2587.1356055294177,2362.354178466828,-224.7814270625895,-8.688428491423874
83,2025-11-16 04:00:00,15,2586.9364376983644,2361.373831847,-225.5626058513644,-8.719294473738628
84,2025-11-16 05:00:00,15,2587.467552330172,2364.0334705063437,-223.4340818238288,-8.635241884390505
85,2025-11-16 06:00:00,15,2585.94984765497,2361.034307917,-224.91553973797,-8.697598677017316
86,2025-11-16 07:00:00,15,2629.6646656864555,2381.3242577376486,-248.34040794880684,-9.44380518129597
87,2025-11-16 08:00:00,15,2625.6912185997253,2369.966814622284,-255.7244039774414,-9.73931748584735
88,2025-11-16 09:00:00,15,2624.1745127090194,2365.5950957899204,-258.579416919099,-9.85374317396899
89,2025-11-16 10:00:00,15,2621.831901249013,2358.801441553357,-263.03045969565574,-10.03231593796501
90,2025-11-16 11:00:00,15,2621.3926692783857,2357.521924884545,-263.8707443938406,-10.066051816131717
91,2025-11-16 12:00:00,15,2619.788844348643,2352.834103327566,-266.9547410210771,-10.189933497768212
92,2025-11-16 13:00:00,15,2615.119162083487,2339.038518788941,-276.08064329454646,-10.55709610856091
93,2025-11-16 14:00:00,15,2609.858402673706,2323.21641123926,-286.641991434446,-10.983047629740817
94,2025-11-16 15:00:00,15,2599.8234656847094,2292.099661020733,-307.72380466397635,-11.836334609855204
95,2025-11-16 16:00:00,15,2594.630517871775,2275.44319981831,-319.1873180534649,-12.30184089237013
96,2025-11-16 17:00:00,15,2594.874931980992,2276.23657407918,-318.6383579018116,-12.279526615124958
97,2025-11-16 18:00:00,15,2595.429547983376,2278.033309390876,-317.39623859250014,-12.2290446619564
98,2025-11-16 19:00:00,15,2602.9621254842223,2301.9750289671365,-300.9870965170858,-11.563253017409693
99,2025-11-16 20:00:00,15,2608.0940145126933,2317.8383871613623,-290.255627351331,-11.129032379055689
100,2025-11-16 21:00:00,15,2614.256884783811,2336.46620087077,-277.790683913041,-10.62599033514693
101,2025-11-16 22:00:00,15,2617.708493757343,2346.715690474054,-270.99280328328905,-10.352291094655769
102,2025-11-16 23:00:00,15,2622.0711530913272,2359.4976303861063,-262.57352270522097,-10.013973968465969
103,2025-11-17 00:00:00,15,2626.651533917693,2372.7242148466294,-253.92731907106415,-9.667339416444308
104,2025-11-17 01:00:00,15,2626.9838265102185,2373.6764601657696,-253.30736634444884,-9.642517163151004
105,2025-11-17 02:00:00,15,2627.802854393563,2376.019449710735,-251.78340468282795,-9.581518045079292
106,2025-11-17 03:00:00,15,2626.3383753399244,2371.82591880599,-254.51245653393423,-9.690771719428309
107,2025-11-17 04:00:00,15,2616.9162108408395,2344.374036748011,-272.54217409282865,-10.414631273397108
108,2025-11-17 05:00:00,15,2594.3191059263386,2274.4309459190235,-319.88816000731504,-12.330332042676549
109,2025-11-17 06:00:00,15,2577.936447485663,2215.5446649166647,-362.3917825689982,-14.057436633957735
110,2025-11-17 07:00:00,15,2574.1844485303845,2199.2397386811645,-374.9447098492201,-14.565572799698872
111,2025-11-17 08:00:00,15,2573.533671789087,2196.3525852320445,-377.1810865570424,-14.656155102677596
112,2025-11-17 09:00:00,15,2578.860074644997,2219.474881695111,-359.38519294988646,-13.9358159243812
113,2025-11-17 10:00:00,15,2582.2653232100456,2233.70497944942,-348.560343760626,-13.498238954288643
114,2025-11-17 11:00:00,15,2585.4418031726823,2244.8623426403065,-340.57946053237583,-13.172969513931404
115,2025-11-17 12:00:00,15,2584.263901274444,2240.826421700439,-343.437479574005,-13.2895668822614
116,2025-11-17 13:00:00,15,2580.1570264870284,2224.941702172576,-355.2153243144526,-13.767197913457627
117,2025-11-17 14:00:00,15,2573.4129775684387,2195.815098858284,-377.5978787101553,-14.67303856790756
118,2025-11-17 15:00:00,15,2601.3124849137967,2158.6251117400448,-442.6873731737519,-17.017846788538435
119,2025-11-17 16:00:00,15,2595.681587036388,2128.857602736435,-466.8239842999528,-17.984639819899783
120,2025-11-17 17:00:00,15,2599.9941908044043,2151.87415473579,-448.1200360686144,-17.235424511851384
121,2025-11-17 18:00:00,15,2601.8140845479093,2161.1623216757494,-440.6517628721599,-16.9363278294624
122,2025-11-17 19:00:00,15,2570.5969425794037,2183.0856108548187,-387.5113317245846,-15.074760469284062
123,2025-11-17 20:00:00,15,2575.576895789106,2205.356926191881,-370.2199695972249,-14.374254179811505
124,2025-11-17 21:00:00,15,2586.545500920028,2248.61852161659,-337.92697930343775,-13.064799331124776
125,2025-11-17 22:00:00,15,2594.074157911284,2273.6336236641746,-320.4405342471091,-12.35279004148146
126,2025-11-17 23:00:00,15,2608.6414609635717,2319.5110600860403,-289.130400877531,-11.08356227577296
127,2025-11-18 00:00:00,15,2612.0673152751456,2329.8977870047847,-282.16952827036084,-10.802536619950704
128,2025-11-18 01:00:00,15,2613.1438430568446,2333.13386168921,-280.00998136763474,-10.715444620916092
129,2025-11-18 02:00:00,15,2614.606261295837,2337.5094147852124,-277.0968465106248,-10.59803346348951
130,2025-11-18 03:00:00,15,2617.647638608023,2346.536056348211,-271.11158225981217,-10.357069387840916
131,2025-11-18 04:00:00,15,2608.8096662312814,2320.0242676680155,-288.785398563266,-11.069623142743447
132,2025-11-18 05:00:00,15,2585.3726642030374,2244.6262311663054,-340.746433036732,-13.17978014367882
133,2025-11-18 06:00:00,15,2597.9678820216163,2141.248087138696,-456.7197948829202,-17.579886111891515
134,2025-11-18 07:00:00,15,2595.0946392287537,2125.60154367539,-469.4930955533637,-18.091559685580258
135,2025-11-18 08:00:00,15,2595.4616357002888,2127.6412079891543,-467.82042771113447,-18.024555681205843
136,2025-11-18 09:00:00,15,2570.083850653022,2180.72542011564,-389.3584305373825,-15.149639201010968
137,2025-11-18 10:00:00,15,2573.606061282266,2196.6746497236268,-376.9314115586399,-14.64604149132438
138,2025-11-18 11:00:00,15,2578.4341962661024,2217.6665848271477,-360.7676114389551,-13.99173234521137
139,2025-11-18 12:00:00,15,2577.485274114418,2213.613295143946,-363.8719789704724,-14.117325232653087
140,2025-11-18 13:00:00,15,2572.7602533703453,2192.897122798673,-379.8631305716717,-14.764808733112488
141,2025-11-18 14:00:00,15,2600.426364801014,2154.100816319509,-446.3255484815054,-17.163552659013995
142,2025-11-18 15:00:00,15,2591.346461262714,2103.980290700787,-487.366170561927,-18.807449248775583
143,2025-11-18 16:00:00,15,2583.5064792584617,2052.4731299445443,-531.0333493139174,-20.55475198445559
144,2025-11-18 17:00:00,15,2586.331613336106,2072.259232907164,-514.0723804289419,-19.876506855431447
145,2025-11-18 18:00:00,15,2592.2142896506407,2109.123514385744,-483.0907752648968,-18.63622067024421
146,2025-11-18 19:00:00,15,2596.6812566402773,2134.330828288295,-462.3504283519824,-17.80543634955781
147,2025-11-18 20:00:00,15,2569.8881192685576,2179.8215914352268,-390.0665278333309,-15.178346672319403
148,2025-11-18 21:00:00,15,2583.498841175202,2238.1895986897216,-345.30924248548035,-13.365953062645982
149,2025-11-18 22:00:00,15,2591.093751516869,2263.851635265247,-327.24211625162206,-12.629497333319147
150,2025-11-18 23:00:00,15,2602.100168807838,2299.2766475952417,-302.82352121259646,-11.637658105657636
151,2025-11-19 00:00:00,15,2604.5490346585943,2306.9167401994714,-297.63229445912293,-11.427402229658416
152,2025-11-19 01:00:00,15,2604.826788639777,2307.7782579947952,-297.0485306449823,-11.403772870444833
153,2025-11-19 02:00:00,15,2603.520825181068,2303.7186754084246,-299.8021497726436,-11.51525837139379
154,2025-11-19 03:00:00,15,2604.719996375187,2307.447136422204,-297.27285995298325,-11.412852835110026
155,2025-11-19 04:00:00,15,2597.3942288864714,2284.35912327011,-313.0351056163613,-12.051890395958974
156,2025-11-19 05:00:00,15,2574.401010461901,2200.1964660132567,-374.2045444486444,-14.535596549564138
157,2025-11-19 06:00:00,15,2587.72027479234,2081.4260528663845,-506.29422192595575,-19.56526085365177
158,2025-11-19 07:00:00,15,2585.748715735452,2068.309424432692,-517.4392913027605,-20.011197845866
159,2025-11-19 08:00:00,15,2586.0529976287776,2070.3791953885416,-515.673802240236,-19.940573635307217
160,2025-11-19 09:00:00,15,2590.276326356532,2097.5112842163576,-492.7650421401741,-19.02364767519976
161,2025-11-19 10:00:00,15,2592.2142896506407,2109.123514385744,-483.0907752648968,-18.63622067024421
162,2025-11-19 11:00:00,15,2592.5111709211,2110.862928304901,-481.6482426161988,-18.57844425199035
163,2025-11-19 12:00:00,15,2594.9476965648537,2124.7812956592134,-470.16640090564033,-18.11853092561513
164,2025-11-19 13:00:00,15,2595.8281187151883,2129.6654919116745,-466.1626268035138,-17.95814689896503
165,2025-11-19 14:00:00,15,2592.040953560589,2108.1032910804265,-483.93766248016254,-18.670139521344968
166,2025-11-19 15:00:00,15,2587.165691202081,2077.8044840219386,-509.3612071801426,-19.68800100095162
167,2025-11-19 16:00:00,15,2582.172470320813,2042.492396838936,-539.6800734818771,-20.900233415269373
0,2025-11-12 17:00:00,16,1912.6180930318235,1783.242715830848,-129.37537720097544,-6.764307922858429
1,2025-11-12 18:00:00,16,1918.4687333687984,1799.6649494686935,-118.80378390010446,-6.1926359201844825
2,2025-11-12 19:00:00,16,1924.1106516837,1815.067889437896,-109.04276224580416,-5.6671773086639226
3,2025-11-12 20:00:00,16,1933.883425325787,1839.525698729421,-94.35772659636586,-4.87918378950221
4,2025-11-12 21:00:00,16,1906.2266991590689,1817.5371958062065,-88.68950335286218,-4.652620981123993
5,2025-11-12 22:00:00,16,1708.7907613937325,1600.7256544794436,-108.06510691428866,-6.324069005742287
6,2025-11-12 23:00:00,16,1710.1832684135068,1603.7401704355614,-106.4430979779454,-6.224075509561612
7,2025-11-13 00:00:00,16,1716.428993190406,1617.103308745426,-99.32568444497996,-5.7867633813595
8,2025-11-13 01:00:00,16,1695.1086285521574,1602.308999082205,-92.79962946995238,-5.4745535422833225
9,2025-11-13 02:00:00,16,1694.4914543129976,1605.8808751779627,-88.61057913503487,-5.229331721295726
10,2025-11-13 03:00:00,16,1694.924128749887,1603.3813175089165,-91.54281124097042,-5.400997583796804
11,2025-11-13 04:00:00,16,1715.7544993093595,1615.668131545483,-100.08636776387652,-5.833373469465716
12,2025-11-13 05:00:00,16,1906.1417255705144,1818.1018460028724,-88.03987956764195,-4.618747829010003
13,2025-11-13 06:00:00,16,1929.628447927303,1829.768384040094,-99.86006388720875,-5.17509285243347
14,2025-11-13 07:00:00,16,1929.0708981231155,1828.298124515669,-100.7727736074462,-5.223902019645458
15,2025-11-13 08:00:00,16,1925.973472215453,1820.0689264943576,-105.90454572109547,-5.49875412350686
16,2025-11-13 09:00:00,16,1920.173278711328,1804.360856252661,-115.8124224586668,-6.031352677524559
17,2025-11-13 10:00:00,16,1915.0437950967323,1790.110899609019,-124.93289548771328,-6.523761796340677
18,2025-11-13 11:00:00,16,1913.3395033592824,1785.2944916069405,-128.04501175234213,-6.692226420221364
19,2025-11-13 12:00:00,16,1912.6662733599571,1783.3799926534507,-129.28628070650666,-6.759479293760486
20,2025-11-13 13:00:00,16,1912.7946938595276,1783.745719179855,-129.04897467967203,-6.746619231742243
21,2025-11-13 14:00:00,16,1911.7971323461784,1780.8981234375597,-130.8990089086185,-6.84690894728866
22,2025-11-13 15:00:00,16,1908.164826441148,1770.395409286046,-137.76941715510156,-7.219995633817994
23,2025-11-13 16:00:00,16,1911.5065238949971,1780.0656631639995,-131.44086073099788,-6.876296737045203
24,2025-11-13 17:00:00,16,1910.4208562514168,1776.9439092339862,-133.47694701743035,-6.98678234068988
25,2025-11-13 18:00:00,16,1909.4269468281132,1774.0693302327743,-135.35761659533887,-7.088913080450193
26,2025-11-13 19:00:00,16,1913.6752149931333,1786.2466220493177,-127.42859294381584,-6.658841163090105
27,2025-11-13 20:00:00,16,1920.3120507078063,1804.7415047220647,-115.57054598574132,-6.018321133960662
28,2025-11-13 21:00:00,16,1925.8987236948592,1819.869019587757,-106.02970410710212,-5.505466242985141
29,2025-11-13 22:00:00,16,1932.919202200262,1837.3385010549332,-95.58070114532848,-4.944888593197686
30,2025-11-13 23:00:00,16,1935.5296047380136,1843.256088216536,-92.27351652147786,-4.767352371960628
31,2025-11-14 00:00:00,16,1935.6136353360264,1843.446398474984,-92.16723686104228,-4.76165465971425
32,2025-11-14 01:00:00,16,1904.5602676886372,1815.1980823105264,-89.36218537811078,-4.692011426162963
33,2025-11-14 02:00:00,16,1905.276527950336,1817.0712630160212,-88.20526493431476,-4.62952561690373
34,2025-11-14 03:00:00,16,1904.2010473175176,1814.256680662392,-89.94436665512535,-4.723470075905672
35,2025-11-14 04:00:00,16,1929.760248716684,1830.11546334044,-99.64478537624382,-5.163583685719972
36,2025-11-14 05:00:00,16,1913.6272929550491,1786.1108107194225,-127.51648223562712,-6.663600728578365
37,2025-11-14 06:00:00,16,1899.311167674898,1743.8014314156014,-155.5097362592967,-8.18769135389589
38,2025-11-14 07:00:00,16,1897.023385751979,1736.6666946412686,-160.35669111071047,-8.453068755773149
39,2025-11-14 08:00:00,16,1897.9105391555663,1739.4475380651115,-158.46300109045478,-8.349339856712078
40,2025-11-14 09:00:00,16,1901.8951694514035,1751.7222869390796,-150.17288251232367,-7.895960036306346
41,2025-11-14 10:00:00,16,1907.1589539104837,1767.4479358552364,-139.711018055247,-7.325609528706575
42,2025-11-14 11:00:00,16,1909.2962090680064,1773.6900031707005,-135.6062058973057,-7.1024184332037095
43,2025-11-14 12:00:00,16,1912.3126637576756,1782.3716506688531,-129.94101308882227,-6.79496692938745
44,2025-11-14 13:00:00,16,1909.2962090680064,1773.6900031707005,-135.6062058973057,-7.1024184332037095
45,2025-11-14 14:00:00,16,1907.0266391758785,1767.0589062872114,-139.96773288866711,-7.339579322769931
46,2025-11-14 15:00:00,16,1903.334508582176,1756.0748579880126,-147.25965059416308,-7.736929579649094
47,2025-11-14 16:00:00,16,1901.111682606465,1749.3354373592715,-151.77624524719363,-7.983552288685382
48,2025-11-14 17:00:00,16,1904.008102306726,1758.097833225349,-145.910269081377,-7.663321857958754
49,2025-11-14 18:00:00,16,1908.0990310454529,1770.2031452354468,-137.89588581000612,-7.226872587134671
50,2025-11-14 19:00:00,16,1914.7105286425444,1789.1724202838443,-125.53810835870011,-6.556505878081831
51,2025-11-14 20:00:00,16,1917.4697549141329,1796.8949396137823,-120.57481530035056,-6.28822514625531
52,2025-11-14 21:00:00,16,1921.357201416364,1807.6004741628883,-113.75672725347567,-5.920644384584906
53,2025-11-14 22:00:00,16,1924.713630984807,1816.6910802253276,-108.0225507594796,-5.612395995980365
54,2025-11-14 23:00:00,16,1932.1370252709376,1835.5628864707217,-96.5741388002159,-4.998306928395704
55,2025-11-15 00:00:00,16,1934.582943498706,1841.111400326762,-93.47154317194396,-4.831612078771875
56,2025-11-15 01:00:00,16,1935.2601640756304,1842.6457990356723,-92.6143650399581,-4.785628659090133
57,2025-11-15 02:00:00,16,1904.4912434303956,1815.017293944066,-89.47394948632927,-4.698049927767984
58,2025-11-15 03:00:00,16,1933.2302375273157,1838.0442329191585,-95.18600460815696,-4.923676588563189
59,2025-11-15 04:00:00,16,1930.499731971351,1831.8416346372296,-98.65809733412084,-5.110495261937957
60,2025-11-15 05:00:00,16,1925.973472215453,1820.0689264943576,-105.90454572109547,-5.49875412350686
61,2025-11-15 06:00:00,16,1918.873040565049,1800.782234345867,-118.090806219182,-6.154175066444621
62,2025-11-15 07:00:00,16,1914.7740537344373,1789.351431231654,-125.4226225027835,-6.5502570529493145
63,2025-11-15 08:00:00,16,1915.5663029681505,1791.579065066882,-123.98723790126836,-6.472615315332674
64,2025-11-15 09:00:00,16,1917.3445048368303,1796.5466879905637,-120.79781684626664,-6.300266673074841
65,2025-11-15 10:00:00,16,1921.234548554792,1807.2656747496785,-113.9688738051134,-5.932064561864354
66,2025-11-15 11:00:00,16,1922.411715519744,1810.4712274194464,-111.94048810029744,-5.8229195752707525
67,2025-11-15 12:00:00,16,1922.1524663868136,1809.766731995117,-112.3857343916968,-5.846868880435644
68,2025-11-15 13:00:00,16,1922.746674331052,1811.380245291953,-111.36642903909888,-5.79204897482632
69,2025-11-15 14:00:00,16,1915.6453436014108,1791.8008171933257,-123.84452640808512,-6.464898464726126
70,2025-11-15 15:00:00,16,1907.0431835695508,1767.107566691951,-139.93561687759984,-7.337831575248979
71,2025-11-15 16:00:00,16,1905.598396075383,1762.8397407565565,-142.75865531882664,-7.491539435215776
72,2025-11-15 17:00:00,16,1908.624754679963,1771.7373281927707,-136.88742648719222,-7.172045010500003
73,2025-11-15 18:00:00,16,1914.6946440008371,1789.1276488932128,-125.5669951076245,-6.558068958987989
74,2025-11-15 19:00:00,16,1920.5277118135327,1805.332570077907,-115.1951417356263,-5.99809838863761
75,2025-11-15 20:00:00,16,1927.1653113724983,1823.2478859571297,-103.9174254153686,-5.392242419585696
76,2025-11-15 21:00:00,16,1933.437011983133,1838.51329515622,-94.92371682691282,-4.909584136363938
77,2025-11-15 22:00:00,16,1906.053968312366,1818.5657091050668,-87.48825920729928,-4.590020044645535
78,2025-11-15 23:00:00,16,1906.131509508372,1818.1610838105216,-87.97042569785026,-4.615128875370174
79,2025-11-16 00:00:00,16,1906.2249862958208,1817.550102106666,-88.67488418915491,-4.651858244785054
80,2025-11-16 01:00:00,16,1906.201182463585,1817.72215103274,-88.479031430845,-4.6416418290379085
81,2025-11-16 02:00:00,16,1906.1770627846709,1817.8839843655385,-88.29307841913237,-4.631945276382034
82,2025-11-16 03:00:00,16,1906.3000613753188,1816.8983555713185,-89.40170580400058,-4.689802388166576
83,2025-11-16 04:00:00,16,1906.341813958927,1816.4246884422157,-89.91712551671162,-4.71673678132147
84,2025-11-16 05:00:00,16,1906.205686150421,1817.690597100408,-88.51508905001333,-4.643522453695404
85,2025-11-16 06:00:00,16,1904.4221922462848,1814.8363865097635,-89.58580573652102,-4.704093771920065
86,2025-11-16 07:00:00,16,1928.2018246457155,1825.9997650654848,-102.20205958023008,-5.300381851832783
87,2025-11-16 08:00:00,16,1925.164569016224,1817.9022169583557,-107.26235205786838,-5.571593918990541
88,2025-11-16 09:00:00,16,1924.0049265124285,1814.7828427580787,-109.2220837543498,-5.676808944160688
89,2025-11-16 10:00:00,16,1922.2134989649971,1809.932658808908,-112.2808401560892,-5.841226285037851
90,2025-11-16 11:00:00,16,1921.8775697469775,1809.018813753012,-112.8587559939658,-5.872317663233049
91,2025-11-16 12:00:00,16,1920.6508340495664,1805.669747397788,-114.98108665177824,-5.986568959509842
92,2025-11-16 13:00:00,16,1917.0780685404304,1795.8051613539465,-121.2729071864842,-6.3259242895003975
93,2025-11-16 14:00:00,16,1913.051271742287,1784.47567213431,-128.5755996079772,-6.720969871909319
94,2025-11-16 15:00:00,16,1905.3648710619389,1762.146370260312,-143.218500801627,-7.516591860004502
95,2025-11-16 16:00:00,16,1901.3845644017567,1750.168189768804,-151.21637463295315,-7.952961092882921
96,2025-11-16 17:00:00,16,1901.5719447963168,1750.7391280788063,-150.83281671751047,-7.932006839408153
97,2025-11-16 18:00:00,16,1901.997126821572,1752.031971451829,-149.96515536974357,-7.884615242313766
98,2025-11-16 19:00:00,16,1907.7697105765108,1769.239704054019,-138.5300065224917,-7.261358944661575
99,2025-11-16 20:00:00,16,1911.7003127162209,1780.620926250478,-131.07938646574257,-6.856691166174457
100,2025-11-16 21:00:00,16,1916.4181772137945,1793.9643839755156,-122.45379323827888,-6.389721966440001
101,2025-11-16 22:00:00,16,1919.059347548944,1801.2963580788412,-117.7629894701024,-6.136495446089844
102,2025-11-16 23:00:00,16,1922.3964756522016,1810.4298366556911,-111.96663899651072,-5.824326064607684
103,2025-11-17 00:00:00,16,1925.8987236948592,1819.869019587757,-106.02970410710212,-5.505466242985141
104,2025-11-17 01:00:00,16,1926.152744186157,1820.548112380156,-105.60463180600073,-5.482671720856752
105,2025-11-17 02:00:00,16,1926.7788156856177,1822.21873615832,-104.56007952729784,-5.426677866503923
106,2025-11-17 03:00:00,16,1925.659323112804,1819.228341214036,-106.43098189876788,-5.526989152303613
107,2025-11-17 04:00:00,16,1918.4531655144292,1799.6218849972752,-118.83128051715424,-6.194119442331546
108,2025-11-17 05:00:00,16,1901.14581415001,1749.4396808906754,-151.7061332593346,-7.979721078215215
109,2025-11-17 06:00:00,16,1888.576446516576,1706.9549767109731,-181.62146980560283,-9.616845012580685
110,2025-11-17 07:00:00,16,1885.6952199006528,1695.1598093262878,-190.5354105743654,-10.104252721412935
111,2025-11-17 08:00:00,16,1885.1953799586752,1693.0698202466413,-192.12555971203392,-10.191281060546917
112,2025-11-17 09:00:00,16,1889.2855701141152,1709.7961528236333,-179.48941729048192,-9.500385761144653
113,2025-11-17 10:00:00,16,1891.8994835349629,1720.0767435100008,-171.82274002496183,-9.08202267194004
114,2025-11-17 11:00:00,16,1894.337083552045,1728.1311733762195,-166.20591017582524,-8.773829727504191
115,2025-11-17 12:00:00,16,1893.433252724139,1725.2184852139198,-168.2147675102192,-8.884113937906369
116,2025-11-17 13:00:00,16,1890.2812198706883,1713.7468695162884,-176.53435035439998,-9.339052226656332
117,2025-11-17 14:00:00,16,1885.1026755974103,1692.6806914869082,-192.42198411050208,-10.207506816546289
118,2025-11-17 15:00:00,16,1904.7127909196604,1665.720244699301,-238.99254622035937,-12.547432209187066
119,2025-11-17 16:00:00,16,1900.382343212009,1644.0888181253338,-256.2935250866751,-13.486418983113165
120,2025-11-17 17:00:00,16,1903.699149154313,1660.8185716203068,-242.88057753400653,-12.758348799068497
121,2025-11-17 18:00:00,16,1905.0984418570383,1667.561824352454,-237.53661750458448,-12.468469465181034
122,2025-11-17 19:00:00,16,1882.9394196341727,1683.4605445797208,-199.4788750544524,-10.594014495336664
123,2025-11-17 20:00:00,16,1886.7646160213344,1699.5866122129744,-187.17800380836024,-9.920580565214696
124,2025-11-17 21:00:00,16,1895.183890571807,1730.8410678585549,-164.3428227132522,-8.67160297904745
125,2025-11-17 22:00:00,16,1900.958015183465,1748.865810735806,-152.092204447659,-8.00081870471928
126,2025-11-17 23:00:00,16,1912.1195050501876,1781.820033387014,-130.29947166317334,-6.814400005806822
127,2025-11-18 00:00:00,16,1914.7422938830928,1789.261940674981,-125.48035320811232,-6.553380766120669
128,2025-11-18 01:00:00,16,1915.5663029681505,1791.579065066882,-123.98723790126836,-6.472615315332674
129,2025-11-18 02:00:00,16,1916.68555738262,1794.7109724895167,-121.97458489310338,-6.363828663668179
130,2025-11-18 03:00:00,16,1919.0127883212483,1801.1679183189551,-117.84487000229296,-6.140911135114613
131,2025-11-18 04:00:00,16,1912.248299568379,1782.1879051555431,-130.06039441283588,-6.801438622912742
132,2025-11-18 05:00:00,16,1894.2840342492564,1727.9608016015677,-166.32323264768888,-8.780268937525317
133,2025-11-18 06:00:00,16,1902.1408811733256,1653.0984403634016,-249.0424408099243,-13.092744248065566
134,2025-11-18 07:00:00,16,1899.930826062724,1641.7198324907056,-258.210993572018,-13.590547088870355
135,2025-11-18 08:00:00,16,1900.2131455693352,1643.2038825749196,-257.0092629944156,-13.525286023500874
136,2025-11-18 09:00:00,16,1882.5452086540072,1681.7501220210063,-200.79508663300064,-10.666149514495128
137,2025-11-18 10:00:00,16,1885.2509813339725,1693.302981149718,-191.9480001842544,-10.181562141314211
138,2025-11-18 11:00:00,16,1888.9586050817509,1708.4890203227346,-180.46958475901624,-9.553919512768031
139,2025-11-18 12:00:00,16,1888.230032854699,1705.5584962473904,-182.67153660730852,-9.674220483144136
140,2025-11-18 13:00:00,16,1884.60130576562,1690.5678843912756,-194.03342137434424,-10.295727843376302
141,2025-11-18 14:00:00,16,1904.031462560254,1662.4355490932398,-241.59591346701427,-12.688651328384696
142,2025-11-18 15:00:00,16,1897.0469379775927,1625.974236471551,-271.0727015060422,-14.28919317067757
143,2025-11-18 16:00:00,16,1891.011671325506,1588.3555944097134,-302.6560769157927,-16.004981963101567
144,2025-11-18 17:00:00,16,1893.1869610305785,1602.825331521041,-290.3616295095371,-15.337187266041353
145,2025-11-18 18:00:00,16,1897.7147396367516,1629.7221260157978,-267.99261362095353,-14.121859730733345
146,2025-11-18 19:00:00,16,1901.1512978561195,1648.0696380014067,-253.08165985471285,-13.312020991706795
147,2025-11-18 20:00:00,16,1882.3948226011385,1681.0950451799006,-201.29977742123765,-10.693812743443312
148,2025-11-18 21:00:00,16,1892.8461544364584,1723.3149692942263,-169.53118514223206,-8.95641649189948
149,2025-11-18 22:00:00,16,1898.67264386071,1741.822007789532,-156.85063607117786,-8.261067887523886
150,2025-11-18 23:00:00,16,1907.109346708224,1767.3021176744203,-139.80722903380388,-7.330844939495413
151,2025-11-19 00:00:00,16,1908.9853438233963,1772.786906184983,-136.19843763841322,-7.134598391710502
152,2025-11-19 01:00:00,16,1909.1980963368076,1773.4051490851762,-135.79294725163118,-7.112564563738991
153,2025-11-19 02:00:00,16,1908.197715562808,1770.4914884874738,-137.70622707533423,-7.216559686254465
154,2025-11-19 03:00:00,16,1909.1162967909688,1773.1675351274628,-135.94876166350605,-7.1210309132043
155,2025-11-19 04:00:00,16,1903.5031304553147,1756.582096408572,-146.92103404674276,-7.718455078747335
156,2025-11-19 05:00:00,16,1885.8615475538493,1695.8522846843898,-190.0092628694597,-10.075461961453144
157,2025-11-19 06:00:00,16,1894.255999130647,1609.521012363046,-284.7349867676012,-15.031494523352595
158,2025-11-19 07:00:00,16,1892.7381876676563,1599.9387310209609,-292.7994566466955,-15.46962271667907
159,2025-11-19 08:00:00,16,1892.9724574557088,1601.451479898098,-291.52097755761133,-15.40017005579872
160,2025-11-19 09:00:00,16,1896.223388898516,1621.2581190985577,-274.9652697999579,-14.500679160996988
161,2025-11-19 10:00:00,16,1897.7147396367516,1629.7221260157978,-267.99261362095353,-14.121859730733345
162,2025-11-19 11:00:00,16,1897.9431806187629,1630.989308803776,-266.95387181498654,-14.065430121462065
163,2025-11-19 12:00:00,16,1899.8177848531557,1641.1229601172777,-258.6948247358778,-13.616822981572064
164,2025-11-19 13:00:00,16,1900.4950609272537,1644.6765187649394,-255.81854216231432,-13.460626518939764
165,2025-11-19 14:00:00,16,1897.581360080989,1628.978802998832,-268.6025570821571,-14.154995550266843
166,2025-11-19 15:00:00,16,1893.829077910363,1606.876325295577,-286.9527526147856,-15.151987893828686
167,2025-11-19 16:00:00,16,1889.9843246813552,1581.0472499835012,-308.9370746978541,-16.34601253901615
0,2025-11-12 17:00:00,17,1212.960114765346,1175.125420174253,-37.83469459109324,-3.1192035195990404
1,2025-11-12 18:00:00,17,1215.9005031742745,1180.7048025708025,-35.19570060347223,-2.894620119951348
2,2025-11-12 19:00:00,17,1218.7255631117105,1185.8976269978295,-32.827936113880924,-2.69362825458941
3,2025-11-12 20:00:00,17,1223.547164064947,1194.0833751032992,-29.46378896164788,-2.408063197479154
4,2025-11-12 21:00:00,17,1213.0507237501456,1184.4776833690653,-28.57304038108032,-2.3554695464627216
5,2025-11-12 22:00:00,17,1181.2432525678605,1164.0301716243343,-17.213080943526165,-1.4572003612386604
6,2025-11-12 23:00:00,17,1182.1224216092855,1165.3784481559271,-16.743973453358194,-1.416433116171144
7,2025-11-13 00:00:00,17,1186.0613006678352,1171.346267009745,-14.715033658090531,-1.2406638383534598
8,2025-11-13 01:00:00,17,1176.068710105074,1162.5057116867094,-13.562998418364486,-1.1532488112155217
9,2025-11-13 02:00:00,17,1176.163207095247,1164.0969911344391,-12.06621596080754,-1.0258963966920287
10,2025-11-13 03:00:00,17,1176.0971811686431,1162.9838642925315,-13.11331687611164,-1.1149858265183012
11,2025-11-13 04:00:00,17,1185.6359342362873,1170.7061791460578,-14.929755090229492,-1.2592191801141983
12,2025-11-13 05:00:00,17,1212.77844279097,1184.3535879197211,-28.424854871248957,-2.343779693662328
13,2025-11-13 06:00:00,17,1221.4778858918517,1190.81324873491,-30.66463715694158,-2.5104537307731984
14,2025-11-13 07:00:00,17,1221.2002710605498,1190.3235087005326,-30.87676236001721,-2.528394653335798
15,2025-11-13 08:00:00,17,1219.6559588426785,1187.5745300088083,-32.08142883386995,-2.6303670802635
16,2025-11-13 09:00:00,17,1216.755126209854,1182.2922728127442,-34.46285339710971,-2.832357362196632
17,2025-11-13 10:00:00,17,1214.1805030393332,1177.463941709876,-36.716561329457136,-3.0239788266693743
18,2025-11-13 11:00:00,17,1213.323248666507,1175.8247622187332,-37.49848644777376,-3.0905602846550715
19,2025-11-13 12:00:00,17,1212.984372028004,1175.1722299906598,-37.8121420373443,-3.11728188007284
20,2025-11-13 13:00:00,17,1213.0490242512196,1175.296924999881,-37.75209925133868,-3.112165996311812
21,2025-11-13 14:00:00,17,1212.546680190937,1174.3255161159766,-38.22116407496037,-3.1521396000145554
22,2025-11-13 15:00:00,17,1210.7150723614825,1170.7327454025751,-39.98232695890693,-3.302372942373797
23,2025-11-13 16:00:00,17,1212.4002819903676,1174.041314137198,-38.35896785316959,-3.163886417957328
24,2025-11-13 17:00:00,17,1211.8531400816034,1172.9746655753167,-38.87847450628669,-3.208183666848337
25,2025-11-13 18:00:00,17,1211.35193820765,1171.9912608708478,-39.36067733680216,-3.249318063175043
26,2025-11-13 19:00:00,17,1213.4921809741477,1176.1490807450095,-37.34310022913815,-3.077325162421768
27,2025-11-13 20:00:00,17,1216.824661823924,1182.4207900510012,-34.403871772922685,-2.8273483314641243
28,2025-11-13 21:00:00,17,1219.6186486040006,1187.507588632645,-32.11105997135587,-2.632877088925364
29,2025-11-13 22:00:00,17,1223.079000245155,1193.3509336348693,-29.728066610285623,-2.4305925131840955
30,2025-11-13 23:00:00,17,1224.3463544948816,1195.3311145309349,-29.01523996394667,-2.369855544342046
31,2025-11-14 00:00:00,17,1224.3871468348004,1195.394717863902,-28.992428970898573,-2.3679135350160903
32,2025-11-14 01:00:00,17,1211.6216366622346,1182.8961356562847,-28.72550100594981,-2.370830970391267
33,2025-11-14 02:00:00,17,1211.9830246508636,1183.520825026942,-28.46219962392161,-2.3483991974327134
34,2025-11-14 03:00:00,17,1211.4403150098883,1182.58189726181,-28.85841774807841,-2.38215761771498
35,2025-11-14 04:00:00,17,1221.5434954012987,1190.9287965834292,-30.614698817869566,-2.5062307591275816
36,2025-11-14 05:00:00,17,1213.4680683848796,1176.1028284310844,-37.36523995379525,-3.07921081133418
37,2025-11-14 06:00:00,17,1206.23507861771,1161.5717643945904,-44.66331422311941,-3.702703976599779
38,2025-11-14 07:00:00,17,1205.0740724082495,1159.1000844350426,-45.97398797320693,-3.815034197966884
39,2025-11-14 08:00:00,17,1205.5244443814067,1160.0640967120005,-45.46034766940625,-3.771001731344685
40,2025-11-14 09:00:00,17,1207.5447822634444,1164.3091966886468,-43.2355855747976,-3.580454009643933
41,2025-11-14 10:00:00,17,1210.2071828527737,1169.7217664690218,-40.485416383751726,-3.3453293747866426
42,2025-11-14 11:00:00,17,1211.2859892743045,1171.8614061469664,-39.42458312733811,-3.254770836650875
43,2025-11-14 12:00:00,17,1212.806324615799,1174.8283326031567,-37.97799201264229,-3.1314144098542043
44,2025-11-14 13:00:00,17,1211.2859892743045,1171.8614061469664,-39.42458312733811,-3.254770836650875
45,2025-11-14 14:00:00,17,1210.1403525797557,1169.58824418674,-40.55210839301572,-3.351025218402762
46,2025-11-14 15:00:00,17,1208.273545394141,1165.8103399187592,-42.46320547538176,-3.5143702050954184
47,2025-11-14 16:00:00,17,1207.1478565703253,1163.4850589175892,-43.66279765273612,-3.617021511912235
48,2025-11-14 17:00:00,17,1208.6144060036695,1166.5072621540012,-42.10714384966832,-3.483918745342216
49,2025-11-14 18:00:00,17,1210.6818594681752,1170.6668343745837,-40.01502509359148,-3.305164340297389
50,2025-11-14 19:00:00,17,1214.0129409762433,1177.1448234083805,-36.86811756786278,-3.0368801125147358
51,2025-11-14 20:00:00,17,1215.3992006810556,1179.7666810886772,-35.63251959237846,-2.9317544040189905
52,2025-11-14 21:00:00,17,1217.3481598353465,1183.3852625168288,-33.96289731851766,-2.7899082973199176
53,2025-11-14 22:00:00,17,1219.026856244223,1186.4424091225187,-32.584447121704216,-2.672988454257333
54,2025-11-14 23:00:00,17,1222.6991992575788,1192.7558668940558,-29.94333236352304,-2.448953297892449
55,2025-11-15 00:00:00,17,1223.886781083822,1194.6139924195045,-29.27278866431743,-2.3917889396921748
56,2025-11-15 01:00:00,17,1224.2155535445545,1195.1271163123977,-29.088437232156597,-2.376087866874005
57,2025-11-15 02:00:00,17,1211.5867996838392,1182.8358037206776,-28.750995963161586,-2.373003401049276
58,2025-11-15 03:00:00,17,1223.2300227357546,1193.587335153053,-29.642687582701683,-2.4233126257321413
59,2025-11-15 04:00:00,17,1221.904103903332,1191.5074776885049,-30.396626214827396,-2.4876441709072243
60,2025-11-15 05:00:00,17,1219.6559588426785,1187.5745300088083,-32.08142883386995,-2.6303670802635
61,2025-11-15 06:00:00,17,1216.1032995523633,1181.0828384739907,-35.02046107837259,-2.87972749447052
62,2025-11-15 07:00:00,17,1214.0448832146435,1177.2057042990064,-36.83917891563715,-3.034416554525684
63,2025-11-15 08:00:00,17,1214.4431440394214,1177.962900791496,-36.4802432479255,-3.003865880998488
64,2025-11-15 09:00:00,17,1215.336325825919,1179.648650307484,-35.687675518434844,-2.93644440309
65,2025-11-15 10:00:00,17,1217.2867438731782,1183.272390879704,-34.014352993474176,-2.79427613622464
66,2025-11-15 11:00:00,17,1217.8759792757098,1184.3522820927349,-33.52369718297496,-2.752636372950884
67,2025-11-15 12:00:00,17,1217.7462510119187,1184.1151052727007,-33.63114573921803,-2.761753174051764
68,2025-11-15 13:00:00,17,1218.0435591120397,1184.658183935202,-33.38537517683767,-2.7409015816458804
69,2025-11-15 14:00:00,17,1214.4828667947486,1178.0382346416238,-36.44463215312476,-3.000835429593921
70,2025-11-15 15:00:00,17,1210.14870918581,1169.6049464403511,-40.54376274545871,-3.3503124399262147
71,2025-11-15 16:00:00,17,1209.4186546552191,1168.1388859979406,-41.27976865727851,-3.413190998699002
72,2025-11-15 17:00:00,17,1210.94720518228,1171.1926371151771,-39.75456806710281,-3.2829315676994097
73,2025-11-15 18:00:00,17,1214.0049535283931,1177.1295960748569,-36.87535745353648,-3.037496457190035
74,2025-11-15 19:00:00,17,1216.932712318837,1182.6203008046052,-34.312411514231826,-2.8195816553283644
75,2025-11-15 20:00:00,17,1220.2505911242088,1188.6380235095476,-31.6125676146612,-2.59066193817917
76,2025-11-15 21:00:00,17,1223.3304194793875,1193.7444227353517,-29.58599674403581,-2.4184796088555305
77,2025-11-15 22:00:00,17,1212.5314555662626,1184.2319015300511,-28.299554036211248,-2.3339232896844817
78,2025-11-15 23:00:00,17,1212.7481866342605,1184.3391364357851,-28.409050198475143,-2.3425349558607684
79,2025-11-16 00:00:00,17,1213.0447985563417,1184.475099741503,-28.569698814838603,-2.355205582583572
80,2025-11-16 01:00:00,17,1212.9645490744583,1184.439587944746,-28.524961129712665,-2.3516731096121792
81,2025-11-16 02:00:00,17,1212.8868150567498,1184.4042785007514,-28.482536555998426,-2.3483260105078934
82,2025-11-16 03:00:00,17,1213.3291221641468,1184.592945003252,-28.73617716089484,-2.368374469545389
83,2025-11-16 04:00:00,17,1213.5190268094727,1184.6643969299298,-28.854629879542927,-2.37776493339426
84,2025-11-16 05:00:00,17,1212.9794465364346,1184.4462530774092,-28.53319345902537,-2.3523229136734023
85,2025-11-16 06:00:00,17,1211.5519472056587,1182.7754249328202,-28.77652227283852,-2.3751785748196035
86,2025-11-16 07:00:00,17,1220.7673167322262,1189.557067075987,-31.21024965623883,-2.5566092103270783
87,2025-11-16 08:00:00,17,1219.2520960528675,1186.848579241613,-32.403516811254576,-2.657655206511906
88,2025-11-16 09:00:00,17,1218.672722076224,1185.801908602326,-32.870813473898124,-2.6972634144052137
89,2025-11-16 10:00:00,17,1217.7767937484457,1184.1709744104269,-33.60581933801859,-2.759604182846705
90,2025-11-16 11:00:00,17,1217.6086680691244,1183.8632139400177,-33.74545412910675,-2.77145317818902
91,2025-11-16 12:00:00,17,1216.9943921302877,1182.7340863520112,-34.26030577827646,-2.815157243108205
92,2025-11-16 13:00:00,17,1215.2025596937422,1179.3972642458125,-35.805295447929666,-2.946446677741807
93,2025-11-16 14:00:00,17,1213.1781813416017,1175.5457445796874,-37.63243676191428,-3.1019711152650458
94,2025-11-16 15:00:00,17,1209.300599274792,1167.9004828222337,-41.40011645255822,-3.42347605528233
95,2025-11-16 16:00:00,17,1207.286120857204,1163.7726688313353,-43.51345202586867,-3.604236914027721
96,2025-11-16 17:00:00,17,1207.3810517204083,1163.9698090169568,-43.411242703451535,-3.5954881552592246
97,2025-11-16 18:00:00,17,1207.5964233512996,1164.4160767944647,-43.18034655683482,-3.575726602187302
98,2025-11-16 19:00:00,17,1210.5156030501016,1170.3364777357635,-40.17912531433808,-3.3191745082095503
99,2025-11-16 20:00:00,17,1212.4979086961494,1174.2308920702833,-38.26701662586606,-3.1560480518284946
100,2025-11-16 21:00:00,17,1214.8711601827065,1178.7728397536248,-36.09832042908147,-2.971370266428301
101,2025-11-16 22:00:00,17,1216.1967314660278,1181.2567240019252,-34.940007464102564,-2.87289108415751
102,2025-11-16 23:00:00,17,1217.8683538720968,1184.3383498222504,-33.53000404984641,-2.753171469087028
103,2025-11-17 00:00:00,17,1219.6186486040006,1187.507588632645,-32.11105997135587,-2.632877088925364
104,2025-11-17 01:00:00,17,1219.7454332757288,1187.7349607495978,-32.010472526131025,-2.624356825027351
105,2025-11-17 02:00:00,17,1220.0578158731637,1188.2939418543283,-31.763874018835168,-2.6034728523174606
106,2025-11-17 03:00:00,17,1219.4991401601608,1187.292998552769,-32.20614160739183,-2.640931883163287
107,2025-11-17 04:00:00,17,1215.892693443423,1180.690227488127,-35.20246595529602,-2.8951951224908017
108,2025-11-17 05:00:00,17,1207.1651514841012,1163.5210661559222,-43.64408532817902,-3.615419586501692
109,2025-11-17 06:00:00,17,1200.7762509635268,1148.6398371413466,-52.1364138221802,-4.341892486659767
110,2025-11-17 07:00:00,17,1199.3064604733531,1144.41967991181,-54.88678056154322,-4.576543391576496
111,2025-11-17 08:00:00,17,1199.0512898897823,1143.6711137231848,-55.38017616659772,-4.618666159951197
112,2025-11-17 09:00:00,17,1201.1377047944125,1149.6551746160717,-51.482530178340994,-4.286147206339908
113,2025-11-17 10:00:00,17,1202.4690569978125,1153.32492416315,-49.144132834662514,-4.086935339305943
114,2025-11-17 11:00:00,17,1203.7091446666475,1156.1361876388212,-47.57295702782653,-3.952197026882376
115,2025-11-17 12:00:00,17,1203.2495032722327,1155.1231305238268,-48.126372748405856,-3.999700196636388
116,2025-11-17 13:00:00,17,1201.645010442902,1151.066207431037,-50.578803011865375,-4.209130198378891
117,2025-11-17 14:00:00,17,1199.0039578279911,1143.5317151537822,-55.47224267420893,-4.626527069576777
118,2025-11-17 15:00:00,17,1208.4297809153784,1133.856045835754,-74.57373507962438,-6.1711268836105
119,2025-11-17 16:00:00,17,1206.210956050968,1126.071931616022,-80.13902443494612,-6.64386474297286
120,2025-11-17 17:00:00,17,1207.9107718349514,1132.0935980771287,-75.81717375782273,-6.276719731760316
121,2025-11-17 18:00:00,17,1208.6271849698,1134.5179659949663,-74.10921897483354,-6.131685593079333
122,2025-11-17 19:00:00,17,1197.8989315022484,1140.22652150285,-57.672409999398496,-4.81446376507518
123,2025-11-17 20:00:00,17,1199.8522058008482,1146.0044440687468,-53.84776173210139,-4.487866211502307
124,2025-11-17 21:00:00,17,1204.1396056781955,1157.0779703806963,-47.06163529749938,-3.9083205199444726
125,2025-11-17 22:00:00,17,1207.0699874090496,1163.3228275552378,-43.74715985381181,-3.62424385579449
126,2025-11-17 23:00:00,17,1212.7090506516006,1174.6401393802794,-38.06891127132121,-3.139162790189981
127,2025-11-18 00:00:00,17,1214.028913605839,1177.1752695403295,-36.85364406550934,-3.0356479695404257
128,2025-11-18 01:00:00,17,1214.4431440394214,1177.962900791496,-36.4802432479255,-3.003865880998488
129,2025-11-18 02:00:00,17,1215.0054558985623,1179.026160876301,-35.97929502226134,-2.9612455522393275
130,2025-11-18 03:00:00,17,1216.1733833262026,1181.2132875702694,-34.96009575593325,-2.8745980001896028
131,2025-11-18 04:00:00,17,1212.7739123046213,1174.765649751845,-38.00826255277616,-3.1339940748353885
132,2025-11-18 05:00:00,17,1203.6821720407927,1156.076953467507,-47.60521857328536,-3.954965827280859
133,2025-11-18 06:00:00,17,1207.1124709672065,1129.3159779807231,-77.79649298648314,-6.444842121807276
134,2025-11-18 07:00:00,17,1205.9793818212763,1125.2185391825512,-80.76084263872508,-6.69670177252613
135,2025-11-18 08:00:00,17,1206.1241828565169,1125.7531652453408,-80.37101761117583,-6.663577329229038
136,2025-11-18 09:00:00,17,1197.6974531465912,1139.6129226628302,-58.084530483761,-4.849683059036429
137,2025-11-18 10:00:00,17,1199.0796773734276,1143.7546357556232,-55.325041617804345,-4.6139587436752585
138,2025-11-18 11:00:00,17,1200.9710588368507,1149.188111005391,-51.78294783145975,-4.311756511569223
139,2025-11-18 12:00:00,17,1200.5996354038095,1148.1406078568436,-52.4590275469659,-4.369402255342335
140,2025-11-18 13:00:00,17,1198.747940730764,1142.7747024095356,-55.97323832122834,-4.669308402490912
141,2025-11-18 14:00:00,17,1208.0809487953989,1132.6750993346302,-75.40584946076865,-6.241787815291459
142,2025-11-18 15:00:00,17,1204.4993105278168,1119.5427222419316,-84.95658828588512,-7.053269980591087
143,2025-11-18 16:00:00,17,1201.3965812122813,1105.9646321831212,-95.43194902916002,-7.9434177291285
144,2025-11-18 17:00:00,17,1202.5157036667802,1111.189335157074,-91.32636850970609,-7.594609220588842
145,2025-11-18 18:00:00,17,1204.842189790515,1120.8942587370484,-83.94793105346662,-6.967545771953967
146,2025-11-18 19:00:00,17,1206.6052403960878,1127.5055941225355,-79.09964627355225,-6.5555530197752585
147,2025-11-18 20:00:00,17,1197.6205831699076,1139.3778834456832,-58.2426997242244,-4.863201296195612
148,2025-11-18 21:00:00,17,1202.950829632815,1154.460635071954,-48.4901945608608,-4.030937372200143
149,2025-11-18 22:00:00,17,1205.9111743971646,1160.886583579756,-45.02459081740858,-3.733657318493328
150,2025-11-18 23:00:00,17,1210.1821275462282,1169.6717212451697,-40.510406301058765,-3.347463607250413
151,2025-11-19 00:00:00,17,1211.1291575564103,1171.5521702953015,-39.57698726110903,-3.2677759439761203
152,2025-11-19 01:00:00,17,1211.2364943545335,1171.763879290923,-39.47261506361088,-3.258869365940446
153,2025-11-19 02:00:00,17,1210.7316740152296,1170.765680950759,-39.965993064470695,-3.300978567111309
154,2025-11-19 03:00:00,17,1211.1952268177,1171.682517758397,-39.51270905930346,-3.262290684807216
155,2025-11-19 04:00:00,17,1208.3588851683571,1165.9851321146948,-42.37375305366254,-3.506719201866813
156,2025-11-19 05:00:00,17,1199.3913592446106,1144.667651070287,-54.72370817432329,-4.562623179875905
157,2025-11-19 06:00:00,17,1203.0653626897515,1113.6063279197122,-89.45903477003958,-7.43592472565511
158,2025-11-19 07:00:00,17,1202.284896196246,1110.1471818620298,-92.13771433421608,-7.663550846036468
159,2025-11-19 08:00:00,17,1202.405387669735,1110.6933420033415,-91.71204566639358,-7.627381464427047
160,2025-11-19 09:00:00,17,1204.0763411657206,1117.8416171158349,-86.2347240498857,-7.161898386475892
161,2025-11-19 10:00:00,17,1204.842189790515,1120.8942587370484,-83.94793105346662,-6.967545771953967
162,2025-11-19 11:00:00,17,1204.9594610782012,1121.3511505038075,-83.6083105743935,-6.938682443273282
163,2025-11-19 12:00:00,17,1205.921398633316,1125.0034996813858,-80.91789895193028,-6.710047524128473
164,2025-11-19 13:00:00,17,1206.2687601632765,1126.2836172137484,-79.98514294952793,-6.630789554618112
165,2025-11-19 14:00:00,17,1204.7737138969735,1120.6262314430778,-84.14748245389592,-6.984505179957122
166,2025-11-19 15:00:00,17,1202.8458822498064,1112.6517196003745,-90.19416264943196,-7.498397257737836
167,2025-11-19 16:00:00,17,1200.867734045452,1103.3253313631185,-97.54240268233366,-8.122659966367433
0,2025-11-12 17:00:00,18,1129.7417449634374,1102.782453340033,-26.9592916234044,-2.386323400334021
1,2025-11-12 18:00:00,18,1132.6446672075824,1108.7609680099072,-23.88369919767524,-2.108666547343397
2,2025-11-12 19:00:00,18,1135.4395293473578,1114.3383016053665,-21.10122774199135,-1.8584193342396824
3,2025-11-12 20:00:00,18,1140.1806766886928,1123.140045141606,-17.040631547086832,-1.494555371397466
4,2025-11-12 21:00:00,18,1114.4914807373923,1098.705238455483,-15.786242281909608,-1.4164524857080822
5,2025-11-12 22:00:00,18,1094.5578922656885,1083.3722883129672,-11.185603952721294,-1.0219289479122542
6,2025-11-12 23:00:00,18,1095.5881704126375,1084.9698394174357,-10.618330995202086,-0.9691900005823212
7,2025-11-13 00:00:00,18,1100.180392707775,1092.0252174292827,-8.155175278492152,-0.7412580093724951
8,2025-11-13 01:00:00,18,1084.5961976333583,1077.3764198628064,-7.219777770552127,-0.6656650453234146
9,2025-11-13 02:00:00,18,1084.8557272770895,1079.2090894869636,-5.646637790125851,-0.520496656665906
10,2025-11-13 03:00:00,18,1084.673960513186,1077.9269134293036,-6.747047083882308,-0.6220345771636404
11,2025-11-13 04:00:00,18,1099.68697021076,1091.270513588972,-8.416456621788257,-0.7653502178147299
12,2025-11-13 05:00:00,18,1114.1880639790563,1098.5475166411454,-15.640547337910904,-1.4037618821776303
13,2025-11-13 06:00:00,18,1138.1682685071032,1119.6313714009614,-18.53689710614185,-1.6286605082090428
14,2025-11-13 07:00:00,18,1137.892760049214,1119.1033831617729,-18.78937688744122,-1.6512432056100417
15,2025-11-13 08:00:00,18,1136.3612890892346,1116.1423964410108,-20.2188926482238,-1.7792662282986376
16,2025-11-13 09:00:00,18,1133.4895380721698,1110.4645573373682,-23.0249807348016,-2.031335972801505
17,2025-11-13 10:00:00,18,1130.945861118072,1105.2866423658988,-25.659218752173047,-2.2688282113527447
18,2025-11-13 11:00:00,18,1130.0999319387183,1103.531104908573,-26.568827030145258,-2.3510157181025297
19,2025-11-13 12:00:00,18,1129.7656690225006,1102.8325575547512,-26.933111467749317,-2.3839555587710914
20,2025-11-13 13:00:00,18,1129.8294350864464,1102.9660326355868,-26.863402450859667,-2.377651140661269
21,2025-11-13 14:00:00,18,1129.3340496246,1101.92638634586,-27.407663278739847,-2.4268871807991963
22,2025-11-13 15:00:00,18,1127.529213775751,1098.0843233970672,-29.444890378683795,-2.6114525476534527
23,2025-11-13 16:00:00,18,1129.189710851667,1101.622289770619,-27.56742108104777,-2.441345401584968
24,2025-11-13 17:00:00,18,1128.6503904594022,1100.4812478107085,-28.16914264869365,-2.495825358039151
25,2025-11-13 18:00:00,18,1128.1565245845193,1099.4296295317372,-28.726895052782083,-2.5463572143379403
26,2025-11-13 19:00:00,18,1130.2665930851592,1103.8783574677093,-26.388235617449936,-2.3346912824717743
27,2025-11-13 20:00:00,18,1133.5583034070949,1110.6025284109944,-22.955774996100445,-2.025107568539096
28,2025-11-13 21:00:00,18,1136.3243123127002,1116.070347442159,-20.253964870541267,-1.7824105892198552
29,2025-11-13 22:00:00,18,1139.730094550934,1122.3584783473968,-17.371616203537087,-1.5241868479731329
30,2025-11-13 23:00:00,18,1140.943410658137,1124.465182874373,-16.47822778376394,-1.4442633727345608
31,2025-11-14 00:00:00,18,1140.9821167867285,1124.5325117099128,-16.449605076815487,-1.44170577564716
32,2025-11-14 01:00:00,18,1113.0090980671716,1096.9683008138595,-16.04079725331212,-1.4412098949746444
33,2025-11-14 02:00:00,18,1113.3572047883097,1097.626961549214,-15.730243239095673,-1.4128658054614711
34,2025-11-14 03:00:00,18,1112.8344809239604,1096.6370690371778,-16.197411886782675,-1.4555095267478002
35,2025-11-14 04:00:00,18,1138.233389346071,1119.755965193536,-18.47742415253469,-1.6233423061987495
36,2025-11-14 05:00:00,18,1130.242803493663,1103.828831828469,-26.413971665193912,-2.337017460632919
37,2025-11-14 06:00:00,18,1123.1235327977115,1088.306771381302,-34.81676141640946,-3.099993936524558
38,2025-11-14 07:00:00,18,1121.9837279995177,1085.6727020689398,-36.3110259305779,-3.23632375625625
39,2025-11-14 08:00:00,18,1122.4257839455388,1086.699873826259,-35.72591011927989,-3.1829195863352817
40,2025-11-14 09:00:00,18,1124.4102590933155,1091.2258731086235,-33.1843859846922,-2.9512702962574267
41,2025-11-14 10:00:00,18,1127.0291292652364,1097.004022284005,-30.02510698123137,-2.664093252035656
42,2025-11-14 11:00:00,18,1128.0915530242464,1099.290793695688,-28.800759328558343,-2.5530515897710404
43,2025-11-14 12:00:00,18,1129.5900764386272,1102.4644773964355,-27.12559904219165,-2.401366620333039
44,2025-11-14 13:00:00,18,1128.0915530242464,1099.290793695688,-28.800759328558343,-2.5530515897710404
45,2025-11-14 14:00:00,18,1126.9633381262447,1096.861370289866,-30.101967836378662,-2.6710689529996565
46,2025-11-14 15:00:00,18,1125.1266774775436,1092.8275183612311,-32.29915911631224,-2.870713117275357
47,2025-11-14 16:00:00,18,1124.02019038985,1090.3468295567795,-33.67336083307055,-2.9957967944856425
48,2025-11-14 17:00:00,18,1125.461874034895,1093.571323521744,-31.89055051315063,-2.8335522729721423
49,2025-11-14 18:00:00,18,1127.4965062886497,1098.013882244721,-29.48262404392904,-2.614874980054369
50,2025-11-14 19:00:00,18,1130.7804734151712,1104.9447836197498,-25.83568979542133,-2.284766177239748
51,2025-11-14 20:00:00,18,1132.14932784425,1107.7547820804602,-24.394545763789893,-2.1547109699954574
52,2025-11-14 21:00:00,18,1134.0761156956291,1111.6382090081934,-22.43790668743577,-1.978518582385682
53,2025-11-14 22:00:00,18,1135.737953085128,1114.9242341422907,-20.813718942837117,-1.832616307863848
54,2025-11-14 23:00:00,18,1139.3625913208743,1121.72157565186,-17.641015669014223,-1.548323229443826
55,2025-11-15 00:00:00,18,1140.5058149160016,1123.7045666207368,-16.801248295264713,-1.473140081841856
56,2025-11-15 01:00:00,18,1140.8191489401322,1124.2490891332684,-16.57005980686381,-1.4524703431089911
57,2025-11-15 02:00:00,18,1112.9755471043554,1096.904701335355,-16.07084576900047,-1.4439531767622589
58,2025-11-15 03:00:00,18,1139.8757416123556,1122.6110251339228,-17.264716478432774,-1.5146139046710314
59,2025-11-15 04:00:00,18,1138.587762842319,1120.380046199463,-18.20771664285576,-1.5991491597804317
60,2025-11-15 05:00:00,18,1136.3612890892346,1116.1423964410108,-20.2188926482238,-1.7792662282986376
61,2025-11-15 06:00:00,18,1132.845102004573,1109.1665474257018,-23.67855457887117,-2.090184663108124
62,2025-11-15 07:00:00,18,1130.8119996757048,1105.0099995797846,-25.80200009592022,-2.2817232310339595
63,2025-11-15 08:00:00,18,1131.2051327158222,1105.8212441580508,-25.383888557771343,-2.243968651099482
64,2025-11-15 09:00:00,18,1132.0872134344556,1107.6282162331192,-24.458997201336388,-2.160522344134089
65,2025-11-15 10:00:00,18,1134.0153563727563,1111.5169799258329,-22.498376446923658,-1.9839569473632708
66,2025-11-15 11:00:00,18,1134.5984067758832,1112.6770960305446,-21.921310745338587,-1.932076637374364
67,2025-11-15 12:00:00,18,1134.4700181314934,1112.4222481930435,-22.04776993844962,-1.9434422757829215
68,2025-11-15 13:00:00,18,1134.7642746984725,1113.0058324217346,-21.758442276737696,-1.9174416010337756
69,2025-11-15 14:00:00,18,1131.2443500036782,1105.901968694795,-25.342381308883205,-2.240221691166971
70,2025-11-15 15:00:00,18,1126.9715646430996,1096.8792142499829,-30.092350393116703,-2.6701960668055227
71,2025-11-15 16:00:00,18,1126.2530397183266,1095.3132880562257,-30.93975166210112,-2.747140346883244
72,2025-11-15 17:00:00,18,1127.757833802924,1098.5758658564991,-29.18196794642472,-2.5876094203681923
73,2025-11-15 18:00:00,18,1130.7725900952807,1104.9284722562472,-25.844117839033515,-2.285527440743488
74,2025-11-15 19:00:00,18,1133.6651639564936,1110.8167314097036,-22.84843254679004,-2.015448059376629
75,2025-11-15 20:00:00,18,1136.9507535454304,1117.2873799163924,-19.66337362903801,-1.729483319107743
76,2025-11-15 21:00:00,18,1139.9724096454752,1122.77868934951,-17.19372029596525,-1.5082575815420305
77,2025-11-15 22:00:00,18,1113.9137299752142,1098.39538638827,-15.518343586944184,-1.393136934158221
78,2025-11-15 23:00:00,18,1114.1544129486683,1098.529332824346,-15.625080124322269,-1.4024160334266118
79,2025-11-16 00:00:00,18,1114.4848665445595,1098.7019223209552,-15.782944223604543,-1.4161649653026944
80,2025-11-16 01:00:00,18,1114.395336232854,1098.656492962721,-15.73884327013343,-1.412321351176651
81,2025-11-16 02:00:00,18,1114.30870147229,1098.6115826962443,-15.697118776045729,-1.4086867270538022
82,2025-11-16 03:00:00,18,1114.8028497501407,1098.8549567406228,-15.947893009517884,-1.430557251723232
83,2025-11-16 04:00:00,18,1115.0159407326316,1098.949958625557,-16.06598210707466,-1.440874656600726
84,2025-11-16 05:00:00,18,1114.411949465077,1098.6649987165415,-15.746950748535255,-1.4130278086208483
85,2025-11-16 06:00:00,18,1112.9419822186237,1096.841054809109,-16.100927409514497,-1.4466996183770229
86,2025-11-16 07:00:00,18,1137.463214721734,1118.277379030653,-19.18583569108091,-1.6867214203295782
87,2025-11-16 08:00:00,18,1135.9610931881637,1115.3611908218,-20.59990236636372,-1.813433795390693
88,2025-11-16 09:00:00,18,1135.3871986774782,1114.2353697701042,-21.15182890737401,-1.8629617219581205
89,2025-11-16 10:00:00,18,1134.5002443460128,1112.4822772808618,-22.01796706515097,-1.940763536621653
90,2025-11-16 11:00:00,18,1134.3338695828054,1112.151621265747,-22.182248317058335,-1.9555308108023528
91,2025-11-16 12:00:00,18,1133.7261683124484,1110.9389050701716,-22.787263242276826,-2.0099441892741763
92,2025-11-16 13:00:00,18,1131.9550743922991,1107.358672879784,-24.59640151251529,-2.172913224998801
93,2025-11-16 14:00:00,18,1129.956830248968,1103.2323907003172,-26.72443954865093,-2.3650850044211538
94,2025-11-16 15:00:00,18,1126.1368798753913,1095.0587107578035,-31.078169117587777,-2.7597150642137414
95,2025-11-16 16:00:00,18,1124.1560555252113,1090.6535793664982,-33.50247615871308,-2.980233571135331
96,2025-11-16 17:00:00,18,1124.249345710349,1090.8638519842016,-33.38549372614739,-2.969580889998473
97,2025-11-16 18:00:00,18,1124.4610149498185,1091.339887613448,-33.12112733637059,-2.9455113957729067
98,2025-11-16 19:00:00,18,1127.3327903489762,1097.6608424173685,-29.671947931607747,-2.63204868922712
99,2025-11-16 20:00:00,18,1129.2859626410964,1101.8251350131368,-27.46082762795959,-2.4316983064002757
100,2025-11-16 21:00:00,18,1131.627759884432,1106.6892694175651,-24.938490466866824,-2.2037715360936074
101,2025-11-16 22:00:00,18,1132.9374557896158,1109.3531247722728,-23.584331017342947,-2.081697528563528
102,2025-11-16 23:00:00,18,1134.5908597682103,1112.662124921977,-21.92873484623351,-1.9327438307332567
103,2025-11-17 00:00:00,18,1136.3243123127002,1116.070347442159,-20.253964870541267,-1.7824105892198552
104,2025-11-17 01:00:00,18,1136.4499682516534,1116.3150784292247,-20.134889822428704,-1.7717357019600946
105,2025-11-17 02:00:00,18,1136.7596233076958,1116.9168613998024,-19.84276190789342,-1.7455547770210007
106,2025-11-17 03:00:00,18,1136.20587925563,1115.839401291889,-20.366477963740635,-1.7924989067195691
107,2025-11-17 04:00:00,18,1132.6369490083332,1108.745332334117,-23.891616674216262,-2.109379946957786
108,2025-11-17 05:00:00,18,1124.0371845849693,1090.3852317708863,-33.65195281408296,-2.9938469363456464
109,2025-11-17 06:00:00,18,1117.7709077040306,1074.1910788604296,-43.57982884360104,-3.898815807714718
110,2025-11-17 07:00:00,18,1116.3324394368965,1069.412944443318,-46.91949499357816,-4.203003812846774
111,2025-11-17 08:00:00,18,1116.082819344174,1068.5657253422037,-47.51709400197069,-4.257488170088704
112,2025-11-17 09:00:00,18,1118.124830290698,1075.3411500610075,-42.78368022969039,-3.8263777952741815
113,2025-11-17 10:00:00,18,1119.429038328156,1079.49960176039,-39.92943656776606,-3.5669466487487083
114,2025-11-17 11:00:00,18,1120.6447014645748,1082.515936121962,-38.12876534261272,-3.402395540065651
115,2025-11-17 12:00:00,18,1120.1940151542285,1081.4373837441617,-38.756631410066575,-3.459814182700357
116,2025-11-17 13:00:00,18,1118.6216816488609,1076.9397619016754,-41.68191974718548,-3.726185575604601
117,2025-11-17 14:00:00,18,1116.036520477267,1068.40796560924,-47.62855486802687,-4.267651998310841
118,2025-11-17 15:00:00,18,1133.386634063883,1057.464628068474,-75.92200599540911,-6.698685489450529
119,2025-11-17 16:00:00,18,1131.2401972320552,1048.668208232527,-82.57198899952823,-7.299244599119381
120,2025-11-17 17:00:00,18,1132.8843344140964,1055.4724978139302,-77.41183660016623,-6.833163302606878
121,2025-11-17 18:00:00,18,1133.5777189628382,1058.2128943725825,-75.3648245902557,-6.648403839413005
122,2025-11-17 19:00:00,18,1114.9559349408928,1064.6683018350095,-50.28763310588329,-4.510279871154656
123,2025-11-17 20:00:00,18,1116.8664248814357,1071.2068724944338,-45.65955238700167,-4.088183812298665
124,2025-11-17 21:00:00,18,1121.066881629274,1083.518796084206,-37.54808554506826,-3.3493171692396
125,2025-11-17 22:00:00,18,1123.9436773815796,1090.1738119525637,-33.769865429016136,-3.004586983191974
126,2025-11-17 23:00:00,18,1129.4941525489571,1102.2630701448395,-27.23108240411761,-2.4109095512061365
127,2025-11-18 00:00:00,18,1130.7962379490518,1104.977397496379,-25.81884045267293,-2.283244282763187
128,2025-11-18 01:00:00,18,1131.2051327158222,1105.8212441580508,-25.383888557771343,-2.243968651099482
129,2025-11-18 02:00:00,18,1131.7603909583795,1106.9608170259285,-24.799573932451267,-2.191238899202938
130,2025-11-18 03:00:00,18,1132.9143764822602,1109.3065165958385,-23.60785988642192,-2.083816780551869
131,2025-11-18 04:00:00,18,1129.558113282622,1102.3973917159751,-27.160721566646544,-2.404543975848614
132,2025-11-18 05:00:00,18,1120.6182511293453,1082.4528666471103,-38.16538448223491,-3.40574361016986
133,2025-11-18 06:00:00,18,1132.1120019007524,1052.3335044718358,-79.77849742891658,-7.0468732152802
134,2025-11-18 07:00:00,18,1131.016319841156,1047.7041234046376,-83.31219643651843,-7.36613565825638
135,2025-11-18 08:00:00,18,1131.15630502072,1048.3080896154231,-82.84821540529697,-7.324205774000384
136,2025-11-18 09:00:00,18,1114.7589783679907,1063.9742217567025,-50.78475661128823,-4.555671458743236
137,2025-11-18 10:00:00,18,1116.1105877107627,1068.660250148577,-47.45033756218572,-4.251401078410194
138,2025-11-18 11:00:00,18,1117.9616480620805,1074.8120830872151,-43.14956497486514,-3.859664153029071
139,2025-11-18 12:00:00,18,1117.5979969343684,1073.6256748770002,-43.972322057368274,-3.934538374083232
140,2025-11-18 13:00:00,18,1115.786111477436,1067.5512954869314,-48.23481599050456,-4.322944648113232
141,2025-11-18 14:00:00,18,1133.0490173835651,1056.129745339165,-76.91927204440026,-6.788697652465389
142,2025-11-18 15:00:00,18,1129.5860610425796,1041.2930981247591,-88.29296291782043,-7.816399826705391
143,2025-11-18 16:00:00,18,1126.5911403686748,1025.9586928328004,-100.63244753587446,-8.932472831531648
144,2025-11-18 17:00:00,18,1127.67085891903,1031.8593144611648,-95.81154445786524,-8.496410428634192
145,2025-11-18 18:00:00,18,1129.917305948355,1042.8195730887182,-87.09773285963684,-7.708328069772727
146,2025-11-18 19:00:00,18,1131.6214377830345,1050.2879397117565,-81.33349807127797,-7.187341575166591
147,2025-11-18 20:00:00,18,1114.683838866824,1063.7083680738851,-50.97547079293872,-4.573087813380327
148,2025-11-18 21:00:00,18,1119.9012225205004,1080.7321676729518,-39.16905484754852,-3.49754550311079
149,2025-11-18 22:00:00,18,1122.8054656033926,1087.5764243514625,-35.229041251930084,-3.137590823268579
150,2025-11-18 23:00:00,18,1127.00446321092,1096.9505544727049,-30.05390873821534,-2.666707162151737
151,2025-11-19 00:00:00,18,1127.9370568122026,1098.9601945063494,-28.976862305853277,-2.569014124577859
152,2025-11-19 01:00:00,18,1128.0427934655684,1099.1865255847113,-28.856267880857104,-2.558082729486263
153,2025-11-19 02:00:00,18,1127.545563062232,1098.1195231977547,-29.42603986447739,-2.609742863477819
154,2025-11-19 03:00:00,18,1128.0021402572252,1099.099542776227,-28.90259748099811,-2.5622821490752914
155,2025-11-19 04:00:00,18,1125.2105925587955,1093.0140554886548,-32.19653707014095,-2.8613787750543755
156,2025-11-19 05:00:00,18,1116.4154988084697,1069.6936158582616,-46.72188295020783,-4.184990534444682
157,2025-11-19 06:00:00,18,1128.2013771849752,1034.58885340074,-93.61252378423524,-8.297501286322833
158,2025-11-19 07:00:00,18,1127.4481307903131,1030.6823839689976,-96.7657468213156,-8.58272271501175
159,2025-11-19 08:00:00,18,1127.564401414531,1031.2991783994391,-96.2652230150918,-8.537447873871058
160,2025-11-19 09:00:00,18,1129.1775213585818,1039.3718908113756,-89.80563054720619,-7.953189719819751
161,2025-11-19 10:00:00,18,1129.917305948355,1042.8195730887182,-87.09773285963684,-7.708328069772727
162,2025-11-19 11:00:00,18,1130.0306110794552,1043.3356191741232,-86.69499190533202,-7.671915349489262
163,2025-11-19 12:00:00,18,1130.9602679792963,1047.4611986630412,-83.49906931625537,-7.383024115024341
164,2025-11-19 13:00:00,18,1131.2960842376683,1048.907358647666,-82.38872559000265,-7.282684589642228
165,2025-11-19 14:00:00,18,1129.8511490066403,1042.5168478654334,-87.3343011412071,-7.729717424989211
166,2025-11-19 15:00:00,18,1127.9895227805755,1033.5108052881233,-94.47871749245246,-8.375850624884846
167,2025-11-19 16:00:00,18,1126.0811132840215,1022.977604861739,-103.10350842228274,-9.155957524373989
0,2025-11-12 17:00:00,19,1127.7982892519751,1089.973560702074,-37.82472854990124,-3.353855818932737
1,2025-11-12 18:00:00,19,1130.6313794711716,1094.876961355896,-35.75441811527571,-3.1623408623241174
2,2025-11-12 19:00:00,19,1133.3544889178993,1099.435079644604,-33.91940927329529,-2.992833187229951
3,2025-11-12 20:00:00,19,1138.0817283738616,1106.736594074027,-31.345134299834623,-2.754207674050075
4,2025-11-12 21:00:00,19,1130.8554329732149,1100.2258546027292,-30.62957837048566,-2.7085317430854263
5,2025-11-12 22:00:00,19,1103.1502642508308,1084.3461337246297,-18.804130526201103,-1.7045846912769704
6,2025-11-12 23:00:00,19,1104.0162224443238,1085.579764631569,-18.436457812754497,-1.6699444662086258
7,2025-11-13 00:00:00,19,1107.9062309567285,1091.051315185782,-16.85491577094649,-1.5213305332159284
8,2025-11-13 01:00:00,19,1100.365308643566,1084.5687232738958,-15.79658536967031,-1.4355764622517004
9,2025-11-13 02:00:00,19,1100.4820623614055,1085.9888974846367,-14.493164876769017,-1.3169832905472076
10,2025-11-13 03:00:00,19,1100.400412866283,1084.9955094276206,-15.40490343866236,-1.3999361740092615
11,2025-11-13 04:00:00,19,1107.4852279665122,1090.4636283159998,-17.02159965051237,-1.536959520603833
12,2025-11-13 05:00:00,19,1130.5756793515304,1100.0520719870551,-30.523607364475083,-2.699828761749293
13,2025-11-13 06:00:00,19,1136.0086146055191,1103.744371678917,-32.26424292660204,-2.840140691873701
14,2025-11-13 07:00:00,19,1135.7408523234008,1103.315297022135,-32.42555530126583,-2.855013556563755
15,2025-11-13 08:00:00,19,1134.2515626174186,1100.905772360247,-33.34579025717153,-2.9398937022596825
16,2025-11-13 09:00:00,19,1131.4550406215574,1096.2709957569402,-35.184044864617135,-3.1096281868424054
17,2025-11-13 10:00:00,19,1128.9740010274313,1092.0294647332196,-36.94453629421173,-3.2723992103086585
18,2025-11-13 11:00:00,19,1128.1481084620966,1090.588489217757,-37.55961924433973,-3.329316333787183
19,2025-11-13 12:00:00,19,1127.8216565471257,1090.0147231090982,-37.8069334380275,-3.352208500214036
20,2025-11-13 13:00:00,19,1127.883937147574,1090.1243722782465,-37.75956486932773,-3.347823621357879
21,2025-11-13 14:00:00,19,1127.4000350952851,1089.270101734771,-38.12993336051409,-3.3821121317679785
22,2025-11-13 15:00:00,19,1125.635950304705,1086.1091554224008,-39.5267948823041,-3.5115078610988184
23,2025-11-13 16:00:00,19,1127.2590177541897,1089.0201391264266,-38.23887862776314,-3.3921998427606743
24,2025-11-13 17:00:00,19,1126.732011047137,1088.0818705932606,-38.65014045387602,-3.430286889422466
25,2025-11-13 18:00:00,19,1126.2492881878916,1087.216654570211,-39.03263361768063,-3.4657188268223647
26,2025-11-13 19:00:00,19,1128.310852707643,1090.87363124302,-37.43722146462301,-3.317988245418692
27,2025-11-13 20:00:00,19,1131.5220615917508,1096.3838305175998,-35.13823107415101,-3.105395136946853
28,2025-11-13 21:00:00,19,1134.2155861645022,1100.8470750585327,-33.368511105969446,-2.9419901747964348
29,2025-11-13 22:00:00,19,1137.610603514701,1106.0634903765158,-31.547113138185296,-2.7731029440758563
30,2025-11-13 23:00:00,19,1138.8874749320664,1107.8845299373577,-31.00294499470874,-2.722213184103903
31,2025-11-14 00:00:00,19,1138.928654386475,1107.943090382056,-30.985564004419075,-2.720588676479526
32,2025-11-14 01:00:00,19,1129.426203853635,1098.6662953793295,-30.759908474305348,-2.7234987438180247
33,2025-11-14 02:00:00,19,1129.7782148788262,1099.2166544852264,-30.561560393599848,-2.7050937955001824
34,2025-11-14 03:00:00,19,1129.249596428027,1098.389411152452,-30.86018527557485,-2.7328046317829022
35,2025-11-14 04:00:00,19,1136.0718973742964,1103.8455977047392,-32.22629966955719,-2.8366426230627675
36,2025-11-14 05:00:00,19,1128.2876231382045,1090.8329672060845,-37.45465593212021,-3.319601772103492
37,2025-11-14 06:00:00,19,1121.3229117488356,1078.0400101559828,-43.2829015928528,-3.859985481376457
38,2025-11-14 07:00:00,19,1120.205574489746,1075.8608419051889,-44.34473258455728,-3.958624523427882
39,2025-11-14 08:00:00,19,1120.6389874341917,1076.710865914756,-43.92812151943576,-3.9199172982561783
40,2025-11-14 09:00:00,19,1122.5835491574524,1080.4524931938074,-42.13105596364494,-3.7530441271178554
41,2025-11-14 10:00:00,19,1125.1468614089429,1085.2193014847785,-39.9275599241646,-3.5486531841866493
42,2025-11-14 11:00:00,19,1126.1857731899966,1087.102394016321,-39.08337917367544,-3.4704202542862137
43,2025-11-14 12:00:00,19,1127.6501432878104,1089.7123064283398,-37.93783685947051,-3.364326877914263
44,2025-11-14 13:00:00,19,1126.1857731899966,1087.102394016321,-39.08337917367544,-3.4704202542862137
45,2025-11-14 14:00:00,19,1125.082507461294,1085.1017641208066,-39.98074334048738,-3.553583232815735
46,2025-11-14 15:00:00,19,1123.285101333801,1081.7749833185103,-41.5101180152908,-3.695421399785436
47,2025-11-14 16:00:00,19,1122.2014716223102,1079.7262974566595,-42.47517416565074,-3.784986496608895
48,2025-11-14 17:00:00,19,1123.6132573233356,1082.3888501107454,-41.22440721259022,-3.668914276678681
49,2025-11-14 18:00:00,19,1125.6039658448526,1086.051146231331,-39.55281961352193,-3.513919710102877
50,2025-11-14 19:00:00,19,1128.8125612439069,1091.7489718900106,-37.06358935389631,-3.283413972028597
51,2025-11-14 20:00:00,19,1130.148286165416,1094.0529147199852,-36.09537144543083,-3.193861538993448
52,2025-11-14 21:00:00,19,1132.0266502607265,1097.2305027499667,-34.79614751075974,-3.0737922559283875
53,2025-11-14 22:00:00,19,1133.644977228707,1099.9129388825083,-33.73203834619858,-2.9755381114693824
54,2025-11-14 23:00:00,19,1137.228858892656,1105.5170260935845,-31.711832799071544,-2.788518120262093
55,2025-11-15 00:00:00,19,1138.4238954056102,1107.2245676636408,-31.19932774196945,-2.740572107444513
56,2025-11-15 01:00:00,19,1138.7554676541151,1107.6967356834252,-31.058731970689905,-2.727427692151698
57,2025-11-15 02:00:00,19,1129.392272121067,1098.6131370996434,-30.7791350214236,-2.725282949175712
58,2025-11-15 03:00:00,19,1137.7625121275566,1106.2806809490492,-31.48183117850749,-2.7669949434032683
59,2025-11-15 04:00:00,19,1136.4309740288495,1104.371705530388,-32.059268498461506,-2.821048460585838
60,2025-11-15 05:00:00,19,1134.2515626174186,1100.905772360247,-33.34579025717153,-2.9398937022596825
61,2025-11-15 06:00:00,19,1130.8268194961283,1095.208979069903,-35.61784042622526,-3.14971663318843
62,2025-11-15 07:00:00,19,1128.8433361024215,1091.8024853360337,-37.04085076638808,-3.28131013239443
63,2025-11-15 08:00:00,19,1129.2270534979127,1092.4679926830374,-36.75906081487528,-3.2552408925211096
64,2025-11-15 09:00:00,19,1130.0876976276384,1093.9492241540952,-36.13847347354317,-3.197846817499886
65,2025-11-15 10:00:00,19,1131.9674506842723,1097.1314272350028,-34.83602344926976,-3.077475719660617
66,2025-11-15 11:00:00,19,1132.5354440657532,1098.0792145967978,-34.45622946895537,-3.0423974498545494
67,2025-11-15 12:00:00,19,1132.4103882271925,1097.8710730319458,-34.53931519524667,-3.050070500440971
68,2025-11-15 13:00:00,19,1132.6969917838585,1098.3476500142274,-34.34934176963111,-3.032526970477349
69,2025-11-15 14:00:00,19,1129.2653268691258,1092.5341984571166,-36.731128412009184,-3.2526570627866334
70,2025-11-15 15:00:00,19,1125.0905543908998,1085.116466983192,-39.97408740770766,-3.552966225847374
71,2025-11-15 16:00:00,19,1124.387587514334,1083.8257368929435,-40.56185062139025,-3.607461614820891
72,2025-11-15 17:00:00,19,1125.8595012823966,1086.51389253169,-39.34560875070656,-3.494717476371645
73,2025-11-15 18:00:00,19,1128.8048657316629,1091.7355871707682,-37.069278560894645,-3.2839403590688168
74,2025-11-15 19:00:00,19,1131.6262059780158,1096.5589889727707,-35.067217005245084,-3.098833945343109
75,2025-11-15 20:00:00,19,1134.8249658706716,1101.8381535874116,-32.98681228325995,-2.906775342041535
76,2025-11-15 21:00:00,19,1137.8635341537615,1106.4250340016135,-31.43850015214798,-2.762941179543912
77,2025-11-15 22:00:00,19,1130.3222939567236,1099.8875214095272,-30.434772547196417,-2.692574738188936
78,2025-11-15 23:00:00,19,1130.544620379574,1100.032259307431,-30.512361072142998,-2.6989081653317357
79,2025-11-16 00:00:00,19,1130.849340311829,1100.222161479421,-30.62717883240839,-2.7083341467894395
80,2025-11-16 01:00:00,19,1130.7668442352358,1100.1717484361802,-30.59509579905557,-2.7056944546112645
81,2025-11-16 02:00:00,19,1130.6869718592968,1100.1222249074494,-30.564746951847383,-2.7032014795029293
82,2025-11-16 03:00:00,19,1131.141953312767,1100.3947252740372,-30.7472280387301,-2.71824663108648
83,2025-11-16 04:00:00,19,1131.3376932245378,1100.5044722799803,-30.833220944557524,-2.725377323606774
84,2025-11-16 05:00:00,19,1130.7821557356358,1100.1811622545392,-30.60099348109657,-2.7061793755658394
85,2025-11-16 06:00:00,19,1129.3583255245733,1098.5599366455892,-30.79838887898404,-2.727069715865296
86,2025-11-16 07:00:00,19,1135.3232872029898,1102.6436792168035,-32.679607986186284,-2.878440736179786
87,2025-11-16 08:00:00,19,1133.862148363109,1100.2691704057838,-33.592977957325274,-2.962703888283201
88,2025-11-16 09:00:00,19,1133.3035442184769,1099.3511128036323,-33.95243141484434,-2.9958815171850404
89,2025-11-16 10:00:00,19,1132.4398306864068,1097.920103737226,-34.51972694918095,-3.048261462885624
90,2025-11-16 11:00:00,19,1132.27776326805,1097.6500051590494,-34.627758109000524,-3.058238820221617
91,2025-11-16 12:00:00,19,1131.68565676201,1096.6588821603896,-35.026774601620446,-3.095097511604008
92,2025-11-16 13:00:00,19,1129.958797453207,1093.7283713460429,-36.23042610716402,-3.206349310153884
93,2025-11-16 14:00:00,19,1128.0083580695928,1090.3431606994352,-37.66519737015756,-3.339088500604336
94,2025-11-16 15:00:00,19,1124.273918758818,1083.6158131241718,-40.65810563464606,-3.616387870985393
95,2025-11-16 16:00:00,19,1122.3345615386145,1079.9797383965183,-42.354823142096166,-3.77381438597344
96,2025-11-16 17:00:00,19,1122.425941087958,1080.1534508326358,-42.27249025532228,-3.766171887861743
97,2025-11-16 18:00:00,19,1122.633259883267,1080.5466642793858,-42.08659560388151,-3.748917576899309
98,2025-11-16 19:00:00,19,1125.443860827004,1085.7603841862556,-39.683476640748495,-3.526028975944486
99,2025-11-16 20:00:00,19,1127.3530558796049,1089.1868791350958,-38.1661767445089,-3.385467981432859
100,2025-11-16 21:00:00,19,1129.6394637779551,1093.1797363551989,-36.45972742275649,-3.2275543296638145
101,2025-11-16 22:00:00,19,1130.9168641481774,1095.361687959401,-35.555176188776386,-3.1439248379726874
102,2025-11-16 23:00:00,19,1132.5280932390865,1098.0669882520333,-34.46110498705298,-3.042847695591596
103,2025-11-17 00:00:00,19,1134.2155861645022,1100.8470750585327,-33.368511105969446,-2.9419901747964348
104,2025-11-17 01:00:00,19,1134.337839320527,1101.0464412754288,-33.291398045098504,-2.9348750337941807
105,2025-11-17 02:00:00,19,1134.63906708027,1101.5365206896972,-33.1025463905728,-2.9174516681991665
106,2025-11-17 03:00:00,19,1134.1003513701337,1100.6589056031908,-33.441445766942934,-2.948720166301115
107,2025-11-17 04:00:00,19,1130.6238531502083,1094.8641599226237,-35.75969322758465,-3.16282847986525
108,2025-11-17 05:00:00,19,1122.2181191671552,1079.758027569653,-42.46009159750224,-3.783586352091128
109,2025-11-17 06:00:00,19,1116.0707846529297,1066.6568136411283,-49.41397101180132,-4.427494357104584
110,2025-11-17 07:00:00,19,1114.657232174914,1062.9519564395516,-51.70527573536242,-4.638670457865807
111,2025-11-17 08:00:00,19,1114.411849598343,1062.2946264558425,-52.11722314250051,-4.676657302350529
112,2025-11-17 09:00:00,19,1116.41844548547,1067.5479286650975,-48.870516820372586,-4.37743724299731
113,2025-11-17 10:00:00,19,1117.6991217255304,1070.7678738079012,-46.93124791762921,-4.198916059375231
114,2025-11-17 11:00:00,19,1118.8921907692682,1073.2466464067336,-45.645544362534565,-4.079530158410708
115,2025-11-17 12:00:00,19,1118.4499561163263,1072.3528612642542,-46.09709485207213,-4.121516085720846
116,2025-11-17 13:00:00,19,1116.9064174384257,1068.7861646203264,-48.12025281809929,-4.308351359325243
117,2025-11-17 14:00:00,19,1114.3663339240914,1062.1722125275662,-52.194121396525134,-4.683748943916005
118,2025-11-17 15:00:00,19,1122.3144575488498,1053.6714668960356,-68.6429906528142,-6.116199447588998
119,2025-11-17 16:00:00,19,1120.1791825164314,1046.8273038382365,-73.35187867819513,-6.548227267838837
120,2025-11-17 17:00:00,19,1121.8149459948252,1052.1222309485272,-69.69271504629796,-6.21249657041202
121,2025-11-17 18:00:00,19,1122.504453161108,1054.2532499194713,-68.25120324163686,-6.080261245239004
122,2025-11-17 19:00:00,19,1113.3037835151547,1059.269240502627,-54.034543012527365,-4.853530888210785
123,2025-11-17 20:00:00,19,1115.1820676901564,1064.343403364165,-50.83866432599143,-4.558777064205493
124,2025-11-17 21:00:00,19,1119.3063725046277,1074.0774332389872,-45.22893926564029,-4.040800658039076
125,2025-11-17 22:00:00,19,1122.1265176484371,1079.5833344730272,-42.54318317540992,-3.7913000456102512
126,2025-11-17 23:00:00,19,1127.5564409577594,1089.5468040925612,-38.00963686519822,-3.3709742133096587
127,2025-11-18 00:00:00,19,1128.8279501110587,1091.7757336973775,-37.05221641368098,-3.2823617106606573
128,2025-11-18 01:00:00,19,1129.2270534979127,1092.4679926830374,-36.75906081487528,-3.2552408925211096
129,2025-11-18 02:00:00,19,1129.7688681323598,1093.4023196832668,-36.36654844909299,-3.218937029944112
130,2025-11-18 03:00:00,19,1130.8943623520988,1095.3235420002204,-35.57082035187841,-3.14537073806754
131,2025-11-18 04:00:00,19,1127.6189209284012,1089.6571820869185,-37.961738841482656,-3.36653971806607
132,2025-11-18 05:00:00,19,1118.8662389230676,1073.1943896733746,-45.67184924969297,-4.081975812734602
133,2025-11-18 06:00:00,19,1121.0466894875349,1049.6801607922023,-71.36652869533236,-6.366062124313146
134,2025-11-18 07:00:00,19,1119.9563574312758,1046.076696501695,-73.87966092958072,-6.596655346377122
135,2025-11-18 08:00:00,19,1120.095687073023,1046.546936521488,-73.54875055153548,-6.566291737425514
136,2025-11-18 09:00:00,19,1113.1100641637024,1058.7302110354196,-54.379853128282775,-4.8853976690202
137,2025-11-18 10:00:00,19,1114.439147819318,1062.3679711573584,-52.0711766619595,-4.672410939964728
138,2025-11-18 11:00:00,19,1116.2581568660369,1067.13802047157,-49.12013639446696,-4.400427991708902
139,2025-11-18 12:00:00,19,1115.9009140670655,1066.2186275898696,-49.68228647719616,-4.452213081905429
140,2025-11-18 13:00:00,19,1114.120145876608,1061.5074063714317,-52.61273950517648,-4.722357790575621
141,2025-11-18 14:00:00,19,1121.978726845467,1052.633411282385,-69.34531556308207,-6.180626593344775
142,2025-11-18 15:00:00,19,1118.5323335345763,1041.0832440131965,-77.44908952137985,-6.924170826304121
143,2025-11-18 16:00:00,19,1115.5478080626178,1029.1294844192223,-86.41832364339552,-7.74671627865766
144,2025-11-18 17:00:00,19,1116.6241861492044,1033.7304281775398,-82.89375797166463,-7.423604020035824
145,2025-11-18 18:00:00,19,1118.8622089395155,1042.2724869287454,-76.58972201077017,-6.845322095860557
146,2025-11-18 19:00:00,19,1120.5585829593465,1048.0881775450937,-72.47040541425258,-6.467346421359016
147,2025-11-18 20:00:00,19,1113.0361556430892,1058.5237273465466,-54.512428296542566,-4.897633200877147
148,2025-11-18 21:00:00,19,1118.1626064995532,1071.7682959933757,-46.39431050617759,-4.149155966806705
149,2025-11-18 22:00:00,19,1121.0111742688025,1077.4360002616345,-43.575174007168016,-3.887131101578057
150,2025-11-18 23:00:00,19,1125.1227344335198,1085.1752478716598,-39.94748656185993,-3.55050034447778
151,2025-11-19 00:00:00,19,1126.034731829422,1086.8302827609582,-39.20444906846387,-3.481637640498888
152,2025-11-19 01:00:00,19,1126.138105319037,1087.0165772433552,-39.121528075682136,-3.473954738846078
153,2025-11-19 02:00:00,19,1125.651937972256,1086.1381421794415,-39.51379579281456,-3.510303181638413
154,2025-11-19 03:00:00,19,1126.098361369641,1086.9449836034355,-39.15337776620549,-3.476905669109079
155,2025-11-19 04:00:00,19,1123.367258950075,1081.928951569001,-41.43830738107431,-3.688758689638463
156,2025-11-19 05:00:00,19,1114.738875940831,1063.169693651248,-51.56918228958284,-4.626122171083237
157,2025-11-19 06:00:00,19,1117.152896207852,1035.858343026018,-81.29455318183409,-7.276940645974821
158,2025-11-19 07:00:00,19,1116.4021842294774,1032.812815143386,-83.58936908609144,-7.487388529590119
159,2025-11-19 08:00:00,19,1116.518078172209,1033.2937152965628,-83.2243628756462,-7.453919869518661
160,2025-11-19 09:00:00,19,1118.125421734758,1039.5862434623075,-78.53917827245027,-7.0241832218247655
161,2025-11-19 10:00:00,19,1118.8622089395155,1042.2724869287454,-76.58972201077017,-6.845322095860557
162,2025-11-19 11:00:00,19,1118.9750353737309,1042.6744880308074,-76.30054734292344,-6.818789064175996
163,2025-11-19 12:00:00,19,1119.9005657723071,1045.887549071088,-74.01301670121916,-6.608891803727076
164,2025-11-19 13:00:00,19,1120.2348035763682,1047.0134855839697,-73.22131799239855,-6.536247379445656
165,2025-11-19 14:00:00,19,1118.796329081629,1042.0366539336194,-76.75967514800959,-6.860915892619906
166,2025-11-19 15:00:00,19,1116.9417771767887,1035.01794866123,-81.92382851555885,-7.33465523356389
167,2025-11-19 16:00:00,19,1115.0392024253483,1026.8047208319283,-88.23448159342024,-7.913128202264037
0,2025-11-12 17:00:00,20,1047.8866955396074,1040.8911790039003,-6.995516535707111,-0.6675832955494088
1,2025-11-12 18:00:00,20,1048.9780652692148,1042.8407318739207,-6.137333395294036,-0.5850773813577237
2,2025-11-12 19:00:00,20,1050.038668966444,1044.678895076839,-5.359773889605094,-0.5104358580318509
3,2025-11-12 20:00:00,20,1049.4302451299295,1045.1886442335544,-4.241600896375303,-0.4041813084823137
4,2025-11-12 21:00:00,20,874.4759058680934,871.2239407131376,-3.2519651549557693,-0.3718759011121683
5,2025-11-12 22:00:00,20,871.3133399520492,868.670529931252,-2.642810020797242,-0.3033133890665191
6,2025-11-12 23:00:00,20,871.7615388148934,869.2603536568265,-2.5011851580668463,-0.2869116205180438
7,2025-11-13 00:00:00,20,873.6666092597432,871.7843444160067,-1.8822648437364933,-0.2154442923406829
8,2025-11-13 01:00:00,20,647.536301982653,643.896381468714,-3.639920513938932,-0.5621183712471526
9,2025-11-13 02:00:00,20,647.9499552903798,645.1256451984199,-2.824310091959888,-0.435883985931316
10,2025-11-13 03:00:00,20,647.6600738669587,644.2654477130576,-3.394626153901072,-0.5241370111998583
11,2025-11-13 04:00:00,20,873.4706207927154,871.5224305279874,-1.948190264728055,-0.2230401593770814
12,2025-11-13 05:00:00,20,874.4398662456085,871.2222514756551,-3.2176147699534567,-0.3679629548190919
13,2025-11-13 06:00:00,20,1051.0840427236456,1046.4421881771573,-4.6418545464882754,-0.4416254417163411
14,2025-11-13 07:00:00,20,1050.978037857925,1046.2654313653816,-4.7126064925435,-0.4484019953593518
15,2025-11-13 08:00:00,20,1050.3906757197096,1045.2777620652937,-5.112913654416161,-0.486763046607671
16,2025-11-13 09:00:00,20,1049.2976349471912,1043.4001346333112,-5.897500313880073,-0.5620426576275358
17,2025-11-13 10:00:00,20,1048.3381591443913,1041.7052628593206,-6.6328962850707285,-0.6327057950923216
18,2025-11-13 11:00:00,20,1048.020812474901,1041.1341861103645,-6.886626364536596,-0.657107786654907
19,2025-11-13 12:00:00,20,1047.895648790567,1040.9074327062324,-6.988216084334681,-0.6668809143735026
20,2025-11-13 13:00:00,20,1047.9195156465223,1040.9507385718175,-6.968777074704576,-0.6650107160572474
21,2025-11-13 14:00:00,20,1047.7342240959774,1040.6136878897369,-7.120536206240558,-0.6796128295211901
22,2025-11-13 15:00:00,20,1047.0615494879517,1039.3732049708888,-7.688344517062887,-0.7342781826744327
23,2025-11-13 16:00:00,20,1047.6802901866686,1040.5152134265015,-7.16507676016704,-0.6838991653541955
24,2025-11-13 17:00:00,20,1047.4789801940967,1040.1461647277908,-7.332815466305874,-0.7000441636496716
25,2025-11-13 18:00:00,20,1047.29493022962,1039.8066620490404,-7.488268180579553,-0.7150104487699321
26,2025-11-13 19:00:00,20,1048.0832674386354,1041.2470086860526,-6.836258752582808,-0.6522629417879783
27,2025-11-13 20:00:00,20,1049.3236845658766,1043.4455177635175,-5.8781668023591465,-0.5601862312667655
28,2025-11-13 21:00:00,20,1050.3765331517295,1045.2538039284111,-5.122729223318402,-0.4877040815018295
29,2025-11-13 22:00:00,20,1049.8568765102511,1045.527016260551,-4.329860249700232,-0.412423859535291
30,2025-11-13 23:00:00,20,1048.6760130560858,1044.5845108447295,-4.091502211356328,-0.390158844144126
31,2025-11-14 00:00:00,20,1048.6366082023872,1044.552749903583,-4.083858298804216,-0.389444567055972
32,2025-11-14 01:00:00,20,874.266022339388,870.9591449721072,-3.3068773672807765,-0.3782461267832567
33,2025-11-14 02:00:00,20,874.3241458577681,871.0879563189881,-3.2361895387800814,-0.3701361279008452
34,2025-11-14 03:00:00,20,874.2368793492179,870.8943814710299,-3.3424978781880554,-0.3823332047804036
35,2025-11-14 04:00:00,20,1051.10911400337,1046.4839277757442,-4.625186227625818,-0.4400291240944362
36,2025-11-14 05:00:00,20,1048.074350464817,1041.230913617428,-6.843436847389057,-0.6529533753358261
37,2025-11-14 06:00:00,20,1045.434711218571,1036.2504949505137,-9.184216268057298,-0.8785069186532048
38,2025-11-14 07:00:00,20,1045.0171914176142,1035.4171138611655,-9.600077556448468,-0.9186525958894052
39,2025-11-14 08:00:00,20,1045.1789606306138,1035.741714821257,-9.437245809357137,-0.9029310926487776
40,2025-11-14 09:00:00,20,1045.9076818636436,1037.1778613998224,-8.72982046382117,-0.8346645325585522
41,2025-11-14 10:00:00,20,1046.875819102249,1039.0258207677075,-7.849998334541169,-0.749850000477894
42,2025-11-14 11:00:00,20,1047.270737890913,1039.761884784452,-7.508853106461402,-0.7169925440276691
43,2025-11-14 12:00:00,20,1047.8299512789724,1040.7880608213015,-7.041890457670888,-0.6720451585751692
44,2025-11-14 13:00:00,20,1047.270737890913,1039.761884784452,-7.508853106461402,-0.7169925440276691
45,2025-11-14 14:00:00,20,1046.8514052488845,1038.97999460456,-7.871410644324442,-0.7519128889599234
46,2025-11-14 15:00:00,20,1046.1717841197744,1037.6884312084294,-8.483352911345037,-0.8108948300954933
47,2025-11-14 16:00:00,20,1045.7641167563695,1036.8981708006004,-8.86594595576912,-0.8477959621782098
48,2025-11-14 17:00:00,20,1046.2955418509152,1037.9259689368814,-8.369572914033824,-0.7999243597299385
49,2025-11-14 18:00:00,20,1047.049393407152,1039.3505351667072,-7.698858240444679,-0.735290836222368
50,2025-11-14 19:00:00,20,1048.2760475950156,1041.593918349927,-6.682129245088618,-0.6374398480647294
51,2025-11-14 20:00:00,20,1048.7911168169842,1042.5111589815992,-6.279957835384948,-0.5987806089018212
52,2025-11-14 21:00:00,20,1049.520033752881,1043.7865645823852,-5.733469170495937,-0.5462943999262365
53,2025-11-14 22:00:00,20,1050.1525099647813,1044.873158291025,-5.2793516737563095,-0.5027223782889746
54,2025-11-14 23:00:00,20,1050.1950687027254,1045.793407373371,-4.401661329354056,-0.4191279754142529
55,2025-11-15 00:00:00,20,1049.1138128148982,1044.9360790323185,-4.177733782579708,-0.3982154968840175
56,2025-11-15 01:00:00,20,1048.801760403011,1044.6857370971445,-4.11602330586652,-0.3924500760072049
57,2025-11-15 02:00:00,20,874.2604221357544,870.946709078683,-3.313713057071368,-0.3790304322568107
58,2025-11-15 03:00:00,20,1049.7204442857703,1045.419083972827,-4.301360312943643,-0.4097624597442501
59,2025-11-15 04:00:00,20,1050.8809909268773,1046.3283813983733,-4.552609528504036,-0.4332183727568078
60,2025-11-15 05:00:00,20,1050.3906757197096,1045.2777620652937,-5.112913654416161,-0.486763046607671
61,2025-11-15 06:00:00,20,1049.053798550094,1042.9737503838655,-6.080048166228607,-0.5795744865165058
62,2025-11-15 07:00:00,20,1048.2878847939555,1041.615154223732,-6.672730570223393,-0.636536076302641
63,2025-11-15 08:00:00,20,1048.4355949634069,1041.8795193539754,-6.556075609431446,-0.6253198232610816
64,2025-11-15 09:00:00,20,1048.7676952137726,1042.4697455911123,-6.297949622660326,-0.6005094980901944
65,2025-11-15 10:00:00,20,1049.496976814318,1043.7466095146776,-5.750367299640402,-0.5479165187397947
66,2025-11-15 11:00:00,20,1049.7184272034908,1044.129344883096,-5.589082320394709,-0.5324363348830924
67,2025-11-15 12:00:00,20,1049.6696260861695,1044.045194578302,-5.6244315078674845,-0.5358287377371215
68,2025-11-15 13:00:00,20,1049.781505779269,1044.2379543152276,-5.543551464041457,-0.5280671676461277
69,2025-11-15 14:00:00,20,1048.450340098933,1041.905846342906,-6.544493756027123,-0.624206364929938
70,2025-11-15 15:00:00,20,1046.8544576901877,1038.9857263017864,-7.868731388401329,-0.7516547625696836
71,2025-11-15 16:00:00,20,1046.5881332103083,1038.483354662796,-8.104778547512296,-0.7744000041976081
72,2025-11-15 17:00:00,20,1047.1465522198137,1039.53146879422,-7.615083425593639,-0.7272223175877969
73,2025-11-15 18:00:00,20,1048.2730878221696,1041.588607361491,-6.684480460678515,-0.6376659420462465
74,2025-11-15 19:00:00,20,1049.3641772108158,1043.5159994029607,-5.848177807855109,-0.5573067896599464
75,2025-11-15 20:00:00,20,1050.6163762662925,1045.6589695395485,-4.957406726744011,-0.4718569821233675
76,2025-11-15 21:00:00,20,1049.6291217537623,1045.3466922391815,-4.282429514581054,-0.4079945407217549
77,2025-11-15 22:00:00,20,874.4070448224053,871.2183177911594,-3.188727031245889,-0.364673071897943
78,2025-11-15 23:00:00,20,874.4358520960363,871.2218895432768,-3.21396255275954,-0.3675469784382263
79,2025-11-16 00:00:00,20,874.475123248547,871.2239346942375,-3.251188554309465,-0.3717874262942753
80,2025-11-16 01:00:00,20,874.4645163063215,871.2237164987569,-3.240799807564599,-0.3706039235592447
81,2025-11-16 02:00:00,20,874.4542289853235,871.2232655484506,-3.230963436872912,-0.3694834251784651
82,2025-11-16 03:00:00,20,874.5125917743798,871.22261230181,-3.289979472569712,-0.376207215712511
83,2025-11-16 04:00:00,20,874.5375166856447,871.2198234717041,-3.317693213940629,-0.3793654532414056
84,2025-11-16 05:00:00,20,874.4664863979301,871.2237761375949,-3.2427102603352296,-0.3708215592906803
85,2025-11-16 06:00:00,20,874.2548199253465,870.9342643291241,-3.320555596222448,-0.379815532101498
86,2025-11-16 07:00:00,20,1050.8129738275045,1045.9892998297312,-4.823673997773085,-0.45904210529522
87,2025-11-16 08:00:00,20,1050.2377087621564,1045.0181766664366,-5.219532095719842,-0.4969857825683814
88,2025-11-16 09:00:00,20,1050.018718188997,1044.644791758583,-5.373926430413576,-0.5117933935198955
89,2025-11-16 10:00:00,20,1049.6811133038489,1044.0650123521582,-5.616100951690669,-0.5350292465503272
90,2025-11-16 11:00:00,20,1049.617898506748,1043.9558792646476,-5.662019242100314,-0.5394362319998026
91,2025-11-16 12:00:00,20,1049.3873000451226,1043.556212348964,-5.831087696158647,-0.5556659296246406
92,2025-11-16 13:00:00,20,1048.7178850047364,1042.3815804753656,-6.336304529370864,-0.6041953341286104
93,2025-11-16 14:00:00,20,1047.9672124030128,1041.0371879360175,-6.930024466995292,-0.6612825654253617
94,2025-11-16 15:00:00,20,1046.5451316459612,1038.4018008452465,-8.14333080071492,-0.7781155876103919
95,2025-11-16 16:00:00,20,1045.8141036643387,1036.9957289649335,-8.81837469940524,-0.8432067103041821
96,2025-11-16 17:00:00,20,1045.848437940759,1037.0626298403452,-8.785808100413533,-0.8400651357965884
97,2025-11-16 18:00:00,20,1045.9263745175233,1037.2141654201905,-8.712209097333016,-0.8329658099836982
98,2025-11-16 19:00:00,20,1046.9885647535132,1039.2369568735778,-7.751607879935364,-0.7403717806373828
99,2025-11-16 20:00:00,20,1047.7162531285685,1040.5808944016828,-7.13535872688567,-0.6810392322901254
100,2025-11-16 21:00:00,20,1048.5945946168488,1042.162810528854,-6.431784087994856,-0.6133718522881569
101,2025-11-16 22:00:00,20,1049.088710762866,1043.0349759413602,-6.053734821505714,-0.5770469893917378
102,2025-11-16 23:00:00,20,1049.7155579647192,1044.124400304776,-5.591157659943292,-0.5326354951606052
103,2025-11-17 00:00:00,20,1050.3765331517295,1045.2538039284111,-5.122729223318402,-0.4877040815018295
104,2025-11-17 01:00:00,20,1050.4246004150075,1045.3351974652076,-5.089402949799933,-0.4845091163886664
105,2025-11-17 02:00:00,20,1050.543143145839,1045.5355127342968,-5.007630411542095,-0.4766706102661149
106,2025-11-17 03:00:00,20,1050.3312481221092,1045.177031904375,-5.154216217734074,-0.4907229245011338
107,2025-11-17 04:00:00,20,1048.9751499825932,1042.8356058081304,-6.139544174462799,-0.5852897634957968
108,2025-11-17 05:00:00,20,1045.770368114472,1036.910381698572,-8.859986415899812,-0.8472210234713766
109,2025-11-17 06:00:00,20,1043.4853735183538,1027.8332666309768,-15.652106887376933,-1.4999833523877972
110,2025-11-17 07:00:00,20,1042.966289614726,1023.0288733745028,-19.937416240223342,-1.9116069655125925
111,2025-11-17 08:00:00,20,1042.8764108954265,1022.1798426899716,-20.696568205454582,-1.9845657634239
112,2025-11-17 09:00:00,20,1043.6133921141231,1028.993740344586,-14.619651769537086,-1.4008685476832563
113,2025-11-17 10:00:00,20,1044.0861896413958,1033.203097535825,-10.883092105570768,-1.042355718669998
114,2025-11-17 11:00:00,20,1044.5283948121505,1034.4225200558726,-10.1058747562779,-0.9675059870531671
115,2025-11-17 12:00:00,20,1044.3642833894692,1034.0837189484712,-10.280564440997978,-0.9843849128613013
116,2025-11-17 13:00:00,20,1043.7933139397712,1030.6094533781386,-13.183860561632628,-1.263071949739789
117,2025-11-17 14:00:00,20,1042.859746841237,1022.02184001757,-20.837906823667023,-1.998150459520934
118,2025-11-17 15:00:00,20,1050.0758953056954,1011.1337225519444,-38.94217275375104,-3.7085103017638823
119,2025-11-17 16:00:00,20,1049.3150746630697,1002.4844089773352,-46.8306656857344,-4.462974640936282
120,2025-11-17 17:00:00,20,1049.8974708716603,1009.166893860645,-40.7305770110155,-3.879481391378112
121,2025-11-17 18:00:00,20,1050.143833305883,1011.8736972897276,-38.27013601615533,-3.6442756508582113
122,2025-11-17 19:00:00,20,1042.4713844591226,1018.2850806135144,-24.186303845608336,-2.32009282999717
123,2025-11-17 20:00:00,20,1043.1587540924631,1024.8294613725611,-18.32929271990201,-1.7570952309984975
124,2025-11-17 21:00:00,20,1044.682310928211,1034.7380048860691,-9.944306042141989,-0.9518976188374788
125,2025-11-17 22:00:00,20,1045.7359750430007,1036.843164501442,-8.892810541558674,-0.8503877416279
126,2025-11-17 23:00:00,20,1047.794076840952,1040.7227743652152,-7.071302475736729,-0.6748752099321235
127,2025-11-18 00:00:00,20,1048.281966572923,1041.6045379022055,-6.677428670717518,-0.636987841405646
128,2025-11-18 01:00:00,20,1048.4355949634069,1041.8795193539754,-6.556075609431446,-0.6253198232610816
129,2025-11-18 02:00:00,20,1048.6445373714423,1042.2515240769196,-6.393013294522689,-0.6096454104979719
130,2025-11-18 03:00:00,20,1049.079985169413,1043.019679435108,-6.060305734305075,-0.5776781389387019
131,2025-11-18 04:00:00,20,1047.8179962295242,1040.7663124039868,-7.051683825537339,-0.6729874702393134
132,2025-11-18 05:00:00,20,1044.5187576599697,1034.4026942238213,-10.116063436148352,-0.9684903561532318
133,2025-11-18 06:00:00,20,1049.6235822296935,1006.0772878848372,-43.546294344856165,-4.148753427619421
134,2025-11-18 07:00:00,20,1049.2359619740914,1001.5420144308794,-47.69394754321206,-4.545588339678902
135,2025-11-18 08:00:00,20,1049.2854239413489,1002.1322635565438,-47.15316038480489,-4.493835453054057
136,2025-11-18 09:00:00,20,1042.4007144370664,1017.593366134954,-24.80734830211236,-2.3798284055771406
137,2025-11-18 10:00:00,20,1042.8864063467145,1022.274527252114,-20.61187909460034,-1.9764260967601284
138,2025-11-18 11:00:00,20,1043.5543519236362,1028.4596906324873,-15.094661291148896,-1.4464662298924964
139,2025-11-18 12:00:00,20,1043.4228730724212,1027.2633305064553,-16.15954256596592,-1.5487050344586737
140,2025-11-18 13:00:00,20,1042.7696534035551,1021.164367720925,-21.605285682630097,-2.0719135440997327
141,2025-11-18 14:00:00,20,1049.955942906871,1009.8152753155656,-40.1406675913056,-3.823081136164014
142,2025-11-18 15:00:00,20,1048.7316050982763,995.3032928456774,-53.42831225259886,-5.094564900386702
143,2025-11-18 16:00:00,20,1047.6813124408689,980.5808849385536,-67.10042750231537,-6.404660148608169
144,2025-11-18 17:00:00,20,1048.0590667770782,986.2123577494788,-61.84670902759956,-5.90107094037996
145,2025-11-18 18:00:00,20,1048.8482508482543,996.7843081510404,-52.06394269721397,-4.963915671795928
146,2025-11-18 19:00:00,20,1049.4499000255164,1004.0701778278708,-45.379722197645606,-4.3241437439312005
147,2025-11-18 20:00:00,20,1042.373762995296,1017.3285698269364,-25.04519316835956,-2.4027075562983624
148,2025-11-18 21:00:00,20,1044.2577753538287,1033.8624674585856,-10.39530789524315,-0.9954733534754748
149,2025-11-18 22:00:00,20,1045.3180651805192,1036.0191017036227,-9.29896347689646,-0.8895822034119916
150,2025-11-18 23:00:00,20,1046.8666654275753,1039.0086432954506,-7.858022132124688,-0.750623015483563
151,2025-11-19 00:00:00,20,1047.2132300882697,1039.6553014000192,-7.557928688250286,-0.7217182204251973
152,2025-11-19 01:00:00,20,1047.2525852916494,1039.7282630373572,-7.524322254292201,-0.7184820892274764
153,2025-11-19 02:00:00,20,1047.0676263236678,1039.3845341625004,-7.683092161167451,-0.7337722958872636
154,2025-11-19 03:00:00,20,1047.2374526563358,1039.7002194432878,-7.537233213048012,-0.7197253300986982
155,2025-11-19 04:00:00,20,1046.202754939464,1037.7479770082723,-8.454777931191757,-0.8081395208791026
156,2025-11-19 05:00:00,20,1042.996209094188,1023.3103335098704,-19.6858755843175,-1.8874350081688327
157,2025-11-19 06:00:00,20,1048.245042678986,988.8316953763608,-59.4133473026252,-5.667887267158764
158,2025-11-19 07:00:00,20,1047.9810606061928,985.0857263375972,-62.89533426859555,-6.001571653615042
159,2025-11-19 08:00:00,20,1048.0217767980944,985.6759509788028,-62.34582581929169,-5.948905566616186
160,2025-11-19 09:00:00,20,1048.5878740237918,993.4432517555636,-55.14462226822821,-5.258941442515385
161,2025-11-19 10:00:00,20,1048.8482508482543,996.7843081510404,-52.06394269721397,-4.963915671795928
162,2025-11-19 11:00:00,20,1048.888172860009,997.2856137046808,-51.60255915532821,-4.919738871172818
163,2025-11-19 12:00:00,20,1049.2161617254742,1001.304728842294,-47.91143288318028,-4.566402485107376
164,2025-11-19 13:00:00,20,1049.3348308060492,1002.7183493794812,-46.61648142656804,-4.442479183766299
165,2025-11-19 14:00:00,20,1048.8249463366287,996.490377630787,-52.334568705841775,-4.989828749653384
166,2025-11-19 15:00:00,20,1048.1707468573256,987.7960965984108,-60.37465025891481,-5.760001453955178
167,2025-11-19 16:00:00,20,1047.503217325688,977.7519959492936,-69.75122137639448,-6.658807364283975
0,2025-11-12 17:00:00,21,1604.8038951771869,1380.0572310862638,-224.7466640909231,-14.00461855597059
1,2025-11-12 18:00:00,21,1611.9651169834394,1399.296768899571,-212.66834808386875,-13.193111057008911
2,2025-11-12 19:00:00,21,1618.8910388657102,1417.406826177336,-201.48421268837436,-12.445816787616907
3,2025-11-12 20:00:00,21,1630.8492170786735,1446.2127696199443,-184.6364474587292,-11.321491007578672
4,2025-11-12 21:00:00,21,1623.7152163110618,1444.844863018922,-178.87035329213973,-11.016116095685636
5,2025-11-12 22:00:00,21,1269.9277225233914,1089.2071275816766,-180.7205949417148,-14.230777999130265
6,2025-11-12 23:00:00,21,1271.2856233267444,1092.1495910828912,-179.13603224385315,-14.09093510985232
7,2025-11-13 00:00:00,21,1277.395710447131,1105.2010865207171,-172.1946239264139,-13.48013168653432
8,2025-11-13 01:00:00,21,1269.1584554702474,1103.465748650391,-165.6927068198563,-13.05532072104141
9,2025-11-13 02:00:00,21,1268.7047725035063,1107.080621392372,-161.62415111113455,-12.739303470279005
10,2025-11-13 03:00:00,21,1269.02271092027,1104.550614423962,-164.47209649630827,-12.96053215446683
11,2025-11-13 04:00:00,21,1276.7333869711392,1103.797751482109,-172.93563548903012,-13.54516434314405
12,2025-11-13 05:00:00,21,1623.9968889088093,1445.8815935549833,-178.115295353826,-10.967711611412302
13,2025-11-13 06:00:00,21,1625.684837192124,1434.7558854943568,-190.9289516977672,-11.744524358579786
14,2025-11-13 07:00:00,21,1624.997411118552,1433.0176913047897,-191.9797198137624,-11.814155425737871
15,2025-11-13 08:00:00,21,1621.182346224305,1423.3014486582658,-197.88089756603927,-12.205961780110618
16,2025-11-13 09:00:00,21,1614.0554484395973,1404.8110381489334,-209.24441029066384,-12.963892318132736
17,2025-11-13 10:00:00,21,1607.7704587137944,1388.0955152095396,-219.6749435042548,-13.663327517535883
18,2025-11-13 11:00:00,21,1605.6857933984393,1382.4573696476612,-223.2284237507781,-13.902372722518422
19,2025-11-13 12:00:00,21,1604.862784319598,1380.2177844805578,-224.6449998390401,-13.997769904938083
20,2025-11-13 13:00:00,21,1605.0197549239208,1380.6455450620963,-224.37420986182428,-13.97952948388849
21,2025-11-13 14:00:00,21,1603.800673142818,1377.3157726879049,-226.4849004549133,-14.121761154463917
22,2025-11-13 15:00:00,21,1599.3666487999856,1365.0505990462625,-234.3160497537233,-14.650552450217218
23,2025-11-13 16:00:00,21,1603.4456413592225,1376.342710328351,-227.1029310308716,-14.163431872773623
24,2025-11-13 17:00:00,21,1602.1197328852911,1372.6951067860336,-229.42462609925747,-14.320067432543375
25,2025-11-13 18:00:00,21,1600.9064841709098,1369.338254646136,-231.56822952477387,-14.464819264237052
26,2025-11-13 19:00:00,21,1606.0962939445103,1383.571499373873,-222.5247945706376,-13.855009528981933
27,2025-11-13 20:00:00,21,1614.2257089375562,1405.2582839449278,-208.9674249926284,-12.945365932138795
28,2025-11-13 21:00:00,21,1621.0903595348193,1423.065678353043,-198.02468118177623,-12.215523953803569
29,2025-11-13 22:00:00,21,1629.6752193172413,1443.6412316108133,-186.033987706428,-11.415402621411133
30,2025-11-13 23:00:00,21,1632.8612059074594,1450.6060508021626,-182.2551551052968,-11.161705259817772
31,2025-11-14 00:00:00,21,1632.9641778544428,1450.8304370302567,-182.13374082418613,-11.153566213772814
32,2025-11-14 01:00:00,21,1622.5986484416112,1442.941794528329,-179.65685391328225,-11.072168344638378
33,2025-11-14 02:00:00,21,1623.5131724894331,1445.206670158189,-178.30650233124447,-10.982756737220438
34,2025-11-14 03:00:00,21,1622.1401359049296,1441.804012042423,-180.3361238625066,-11.117172916870343
35,2025-11-14 04:00:00,21,1625.847371333285,1435.166317170545,-190.6810541627401,-11.728102989542682
36,2025-11-14 05:00:00,21,1606.037691868692,1383.4125672574992,-222.6251246111929,-13.86176213287742
37,2025-11-14 06:00:00,21,1588.5896171102963,1334.0955772028365,-254.49403990745984,-16.02012484321747
38,2025-11-14 07:00:00,21,1585.811634442162,1325.8129450388358,-259.9986894033261,-16.395307220380268
39,2025-11-14 08:00:00,21,1586.888555678881,1329.0401731431425,-257.84838253573844,-16.248676166514368
40,2025-11-14 09:00:00,21,1591.7305865295305,1343.301208099462,-248.42937843006848,-15.607501704903596
41,2025-11-14 10:00:00,21,1598.1400914476244,1361.6128415776525,-236.5272498699719,-14.800157454014013
42,2025-11-14 11:00:00,21,1600.746936938062,1368.8954240398868,-231.8515128981751,-14.48395792914431
43,2025-11-14 12:00:00,21,1604.4306113718908,1379.038571909423,-225.3920394624681,-14.048101417719993
44,2025-11-14 13:00:00,21,1600.746936938062,1368.8954240398868,-231.8515128981751,-14.48395792914431
45,2025-11-14 14:00:00,21,1597.9787896596042,1361.15923766819,-236.81955199141407,-14.81994338872674
46,2025-11-14 15:00:00,21,1593.481711620534,1348.3646861704135,-245.1170254501205,-15.382481246103676
47,2025-11-14 16:00:00,21,1590.7778495872983,1340.526014872038,-250.25183471526063,-15.731413080725536
48,2025-11-14 17:00:00,21,1594.3016022384786,1350.7193066966588,-243.5822955418198,-15.278307140870847
49,2025-11-14 18:00:00,21,1599.2864006916031,1364.8262973529454,-234.46010333865772,-14.660294943874137
50,2025-11-14 19:00:00,21,1607.362675131515,1386.9964760185646,-220.36619911295043,-13.709799444914944
51,2025-11-14 20:00:00,21,1610.7408844329138,1396.046770674159,-214.69411375875484,-13.328904470835557
52,2025-11-14 21:00:00,21,1615.5084060783652,1408.6187263521135,-206.88967972625164,-12.806474973935591
53,2025-11-14 22:00:00,21,1619.6324639195282,1419.3192318029792,-200.313232116549,-12.367820266567684
54,2025-11-14 23:00:00,21,1628.7252126556314,1441.5558575238117,-187.16935513181988,-11.49176998535197
55,2025-11-15 00:00:00,21,1631.7029739571594,1448.0790911409397,-183.62388281621972,-11.253511561047189
56,2025-11-15 01:00:00,21,1632.5312094006729,1449.886658085704,-182.6445513149688,-11.187813762042587
57,2025-11-15 02:00:00,21,1622.5105378570572,1442.7232684318128,-179.7872694252444,-11.080807503580209
58,2025-11-15 03:00:00,21,1630.05357044064,1444.4706369119515,-185.58293352868827,-11.385081870562146
59,2025-11-15 04:00:00,21,1626.743128641721,1437.191725909226,-189.5514027324948,-11.652202452563255
60,2025-11-15 05:00:00,21,1621.182346224305,1423.3014486582658,-197.88089756603927,-12.205961780110618
61,2025-11-15 06:00:00,21,1612.4607654273448,1400.6082291227349,-211.85253630460988,-13.138461465043047
62,2025-11-15 07:00:00,21,1607.4403990416918,1387.2060963370866,-220.2343027046052,-13.70093117206102
63,2025-11-15 08:00:00,21,1608.4099322061,1389.815299362995,-218.59463284310505,-13.590728859979125
64,2025-11-15 09:00:00,21,1610.5874359468778,1395.6383154517896,-214.9491204950882,-13.346007531017266
65,2025-11-15 10:00:00,21,1615.3578400604802,1408.2250849077686,-207.13275515271152,-12.822716429503716
66,2025-11-15 11:00:00,21,1616.8033034350235,1411.995314921977,-204.80798851304644,-12.667464748365868
67,2025-11-15 12:00:00,21,1616.484890416214,1411.166469885847,-205.31842053036712,-12.701536633447995
68,2025-11-15 13:00:00,21,1617.2147684009583,1413.0649912128908,-204.14977718806745,-12.623541484840826
69,2025-11-15 14:00:00,21,1608.506680801111,1390.0751027255835,-218.4315780755278,-13.579774375990697
70,2025-11-15 15:00:00,21,1597.9989580052124,1361.2159733949848,-236.7829846102277,-14.817468022995753
71,2025-11-15 16:00:00,21,1596.2382736189095,1356.241753917697,-239.9965197012125,-15.035131262521649
72,2025-11-15 17:00:00,21,1599.927674021541,1366.6163480397013,-233.31132598183967,-14.5826170626447
73,2025-11-15 18:00:00,21,1607.3432404112516,1386.9440503265944,-220.3991900846572,-13.71201772860079
74,2025-11-15 19:00:00,21,1614.49032953631,1405.952839286562,-208.5374902497481,-12.916614391220362
75,2025-11-15 20:00:00,21,1622.6495494916787,1427.0523566775423,-195.5971928141364,-12.054185876143766
76,2025-11-15 21:00:00,21,1630.305280803343,1445.0220763384975,-185.28320446484557,-11.364939232334825
77,2025-11-15 22:00:00,21,1624.2339762978286,1446.7627895934247,-177.47118670440386,-10.92645451912784
78,2025-11-15 23:00:00,21,1624.0268539402684,1445.9924992003382,-178.03435473993022,-10.9625252998728
79,2025-11-16 00:00:00,21,1623.7215809818383,1444.868181825283,-178.85339915655527,-11.015028761790893
80,2025-11-16 01:00:00,21,1623.806738505309,1445.1806356032118,-178.6261029020975,-11.000453358539469
81,2025-11-16 02:00:00,21,1623.8873945516248,1445.477386151005,-178.41000840061974,-10.986599748185183
82,2025-11-16 03:00:00,21,1623.4038882632371,1443.7094816128758,-179.69440665036132,-11.068989544099429
83,2025-11-16 04:00:00,21,1623.1772162505245,1442.888576880213,-180.2886393703116,-11.10714452897332
84,2025-11-16 05:00:00,21,1623.791076147641,1445.1231037694542,-178.66797237818673,-11.003137965388204
85,2025-11-16 06:00:00,21,1622.4223963873462,1442.504610048853,-179.91778633849322,-11.089454061970349
86,2025-11-16 07:00:00,21,1623.9263226925852,1430.3018742312152,-193.6244484613701,-11.923228643792594
87,2025-11-16 08:00:00,21,1620.1870957183587,1420.7466739068968,-199.44042181146187,-12.30971548523746
88,2025-11-16 09:00:00,21,1618.761063573005,1417.0710708967135,-201.68999267629147,-12.459528290797405
89,2025-11-16 10:00:00,21,1616.559847483965,1411.3616715551052,-205.19817592885988,-12.693509383412746
90,2025-11-16 11:00:00,21,1616.147306292131,1410.2866913453076,-205.8606149468233,-12.73773833272178
91,2025-11-16 12:00:00,21,1614.6414162835629,1406.3490961635282,-208.29232012003467,-12.900221561234524
92,2025-11-16 13:00:00,21,1610.2610471432986,1394.7687026661786,-215.49234447712,-13.382447824805586
93,2025-11-16 14:00:00,21,1605.333403681755,1381.4994062829894,-223.83399739876563,-13.94314706748225
94,2025-11-16 15:00:00,21,1595.9537980414798,1355.4339710812012,-240.51982696027855,-15.070600869238154
95,2025-11-16 16:00:00,21,1591.1096426135691,1341.4941383273865,-249.61550428618307,-15.6881397485696
96,2025-11-16 17:00:00,21,1591.337498688653,1342.157960987338,-249.1795377013152,-15.658497201671702
97,2025-11-16 18:00:00,21,1591.8545930002406,1343.6613558025415,-248.1932371976991,-15.591451523842894
98,2025-11-16 19:00:00,21,1598.8847779615903,1363.7024335236558,-235.1823444379345,-14.709149006832575
99,2025-11-16 20:00:00,21,1603.6823846412103,1376.9917392729835,-226.69064536822705,-14.13563231343619
100,2025-11-16 21:00:00,21,1609.4528570521138,1392.6105722647785,-216.8422847873353,-13.473043577337537
101,2025-11-16 22:00:00,21,1612.6891973207012,1401.211815072473,-211.4773822482282,-13.113337808647426
102,2025-11-16 23:00:00,21,1616.7845844382246,1411.9466144270357,-204.83797001118887,-12.6694658016153
103,2025-11-17 00:00:00,21,1621.0903595348193,1423.065678353043,-198.02468118177623,-12.215523953803569
104,2025-11-17 01:00:00,21,1621.402976351699,1423.8666501649734,-197.53632618672555,-12.183049437296576
105,2025-11-17 02:00:00,21,1622.1736523739182,1425.837705505152,-196.3359468687661,-12.103263209918648
106,2025-11-17 03:00:00,21,1620.7957746206798,1422.3101435305873,-198.4856310900925,-12.246183893004332
107,2025-11-17 04:00:00,21,1611.9460340701587,1399.2462267808728,-212.6998072892859,-13.19521887170252
108,2025-11-17 05:00:00,21,1590.8193474700288,1340.6471971494502,-250.17215032057857,-15.72599369742653
109,2025-11-17 06:00:00,21,1575.5776429979232,1291.847213783547,-283.7304292143763,-18.00802584850782
110,2025-11-17 07:00:00,21,1572.094782631346,1278.5822174820487,-293.5125651492972,-18.670157066358357
111,2025-11-17 08:00:00,21,1571.490967471692,1276.23270277085,-295.2582647008421,-18.788416275524074
112,2025-11-17 09:00:00,21,1576.435444929709,1295.0438574158102,-281.39158751389914,-17.84986428838169
113,2025-11-17 10:00:00,21,1579.599503753249,1306.6158304224523,-272.9836733307966,-17.28182825343807
114,2025-11-17 11:00:00,21,1582.5531648134795,1315.915073113759,-266.63809169972046,-16.848602475301142
115,2025-11-17 12:00:00,21,1581.4576407948166,1312.54006814735,-268.9175726474666,-17.00441198743159
116,2025-11-17 13:00:00,21,1577.640255938005,1299.4898560761922,-278.1503998618132,-17.630787425390302
117,2025-11-17 14:00:00,21,1571.3789918149782,1275.795281898772,-295.5837099162063,-18.8104659318883
118,2025-11-17 15:00:00,21,1585.4704241286622,1245.5070566515064,-339.96336747715577,-21.442428840259936
119,2025-11-17 16:00:00,21,1580.2355147289184,1221.2232764260905,-359.0122383028281,-22.71890708420225
120,2025-11-17 17:00:00,21,1584.2443190036695,1240.0033973190557,-344.240921684614,-21.729029894903263
121,2025-11-17 18:00:00,21,1585.9370314535688,1247.5749972499827,-338.36203420358606,-21.33514934659575
122,2025-11-17 19:00:00,21,1568.7671681832874,1265.433309165105,-303.33385901818247,-19.335811277173693
123,2025-11-17 20:00:00,21,1573.3870238314637,1283.5595957064525,-289.827428125011,-18.420606229434394
124,2025-11-17 21:00:00,21,1583.5799425252856,1319.0562524546062,-264.5236900706793,-16.70415764731471
125,2025-11-17 22:00:00,21,1590.591025013696,1339.980102172933,-250.61092284076332,-15.755836597820952
126,2025-11-17 23:00:00,21,1604.1945685982646,1378.3935800362149,-225.80098856204967,-14.075660956722553
127,2025-11-18 00:00:00,21,1607.4015400803405,1387.1013026611877,-220.30023741915284,-13.7053643365392
128,2025-11-18 01:00:00,21,1608.4099322061,1389.815299362995,-218.59463284310505,-13.590728859979125
129,2025-11-18 02:00:00,21,1609.7802939974365,1393.4857694624689,-216.29452453496765,-13.436276077020487
130,2025-11-18 03:00:00,21,1612.6321087913727,1401.061019012634,-211.57108977873872,-13.119612875456507
131,2025-11-18 04:00:00,21,1604.3519549551384,1378.8237151194994,-225.5282398356389,-14.057279585011338
132,2025-11-18 05:00:00,21,1582.4888530143078,1315.7176239042683,-266.7712291100395,-16.857700362432034
133,2025-11-18 06:00:00,21,1582.3603337788074,1231.3364227207076,-351.0239110580999,-22.183563602092185
134,2025-11-18 07:00:00,21,1579.6901720952171,1218.5643118430842,-361.12586025213295,-22.86054991233849
135,2025-11-18 08:00:00,21,1580.0311472653775,1220.2300123663783,-359.8011348989994,-22.771774817333284
136,2025-11-18 09:00:00,21,1568.2914459183348,1263.5115452155364,-304.7799007027984,-19.43388146992859
137,2025-11-18 10:00:00,21,1571.5581291262815,1276.4948038767532,-295.0633252495284,-18.775209124053895
138,2025-11-18 11:00:00,21,1576.0398968449765,1293.5731131121252,-282.4667837328511,-17.922565558036464
139,2025-11-18 12:00:00,21,1575.158686042539,1290.276227750504,-284.88245829203515,-18.085952914863437
140,2025-11-18 13:00:00,21,1570.7734668410635,1273.4204193118082,-297.35304752925526,-18.930358438461106
141,2025-11-18 14:00:00,21,1584.646235413236,1241.8188818176031,-342.8273535956328,-21.634314709126983
142,2025-11-18 15:00:00,21,1576.209101177136,1200.8920352107125,-375.3170659664238,-23.81137538706835
143,2025-11-18 16:00:00,21,1568.9354968131458,1158.6569118891284,-410.2785849240174,-26.15012444790648
144,2025-11-18 17:00:00,21,1571.5553699215457,1174.9067081667622,-396.64866175478346,-25.239241922133782
145,2025-11-18 18:00:00,21,1577.0148688648198,1205.0985246112468,-371.916344253573,-23.583566115726544
146,2025-11-18 19:00:00,21,1581.164464696525,1225.6915236558905,-355.47294104063485,-22.48171831441084
147,2025-11-18 20:00:00,21,1568.109983095326,1262.775563238255,-305.334419857071,-19.471492634360047
148,2025-11-18 21:00:00,21,1580.7462430382177,1310.3350964293948,-270.4111466088227,-17.106550010777728
149,2025-11-18 22:00:00,21,1587.8140042498408,1331.7968217578475,-256.01718249199325,-16.123877343741405
150,2025-11-18 23:00:00,21,1598.07961532202,1361.4428155760502,-236.63679974596997,-14.807572631372723
151,2025-11-19 00:00:00,21,1600.3676083992173,1367.8412657110496,-232.5263426881677,-14.52955817574653
152,2025-11-19 01:00:00,21,1600.627210427469,1368.5629030217126,-232.0643074057564,-14.498335770749549
153,2025-11-19 02:00:00,21,1599.4067633120942,1365.1626912364602,-234.244072075634,-14.64568472816478
154,2025-11-19 03:00:00,21,1600.527395023315,1368.2855408154014,-232.24185420791355,-14.510332964624482
155,2025-11-19 04:00:00,21,1593.6869331193516,1348.9550065585106,-244.73192656084095,-15.35633639674907
156,2025-11-19 05:00:00,21,1572.295735119399,1279.3607386374954,-292.9349964819037,-18.63103676609912
157,2025-11-19 06:00:00,21,1572.8436147313937,1182.4238557699878,-390.4197589614057,-24.822541497749643
158,2025-11-19 07:00:00,21,1571.014716991384,1171.6655798678544,-399.3491371235298,-25.41982152072481
159,2025-11-19 08:00:00,21,1571.2969395677007,1173.3641537188012,-397.9327858488996,-25.32511684000224
160,2025-11-19 09:00:00,21,1575.2156715939052,1195.5987151253505,-379.6169564685549,-24.09936387215053
161,2025-11-19 10:00:00,21,1577.0148688648198,1205.0985246112468,-371.916344253573,-23.583566115726544
162,2025-11-19 11:00:00,21,1577.2905490978867,1206.5207521727816,-370.7697969251051,-23.50675321913028
163,2025-11-19 12:00:00,21,1579.5536548378282,1217.8943870023152,-361.659267835513,-22.896295211487725
164,2025-11-19 13:00:00,21,1580.3716691882012,1221.8829247171996,-358.4887444710016,-22.6838250432032
165,2025-11-19 14:00:00,21,1576.8539181613774,1204.2642513812957,-372.5896667800818,-23.62867368300825
166,2025-11-19 15:00:00,21,1572.3290959901467,1179.4548381136049,-392.8742578765418,-24.986770191970283
167,2025-11-19 16:00:00,21,1567.698855775661,1150.446228665263,-417.2526271103977,-26.61561087278786
0,2025-11-12 17:00:00,24,1855.6576663829053,1718.0466948946762,-137.6109714882291,-7.415752052826849
1,2025-11-12 18:00:00,24,1863.0079472662,1736.104843932177,-126.9031033340234,-6.811731722360204
2,2025-11-12 19:00:00,24,1870.1232183690224,1753.077951835047,-117.04526653397512,-6.2586927633598926
3,2025-11-12 20:00:00,24,1881.8479298162329,1779.6847107335814,-102.16321908265128,-5.4288775125749815
4,2025-11-12 21:00:00,24,1834.7900393623231,1740.5010274222357,-94.28901194008743,-5.138953772217848
5,2025-11-12 22:00:00,24,1668.7259012264597,1552.8731755843594,-115.85272564210028,-6.942585691092363
6,2025-11-12 23:00:00,24,1670.5462032147625,1556.374878640854,-114.17132457390836,-6.834370959282633
7,2025-11-13 00:00:00,24,1678.671981862768,1571.8558054949,-106.81617636786814,-6.363135712156087
8,2025-11-13 01:00:00,24,1650.6465446070802,1551.324088811837,-99.32245579524306,-6.017184970322388
9,2025-11-13 02:00:00,24,1650.6436790904204,1555.5612860733406,-95.08239301707977,-5.760322122911136
10,2025-11-13 03:00:00,24,1650.645566864083,1552.5958321717917,-98.04973469229184,-5.940084089558241
11,2025-11-13 04:00:00,24,1677.796642885698,1570.1962655578436,-107.6003773278544,-6.413195412215687
12,2025-11-13 05:00:00,24,1834.320323455388,1740.6426759552123,-93.67764750017592,-5.106940500103673
13,2025-11-13 06:00:00,24,1877.1092122909483,1769.312872260462,-107.79634003048636,-5.742678120412854
14,2025-11-13 07:00:00,24,1876.4020408740123,1767.687469660686,-108.71457121332628,-5.7937781373701736
15,2025-11-13 08:00:00,24,1872.478619087467,1758.5968825528398,-113.88173653462718,-6.081871129194856
16,2025-11-13 09:00:00,24,1865.154741591932,1741.2756008414224,-123.8791407505098,-6.641762100917023
17,2025-11-13 10:00:00,24,1858.701735845464,1725.5945366378758,-133.10719920758834,-7.161299558750459
18,2025-11-13 11:00:00,24,1856.5624868303764,1720.3008506003475,-136.2616362300289,-7.339458660648805
19,2025-11-13 12:00:00,24,1855.718083054417,1718.1974949792518,-137.5205880751655,-7.410640082183908
20,2025-11-13 13:00:00,24,1855.879127502452,1718.5992615745952,-137.27986592785692,-7.3970262337397585
21,2025-11-13 14:00:00,24,1854.628489912834,1715.4715123890535,-139.15697752378037,-7.503226564276527
22,2025-11-13 15:00:00,24,1850.0812808168089,1703.9443534362945,-146.1369273805144,-7.8989463271578595
23,2025-11-13 16:00:00,24,1854.2643038625845,1714.557350202398,-139.70695366018663,-7.534360305009679
24,2025-11-13 17:00:00,24,1852.9043493138784,1711.1299946819977,-141.7743546318809,-7.651466449651286
25,2025-11-13 18:00:00,24,1851.6601421071125,1707.9750871896697,-143.6850549174428,-7.759796284967023
26,2025-11-13 19:00:00,24,1856.9836912205496,1721.3470847151073,-135.6366065054424,-7.3041355800110335
27,2025-11-13 20:00:00,24,1865.329626934173,1741.6948849644464,-123.63474196972628,-6.628037221117346
28,2025-11-13 21:00:00,24,1872.3840451710596,1758.3761942735073,-114.00785089755207,-6.088913820408912
29,2025-11-13 22:00:00,24,1880.7873617711405,1777.371175908906,-103.41618586223444,-5.498558102009324
30,2025-11-13 23:00:00,24,1883.6526606374853,1783.6235461787644,-100.02911445872088,-5.310380015860672
31,2025-11-14 00:00:00,24,1883.7445775516808,1783.824246418023,-99.92033113365778,-5.304346052240538
32,2025-11-14 01:00:00,24,1831.763962604203,1736.725104487972,-95.03885811623104,-5.188379073748951
33,2025-11-14 02:00:00,24,1832.6645845411329,1738.772261499641,-93.89232304149186,-5.123268263788754
34,2025-11-14 03:00:00,24,1831.3124667510128,1735.6965145543593,-95.61595219665357,-5.221170823255997
35,2025-11-14 04:00:00,24,1877.276424941148,1769.6966319202606,-107.57979302088734,-5.73063143986693
36,2025-11-14 05:00:00,24,1856.923559759296,1721.1978431214757,-135.72571663782037,-7.309170909297626
37,2025-11-14 06:00:00,24,1839.039253155988,1674.8128209173892,-164.22643223859836,-8.930012339691405
38,2025-11-14 07:00:00,24,1836.1952131162584,1667.0095847982982,-169.18562831796044,-9.213923830616611
39,2025-11-14 08:00:00,24,1837.2976351664684,1670.050415572031,-167.2472195944374,-9.102892007983453
40,2025-11-14 09:00:00,24,1842.256008041271,1683.4816181721333,-158.77438986913762,-8.618475889132815
41,2025-11-14 10:00:00,24,1848.823848833187,1700.7117832249885,-148.11206560819846,-8.011150748713764
42,2025-11-14 11:00:00,24,1851.496537485292,1707.558844095248,-143.9376933900437,-7.774127062940141
43,2025-11-14 12:00:00,24,1855.274710283504,1717.0898775485075,-138.1848327349967,-7.448214109159106
44,2025-11-14 13:00:00,24,1851.496537485292,1707.558844095248,-143.9376933900437,-7.774127062940141
45,2025-11-14 14:00:00,24,1848.6585006750784,1700.2852004876693,-148.3733001874093,-8.025998318955477
46,2025-11-14 15:00:00,24,1844.0498962585807,1688.2479199236116,-155.80197633496914,-8.44890242129988
47,2025-11-14 16:00:00,24,1841.2801594077575,1680.8687226242778,-160.41143678348,-8.711951625822973
48,2025-11-14 17:00:00,24,1844.889936093552,1690.4638722267748,-154.4260638667772,-8.370475704028474
49,2025-11-14 18:00:00,24,1849.9990070030228,1703.733461216332,-146.26554578669084,-7.9062499619196736
50,2025-11-14 19:00:00,24,1858.2832307394576,1724.5628135568393,-133.72041718261858,-7.195911525790816
51,2025-11-14 20:00:00,24,1861.750917344216,1733.0562497007145,-128.6946676435016,-6.912560990010645
52,2025-11-14 21:00:00,24,1866.6472924729608,1744.8447435245423,-121.80254894841846,-6.525204276114355
53,2025-11-14 22:00:00,24,1870.8853027734267,1754.8687844747767,-116.01651829865,-6.201156111850656
54,2025-11-14 23:00:00,24,1879.9252140319816,1775.490831741563,-104.43438229041884,-5.55524132082002
55,2025-11-15 00:00:00,24,1882.6157538356636,1781.3601189308715,-101.25563490479158,-5.378454668643465
56,2025-11-15 01:00:00,24,1883.357794998732,1782.979776158412,-100.37801884031978,-5.32973708484252
57,2025-11-15 02:00:00,24,1831.6771979783985,1736.5275595902474,-95.14963838815083,-5.194672865566401
58,2025-11-15 03:00:00,24,1881.1297490076536,1778.11799767329,-103.01175133436368,-5.476057746080786
59,2025-11-15 04:00:00,24,1878.1154447930596,1771.5439966841468,-106.5714481089126,-5.674382179454106
60,2025-11-15 05:00:00,24,1872.478619087467,1758.5968825528398,-113.88173653462718,-6.081871129194856
61,2025-11-15 06:00:00,24,1863.5169309520984,1737.3348123860064,-126.1821185660922,-6.771181762304883
62,2025-11-15 07:00:00,24,1858.362996512477,1724.75960108214,-133.6033954303366,-7.189305624415968
63,2025-11-15 08:00:00,24,1859.358066143752,1727.2088157151156,-132.14925042863638,-7.10725130543089
64,2025-11-15 09:00:00,24,1861.5933719750203,1732.673052205196,-128.92031976982457,-6.925267446190416
65,2025-11-15 10:00:00,24,1866.4926102245545,1744.4758148172805,-122.016795407274,-6.537223599968841
66,2025-11-15 11:00:00,24,1867.9777177386395,1748.0088541399982,-119.96886359864128,-6.422392647374549
67,2025-11-15 12:00:00,24,1867.6505472410245,1747.2322484396177,-120.41829880140676,-6.447581908687038
68,2025-11-15 13:00:00,24,1868.4005200084807,1749.0110320908834,-119.38948791759732,-6.389930137519732
69,2025-11-15 14:00:00,24,1859.4573697266896,1727.4526627336954,-132.00470699299444,-7.099098325249424
70,2025-11-15 15:00:00,24,1848.6791747818777,1700.3385571370973,-148.34061764478042,-8.024140676668946
71,2025-11-15 16:00:00,24,1846.8745267201505,1695.65987512148,-151.21465159867034,-8.187597446980398
72,2025-11-15 17:00:00,24,1850.656490446536,1705.4164116306365,-145.24007881589978,-7.848030121508692
73,2025-11-15 18:00:00,24,1858.263285577924,1724.5135968512664,-133.74968872665772,-7.197563970869783
74,2025-11-15 19:00:00,24,1865.6014432818463,1742.345986689263,-123.2554565925834,-6.606741061250484
75,2025-11-15 20:00:00,24,1873.987250091949,1762.1072181802888,-111.88003191166013,-5.9701597172643845
76,2025-11-15 21:00:00,24,1881.3572226903807,1778.614199451016,-102.74302323936512,-5.461111903694738
77,2025-11-15 22:00:00,24,1833.8895972313835,1740.729817453687,-93.15977977769649,-5.0799012066124085
78,2025-11-15 23:00:00,24,1834.2677915605343,1740.6554159864413,-93.61237557409322,-5.103528285499191
79,2025-11-16 00:00:00,24,1834.7798769934948,1740.5046392952393,-94.27523769825552,-5.1382315056090935
80,2025-11-16 01:00:00,24,1834.6419769698316,1740.5512037429678,-94.09077322686358,-5.128563196960514
81,2025-11-16 02:00:00,24,1834.50793760462,1740.592182361206,-93.91575524341395,-5.119397595305202
82,2025-11-16 03:00:00,24,1835.2644287223616,1740.3035691752802,-94.96085954708155,-5.174233100196332
83,2025-11-16 04:00:00,24,1835.584421000048,1740.1364438266353,-95.44797717341248,-5.199868558560293
84,2025-11-16 05:00:00,24,1834.6676135040784,1740.5428890660442,-94.12472443803426,-5.130342070968542
85,2025-11-16 06:00:00,24,1831.590404087392,1736.329890661489,-95.26051342590311,-5.200972510738154
86,2025-11-16 07:00:00,24,1875.3003220345504,1765.147350759154,-110.15297127539613,-5.873884304349129
87,2025-11-16 08:00:00,24,1871.4554390469823,1756.2052876585212,-115.25015138846128,-6.158316622657664
88,2025-11-16 09:00:00,24,1869.989629252345,1752.763510013449,-117.226119238896,-6.268811195801395
89,2025-11-16 10:00:00,24,1867.7275646436487,1747.4151520702271,-120.31241257342208,-6.441646782483341
90,2025-11-16 11:00:00,24,1867.3036935024477,1746.4078603176936,-120.89583318475388,-6.474353025992953
91,2025-11-16 12:00:00,24,1865.756642730629,1742.7174359419355,-123.03920678869348,-6.594601030529866
92,2025-11-16 13:00:00,24,1861.258279354974,1731.8571736767017,-129.40110567827242,-6.952345470458664
93,2025-11-16 14:00:00,24,1856.2009258353835,1719.401199266339,-136.7997265690442,-7.369877078769233
94,2025-11-16 15:00:00,24,1846.5829836377457,1694.8999502577017,-151.6830333800442,-8.214254908882053
95,2025-11-16 16:00:00,24,1841.6199888316776,1681.7802745442357,-159.83971428744212,-8.679299489404668
96,2025-11-16 17:00:00,24,1841.8533714475795,1682.4052789261088,-159.4480925214707,-8.656937354147505
97,2025-11-16 18:00:00,24,1842.3830306727425,1683.8206741320923,-158.56235654065017,-8.60637304517245
98,2025-11-16 19:00:00,24,1849.5872581431595,1702.6767397152892,-146.91051842787033,-7.942881190442292
99,2025-11-16 20:00:00,24,1854.5071496337323,1715.1670997980125,-139.3400498357203,-7.513589250019343
100,2025-11-16 21:00:00,24,1860.428611474833,1729.8321617034271,-130.59644977140556,-7.019696911018627
101,2025-11-16 22:00:00,24,1863.7515197729613,1737.9008497011582,-125.85067007180304,-6.752545537139733
102,2025-11-16 23:00:00,24,1867.9584835196176,1747.9632245724226,-119.995258947195,-6.423871836867556
103,2025-11-17 00:00:00,24,1872.3840451710596,1758.3761942735073,-114.00785089755207,-6.088913820408912
104,2025-11-17 01:00:00,24,1872.7054595235616,1759.1259096313415,-113.57954989222026,-6.064998065478819
105,2025-11-17 02:00:00,24,1873.497882335957,1760.9706016265804,-112.52728070937656,-6.006266768184053
106,2025-11-17 03:00:00,24,1872.0811827194004,1757.6689590731871,-114.4122236462133,-6.111499047280481
107,2025-11-17 04:00:00,24,1862.9883515893648,1736.0574398639606,-126.93091172540404,-6.813296047563364
108,2025-11-17 05:00:00,24,1841.3226616970628,1680.982826384453,-160.33983531260992,-8.707861943372382
109,2025-11-17 06:00:00,24,1825.725517132177,1634.3641833356778,-191.36133379649917,-10.481385728621833
110,2025-11-17 07:00:00,24,1822.1651124578027,1621.3312340106552,-200.83387844714755,-11.021716806785715
111,2025-11-17 08:00:00,24,1821.5479884592469,1619.0224283109242,-202.5255601483227,-11.11832141845621
112,2025-11-17 09:00:00,24,1826.602622695012,1637.5042996222212,-189.09832307279044,-10.352460941602637
113,2025-11-17 10:00:00,24,1829.8385935318229,1648.8694419619908,-180.9691515698321,-9.88989696738981
114,2025-11-17 11:00:00,24,1832.86040334608,1657.6803906646624,-175.1800126814178,-9.557738950637386
115,2025-11-17 12:00:00,24,1831.739487007892,1654.4983017229708,-177.24118528492136,-9.676113145021572
116,2025-11-17 13:00:00,24,1827.8346843652012,1641.871252272293,-185.9634320929083,-10.173974357943235
117,2025-11-17 14:00:00,24,1821.433549069901,1618.5925743448631,-202.840974725038,-11.13633680617209
118,2025-11-17 15:00:00,24,1847.9182617302256,1588.8205042603124,-259.0977574699134,-14.021061582416388
119,2025-11-17 16:00:00,24,1842.610509959961,1564.9428414120648,-277.66766854789626,-15.069254573715083
120,2025-11-17 17:00:00,24,1846.67480538176,1583.4093165898469,-263.2654887919128,-14.256191075151875
121,2025-11-17 18:00:00,24,1848.3915192551092,1590.8536153617176,-257.5379038933918,-13.933081882845794
122,2025-11-17 19:00:00,24,1818.764643181924,1608.4088109779875,-210.3558322039362,-11.565863290366105
123,2025-11-17 20:00:00,24,1823.4859696784995,1626.221996372929,-197.2639733055705,-10.817959479027431
124,2025-11-17 21:00:00,24,1833.9111046119865,1660.6415733113984,-173.26953130058814,-9.44808779797688
125,2025-11-17 22:00:00,24,1841.08881551088,1680.3546884022226,-160.73412710865705,-8.730384202787919
126,2025-11-17 23:00:00,24,1855.032560524096,1716.4840071305275,-138.548553393568,-7.468793612680543
127,2025-11-18 00:00:00,24,1858.3231166001665,1724.6612231727077,-133.6618934274586,-7.192607799659475
128,2025-11-18 01:00:00,24,1859.358066143752,1727.2088157151156,-132.14925042863638,-7.10725130543089
129,2025-11-18 02:00:00,24,1860.7647315730856,1730.6534148935818,-130.11131667950372,-6.9923571998007485
130,2025-11-18 03:00:00,24,1863.69289188154,1737.7594370942531,-125.9334547872868,-6.757199930088663
131,2025-11-18 04:00:00,24,1855.1940180472093,1716.8880557623854,-138.3059622848241,-7.45506728349663
132,2025-11-18 05:00:00,24,1832.7945971256652,1657.4942412559153,-175.3003558697501,-9.56464822324717
133,2025-11-18 06:00:00,24,1844.7645059940503,1574.8873950001848,-269.8771109938657,-14.629352967111789
134,2025-11-18 07:00:00,24,1842.057764066681,1562.3281187611192,-279.72964530556214,-15.185715169322783
135,2025-11-18 08:00:00,24,1842.4033640598443,1563.9661073257553,-278.43725673408926,-15.112719731499856
136,2025-11-18 09:00:00,24,1818.2786027613663,1606.5198925771203,-211.758710184246,-11.64610912005752
137,2025-11-18 10:00:00,24,1821.616628483559,1619.2799935513476,-202.33663493221135,-11.10753117688932
138,2025-11-18 11:00:00,24,1826.1981632213503,1636.0595941031036,-190.138569118247,-10.411716151485397
139,2025-11-18 12:00:00,24,1825.2971617403232,1632.8208869565294,-192.47627478379377,-10.544928180366968
140,2025-11-18 13:00:00,24,1820.8147246290416,1616.2587296534205,-204.5559949756214,-11.234311333751762
141,2025-11-18 14:00:00,24,1847.0823898292613,1585.1943318329486,-261.8880579963129,-14.178471920817838
142,2025-11-18 15:00:00,24,1838.5302487891984,1544.9495029985894,-293.58074579060894,-15.968230383152658
143,2025-11-18 16:00:00,24,1831.1640691392568,1503.4209807058187,-327.7430884334385,-17.89807335983252
144,2025-11-18 17:00:00,24,1833.8165976729904,1519.397239387606,-314.41935828538453,-17.1456272499859
145,2025-11-18 18:00:00,24,1839.346642552976,1549.0861107061346,-290.26053184684133,-15.78063237954786
146,2025-11-18 19:00:00,24,1843.552150751036,1569.3366713908013,-274.2154793602349,-14.874300097695826
147,2025-11-18 20:00:00,24,1818.0932104829728,1605.7964736682216,-212.29673681475103,-11.676889589085198
148,2025-11-18 21:00:00,24,1831.0116734938188,1652.419104407415,-178.59256908640373,-9.753764635788745
149,2025-11-18 22:00:00,24,1838.2451060618805,1672.6474506741035,-165.59765538777674,-9.008464368635847
150,2025-11-18 23:00:00,24,1848.76185524366,1700.5518870991932,-148.20996814446698,-8.01671495569306
151,2025-11-19 00:00:00,24,1851.1075751991832,1706.567928383682,-144.53964681550133,-7.808279148765762
152,2025-11-19 01:00:00,24,1851.3737683506708,1707.246279600416,-144.12748875025477,-7.784894180425453
153,2025-11-19 02:00:00,24,1850.1224082415135,1704.0497432520865,-146.0726649894275,-7.89529732404383
154,2025-11-19 03:00:00,24,1851.2714177000764,1706.985558271181,-144.2858594288955,-7.793879279362978
155,2025-11-19 04:00:00,24,1844.2601535409035,1688.8035038648509,-155.45664967605285,-8.429214792586745
156,2025-11-19 05:00:00,24,1822.370502979805,1622.0962415071906,-200.2742614726144,-10.989766413862649
157,2025-11-19 06:00:00,24,1835.1211831702203,1526.7887158365795,-308.33246733364103,-16.801749669795022
158,2025-11-19 07:00:00,24,1833.2691426525173,1516.2104434173373,-317.05869923518003,-17.294716408984808
159,2025-11-19 08:00:00,24,1833.5549118343536,1517.8805311809865,-315.6743806533673,-17.216521775044924
160,2025-11-19 09:00:00,24,1837.5238209218903,1539.7441586346329,-297.7796622872577,-16.20548582264696
161,2025-11-19 10:00:00,24,1839.346642552976,1549.0861107061346,-290.26053184684133,-15.78063237954786
162,2025-11-19 11:00:00,24,1839.6259754822324,1550.484713077409,-289.14126240482346,-15.717393984341252
163,2025-11-19 12:00:00,24,1841.9193989501969,1561.6693364907665,-280.2500624594302,-15.215109989023349
164,2025-11-19 13:00:00,24,1842.7485181839656,1565.5915094641457,-277.15700871982017,-15.04041414142388
165,2025-11-19 14:00:00,24,1839.1835633397095,1548.2656961013397,-290.91786723837026,-15.817772246186378
166,2025-11-19 15:00:00,24,1834.600115534324,1523.8692819926912,-310.73083354163305,-16.937251388493085
167,2025-11-19 16:00:00,24,1829.9122806258413,1495.349796506301,-334.5624841195404,-18.28297933522354
0,2025-11-12 17:00:00,27,1769.8751619744787,1672.4265619868245,-97.44859998765423,-5.505958955824898
1,2025-11-12 18:00:00,27,1775.3844105060884,1687.201630025011,-88.18278048107754,-4.966968277925809
2,2025-11-12 19:00:00,27,1780.6956868622656,1701.0472252893703,-79.64846157289503,-4.472884511403645
3,2025-11-12 20:00:00,27,1789.8638391487186,1723.0156309065812,-66.84820824213739,-3.73482087184527
4,2025-11-12 21:00:00,27,1765.6973948039986,1703.2106220945434,-62.48677270945518,-3.5389287481160685
5,2025-11-12 22:00:00,27,1613.6282034218905,1538.1276255474763,-75.50057787441415,-4.678932712895461
6,2025-11-12 23:00:00,27,1614.9885842579763,1540.9596364331908,-74.02894782478552,-4.583868180021774
7,2025-11-13 00:00:00,27,1621.088731265766,1553.5107208842803,-67.57801038148546,-4.168680534144465
8,2025-11-13 01:00:00,27,1601.723558666863,1539.3407034692025,-62.38285519766077,-3.894732949397517
9,2025-11-13 02:00:00,27,1601.311608139362,1542.6932298343777,-58.61837830498439,-3.660647809397685
10,2025-11-13 03:00:00,27,1601.6004807099137,1540.3472923850431,-61.25318832487051,-3.8244986226352697
11,2025-11-13 04:00:00,27,1620.4298972645297,1552.162952457135,-68.2669448073948,-4.212890969404921
12,2025-11-13 05:00:00,27,1765.5063133667018,1703.5686071414443,-61.937706225257216,-3.5082121064266363
13,2025-11-13 06:00:00,27,1785.888740336636,1714.2494197133565,-71.63932062327945,-4.011410061848287
14,2025-11-13 07:00:00,27,1785.3640666969454,1712.9295606508626,-72.43450604608279,-4.057128033280738
15,2025-11-13 08:00:00,27,1782.4490264473325,1705.5399002452607,-76.90912620207177,-4.314800875700906
16,2025-11-13 09:00:00,27,1776.989210523618,1691.4240591950768,-85.56515132854133,-4.81517562525482
17,2025-11-13 10:00:00,27,1772.1595034264606,1678.6074652755794,-93.55203815088112,-5.278985213802639
18,2025-11-13 11:00:00,27,1770.5545581155616,1674.2732591243637,-96.2812989911979,-5.437917659745663
19,2025-11-13 12:00:00,27,1769.9205370374962,1672.550123992526,-97.37041304497028,-5.501400261050674
20,2025-11-13 13:00:00,27,1770.041479851239,1672.879307778906,-97.16217207233308,-5.489259612181459
21,2025-11-13 14:00:00,27,1769.101985598855,1670.3160716279704,-98.78591397088462,-5.58395811971489
22,2025-11-13 15:00:00,27,1765.6807480737846,1660.8588952710622,-104.82185280272232,-5.936625458315413
23,2025-11-13 16:00:00,27,1768.8282850869862,1669.5666683471404,-99.26161673984576,-5.611715822090912
24,2025-11-13 17:00:00,27,1767.8057503849643,1666.756093001789,-101.04965738317536,-5.716106385623556
25,2025-11-13 18:00:00,27,1766.869593194145,1664.167655581493,-102.70193761265205,-5.812649558759318
26,2025-11-13 19:00:00,27,1770.870710512747,1675.1301542036988,-95.74055630904854,-5.406411419009088
27,2025-11-13 20:00:00,27,1777.119856309578,1691.7662780850087,-85.35357822456922,-4.802916242341532
28,2025-11-13 21:00:00,27,1782.37867401011,1705.3603405081628,-77.01833350194715,-4.321098239391877
29,2025-11-13 22:00:00,27,1788.9632595077835,1721.0505082691714,-67.91275123861237,-3.79620715392992
30,2025-11-13 23:00:00,27,1791.4016717193983,1726.3672099925234,-65.03446172687495,-3.630367368388937
31,2025-11-14 00:00:00,27,1791.480182523365,1726.5381931751278,-64.94198934823748,-3.625046482890161
32,2025-11-14 01:00:00,27,1763.8427305193306,1700.7305737774243,-63.11215674190635,-3.5781056695074027
33,2025-11-14 02:00:00,27,1764.5173190093751,1702.4109029279127,-62.10641608146261,-3.519739671148709
34,2025-11-14 03:00:00,27,1763.5043981662832,1699.886009465588,-63.61838870069528,-3.607498159167994
35,2025-11-14 04:00:00,27,1786.0127673791617,1714.5609762647168,-71.45179111444486,-4.000631597908169
36,2025-11-14 05:00:00,27,1770.82558081023,1675.007929845394,-95.81765096483603,-5.410902801674871
37,2025-11-14 06:00:00,27,1757.3391807434089,1636.8905511469486,-120.44862959646024,-6.854034264774473
38,2025-11-14 07:00:00,27,1755.1831778587327,1630.4552058130855,-124.72797204564722,-7.106265238811789
39,2025-11-14 08:00:00,27,1756.0192565875204,1632.9636968379698,-123.05555974955064,-7.007642956529134
40,2025-11-14 09:00:00,27,1759.7740724250282,1644.0325230217773,-115.74154940325091,-6.577068682672155
41,2025-11-14 10:00:00,27,1764.7332244432137,1658.203938995252,-106.52928544796168,-6.036565979063066
42,2025-11-14 11:00:00,27,1766.746448913119,1663.826059232745,-102.92038968037376,-5.825419360185451
43,2025-11-14 12:00:00,27,1769.5875137484884,1671.6425009147206,-97.9450128337678,-5.534906415919068
44,2025-11-14 13:00:00,27,1766.746448913119,1663.826059232745,-102.92038968037376,-5.825419360185451
45,2025-11-14 14:00:00,27,1764.60858180307,1657.853489031109,-106.75509277196102,-6.049788824152668
46,2025-11-14 15:00:00,27,1761.13023048627,1647.9559758209157,-113.17425466535428,-6.42622860628004
47,2025-11-14 16:00:00,27,1759.0358269090782,1641.8806537407213,-117.1551731683569,-6.660192554134513
48,2025-11-14 17:00:00,27,1761.764865941294,1649.7792325456303,-111.98563339566364,-6.356446059323063
49,2025-11-14 18:00:00,27,1765.6187706895778,1660.685724031851,-104.93304665772688,-5.943131575155625
50,2025-11-14 19:00:00,27,1771.8456736998626,1677.7630311826154,-94.08264251724722,-5.309866649999458
51,2025-11-14 20:00:00,27,1774.4438299682165,1684.7103883366951,-89.73344163152115,-5.056989695364346
52,2025-11-14 21:00:00,27,1778.1037776783596,1694.336370449434,-83.76740722892555,-4.71105276758926
53,2025-11-14 22:00:00,27,1781.2632450991848,1702.505566476339,-78.75767862284579,-4.421450834935988
54,2025-11-14 23:00:00,27,1788.232803875076,1719.455162996944,-68.77764087813216,-3.846123431417428
55,2025-11-15 00:00:00,27,1790.5172682789405,1724.4403164514338,-66.07695182750649,-3.690383387981519
56,2025-11-15 01:00:00,27,1791.1499373038382,1725.818898063499,-65.3310392403389,-3.6474355317612135
57,2025-11-15 02:00:00,27,1763.7777204826314,1700.5683865513297,-63.20933393130167,-3.583747158003866
58,2025-11-15 03:00:00,27,1789.2537508151356,1721.6845866789895,-67.56916413614613,-3.776388011223307
59,2025-11-15 04:00:00,27,1786.704036098743,1716.111663439193,-70.59237265954994,-3.9509829962486647
60,2025-11-15 05:00:00,27,1782.4490264473325,1705.5399002452607,-76.90912620207177,-4.314800875700906
61,2025-11-15 06:00:00,27,1775.7650703585991,1688.2063637846747,-87.55870657392438,-4.930759594017847
62,2025-11-15 07:00:00,27,1771.9054942636255,1677.924106706254,-93.9813875573716,-5.3039729185121525
63,2025-11-15 08:00:00,27,1772.6515278652337,1679.928419381706,-92.72310848352754,-5.230757823856784
64,2025-11-15 09:00:00,27,1774.3258986146952,1684.3971567488184,-89.92874186587687,-5.068332820711727
65,2025-11-15 10:00:00,27,1777.9883128470265,1694.0354220192664,-83.95289082776003,-4.721790926360443
66,2025-11-15 11:00:00,27,1779.0964647746027,1696.9166247457338,-82.17984002886897,-4.619189664866233
67,2025-11-15 12:00:00,27,1778.852420206431,1696.2834593361936,-82.56896087023733,-4.641698205669891
68,2025-11-15 13:00:00,27,1779.4117743379502,1697.733565808392,-81.6782085295581,-4.590180289210876
69,2025-11-15 14:00:00,27,1772.7259561774804,1680.127927494263,-92.59802868321732,-5.223482420423625
70,2025-11-15 15:00:00,27,1764.624166933329,1657.8973242092693,-106.72684272405968,-6.048134482343403
71,2025-11-15 16:00:00,27,1763.2631054378326,1654.0523030421778,-109.2108023956548,-6.193675921582723
72,2025-11-15 17:00:00,27,1766.1139821160134,1662.0675082775424,-104.046473838471,-5.891266072975143
73,2025-11-15 18:00:00,27,1771.8307153590438,1677.7227452737598,-94.10797008528402,-5.311340935085551
74,2025-11-15 19:00:00,27,1777.3228870404942,1692.2976556756787,-85.02523136481545,-4.783893347955196
75,2025-11-15 20:00:00,27,1783.5707376934995,1708.3949963099933,-75.17574138350619,-4.214901029421625
76,2025-11-15 21:00:00,27,1789.446875140667,1722.106023447595,-67.34085169307241,-3.7632216205233138
77,2025-11-15 22:00:00,27,1765.32539552795,1703.853079872877,-61.47231565507286,-3.482208765069544
78,2025-11-15 23:00:00,27,1765.4845304240976,1703.6054659863312,-61.87906443776637,-3.504933822495858
79,2025-11-16 00:00:00,27,1765.6933334484263,1703.2189277274724,-62.47440572095411,-3.538236484075104
80,2025-11-16 01:00:00,27,1765.637897352461,1703.3291257460114,-62.30877160644968,-3.5289665961452483
81,2025-11-16 02:00:00,27,1765.5834443392837,1703.4318524986656,-62.15159184061804,-3.5201730079586464
82,2025-11-16 03:00:00,27,1765.8831626241358,1702.79336184584,-63.08980077829574,-3.5727052680282143
83,2025-11-16 04:00:00,27,1766.0039908383012,1702.4771664870834,-63.52682435121778,-3.597207292893056
84,2025-11-16 05:00:00,27,1765.6482486979992,1703.308989449618,-62.33925924838127,-3.530672618079544
85,2025-11-16 06:00:00,27,1763.7126848073813,1700.4060904438493,-63.30659436353199,-3.589393834316377
86,2025-11-16 07:00:00,27,1784.5462104873388,1710.8660637943076,-73.68014669303125,-4.12878894701808
87,2025-11-16 08:00:00,27,1781.687682864614,1703.5936078394304,-78.09407502518366,-4.3831517597755
88,2025-11-16 09:00:00,27,1780.5961706751252,1700.7911129023057,-79.80505777281951,-4.481929091342529
89,2025-11-16 10:00:00,27,1778.9098735862776,1696.432588462249,-82.47728512402864,-4.636394813962927
90,2025-11-16 11:00:00,27,1778.5936425703078,1695.611238918136,-82.9824036521718,-4.665619041134715
91,2025-11-16 12:00:00,27,1777.4387975952052,1692.6007755743508,-84.8380220208544,-4.773048846218302
92,2025-11-16 13:00:00,27,1774.0750286658165,1683.7301775087744,-90.34485115704206,-5.092504527555716
93,2025-11-16 14:00:00,27,1770.2831155300576,1673.5363061417886,-96.74680938826896,-5.46504728760863
94,2025-11-16 15:00:00,27,1763.0431048494004,1653.427547747702,-109.6155571016984,-6.217406528529647
95,2025-11-16 16:00:00,27,1759.2929545145462,1642.631450449269,-116.66150406527686,-6.631158487045045
96,2025-11-16 17:00:00,27,1759.4695150978434,1643.1461829016648,-116.32333219617864,-6.6112729546047255
97,2025-11-16 18:00:00,27,1759.8701404812416,1644.311702276928,-115.55843820431367,-6.566304839555599
98,2025-11-16 19:00:00,27,1765.308557398674,1659.817932493887,-105.49062490478696,-5.975761260696317
99,2025-11-16 20:00:00,27,1769.010799456173,1670.0665348214318,-98.9442646347411,-5.5931973205114645
100,2025-11-16 21:00:00,27,1773.4536775796118,1682.0743393769835,-91.37933820262832,-5.152620525580446
101,2025-11-16 22:00:00,27,1775.940478088836,1688.6686752654246,-87.27180282341146,-4.914117556311814
102,2025-11-16 23:00:00,27,1779.08211878464,1696.8794255158489,-82.20269326879134,-4.620511464920303
103,2025-11-17 00:00:00,27,1782.37867401011,1705.3603405081628,-77.01833350194715,-4.321098239391877
104,2025-11-17 01:00:00,27,1782.6177541172306,1705.970304034989,-76.64745008224145,-4.299713155285946
105,2025-11-17 02:00:00,27,1783.2069904368093,1707.4707551132665,-75.73623532354281,-4.247192599048228
106,2025-11-17 03:00:00,27,1782.1533512834903,1704.784857560253,-77.3684937232374,-4.341292721387715
107,2025-11-17 04:00:00,27,1775.3697530488955,1687.162902439547,-88.20685060934875,-4.968365066368202
108,2025-11-17 05:00:00,27,1759.067988122286,1641.9746396790763,-117.09334844320983,-6.656556155524205
109,2025-11-17 06:00:00,27,1747.2208703925508,1603.6306540715746,-143.5902163209762,-8.21820633865915
110,2025-11-17 07:00:00,27,1744.504262073341,1592.9720087190758,-151.53225335426487,-8.686264439054394
111,2025-11-17 08:00:00,27,1744.0329449035914,1591.0829987158888,-152.9499461877026,-8.769900054620674
112,2025-11-17 09:00:00,27,1747.8894248290264,1606.1974850930203,-141.69193973600613,-8.106459008404725
113,2025-11-17 10:00:00,27,1750.3536124951306,1615.4834416358422,-134.87017085928846,-7.705309938317602
114,2025-11-17 11:00:00,27,1752.651326007125,1622.753738753427,-129.8975872536978,-7.411490541568776
115,2025-11-17 12:00:00,27,1751.799392624043,1620.1250195232444,-131.6743731007989,-7.516521221277634
116,2025-11-17 13:00:00,27,1748.82807743761,1609.7663360589129,-139.06174137869743,-7.951710243722257
117,2025-11-17 14:00:00,27,1743.9455294545858,1590.7312764573487,-153.21425299723705,-8.785495327090542
118,2025-11-17 15:00:00,27,1761.7004602429354,1566.3526723018203,-195.34778794111503,-11.088592660875896
119,2025-11-17 16:00:00,27,1757.614905615906,1546.77928792031,-210.83561769559608,-11.995552439953547
120,2025-11-17 17:00:00,27,1760.7442118495585,1561.9183750733978,-198.8258367761605,-11.292147686080174
121,2025-11-17 18:00:00,27,1762.0642639273335,1568.0184988302988,-194.04576509703497,-11.01241135578908
122,2025-11-17 19:00:00,27,1741.9055879925309,1582.3962525631257,-159.50933542940516,-9.15717456381965
123,2025-11-17 20:00:00,27,1745.51259916479,1596.9727214355298,-148.5398777292603,-8.509814125680622
124,2025-11-17 21:00:00,27,1753.449478457285,1625.199142121858,-128.25033633542694,-7.314173457011364
125,2025-11-17 22:00:00,27,1758.891029712874,1641.4572329094583,-117.4337968034156,-6.676581710840027
126,2025-11-17 23:00:00,27,1769.4055979834145,1671.1459619596312,-98.25963602378306,-5.553256762370891
127,2025-11-18 00:00:00,27,1771.8755865412777,1677.8435825615884,-94.03200397968908,-5.306919102781967
128,2025-11-18 01:00:00,27,1772.6515278652337,1679.928419381706,-92.72310848352754,-5.230757823856784
129,2025-11-18 02:00:00,27,1773.705444003476,1682.745939919186,-90.95950408429007,-5.128219253755181
130,2025-11-18 03:00:00,27,1775.896642793299,1688.5531806434915,-87.34346214980746,-4.918273960607604
131,2025-11-18 04:00:00,27,1769.526896103903,1671.4771037659457,-98.04979233795734,-5.54101735067383
132,2025-11-18 05:00:00,27,1752.6013237202922,1622.599986127519,-130.0013375927731,-7.417621785017022
133,2025-11-18 06:00:00,27,1759.2740904611328,1554.933134726705,-204.34095573442775,-11.615072196104864
134,2025-11-18 07:00:00,27,1757.188877210651,1544.6349910011895,-212.55388620946133,-12.096245825711568
135,2025-11-18 08:00:00,27,1757.4552604041633,1545.9783008120744,-211.4769595920889,-12.033134746397774
136,2025-11-18 09:00:00,27,1741.53382755675,1580.8497778742867,-160.68404968246318,-9.226582173709003
137,2025-11-18 10:00:00,27,1744.0853739704928,1591.2937441487195,-152.79162982177309,-8.760559093155843
138,2025-11-18 11:00:00,27,1747.581168188503,1605.016598309235,-142.564569879268,-8.157822507726305
139,2025-11-18 12:00:00,27,1746.8942674594568,1602.3689344662944,-144.52533299316246,-8.273273070118236
140,2025-11-18 13:00:00,27,1743.472757222587,1588.821499109141,-154.6512581134457,-8.87029966328872
141,2025-11-18 14:00:00,27,1761.0577141012304,1563.3812406117502,-197.67647348948023,-11.224871956588087
142,2025-11-18 15:00:00,27,1754.4675874872428,1530.3793968053114,-224.0881906819313,-12.77243263313126
143,2025-11-18 16:00:00,27,1748.771477127064,1496.2976047057562,-252.47387242130776,-14.437213536675454
144,2025-11-18 17:00:00,27,1750.8246995451443,1509.4106458924828,-241.41405365266155,-13.788590811825976
145,2025-11-18 18:00:00,27,1755.0977682853006,1533.7731553954056,-221.32461288989495,-12.610386548786124
146,2025-11-18 19:00:00,27,1758.340432118467,1550.3822363062125,-207.95819581225487,-11.82695864882687
147,2025-11-18 20:00:00,27,1741.392004363925,1580.257471056391,-161.13453330753396,-9.253202777073234
148,2025-11-18 21:00:00,27,1751.2459866594352,1618.4069096164958,-132.83907704293938,-7.585403652877727
149,2025-11-18 22:00:00,27,1756.7374591039045,1635.1053685775205,-121.63209052638422,-6.923748901468044
150,2025-11-18 23:00:00,27,1764.6864937373266,1658.0725822207028,-106.61391151662384,-6.041521363425435
151,2025-11-19 00:00:00,27,1766.4536362961296,1663.0127646406183,-103.44087165551127,-5.8558497958884645
152,2025-11-19 01:00:00,27,1766.654034255675,1663.5695345534143,-103.08449970226047,-5.8350134040642505
153,2025-11-19 02:00:00,27,1765.7117286172213,1660.9454326886332,-104.76629592858808,-5.933374866951443
154,2025-11-19 03:00:00,27,1766.5769850472864,1663.355549031354,-103.22143601593234,-5.843019403604955
155,2025-11-19 04:00:00,27,1761.289101695796,1648.4131535019235,-112.87594819387232,-6.40871212370494
156,2025-11-19 05:00:00,27,1744.6610961125448,1593.5978673403818,-151.06322877216303,-8.658600177923507
157,2025-11-19 06:00:00,27,1751.8336759970869,1515.4769753331568,-236.35670066393004,-13.491960104568914
158,2025-11-19 07:00:00,27,1750.4011253946426,1506.7950607926807,-243.60606460196183,-13.917156534450855
159,2025-11-19 08:00:00,27,1750.6222416722774,1508.1658045270194,-242.45643714525795,-13.84972904912096
160,2025-11-19 09:00:00,27,1753.6904077419265,1526.108432277052,-227.5819754648744,-12.977317687328393
161,2025-11-19 10:00:00,27,1755.0977682853006,1533.7731553954056,-221.32461288989495,-12.610386548786124
162,2025-11-19 11:00:00,27,1755.3133356852377,1534.9205300651183,-220.39280562011916,-12.555752932514606
163,2025-11-19 12:00:00,27,1757.0822159935417,1544.0947081882916,-212.9875078052501,-12.12165861486546
164,2025-11-19 13:00:00,27,1757.721258936161,1547.3112264928102,-210.41003244335047,-11.97061430381166
165,2025-11-19 14:00:00,27,1754.97190420494,1533.100093673232,-221.8718105317082,-12.642470799680604
166,2025-11-19 15:00:00,27,1751.4307461487074,1513.080991412279,-238.3497547364284,-13.608859799940443
167,2025-11-19 16:00:00,27,1747.8017121036155,1489.6727832150016,-258.1289288886141,-14.768776520875235
0,2025-11-12 17:00:00,28,6362.0139753213625,6241.349519657857,-120.66445566350558,-1.8966392738458344
1,2025-11-12 18:00:00,28,6359.654920207897,6238.671480943685,-120.98343926421148,-1.9023585521878683
2,2025-11-12 19:00:00,28,6357.383052271324,6236.171857259427,-121.21119501189696,-1.906620916425532
3,2025-11-12 20:00:00,28,6353.708075897138,6232.281637557515,-121.42643833962302,-1.9111113839217064
4,2025-11-12 21:00:00,28,6275.257539800313,6155.377140569315,-119.88039923099768,-1.910366203628552
5,2025-11-12 22:00:00,28,6186.5993258256185,6106.374621373082,-80.22470445253657,-1.2967496394609386
6,2025-11-12 23:00:00,28,6185.694648483512,6105.485762167462,-80.20888631604976,-1.2966835719204763
7,2025-11-13 00:00:00,28,6181.673484058867,6101.600950635889,-80.07253342297827,-1.2953213014156628
8,2025-11-13 01:00:00,28,6070.189699657384,5991.960842106441,-78.22885755094285,-1.2887382671971237
9,2025-11-13 02:00:00,28,6068.872315632789,5990.535581146779,-78.33673448600985,-1.2907955615448112
10,2025-11-13 03:00:00,28,6069.7952968491545,5991.532106091556,-78.26319075759875,-1.2893876470302938
11,2025-11-13 04:00:00,28,6182.107154911041,6102.0149084625655,-80.09224644847563,-1.2955493077283635
12,2025-11-13 05:00:00,28,6275.81937837847,6155.886908909552,-119.9324694689185,-1.9110248756060653
13,2025-11-13 06:00:00,28,6355.164012447058,6233.796366235949,-121.36764621110888,-1.9097484498181536
14,2025-11-13 07:00:00,28,6355.388110037732,6234.033528451402,-121.35458158632991,-1.90947554240884
15,2025-11-13 08:00:00,28,6356.633586176642,6235.36265907921,-121.27092709743192,-1.907785393846704
16,2025-11-13 09:00:00,28,6358.96822767752,6237.9082114729845,-121.06001620453571,-1.9037682194671124
17,2025-11-13 10:00:00,28,6361.035510717529,6240.227799044233,-120.80771167329658,-1.89918310422495
18,2025-11-13 11:00:00,28,6361.722919527376,6241.014159612404,-120.70875991497178,-1.897422466238744
19,2025-11-13 12:00:00,28,6361.994535255282,6241.327074922486,-120.66746033279652,-1.8966922977395264
20,2025-11-13 13:00:00,28,6361.942720506779,6241.267283626802,-120.6754368799766,-1.896833124432215
21,2025-11-13 14:00:00,28,6362.345254677421,6241.73301648401,-120.61223819341105,-1.8957197914517487
22,2025-11-13 15:00:00,28,6363.811748684799,6243.454601452146,-120.357147232653,-1.8912744748857016
23,2025-11-13 16:00:00,28,6362.4625380863545,6241.869250534256,-120.59328755209845,-1.895386995683112
24,2025-11-13 17:00:00,28,6362.900760935072,6242.38046905493,-120.5202918801424,-1.8941092499835108
25,2025-11-13 18:00:00,28,6363.302043629882,6242.851684155809,-120.45035947407268,-1.8928908080774205
26,2025-11-13 19:00:00,28,6361.58749205523,6240.858611224444,-120.72888083078578,-1.8977791468176768
27,2025-11-13 20:00:00,28,6358.91233396403,6237.846388366187,-121.06594559784298,-1.9038781986537103
28,2025-11-13 21:00:00,28,6356.663653483779,6235.394983677694,-121.2686698060852,-1.9077408593047664
29,2025-11-13 22:00:00,28,6354.036611829476,6232.621228880074,-121.41538294940165,-1.9108385797362175
30,2025-11-13 23:00:00,28,6353.143579602402,6231.700768938177,-121.44281066422444,-1.911538896336807
31,2025-11-14 00:00:00,28,6353.114637478206,6231.671075294858,-121.44356218334724,-1.9115594336505288
32,2025-11-14 01:00:00,28,6277.416892311403,6157.434247511075,-119.98264480032776,-1.9113378457830767
33,2025-11-14 02:00:00,28,6277.061995195316,6157.062943473603,-119.99905172171292,-1.911707289390553
34,2025-11-14 03:00:00,28,6277.594937049686,6157.620942524751,-119.97399452493572,-1.9111458405330075
35,2025-11-14 04:00:00,28,6355.1110415297335,6233.740393344438,-121.37064818529508,-1.909811605055449
36,2025-11-14 05:00:00,28,6361.606823356824,6240.880795618882,-120.72602773794188,-1.897728531330996
37,2025-11-14 06:00:00,28,6367.391521111236,6247.84224306037,-119.54927805086665,-1.8775235927380651
38,2025-11-14 07:00:00,28,6368.3177413499725,6249.026675154994,-119.29106619497816,-1.8731958900293584
39,2025-11-14 08:00:00,28,6367.958513781792,6248.564649797324,-119.39386398446824,-1.874915857665706
40,2025-11-14 09:00:00,28,6366.3459719986695,6246.530999908603,-119.81497209006648,-1.88200535467367
41,2025-11-14 10:00:00,28,6364.218076282644,6243.938853792222,-120.27922249042147,-1.8899293055130015
42,2025-11-14 11:00:00,28,6363.3548348555805,6242.913899540845,-120.44093531473573,-1.8927270039227535
43,2025-11-14 12:00:00,28,6362.137216701795,6241.491962210431,-120.64525449136454,-1.8963007301170476
44,2025-11-14 13:00:00,28,6363.3548348555805,6242.913899540845,-120.44093531473573,-1.8927270039227535
45,2025-11-14 14:00:00,28,6364.271532647876,6244.002805969838,-120.26872667803764,-1.8897485134170484
46,2025-11-14 15:00:00,28,6365.763855451256,6245.812081010628,-119.95177444062848,-1.8843264871961756
47,2025-11-14 16:00:00,28,6366.662922665343,6246.925723052952,-119.73719961239112,-1.880690105111836
48,2025-11-14 17:00:00,28,6365.491499227601,6245.478328679778,-120.01317054782248,-1.885371625464979
49,2025-11-14 18:00:00,28,6363.838324164169,6243.486174277645,-120.35214988652388,-1.8911880496638955
50,2025-11-14 19:00:00,28,6361.169908909016,6240.380926339628,-120.78898256938828,-1.898848549859037
51,2025-11-14 20:00:00,28,6360.057494390622,6239.122228647359,-120.9352657432637,-1.9014806996623053
52,2025-11-14 21:00:00,28,6358.491432309982,6237.3822715326205,-121.10916077736148,-1.9046838714283465
53,2025-11-14 22:00:00,28,6357.140421345065,6235.909091225632,-121.23133011943264,-1.9070104179605665
54,2025-11-14 23:00:00,28,6354.3020329877145,6232.896419289044,-121.405613698671,-1.9106050211086296
55,2025-11-15 00:00:00,28,6353.468771020731,6232.034991208155,-121.43377981257618,-1.911298917001948
56,2025-11-15 01:00:00,28,6353.236296396853,6231.79595048274,-121.4403459141122,-1.911472204850705
57,2025-11-15 02:00:00,28,6277.451100746153,6157.470096097233,-119.98100464892012,-1.911301302445174
58,2025-11-15 03:00:00,28,6353.930798303715,6232.511730292613,-121.41906801110235,-1.9109283979535492
59,2025-11-15 04:00:00,28,6354.854628207164,6233.471806372232,-121.38282183493176,-1.9100802289977223
60,2025-11-15 05:00:00,28,6356.633586176642,6235.36265907921,-121.27092709743192,-1.907785393846704
61,2025-11-15 06:00:00,28,6359.492016631613,6238.489779835954,-121.00223679565896,-1.902702864933375
62,2025-11-15 07:00:00,28,6361.144289992446,6240.351714414791,-120.79257557765504,-1.8989126809729775
63,2025-11-15 08:00:00,28,6360.824817080782,6239.988337109464,-120.83647997131813,-1.8996982851474669
64,2025-11-15 09:00:00,28,6360.107974982303,6239.1789248646655,-120.92905011763742,-1.90136787918249
65,2025-11-15 10:00:00,28,6358.540821638872,6237.436601627235,-121.10422001163715,-1.9045913741641016
66,2025-11-15 11:00:00,28,6358.066862753691,6236.916634127292,-121.15022862639852,-1.905456976807069
67,2025-11-15 12:00:00,28,6358.171232334693,6237.030867506671,-121.14036482802204,-1.905270562893284
68,2025-11-15 13:00:00,28,6357.932022892572,6236.769272031598,-121.16275086097356,-1.9056943425112305
69,2025-11-15 14:00:00,28,6360.792947334438,6239.9521784060125,-120.84076892842586,-1.8997752313108311
70,2025-11-15 15:00:00,28,6364.264848470668,6243.994806261818,-120.2700422088501,-1.889771168743095
71,2025-11-15 16:00:00,28,6364.848661375064,6244.696948846514,-120.15171252854998,-1.8877387180890544
72,2025-11-15 17:00:00,28,6363.625990065939,6243.234294980892,-120.3916950850471,-1.891872578196564
73,2025-11-15 18:00:00,28,6361.176315055938,6240.388232626344,-120.7880824295944,-1.898832487062296
74,2025-11-15 19:00:00,28,6358.825474896842,6237.7504042571545,-121.07507063968752,-1.9040477068864936
75,2025-11-15 20:00:00,28,6356.154242906768,6234.848864152521,-121.3053787542467,-1.908471288116065
76,2025-11-15 21:00:00,28,6353.860368083929,6232.43891296565,-121.42145511827856,-1.910987149295735
77,2025-11-15 22:00:00,28,6276.322331433938,6156.343815196053,-119.97851623788574,-1.911605394085528
78,2025-11-15 23:00:00,28,6275.881325348312,6155.94315527358,-119.93817007473262,-1.911096846116287
79,2025-11-16 00:00:00,28,6275.269851636653,6155.388304343608,-119.8815472930446,-1.9103807505868184
80,2025-11-16 01:00:00,28,6275.43622061204,6155.539190286083,-119.89703032595752,-1.910576828621868
81,2025-11-16 02:00:00,28,6275.596708447978,6155.684796816701,-119.91191163127678,-1.9107650985579707
82,2025-11-16 03:00:00,28,6274.674593134552,6154.848905928711,-119.82568720584096,-1.9096717355980253
83,2025-11-16 04:00:00,28,6274.271738034856,6154.484257512726,-119.78748052212995,-1.909185408658252
84,2025-11-16 05:00:00,28,6275.405389161124,6155.51122382694,-119.89416533418353,-1.910540561112827
85,2025-11-16 06:00:00,28,6277.4853239037975,6157.505970500667,-119.97935340313052,-1.911264578290063
86,2025-11-16 07:00:00,28,6355.737475956883,6234.404451493054,-121.33302446382912,-1.9090314054477515
87,2025-11-16 08:00:00,28,6356.958991774886,6235.713107397826,-121.24588437706008,-1.907293794626285
88,2025-11-16 09:00:00,28,6357.425598150956,6236.21801372134,-121.20758442961596,-1.9065513635718985
89,2025-11-16 10:00:00,28,6358.146661027242,6237.003960500457,-121.14270052678512,-1.9053146614144465
90,2025-11-16 11:00:00,28,6358.2819081686175,6237.15216747742,-121.12974069119718,-1.9050703073668265
91,2025-11-16 12:00:00,28,6358.775888469087,6237.695657017861,-121.0802314512257,-1.904143715314623
92,2025-11-16 13:00:00,28,6360.215363924833,6239.299667615983,-120.91569630884987,-1.9011258171332404
93,2025-11-16 14:00:00,28,6361.839201818309,6241.147967652898,-120.69123416541152,-1.8971123025384884
94,2025-11-16 15:00:00,28,6364.943043221062,6244.811121597586,-120.13192162347605,-1.887399789875916
95,2025-11-16 16:00:00,28,6366.552524840288,6246.787968110612,-119.76455672967586,-1.8811524174565777
96,2025-11-16 17:00:00,28,6366.476721791748,6246.693547113495,-119.78317467825308,-1.8814672528095249
97,2025-11-16 18:00:00,28,6366.30473058817,6246.479811377188,-119.82491921098244,-1.8821737928324405
98,2025-11-16 19:00:00,28,6363.9713464492825,6243.644418180835,-120.32692826844776,-1.890752200441365
99,2025-11-16 20:00:00,28,6362.3843281434,6241.778376273603,-120.60595186979754,-1.8956093446965885
100,2025-11-16 21:00:00,28,6360.481366175209,6239.599521869219,-120.88184430598994,-1.900514086069568
101,2025-11-16 22:00:00,28,6359.416954902018,6238.406189987849,-121.01076491416916,-1.902859425200775
102,2025-11-16 23:00:00,28,6358.07299790963,6236.923344961553,-121.14965294807736,-1.9054460838670493
103,2025-11-17 00:00:00,28,6356.663653483779,6235.394983677694,-121.2686698060852,-1.9077408593047664
104,2025-11-17 01:00:00,28,6356.561476808187,6235.285182784503,-121.2762940236844,-1.907891467205328
105,2025-11-17 02:00:00,28,6356.309672472038,6235.015150425759,-121.29452204627889,-1.908253818588831
106,2025-11-17 03:00:00,28,6356.759954919683,6235.498592248531,-121.2613626711518,-1.9075970074550963
107,2025-11-17 04:00:00,28,6359.661193117627,6238.678485645057,-120.98270747256991,-1.902345169008318
108,2025-11-17 05:00:00,28,6366.649113925832,6246.908476649106,-119.74063727672636,-1.8807481790509943
109,2025-11-17 06:00:00,28,6371.741830405445,6253.826377359709,-117.91545304573629,-1.8505999801036053
110,2025-11-17 07:00:00,28,6372.911324399848,6255.679243851883,-117.23208054796488,-1.839537294346472
111,2025-11-17 08:00:00,28,6373.114290113543,6256.009040982488,-117.10524913105472,-1.8374886091830689
112,2025-11-17 09:00:00,28,6371.454116689221,6253.382178792903,-118.07193789631856,-1.8531395774638637
113,2025-11-17 10:00:00,28,6370.3939816237225,6251.78164435982,-118.6123372639022,-1.861930951304673
114,2025-11-17 11:00:00,28,6369.405938679847,6250.447893719113,-118.9580449607338,-1.8676474086591128
115,2025-11-17 12:00:00,28,6369.772226562817,6250.933952348097,-118.83827421472051,-1.8656597125898589
116,2025-11-17 13:00:00,28,6371.05023074628,6252.765861454982,-118.2843692912984,-1.8565913783015808
117,2025-11-17 14:00:00,28,6373.151936375017,6256.070494706911,-117.08144166810598,-1.8371041964315808
118,2025-11-17 15:00:00,28,6373.483961986662,6260.366863884972,-113.1170981016894,-1.774807919441755
119,2025-11-17 16:00:00,28,6375.225298066585,6263.870280615764,-111.35501745082092,-1.7466836424524723
120,2025-11-17 17:00:00,28,6373.891414152807,6261.156285134697,-112.73512901810956,-1.7687017505159972
121,2025-11-17 18:00:00,28,6373.328966185372,6260.070942324392,-113.25802386098076,-1.7770622615259268
122,2025-11-17 19:00:00,28,6374.0306423759175,6257.53119900013,-116.49944337578744,-1.8277201650282988
123,2025-11-17 20:00:00,28,6372.477163277577,6254.982184915366,-117.49497836221144,-1.843788143161895
124,2025-11-17 21:00:00,28,6369.0628307001325,6249.996171697023,-119.06665900310963,-1.8694533586508988
125,2025-11-17 22:00:00,28,6366.725093897847,6247.003427881849,-119.72166601599749,-1.8804277591747136
126,2025-11-17 23:00:00,28,6362.215161195914,6241.582187548967,-120.632973646947,-1.896084470432645
127,2025-11-18 00:00:00,28,6361.157098316677,6240.366317733879,-120.7907805827972,-1.8988806394163964
128,2025-11-18 01:00:00,28,6360.824817080782,6239.988337109464,-120.83647997131813,-1.8996982851474669
129,2025-11-18 02:00:00,28,6360.373580292716,6239.477885222421,-120.895695070295,-1.9007640595968132
130,2025-11-18 03:00:00,28,6359.435712972823,6238.427071404086,-121.0086415687374,-1.902820423546194
131,2025-11-18 04:00:00,28,6362.163188913258,6241.522014744863,-120.64117416839508,-1.896228854654736
132,2025-11-18 05:00:00,28,6369.427435380946,6250.476309505787,-118.95112587515904,-1.8675324757514056
133,2025-11-18 06:00:00,28,6374.517965383392,6262.404892672383,-112.1130727110094,-1.7587694209952145
134,2025-11-18 07:00:00,28,6375.4069546223145,6264.257071590342,-111.14988303197242,-1.7434162842167469
135,2025-11-18 08:00:00,28,6375.293368379609,6264.014694024683,-111.2786743549259,-1.745467509100829
136,2025-11-18 09:00:00,28,6374.190816924405,6257.803148986623,-116.38766793778268,-1.8259206741780691
137,2025-11-18 10:00:00,28,6373.091711372469,6255.972226204048,-117.1194851684213,-1.837718496337144
138,2025-11-18 11:00:00,28,6371.586770752216,6253.586438881538,-118.00033187067766,-1.8519771623034305
139,2025-11-18 12:00:00,28,6371.882398631081,6254.045006677398,-117.83739195368253,-1.849334067731671
140,2025-11-18 13:00:00,28,6373.355551446,6256.40443629051,-116.9511151554907,-1.835000639952632
141,2025-11-18 14:00:00,28,6373.75782462607,6260.895582584414,-112.86224204165592,-1.770733139649485
142,2025-11-18 15:00:00,28,6376.5676364969295,6266.84375403025,-109.72388246667924,-1.7207358052420476
143,2025-11-18 16:00:00,28,6378.999012615058,6273.13755102158,-105.86146159347754,-1.6595309292904226
144,2025-11-18 17:00:00,28,6378.122305827014,6270.697452988128,-107.42485283888618,-1.684270819653983
145,2025-11-18 18:00:00,28,6376.298800672441,6266.225538638504,-110.07326203393676,-1.7262877019240144
146,2025-11-18 19:00:00,28,6374.915969758502,6263.221713999281,-111.69425575922104,-1.752089851679289
147,2025-11-18 20:00:00,28,6374.251925170791,6257.907384773956,-116.34454039683442,-1.8252265797247589
148,2025-11-18 21:00:00,28,6370.010196456958,6251.251904109561,-118.75829234739648,-1.8643344152486705
149,2025-11-18 22:00:00,28,6367.64998077852,6248.170526394793,-119.479454383727,-1.876350847555839
150,2025-11-18 23:00:00,28,6364.238117852923,6243.962823682525,-120.2752941703984,-1.8898616290456332
151,2025-11-19 00:00:00,28,6363.480367100756,6243.062053425359,-120.41831367539726,-1.892334174518097
152,2025-11-19 01:00:00,28,6363.394453324662,6242.960625198122,-120.43382812654,-1.8926035311800813
153,2025-11-19 02:00:00,28,6363.7984645624665,6243.438824496061,-120.35964006640552,-1.891317594933935
154,2025-11-19 03:00:00,28,6363.427485133096,6242.999605347768,-120.4278797853276,-1.89250022989472
155,2025-11-19 04:00:00,28,6365.695672015964,6245.728373542035,-119.96729847392908,-1.8845905405329628
156,2025-11-19 05:00:00,28,6372.84379039792,6255.570071576218,-117.27371882170246,-1.840210158585731
157,2025-11-19 06:00:00,28,6377.691602725789,6269.576509031995,-108.11509369379472,-1.6952073011430493
158,2025-11-19 07:00:00,28,6378.303141149499,6271.182298455358,-107.12084269414116,-1.679456750856715
159,2025-11-19 08:00:00,28,6378.208738852946,6270.928091004414,-107.28064784853268,-1.6819870945118358
160,2025-11-19 09:00:00,28,6376.899225101883,6267.623926468768,-109.27529863311428,-1.71361181627217
161,2025-11-19 10:00:00,28,6376.298800672441,6266.225538638504,-110.07326203393676,-1.7262877019240144
162,2025-11-19 11:00:00,28,6376.20684653155,6266.016873076973,-110.18997345457684,-1.7281430183607769
163,2025-11-19 12:00:00,28,6375.4524367093545,6264.354622457674,-111.09781425168056,-1.7425871395728416
164,2025-11-19 13:00:00,28,6375.179951725754,6263.774420966654,-111.40553075909976,-1.7474884097811607
165,2025-11-19 14:00:00,28,6376.352491939112,6266.348024564673,-110.00446737443872,-1.7251942629191954
166,2025-11-19 15:00:00,28,6377.8635923881575,6270.018649047961,-107.84494334019656,-1.6909258371236908
167,2025-11-19 16:00:00,28,6379.413207219389,6274.379249973543,-105.03395724584608,-1.6464517007141397
0,2025-11-12 17:00:00,29,3550.4142855905397,3491.227581496398,-59.18670409414108,-1.6670365577998054
1,2025-11-12 18:00:00,29,3551.1550448405574,3493.443691729634,-57.71135311092348,-1.6251431543314847
2,2025-11-12 19:00:00,29,3551.842366136077,3495.4738374410376,-56.36852869503946,-1.5870222516761288
3,2025-11-12 20:00:00,29,3553.1720930359406,3498.7144099829407,-54.45768305299998,-1.5326497458351265
4,2025-11-12 21:00:00,29,3468.3349247198166,3415.8058046842143,-52.52912003560232,-1.514534241235246
5,2025-11-12 22:00:00,29,3416.8920476669164,3384.6848727935,-32.207174873416534,-0.9425868427832794
6,2025-11-12 23:00:00,29,3417.4523273624472,3385.50445949406,-31.94786786838722,-0.9348445803498374
7,2025-11-13 00:00:00,29,3419.8798677387663,3389.083537750635,-30.79632998813122,-0.9005091166694646
8,2025-11-13 01:00:00,29,3286.5619049062625,3256.641669232544,-29.920235673718707,-0.9103810163762024
9,2025-11-13 02:00:00,29,3286.252925705945,3257.372782711059,-28.880142994886683,-0.8788168058818149
10,2025-11-13 03:00:00,29,3286.469667912132,3256.861276118684,-29.60839179344748,-0.9009178475776852
11,2025-11-13 04:00:00,29,3419.627327765751,3388.7066107871638,-30.92071697858773,-0.9042130622692768
12,2025-11-13 05:00:00,29,3468.400142078141,3415.926089955265,-52.474052122875946,-1.5129180594323055
13,2025-11-13 06:00:00,29,3552.4869988595024,3497.3611854593087,-55.12581340019369,-1.5517527134621856
14,2025-11-13 07:00:00,29,3552.423156560711,3497.1748191077227,-55.24833745298838,-1.555229628287786
15,2025-11-13 08:00:00,29,3552.0631418471653,3496.121738361854,-55.941403485311184,-1.5748989038584544
16,2025-11-13 09:00:00,29,3551.365584854577,3494.067912802322,-57.29767205225471,-1.6133983022364893
17,2025-11-13 10:00:00,29,3550.724738066933,3492.160406178322,-58.56433188861092,-1.649362769824118
18,2025-11-13 11:00:00,29,3550.507097330247,3491.5071119629565,-58.999985367290265,-1.661734049529276
19,2025-11-13 12:00:00,29,3550.4204967423384,3491.2463062855886,-59.17419045674978,-1.6666811863846724
20,2025-11-13 13:00:00,29,3550.437043241569,3491.2961763792764,-59.14086686229257,-1.6657348417111102
21,2025-11-13 14:00:00,29,3550.308176333781,3490.907285678827,-59.400890654953855,-1.6731192816138591
22,2025-11-13 15:00:00,29,3549.8325735015,3489.4616300107687,-60.370943490731406,-1.7006701651616891
23,2025-11-13 16:00:00,29,3550.270491096421,3490.793342842363,-59.47714825405819,-1.6752849790802844
24,2025-11-13 17:00:00,29,3550.1291363321634,3490.365047424464,-59.76408890769926,-1.6834342248587857
25,2025-11-13 18:00:00,29,3549.9989497055917,3489.9692906398336,-60.02965906575764,-1.69097681199979
26,2025-11-13 19:00:00,29,3550.550149275082,3491.6365822648368,-58.91356701024506,-1.659279957565829
27,2025-11-13 20:00:00,29,3551.3826173182365,3494.118314922244,-57.26430239599267,-1.6124509400013562
28,2025-11-13 21:00:00,29,3552.054343662844,3496.0959519285966,-55.958391734247016,-1.5753810702271878
29,2025-11-13 22:00:00,29,3553.0191307339137,3498.414256373951,-54.60487435996265,-1.5368584392812834
30,2025-11-13 23:00:00,29,3553.4251120393174,3499.2182255941307,-54.20688644518668,-1.5254827310565509
31,2025-11-14 00:00:00,29,3553.437742653246,3499.2436438797185,-54.19409877352746,-1.5251174411476347
32,2025-11-14 01:00:00,29,3468.427646161711,3415.7384105299648,-52.68923563174621,-1.519110127323949
33,2025-11-14 02:00:00,29,3468.4643765423225,3415.9239198719183,-52.54045667040418,-1.514804563822023
34,2025-11-14 03:00:00,29,3468.4090389826933,3415.6448185642894,-52.764220418403966,-1.5212802130708334
35,2025-11-14 04:00:00,29,3552.502047134933,3497.4050993076503,-55.09694782728275,-1.5509335982429069
36,2025-11-14 05:00:00,29,3550.544009114472,3491.618124334295,-58.92588478017706,-1.6596297533254218
37,2025-11-14 06:00:00,29,3548.63366639631,3485.7316084108325,-62.90205798547777,-1.7725711893320264
38,2025-11-14 07:00:00,29,3548.3152739375,3484.7165579362318,-63.59871600126826,-1.792363730145488
39,2025-11-14 08:00:00,29,3548.439141213884,3485.112819706688,-63.3263215071961,-1.7846247036248402
40,2025-11-14 09:00:00,29,3548.989149275379,3486.85191568529,-62.13723359008918,-1.7508431549523378
41,2025-11-14 10:00:00,29,3549.699140257583,3489.0528934423096,-60.64624681527357,-1.7084897738931415
42,2025-11-14 11:00:00,29,3549.981770201854,3489.9169706800585,-60.06479952179552,-1.6919748722647725
43,2025-11-14 12:00:00,29,3550.3748695014165,3491.1086925058767,-59.26617699553981,-1.669293502065111
44,2025-11-14 13:00:00,29,3549.981770201854,3489.9169706800585,-60.06479952179552,-1.6919748722647725
45,2025-11-14 14:00:00,29,3549.6815334869466,3488.9988508408587,-60.68268264608787,-1.709524701684369
46,2025-11-14 15:00:00,29,3549.185207796294,3487.4643432511875,-61.72086454510645,-1.7390150395512671
47,2025-11-14 16:00:00,29,3548.8818356770075,3486.5150930345417,-62.36674264246585,-1.7573631788889463
48,2025-11-14 17:00:00,29,3549.276471629239,3487.748171543989,-61.52830008525007,-1.7335448668783606
49,2025-11-14 18:00:00,29,3549.8238680145155,3489.4350070668543,-60.388860947661215,-1.7011790779759972
50,2025-11-14 19:00:00,29,3550.6823602415084,3492.033434989348,-58.64892525216101,-1.651764908877173
51,2025-11-14 20:00:00,29,3551.030525297587,3493.0734188899883,-57.95710640759853,-1.6321207602894812
52,2025-11-14 21:00:00,29,3551.5103661492794,3494.4959074179983,-57.01445873128114,-1.605358082992138
53,2025-11-14 22:00:00,29,3551.9141730746705,3495.6847620943554,-56.22941098031515,-1.5830734708220964
54,2025-11-14 23:00:00,29,3552.892576029276,3498.168114972346,-54.72446105693007,-1.5402790792535106
55,2025-11-15 00:00:00,29,3553.2808895328017,3498.9298485849786,-54.35104094782309,-1.5296015889970738
56,2025-11-15 01:00:00,29,3553.384422371322,3499.136524128246,-54.24789824307618,-1.5266543608832024
57,2025-11-15 02:00:00,29,3468.424080406327,3415.720455588524,-52.7036248178033,-1.519526551425311
58,2025-11-15 03:00:00,29,3553.068845514873,3498.511477825357,-54.55736768951601,-1.5354998752243467
59,2025-11-15 04:00:00,29,3552.6207961213245,3497.645397390644,-54.97539873068081,-1.5474603647735716
60,2025-11-15 05:00:00,29,3552.0631418471653,3496.121738361854,-55.941403485311184,-1.5748989038584544
61,2025-11-15 06:00:00,29,3551.205204616536,3493.592613799463,-57.61259081707294,-1.6223391073593008
62,2025-11-15 07:00:00,29,3550.690444850083,3492.057666445914,-58.63277840416913,-1.651306395611311
63,2025-11-15 08:00:00,29,3550.791001023717,3492.358720643997,-58.43228037971994,-1.6456130581291188
64,2025-11-15 09:00:00,29,3551.0148551072743,3493.0267618399616,-57.98809326731271,-1.6330005824647815
65,2025-11-15 10:00:00,29,3551.4954229527248,3494.451778484381,-57.0436444683437,-1.6061866249265058
66,2025-11-15 11:00:00,29,3551.638302301685,3494.8733071056117,-56.76499519607387,-1.598276354866614
67,2025-11-15 12:00:00,29,3551.606939406593,3494.7808562914797,-56.826083115114216,-1.6000104765142953
68,2025-11-15 13:00:00,29,3551.6787370149414,3494.9924372767277,-56.68629973821408,-1.5960424333270886
69,2025-11-15 14:00:00,29,3550.8010056638595,3492.3886398526497,-58.41236581120984,-1.645047574280751
70,2025-11-15 15:00:00,29,3549.683735697478,3489.005611762731,-60.67812393474696,-1.7093952152563898
71,2025-11-15 16:00:00,29,3549.490680551661,3488.4113613485224,-61.079319203138766,-1.720791085262008
72,2025-11-15 17:00:00,29,3549.893338600224,3489.647292683376,-60.24604591684784,-1.6971227068079673
73,2025-11-15 18:00:00,29,3550.6803381591744,3492.0273737008906,-58.652964458283805,-1.6518796081962148
74,2025-11-15 19:00:00,29,3551.409054306056,3494.196519032178,-57.21253527387762,-1.610981286554639
75,2025-11-15 20:00:00,29,3552.2027303596324,3496.530514111488,-55.67221624814465,-1.567258979121056
76,2025-11-15 21:00:00,29,3553.1017002732506,3498.5759006142844,-54.52579965896621,-1.534597212761259
77,2025-11-15 22:00:00,29,3468.456796252952,3416.0281599482487,-52.42863630470356,-1.5115839517258318
78,2025-11-15 23:00:00,29,3468.40720756058,3415.938945101834,-52.46826245874581,-1.5127480517389449
79,2025-11-16 00:00:00,29,3468.3363759210606,3415.8085124847644,-52.52786343629623,-1.5144973769260426
80,2025-11-16 01:00:00,29,3468.3558885864086,3415.8447849886634,-52.511103597745205,-1.514005635077635
81,2025-11-16 02:00:00,29,3468.3745403490548,3415.879217203752,-52.49532314530279,-1.5135425120500308
82,2025-11-16 03:00:00,29,3468.265067694617,3415.673842765988,-52.59122492862889,-1.5163554083133182
83,2025-11-16 04:00:00,29,3468.215468011539,3415.578290224324,-52.63717778721502,-1.5177020653043205
84,2025-11-16 05:00:00,29,3468.352286164084,3415.8381075585035,-52.51417860558058,-1.514095866647388
85,2025-11-16 06:00:00,29,3468.420508678159,3415.702479948245,-52.71802872991384,-1.5199434035755104
86,2025-11-16 07:00:00,29,3552.323052387483,3496.8823849369405,-55.440667450542605,-1.56068765798993
87,2025-11-16 08:00:00,29,3551.967659607428,3495.8417475977108,-56.12591200971747,-1.580135783553858
88,2025-11-16 09:00:00,29,3551.829742035759,3495.436735178382,-56.3930068573768,-1.5877170628413824
89,2025-11-16 10:00:00,29,3551.61432816703,3494.802640551048,-56.81168761598201,-1.599601825159384
90,2025-11-16 11:00:00,29,3551.5736194264696,3494.6825893669343,-56.8910300595353,-1.6018541682017116
91,2025-11-16 12:00:00,29,3551.4241295079314,3494.2410985222245,-57.183030985706864,-1.6101436747750508
92,2025-11-16 13:00:00,29,3550.9814780838133,3492.9273381126577,-58.05413997115557,-1.6348758879610614
93,2025-11-16 14:00:00,29,3550.4700639876687,3491.395643836822,-59.07442015084689,-1.6638478591901755
94,2025-11-16 15:00:00,29,3549.4593367999164,3488.314577451009,-61.14475934890743,-1.722649946006528
95,2025-11-16 16:00:00,29,3548.919259032666,3486.6326848707745,-62.28657416189162,-1.755085692731966
96,2025-11-16 17:00:00,29,3548.9449276001283,3486.713258702889,-62.23166889723916,-1.753525911694593
97,2025-11-16 18:00:00,29,3549.0030838062594,3486.895566972772,-62.10751683348735,-1.7499989537027354
98,2025-11-16 19:00:00,29,3549.78024757209,3489.301516187924,-60.47873138416617,-1.7037317007308057
99,2025-11-16 20:00:00,29,3550.2956282312803,3490.8693570650494,-59.42627116623089,-1.67384007950449
100,2025-11-16 21:00:00,29,3550.8985622394325,3492.6800746684157,-58.21848757101725,-1.639542401749173
101,2025-11-16 22:00:00,29,3551.2282724685306,3493.6610572633176,-57.56721520521296,-1.6210508249078797
102,2025-11-16 23:00:00,29,3551.636460272412,3494.867878390076,-56.76858188233564,-1.5983781706639386
103,2025-11-17 00:00:00,29,3552.054343662844,3496.0959519285966,-55.958391734247016,-1.5753810702271878
104,2025-11-17 01:00:00,29,3552.0842219485407,3496.183510971817,-55.90071097672353,-1.573743962243623
105,2025-11-17 02:00:00,29,3552.1576078270614,3496.39844441572,-55.75916341134143,-1.569726615972162
106,2025-11-17 03:00:00,29,3552.0261308803306,3496.0132457129057,-56.01288516742488,-1.576927733736652
107,2025-11-17 04:00:00,29,3551.15311070914,3493.437946736757,-57.715163972382925,-1.625251352816427
108,2025-11-17 05:00:00,29,3548.886519257137,3486.529817608457,-62.35670164867952,-1.7570779260006375
109,2025-11-17 06:00:00,29,3547.1115128331576,3479.0070805194746,-68.10443231368299,-1.91999693461248
110,2025-11-17 07:00:00,29,3546.691321497913,3476.1063417354203,-70.58497976249282,-1.990164166096132
111,2025-11-17 08:00:00,29,3546.6179533639915,3475.592898389129,-71.02505497486209,-2.0026136423150493
112,2025-11-17 09:00:00,29,3547.214205481627,3479.7064696267057,-67.50773585492107,-1.9031197989283857
113,2025-11-17 10:00:00,29,3547.590207243085,3482.2388264871256,-65.35138075595933,-1.8421344331859968
114,2025-11-17 11:00:00,29,3547.937165567718,3483.4955467875966,-64.44161878012119,-1.8163122900123196
115,2025-11-17 12:00:00,29,3547.808939485483,3483.077357415368,-64.73158207011465,-1.824550960162536
116,2025-11-17 13:00:00,29,3547.357899658123,3480.6793428371584,-66.67855682096479,-1.879668156049068
117,2025-11-17 14:00:00,29,3546.604330774351,3475.497321873113,-71.10700890123826,-2.0049321060213403
118,2025-11-17 15:00:00,29,3560.367643391371,3468.89375599856,-91.47388739281088,-2.569225893359678
119,2025-11-17 16:00:00,29,3559.714473814308,3463.628874819776,-96.08559899453168,-2.699250170241153
120,2025-11-17 17:00:00,29,3560.2156387039217,3467.697766539955,-92.5178721639668,-2.5986592260924803
121,2025-11-17 18:00:00,29,3560.4253303834744,3469.3435040547924,-91.08182632868191,-2.558172630427612
122,2025-11-17 19:00:00,29,3546.2851178171886,3473.234682557639,-73.05043525954943,-2.059914328166413
123,2025-11-17 20:00:00,29,3546.8478251519364,3477.1944328625696,-69.65339228936682,-1.963811128163726
124,2025-11-17 21:00:00,29,3548.0568446669963,3483.8839411933072,-64.17290347368908,-1.8086774333998032
125,2025-11-17 22:00:00,29,3548.860739533853,3486.448741645799,-62.411997888053975,-1.7586488303920278
126,2025-11-17 23:00:00,29,3550.349904928993,3491.0333379744843,-59.31656695450874,-1.670724535408717
127,2025-11-18 00:00:00,29,3550.68640328988,3492.045553456257,-58.64084983362318,-1.6515355954637287
128,2025-11-18 01:00:00,29,3550.791001023717,3492.358720643997,-58.43228037971994,-1.6456130581291188
129,2025-11-18 02:00:00,29,3550.932201546322,3492.7804378943338,-58.15176365198886,-1.6376478161612191
130,2025-11-18 03:00:00,29,3551.2225104037816,3493.643963501346,-57.57854690243539,-1.621372548009913
131,2025-11-18 04:00:00,29,3550.3665540205125,3491.0835973306557,-59.2829566898572,-1.6697700304416143
132,2025-11-18 05:00:00,29,3547.929653349224,3483.471106177786,-64.4585471714372,-1.8167932701424545
133,2025-11-18 06:00:00,29,3559.980899973756,3465.8174926640013,-94.16340730975436,-2.64505372235139
134,2025-11-18 07:00:00,29,3559.645811258168,3463.0544929049397,-96.59131835322889,-2.713509249929795
135,2025-11-18 08:00:00,29,3559.6887559437805,3463.4142592612534,-96.27449668252711,-2.7045762504312503
136,2025-11-18 09:00:00,29,3546.226675804463,3472.815390869449,-73.41128493501401,-2.070123870983533
137,2025-11-18 10:00:00,29,3546.626121527632,3475.650169637204,-70.9759518904284,-2.001224528844813
138,2025-11-18 11:00:00,29,3547.166891648404,3479.384675188216,-67.78221646018801,-1.910883207096268
139,2025-11-18 12:00:00,29,3547.061241375444,3478.6634064949967,-68.39783488044714,-1.9282958546812263
140,2025-11-18 13:00:00,29,3546.530574459733,3474.9784940531554,-71.55208040657817,-2.0175232922524056
141,2025-11-18 14:00:00,29,3560.265532580016,3468.0921238717888,-92.17340870822682,-2.588947590137513
142,2025-11-18 15:00:00,29,3559.204843016694,3459.249423559116,-99.95541945757805,-2.8083637741079914
143,2025-11-18 16:00:00,29,3558.2690202592507,3450.2618893183217,-108.00713094092907,-3.0353840680955546
144,2025-11-18 17:00:00,29,3558.6082868437843,3453.6999328312263,-104.908354012558,-2.948016346738847
145,2025-11-18 18:00:00,29,3559.307322064596,3460.153064747332,-99.15425731726418,-2.785773981993474
146,2025-11-18 19:00:00,29,3559.8311698075386,3464.5951017839743,-95.23606802356426,-2.6752973239658773
147,2025-11-18 20:00:00,29,3546.204359158863,3472.654845601553,-73.54951355730964,-2.0740348301516134
148,2025-11-18 21:00:00,29,3547.7253808487385,3482.803666276887,-64.92171457185168,-1.8299532123402449
149,2025-11-18 22:00:00,29,3548.545143803466,3485.4505384194267,-63.09460538403937,-1.7780415022820355
150,2025-11-18 23:00:00,29,3549.6925406414816,3489.03263945396,-60.65990118752188,-1.7088776138498956
151,2025-11-19 00:00:00,29,3549.9408702229,3489.7923189779576,-60.14855124494261,-1.694353608801543
152,2025-11-19 01:00:00,29,3549.968869426601,3489.877666650827,-60.09120277577449,-1.6927247811466175
153,2025-11-19 02:00:00,29,3549.836923921835,3489.4749321072013,-60.36199181463371,-1.7004159094707427
154,2025-11-19 03:00:00,29,3549.9581082011155,3489.8448712590807,-60.113236942034746,-1.6933506004806398
155,2025-11-19 04:00:00,29,3549.2080834933363,3487.5355594469816,-61.67252404635474,-1.7376418230641768
156,2025-11-19 05:00:00,29,3546.7157049733173,3476.2764996986725,-70.43920527464479,-1.9860403577279315
157,2025-11-19 06:00:00,29,3558.7742147986296,3455.2991606706355,-103.4750541279941,-2.907603795085077
158,2025-11-19 07:00:00,29,3558.538472727148,3453.012065796124,-105.52640693102468,-2.9654423505544587
159,2025-11-19 08:00:00,29,3558.574928927386,3453.3724276344087,-105.2025012929771,-2.956309854200173
160,2025-11-19 09:00:00,29,3559.078163417284,3458.1142826712176,-100.96388074606648,-2.8367986346533343
161,2025-11-19 10:00:00,29,3559.307322064596,3460.153064747332,-99.15425731726418,-2.785773981993474
162,2025-11-19 11:00:00,29,3559.3423276359617,3460.458892716423,-98.88343491953856,-2.778137807981364
163,2025-11-19 12:00:00,29,3559.628604798303,3462.9098503960136,-96.7187544022895,-2.7171024042203364
164,2025-11-19 13:00:00,29,3559.7315986955155,3463.7714405112383,-95.96015818427712,-2.6957133009534284
165,2025-11-19 14:00:00,29,3559.286871505579,3459.973737971517,-99.31313353406176,-2.7902536974226044
166,2025-11-19 15:00:00,29,3558.7080155966746,3454.66688800208,-104.04112759459484,-2.9235645953142546
167,2025-11-19 16:00:00,29,3558.10804294489,3448.5353360766544,-109.5727068682354,-3.0795216318824
0,2025-11-12 17:00:00,30,2098.9721018844243,2069.999035509624,-28.97306637480051,-1.3803454723761666
1,2025-11-12 18:00:00,30,2101.3700997073047,2074.990647437535,-26.3794522697699,-1.2553453707866231
2,2025-11-12 19:00:00,30,2103.664523041713,2079.6333186886623,-24.03120435305118,-1.1423496517545573
3,2025-11-12 20:00:00,30,2107.2690745058617,2086.606105839792,-20.6629686660699,-0.980556727000571
4,2025-11-12 21:00:00,30,2013.6381007724872,1994.6367876544537,-19.00131311803329,-0.94363098864408
5,2025-11-12 22:00:00,30,1987.4799651379883,1975.678606107914,-11.801359030074536,-0.593785056306476
6,2025-11-12 23:00:00,30,1988.602213279284,1977.244138139353,-11.35807513993086,-0.5711587296888775
7,2025-11-13 00:00:00,30,1993.444530898228,1984.021747444983,-9.42278345324462,-0.4726885201565554
8,2025-11-13 01:00:00,30,1831.350911808769,1821.5905870752697,-9.760324733499374,-0.5329576473063483
9,2025-11-13 02:00:00,30,1831.6436704146663,1823.4372343423288,-8.206436072337056,-0.4480367117737042
10,2025-11-13 03:00:00,30,1831.43871120526,1822.145260675034,-9.293450530225982,-0.5074398871972086
11,2025-11-13 04:00:00,30,1992.9392760211197,1983.3101699549693,-9.629106066150143,-0.4831610366661318
12,2025-11-13 05:00:00,30,2013.4737504452144,1994.5955923254005,-18.87815811981409,-0.9375914692525688
13,2025-11-13 06:00:00,30,2105.8900736484893,2084.02379922568,-21.86627442280951,-1.0383388333715744
14,2025-11-13 07:00:00,30,2105.66605528973,2083.586615315184,-22.079439974546403,-1.0485727268614002
15,2025-11-13 08:00:00,30,2104.417973202139,2081.131634505264,-23.28633869687519,-1.1065453248074133
16,2025-11-13 09:00:00,30,2102.065220131949,2076.410331161,-25.654888970949287,-1.2204611315218326
17,2025-11-13 10:00:00,30,2099.9685449883127,2072.091500119389,-27.877044868923804,-1.3274982111257745
18,2025-11-13 11:00:00,30,2099.268768580929,2070.624828573903,-28.64394000702623,-1.3644722598521322
19,2025-11-13 12:00:00,30,2098.99192356209,2070.0409232044867,-28.95100035760333,-1.3792811698137502
20,2025-11-13 13:00:00,30,2099.044750666444,2070.152505800094,-28.89224486634976,-1.3764473033353153
21,2025-11-13 14:00:00,30,2098.6341699856425,2069.2832263131813,-29.3509436724612,-1.3985736100285644
22,2025-11-13 15:00:00,30,2097.1349173871795,2066.067908681714,-31.06700870546547,-1.481402481447014
23,2025-11-13 16:00:00,30,2098.5144641114225,2069.028896040859,-29.48556807056366,-1.4050686128126728
24,2025-11-13 17:00:00,30,2098.066882384808,2068.074333609279,-29.992548775528576,-1.4295325390884095
25,2025-11-13 18:00:00,30,2097.6566097291825,2067.194238505378,-30.46237122380444,-1.4522096268052795
26,2025-11-13 19:00:00,30,2099.406731439311,2070.9150295105314,-28.49170192877955,-1.3571311124284244
27,2025-11-13 20:00:00,30,2102.121739692127,2076.525251089301,-25.59648860282596,-1.2176501541045277
28,2025-11-13 21:00:00,30,2104.3877804184744,2081.0718325271755,-23.315947891298947,-1.107968222789356
29,2025-11-13 22:00:00,30,2106.9694578137514,2086.0412586896264,-20.928199124125054,-0.9932844088703936
30,2025-11-13 23:00:00,30,2107.767796669042,2087.555738051201,-20.212058617841198,-0.9589319397413136
31,2025-11-14 00:00:00,30,2107.7928063251884,2087.603704361606,-20.18910196358229,-0.9578314293035656
32,2025-11-14 01:00:00,30,2012.728494821706,1993.528828100846,-19.1996667208598,-0.9539124015114896
33,2025-11-14 02:00:00,30,2012.969946345576,1994.0248121895572,-18.94513415601841,-0.9411533535516587
34,2025-11-14 03:00:00,30,2012.6072595855564,1993.2792461558392,-19.328013429717203,-0.9603469995282288
35,2025-11-14 04:00:00,30,2105.943000911016,2084.12693865893,-21.816062252085885,-1.0359284293377555
36,2025-11-14 05:00:00,30,2099.3870411736216,2070.8736432234045,-28.51339795021704,-1.3581772865606134
37,2025-11-14 06:00:00,30,2093.454099401327,2057.870004455872,-35.58409494545549,-1.699779085466054
38,2025-11-14 07:00:00,30,2092.497252302708,2055.6589889645907,-36.838263338117486,-1.7604927938413526
39,2025-11-14 08:00:00,30,2092.8685645077408,2056.5212720623704,-36.34729244537039,-1.7367212189896672
40,2025-11-14 09:00:00,30,2094.5320854266806,2060.3192878911304,-34.21279753555018,-1.6334339193749154
41,2025-11-14 10:00:00,30,2096.718586307035,2065.1631076038398,-31.555478703195604,-1.5049935126856715
42,2025-11-14 11:00:00,30,2097.602606295221,2067.078023850237,-30.52458244498393,-1.45521283933263
43,2025-11-14 12:00:00,30,2098.8464185696125,2069.733184598849,-29.113233970763304,-1.3871064463403806
44,2025-11-14 13:00:00,30,2097.602606295221,2067.078023850237,-30.52458244498393,-1.45521283933263
45,2025-11-14 14:00:00,30,2096.6637847309853,2065.043608511174,-31.62017621981113,-1.5081185858260144
46,2025-11-14 15:00:00,30,2095.131244107356,2061.6625971616854,-33.46864694567057,-1.5974487058890718
47,2025-11-14 16:00:00,30,2094.205546586012,2059.5818508905463,-34.62369569546536,-1.653309330209212
48,2025-11-14 17:00:00,30,2095.4113173050387,2062.2862754131424,-33.12504189189622,-1.5808372140749516
49,2025-11-14 18:00:00,30,2097.1076996819866,2066.008920037553,-31.09877964443376,-1.4829366965344557
50,2025-11-14 19:00:00,30,2099.831827570989,2071.805980375253,-28.025847195735423,-1.334671035449288
51,2025-11-14 20:00:00,30,2100.9619589036297,2074.1515443896506,-26.81041451397914,-1.2761018542177671
52,2025-11-14 21:00:00,30,2102.5470588349526,2077.3876094807747,-25.159449354177923,-1.196617657067761
53,2025-11-14 22:00:00,30,2103.908637851902,2080.120139737483,-23.78849811441887,-1.1306811373096035
54,2025-11-14 23:00:00,30,2106.722506826586,2085.57849930969,-21.14400751689618,-1.0036446398793155
55,2025-11-15 00:00:00,30,2107.483012657992,2087.0119336124208,-20.47107904557106,-0.9713520309590824
56,2025-11-15 01:00:00,30,2107.687305568081,2087.4015991975034,-20.285706370577827,-0.962462805416492
57,2025-11-15 02:00:00,30,2012.7052067877576,1993.4809142742351,-19.22429251352264,-0.9551469558825396
58,2025-11-15 03:00:00,30,2107.066695096552,2086.2241479622626,-20.84254713428936,-0.989173583484233
59,2025-11-15 04:00:00,30,2106.1947076235865,2084.5969302547933,-21.59777736879323,-1.0254406817478876
60,2025-11-15 05:00:00,30,2104.417973202139,2081.131634505264,-23.28633869687519,-1.1065453248074133
61,2025-11-15 06:00:00,30,2101.535125315447,2075.3287544558902,-26.206370859556955,-1.2470108419255326
62,2025-11-15 07:00:00,30,2099.857892311413,2071.8604519625105,-27.997440348902277,-1.3333016701470293
63,2025-11-15 08:00:00,30,2100.182776586261,2072.5379104631697,-27.644866123091106,-1.3163076295686231
64,2025-11-15 09:00:00,30,2100.910748149158,2074.045965222004,-26.86478292715401,-1.2787208095737106
65,2025-11-15 10:00:00,30,2102.497178312592,2077.286694902712,-25.210483409880453,-1.1990733528647926
66,2025-11-15 11:00:00,30,2102.9755495976724,2078.252110782626,-24.723438815046396,-1.175640811410115
67,2025-11-15 12:00:00,30,2102.870266371684,2078.0400912600817,-24.830175111601875,-1.1807754148544858
68,2025-11-15 13:00:00,30,2103.111520942289,2078.525552691221,-24.585968251067698,-1.1690282710282558
69,2025-11-15 14:00:00,30,2100.2151710321164,2072.605308681332,-27.609862350784624,-1.3146206508553222
70,2025-11-15 15:00:00,30,2096.6706374817354,2065.058556605099,-31.612080876636355,-1.5077275520300568
71,2025-11-15 16:00:00,30,2096.0717071730005,2063.746479323096,-32.32522784990442,-1.5421813929019577
72,2025-11-15 17:00:00,30,2097.325117618529,2066.4794987934206,-30.84561882510843,-1.4707123166547025
73,2025-11-15 18:00:00,30,2099.8253096690546,2071.792356074352,-28.03295359470303,-1.335013606399534
74,2025-11-15 19:00:00,30,2102.2095531590217,2076.703648979072,-25.505904179949997,-1.2132902802968375
75,2025-11-15 20:00:00,30,2104.898922591834,2082.081582934469,-22.817339657364755,-1.084011180416634
76,2025-11-15 21:00:00,30,2107.131029630507,2086.345372891486,-20.78565673902085,-0.9864434838997976
77,2025-11-15 22:00:00,30,2013.3242152889609,1994.5498195679445,-18.77439572101616,-0.9325073218930904
78,2025-11-15 23:00:00,30,2013.4554549170543,1994.5904047703511,-18.865050146703425,-0.9369489700223133
79,2025-11-16 00:00:00,30,2013.6345300509188,1994.6359988377328,-18.99853121318597,-0.9434945085444852
80,2025-11-16 01:00:00,30,2013.5861434531591,1994.6248365756007,-18.961306877557945,-0.9416685220648484
81,2025-11-16 02:00:00,30,2013.53922868451,1994.613185180326,-18.92604350418378,-0.9399391496607984
82,2025-11-16 03:00:00,30,2013.8055730119077,1994.6682050848628,-19.13736792704458,-0.9503086188415976
83,2025-11-16 04:00:00,30,2013.919462596356,1994.6830356630985,-19.23642693325792,-0.9551735950978996
84,2025-11-16 05:00:00,30,2013.5951294899685,1994.6269757388584,-18.968153751109867,-0.9420043519828332
85,2025-11-16 06:00:00,30,2012.6819061735011,1993.4329611177704,-19.24894505573116,-0.9563828738505
86,2025-11-16 07:00:00,30,2105.316475453872,2082.9023104137614,-22.41416504011022,-1.0646458763534872
87,2025-11-16 08:00:00,30,2104.0910561093788,2080.4830609129613,-23.607995196417505,-1.1220044459516143
88,2025-11-16 09:00:00,30,2103.6216980120207,2079.5477786214187,-24.073919390601983,-1.1444034549250224
89,2025-11-16 10:00:00,30,2102.8950557387143,2078.090035151151,-24.805020587563376,-1.1795653102075396
90,2025-11-16 11:00:00,30,2102.758585777088,2077.814908564839,-24.94367721224853,-1.186235898926573
91,2025-11-16 12:00:00,30,2102.259674498501,2076.805390982992,-25.45428351550936,-1.2108058687650725
92,2025-11-16 13:00:00,30,2100.801782263592,2073.821094429454,-26.98068783413737,-1.2843043099985365
93,2025-11-16 14:00:00,30,2099.150271051797,2070.3751580851986,-28.7751129665985,-1.3707981445359072
94,2025-11-16 15:00:00,30,2095.974807261493,2063.533119020432,-32.441688241061,-1.5478090733088468
95,2025-11-16 16:00:00,30,2094.3193085518205,2059.8391993275163,-34.480109224304215,-1.6463635264933174
96,2025-11-16 17:00:00,30,2094.397406424785,2060.015599768942,-34.38180665584332,-1.6416085385884025
97,2025-11-16 18:00:00,30,2094.574558542241,2060.4149267605326,-34.15963178170887,-1.6308625368524912
98,2025-11-16 19:00:00,30,2096.9714373473653,2065.7132591745067,-31.258178172858607,-1.490634427162236
99,2025-11-16 20:00:00,30,2098.5942933520537,2069.198548314161,-29.39574503789254,-1.4007350125277978
100,2025-11-16 21:00:00,30,2100.53173619035,2073.2625057913856,-27.26923039896428,-1.2982060651186065
101,2025-11-16 22:00:00,30,2101.6111392936195,2075.4842683122847,-26.126870981334832,-1.2431829320297776
102,2025-11-16 23:00:00,30,2102.9693616468558,2078.2396565463227,-24.72970510053256,-1.1759422439310523
103,2025-11-17 00:00:00,30,2104.3877804184744,2081.0718325271755,-23.315947891298947,-1.107968222789356
104,2025-11-17 01:00:00,30,2104.4903716645945,2081.274951443839,-23.21542022075528,-1.1031373929448065
105,2025-11-17 02:00:00,30,2104.743053909577,2081.774263086368,-22.96879082320902,-1.0912871659343075
106,2025-11-17 03:00:00,30,2104.2910576076024,2080.880122860454,-23.41093474714853,-1.112533110023513
107,2025-11-17 04:00:00,30,2101.3637435729984,2074.977611479028,-26.38613209397045,-1.2556670483476355
108,2025-11-17 05:00:00,30,2094.2197775424465,2059.6140692835265,-34.605708258920004,-1.6524391866611814
109,2025-11-17 06:00:00,30,2088.945640253706,2044.0651852640292,-44.88045498967722,-2.14847404953182
110,2025-11-17 07:00:00,30,2087.727829349285,2038.431308114589,-49.296521234696,-2.3612522926449198
111,2025-11-17 08:00:00,30,2087.5162483747085,2037.433917101459,-50.082331273249565,-2.3991349198954737
112,2025-11-17 09:00:00,30,2089.244886065336,2045.4234188166647,-43.82146724867107,-2.097478736980413
113,2025-11-17 10:00:00,30,2090.346258998386,2050.3414291704144,-40.00482982797166,-1.91378962484141
114,2025-11-17 11:00:00,30,2091.3708973644434,2053.0084636517004,-38.36243371274304,-1.8343199554458551
115,2025-11-17 12:00:00,30,2090.9912547488657,2052.10275176724,-38.88850298162606,-1.8598118425080017
116,2025-11-17 13:00:00,30,2089.6647176688302,2047.3127587808544,-42.3519588879758,-2.0267346493375467
117,2025-11-17 14:00:00,30,2087.4769968293176,2037.248246836171,-50.22874999314672,-2.40619417935812
118,2025-11-17 15:00:00,30,2108.070700160482,2024.410714357568,-83.65998580291375,-3.9685569272674273
119,2025-11-17 16:00:00,30,2106.2457397617623,2014.1550133424307,-92.09072641933152,-4.372268851674825
120,2025-11-17 17:00:00,30,2107.644097965015,2022.082980541889,-85.561117423126,-4.0595619301065815
121,2025-11-17 18:00:00,30,2108.2329117996496,2025.2857914113763,-82.9471203882731,-3.934438169711856
122,2025-11-17 19:00:00,30,2086.560182083751,2032.851891124173,-53.70829095957765,-2.5740111126793224
123,2025-11-17 20:00:00,30,2088.180193512296,2040.5447804442476,-47.63541306804882,-2.281192648797544
124,2025-11-17 21:00:00,30,2091.7262840465,2053.850566028582,-37.87571801791773,-1.8107396893558247
125,2025-11-17 22:00:00,30,2094.141469368096,2059.436691224794,-34.704778143302065,-1.6572317893009485
126,2025-11-17 23:00:00,30,2098.7669094936305,2069.5647763801026,-29.202133113527907,-1.391394774781041
127,2025-11-18 00:00:00,30,2099.844861314494,2071.8332212903656,-28.01164002412861,-1.3339861691779191
128,2025-11-18 01:00:00,30,2100.182776586261,2072.5379104631697,-27.644866123091106,-1.3163076295686231
129,2025-11-18 02:00:00,30,2100.641184221404,2073.489122521195,-27.152061700208375,-1.2925606669123844
130,2025-11-18 03:00:00,30,2101.592144767965,2075.445421438889,-26.146723329076394,-1.2441388018208086
131,2025-11-18 04:00:00,30,2098.819926750049,2069.6770918624456,-29.142834887603385,-1.3885343147437177
132,2025-11-18 05:00:00,30,2091.348623895252,2052.955502503325,-38.39312139192634,-1.835806854641817
133,2025-11-18 06:00:00,30,2106.98759656652,2018.4211995005,-88.5663970660205,-4.203460770739491
134,2025-11-18 07:00:00,30,2106.055097666852,2013.034621884228,-93.02047578262386,-4.416811121687871
135,2025-11-18 08:00:00,30,2106.17430802121,2013.7364228528563,-92.43788516835345,-4.3889000457517
136,2025-11-18 09:00:00,30,2086.392930856652,2032.0369821767592,-54.35594867989289,-2.605259434883864
137,2025-11-18 10:00:00,30,2087.539788806146,2037.5451730060984,-49.99461580004777,-2.394906006971941
138,2025-11-18 11:00:00,30,2089.1069327241244,2044.798487117874,-44.308445606250416,-2.120927603666209
139,2025-11-18 12:00:00,30,2088.7993860962656,2043.3977510809464,-45.40163501531924,-2.1735756587026707
140,2025-11-18 13:00:00,30,2087.2646599349314,2036.240307412177,-51.0243525227545,-2.4445559541234765
141,2025-11-18 14:00:00,30,2107.78399484244,2022.8506264526409,-84.93336838979917,-4.029510073025679
142,2025-11-18 15:00:00,30,2104.8358910268366,2005.6032357743045,-99.23265525253235,-4.714507942190309
143,2025-11-18 16:00:00,30,2102.2760489290404,1987.971158593886,-114.30489033515435,-5.437197003380434
144,2025-11-18 17:00:00,30,2103.199953811589,1994.731036235325,-108.46891757626418,-5.157327879343475
145,2025-11-18 18:00:00,30,2105.118450546004,2007.3696076062688,-97.74884293973535,-4.643389207594578
146,2025-11-18 19:00:00,30,2106.5702575274904,2016.0389972290252,-90.531260298465,-4.297566623993008
147,2025-11-18 20:00:00,30,2086.329112392816,2031.724935862707,-54.60417653010859,-2.6172369548868986
148,2025-11-18 21:00:00,30,2090.7444739907737,2051.510527188471,-39.23394680230285,-1.8765538921843392
149,2025-11-18 22:00:00,30,2093.187268900518,2057.2570306182843,-35.93023828223386,-1.7165324295664584
150,2025-11-18 23:00:00,30,2096.698041187357,2065.1183183759454,-31.57972281141156,-1.5061645592766428
151,2025-11-19 00:00:00,30,2097.4741641878063,2066.8012692942925,-30.672894893513785,-1.4623729539663286
152,2025-11-19 01:00:00,30,2097.5620736159917,2066.990741117105,-30.57133249888648,-1.457469739914991
153,2025-11-19 02:00:00,30,2097.148521899508,2066.0973851246604,-31.05113677484724,-1.4806360374859118
154,2025-11-19 03:00:00,30,2097.528276656248,2066.917925597831,-30.61035105841665,-1.4593534399075572
155,2025-11-19 04:00:00,30,2095.20137494703,2061.8190176489,-33.382357298130046,-1.5932767941684842
156,2025-11-19 05:00:00,30,2087.798215132416,2038.7618343708864,-49.0363807615297,-2.34871264886198
157,2025-11-19 06:00:00,30,2103.6534890491525,1997.8687702737504,-105.78471877540233,-5.028618987208621
158,2025-11-19 07:00:00,30,2103.009461630996,1993.3801641960376,-109.62929743495852,-5.212972144687126
159,2025-11-19 08:00:00,30,2103.10891030158,1994.087959689435,-109.02095061214504,-5.183799568254968
160,2025-11-19 09:00:00,30,2104.487238889198,2003.382869496456,-101.10436939274224,-4.8042281998396765
161,2025-11-19 10:00:00,30,2105.118450546004,2007.3696076062688,-97.74884293973535,-4.643389207594578
162,2025-11-19 11:00:00,30,2105.215075834166,2007.9671907671784,-97.24788506698746,-4.619380042604634
163,2025-11-19 12:00:00,30,2106.007358327608,2012.7524280777675,-93.25493024984009,-4.428043894580423
164,2025-11-19 13:00:00,30,2106.293321622022,2014.4330507077725,-91.86027091425012,-4.361228798062656
165,2025-11-19 14:00:00,30,2105.0620263986552,2007.0191530782315,-98.04287332042396,-4.657481446670524
166,2025-11-19 15:00:00,30,2103.4724105798923,1996.628709301318,-106.84370127857436,-5.079396370552792
167,2025-11-19 16:00:00,30,2101.8392283875487,1984.5683846185136,-117.27084376903484,-5.579439292271683
0,2025-11-12 17:00:00,31,5277.4927464553175,4908.001174149572,-369.4915723057457,-7.001271059139181
1,2025-11-12 18:00:00,31,5272.861265920668,4903.42115418378,-369.440111736888,-7.006444757510263
2,2025-11-12 19:00:00,31,5268.403233678326,4899.153702420489,-369.2495312578367,-7.008756066684588
3,2025-11-12 20:00:00,31,5261.185679005106,4892.518723944063,-368.6669550610432,-7.00729792776974
4,2025-11-12 21:00:00,31,5187.018489545644,4826.21245490384,-360.8060346418042,-6.9559427129285005
5,2025-11-12 22:00:00,31,5004.507286140706,4747.661552137804,-256.84573400290265,-5.132288141815709
6,2025-11-12 23:00:00,31,5002.85925336514,4746.266821013536,-256.59243235160375,-5.128915673152479
7,2025-11-13 00:00:00,31,4995.525242472566,4740.168288389791,-255.3569540827748,-5.111713817632204
8,2025-11-13 01:00:00,31,4917.939154995135,4668.871844784378,-249.0673102107576,-5.064465060690731
9,2025-11-13 02:00:00,31,4915.830201140796,4666.893519693444,-248.9366814473524,-5.063980472506612
10,2025-11-13 03:00:00,31,4917.307993713945,4668.276760400942,-249.0312333130023,-5.064381438611373
11,2025-11-13 04:00:00,31,4996.316950036776,4740.818417439091,-255.49853259768497,-5.113737482082764
12,2025-11-13 05:00:00,31,5188.017103581771,4826.992523898677,-361.0245796830941,-6.958816296766739
13,2025-11-13 06:00:00,31,5264.050562255164,4895.104335453833,-368.9462268013304,-7.008789570654707
14,2025-11-13 07:00:00,31,5264.490069619522,4895.50835735411,-368.98171226541217,-7.008878493184801
15,2025-11-13 08:00:00,31,5266.932983374302,4897.773658633253,-369.1593247410492,-7.008999846900356
16,2025-11-13 09:00:00,31,5271.513571598606,4902.117334596292,-369.3962370023146,-7.007403698863926
17,2025-11-13 10:00:00,31,5275.571425016626,4906.081750552892,-369.4896744637336,-7.00378489260183
18,2025-11-13 11:00:00,31,5276.921176351146,4907.427165036191,-369.4940113149551,-7.00207562263514
19,2025-11-13 12:00:00,31,5277.454569042859,4907.962752973288,-369.4918160695706,-7.001326325705978
20,2025-11-13 13:00:00,31,5277.352813503264,4907.860404514133,-369.49240898913104,-7.001472557296221
21,2025-11-13 14:00:00,31,5278.14336048374,4908.6577448007565,-369.4856156829837,-7.000295188062503
22,2025-11-13 15:00:00,31,5281.024190200045,4911.607477904816,-369.41671229522944,-6.995171750600066
23,2025-11-13 16:00:00,31,5278.373712417527,4908.891029909025,-369.482682508502,-6.999934120603914
24,2025-11-13 17:00:00,31,5279.234475083807,4909.766639326216,-369.4678357575904,-6.998511574004774
25,2025-11-13 18:00:00,31,5280.022772163415,4910.574022718488,-369.4487494449268,-6.997105228270643
26,2025-11-13 19:00:00,31,5276.655241091399,4907.160971900369,-369.49426919103007,-7.002433403524873
27,2025-11-13 20:00:00,31,5271.403883864214,4902.011757002678,-369.3921268615359,-7.007471538886377
28,2025-11-13 21:00:00,31,5266.991963861019,4897.828773382068,-369.16319047895104,-7.008994754727751
29,2025-11-13 22:00:00,31,5261.832274611111,4893.098332771383,-368.7339418397278,-7.007709911600708
30,2025-11-13 23:00:00,31,5260.074732749754,4891.527537178389,-368.5471955713647,-7.00650112966557
31,2025-11-14 00:00:00,31,5260.017775215808,4891.476876037849,-368.5408991779586,-7.00645729591357
32,2025-11-14 01:00:00,31,5190.873548086069,4829.386978766716,-361.4865693193524,-6.963887021532945
33,2025-11-14 02:00:00,31,5190.233957133777,4828.805273288933,-361.4286838448443,-6.9636299024261605
34,2025-11-14 03:00:00,31,5191.194422317116,4829.679506666472,-361.51491565064407,-6.964002621371289
35,2025-11-14 04:00:00,31,5263.9466758037,4895.0089898409215,-368.93768596277823,-7.008765640781283
36,2025-11-14 05:00:00,31,5276.693200876777,4907.19893470665,-369.4942661701271,-7.00238297175837
37,2025-11-14 06:00:00,31,5288.061877326485,4919.142746570862,-368.919130755623,-6.976452608042088
38,2025-11-14 07:00:00,31,5289.884183504067,4921.181390626219,-368.702792877848,-6.969959645385202
39,2025-11-14 08:00:00,31,5289.177343353807,4920.385917810891,-368.79142554291593,-6.972566839838074
40,2025-11-14 09:00:00,31,5286.0055116813965,4916.888114590242,-369.1173970911541,-6.982917370696112
41,2025-11-14 10:00:00,31,5281.822610530467,4912.437869352349,-369.384741178118,-6.993509029282219
42,2025-11-14 11:00:00,31,5280.126484250512,4910.680644060898,-369.4458401896136,-6.996912693125658
43,2025-11-14 12:00:00,31,5277.734778865657,4908.245023538048,-369.4897553276096,-7.0009155595921015
44,2025-11-14 13:00:00,31,5280.126484250512,4910.680644060898,-369.4458401896136,-6.996912693125658
45,2025-11-14 14:00:00,31,5281.927657796002,4912.54755669551,-369.3801011004916,-6.993282093807082
46,2025-11-14 15:00:00,31,5284.860932934989,4915.652960198516,-369.2079727364735,-6.986143579211097
47,2025-11-14 16:00:00,31,5286.628805814842,4917.566576655637,-369.0622291592053,-6.981050546867755
48,2025-11-14 17:00:00,31,5284.325491716814,4915.079786899948,-369.24570481686624,-6.987565497160597
49,2025-11-14 18:00:00,31,5281.076407179577,4911.661609457066,-369.41479772251023,-6.995066331937446
50,2025-11-14 19:00:00,31,5275.835302217405,4906.34368342276,-369.4916187946456,-7.003471443457498
51,2025-11-14 20:00:00,31,5273.651446988111,4904.191436335426,-369.460010652685,-7.005772269301019
52,2025-11-14 21:00:00,31,5270.577932016888,4901.219303942549,-369.3586280743384,-7.007934098282012
53,2025-11-14 22:00:00,31,5267.927237170637,4898.7054937426365,-369.221743428001,-7.008861869290114
54,2025-11-14 23:00:00,31,5262.35466867665,4893.568097077115,-368.7865715995349,-7.008014374148512
55,2025-11-15 00:00:00,31,5260.7147127590215,4892.097814549079,-368.6168982099425,-7.006973735259227
56,2025-11-15 01:00:00,31,5260.257198516934,4891.689934050774,-368.56726446616,-7.006639610133
57,2025-11-15 02:00:00,31,5190.935198674792,4829.443146899263,-361.49205177552994,-6.963909930291872
58,2025-11-15 03:00:00,31,5261.624019456747,4892.91143144855,-368.7125880081976,-7.0075814357839
59,2025-11-15 04:00:00,31,5263.442317467527,4894.55052942249,-368.89178804503626,-7.008565227756239
60,2025-11-15 05:00:00,31,5266.932983374302,4897.773658633253,-369.1593247410492,-7.008999846900356
61,2025-11-15 06:00:00,31,5272.541535399885,4903.110711566682,-369.4308238332033,-7.006693477004245
62,2025-11-15 07:00:00,31,5275.785001397481,4906.293712606912,-369.4912887905693,-7.003531961455903
63,2025-11-15 08:00:00,31,5275.157767025821,4905.672193650172,-369.48557337564944,-7.004256359596398
64,2025-11-15 09:00:00,31,5273.750536420814,4904.288341096288,-369.462195324526,-7.005682061997426
65,2025-11-15 10:00:00,31,5270.67484703643,4901.312057109582,-369.36278992684765,-7.007884201669757
66,2025-11-15 11:00:00,31,5269.74485179414,4900.424493952452,-369.3203578416888,-7.008315738777177
67,2025-11-15 12:00:00,31,5269.949637003936,4900.619460213627,-369.3301767903095,-7.008229721912116
68,2025-11-15 13:00:00,31,5269.480286307407,4900.173006703562,-369.3072796038441,-7.0084194178214965
69,2025-11-15 14:00:00,31,5275.095198522745,4905.610356580993,-369.48484194175217,-7.004325572081124
70,2025-11-15 15:00:00,31,5281.914522605809,4912.533835734247,-369.3806868715619,-6.993310574994493
71,2025-11-15 16:00:00,31,5283.061884948162,4913.738457413048,-369.3234275351133,-6.990707956447441
72,2025-11-15 17:00:00,31,5280.659212779164,4911.229798552931,-369.4294142262325,-6.995895764911614
73,2025-11-15 18:00:00,31,5275.847880256245,4906.356181941523,-369.4916983147223,-7.00345625387471
74,2025-11-15 19:00:00,31,5271.233431156818,4901.847849899864,-369.38558125695454,-7.007573959324538
75,2025-11-15 20:00:00,31,5265.992733227772,4896.897761639727,-369.0949715880452,-7.009029261645215
76,2025-11-15 21:00:00,31,5261.485404573765,4892.7871465432045,-368.6982580305603,-7.0074936957927125
77,2025-11-15 22:00:00,31,5188.91089665569,4827.691715506056,-361.2191811496341,-6.961367969961555
78,2025-11-15 23:00:00,31,5188.127196812189,4827.078595360529,-361.04860145166,-6.959131643370348
79,2025-11-16 00:00:00,31,5187.040374716697,4826.2295380548885,-360.8108366618089,-6.956005941664094
80,2025-11-16 01:00:00,31,5187.336098289446,4826.4604288382525,-360.875669451194,-6.956859216625558
81,2025-11-16 02:00:00,31,5187.62135199758,4826.683241852576,-360.9381101450044,-6.957680325030261
82,2025-11-16 03:00:00,31,5185.98214987342,4825.40413744182,-360.57801243159975,-6.952935856911902
83,2025-11-16 04:00:00,31,5185.265839470984,4824.846144457393,-360.4196950135911,-6.950843142313455
84,2025-11-16 05:00:00,31,5187.281296168091,4826.417633543768,-360.8636626243233,-6.956701247161934
85,2025-11-16 06:00:00,31,5190.996875908432,4829.499356503735,-361.4975194046974,-6.963932517132074
86,2025-11-16 07:00:00,31,5265.175282841432,4896.140360848868,-369.0349219925638,-7.0089769507808
87,2025-11-16 08:00:00,31,5267.571319020753,4898.371245079314,-369.20007394143977,-7.008924067307634
88,2025-11-16 09:00:00,31,5268.486702787623,4899.2324405797,-369.2542622079227,-7.008734823465449
89,2025-11-16 10:00:00,31,5269.90142488784,4900.573535764984,-369.3278891228565,-7.008250427202572
90,2025-11-16 11:00:00,31,5270.166800254334,4900.826502908053,-369.3402973462808,-7.008132974623434
91,2025-11-16 12:00:00,31,5271.136123833664,4901.75436548456,-369.3817583491045,-7.00763079668782
92,2025-11-16 13:00:00,31,5273.96133628819,4904.4947262109445,-369.4666100772456,-7.005485753850366
93,2025-11-16 14:00:00,31,5277.149524186526,4907.656177095455,-369.493347091071,-7.001760048632097
94,2025-11-16 15:00:00,31,5283.247392309043,4913.934397675624,-369.3129946334193,-6.99026502470881
95,2025-11-16 16:00:00,31,5286.411697152489,4917.329775062701,-369.0819220897884,-6.981709772785826
96,2025-11-16 17:00:00,31,5286.262627404294,4917.167479811276,-369.0951475930178,-6.982156839495772
97,2025-11-16 18:00:00,31,5285.924413986726,4916.800145796877,-369.1242681898493,-6.98315449258288
98,2025-11-16 19:00:00,31,5281.337782961488,4911.932937719012,-369.4048452424768,-6.99453169676518
99,2025-11-16 20:00:00,31,5278.220102394297,4908.735415650478,-369.4846867438191,-7.000175808815061
100,2025-11-16 21:00:00,31,5274.483509867825,4905.007339729545,-369.4761701382804,-7.004973462274399
101,2025-11-16 22:00:00,31,5272.394215707141,4902.967908107056,-369.42630760008433,-7.006803597870505
102,2025-11-16 23:00:00,31,5269.756889569273,4900.4359471835705,-369.3209423857024,-7.008310822017619
103,2025-11-17 00:00:00,31,5266.991963861019,4897.828773382068,-369.16319047895104,-7.008994754727751
104,2025-11-17 01:00:00,31,5266.79153367607,4897.641562808503,-369.1499708675665,-7.009010485932606
105,2025-11-17 02:00:00,31,5266.297606782651,4897.181210263265,-369.1163965193864,-7.00903032984669
106,2025-11-17 03:00:00,31,5267.180872113546,4898.005437481952,-369.1754346315938,-7.0089758372671165
107,2025-11-17 04:00:00,31,5272.8735779761455,4903.433122715869,-369.4404552602764,-7.006434912518354
108,2025-11-17 05:00:00,31,5286.601649061833,4917.53692855539,-369.06472050644334,-6.981133533523147
109,2025-11-17 06:00:00,31,5296.626523792561,4929.420970508675,-367.2055532838858,-6.932819439588397
110,2025-11-17 07:00:00,31,5298.9315071212095,4932.589474915754,-366.3420322054553,-6.913507595127999
111,2025-11-17 08:00:00,31,5299.331654169979,4933.153806051586,-366.1778481183928,-6.909887359668309
112,2025-11-17 09:00:00,31,5296.059635294135,4928.661864911427,-367.3977703827077,-6.93719096239563
113,2025-11-17 10:00:00,31,5293.971402988338,4925.928202581127,-368.04320040721086,-6.952119163308249
114,2025-11-17 11:00:00,31,5292.025968430828,4923.63022283637,-368.39574559445737,-6.9613366939635934
115,2025-11-17 12:00:00,31,5292.74709373524,4924.468395299375,-368.2786984358654,-6.958176763665478
116,2025-11-17 13:00:00,31,5295.263963303318,4927.608931022657,-367.65503228066063,-6.943091691529355
117,2025-11-17 14:00:00,31,5299.405877665051,4933.258974606864,-366.1469030581866,-6.90920664524592
118,2025-11-17 15:00:00,31,5300.135404163768,4940.621437353341,-359.5139668104266,-6.783109098080659
119,2025-11-17 16:00:00,31,5303.574682937155,4946.640339946491,-356.93434299066394,-6.73007102434148
120,2025-11-17 17:00:00,31,5300.939904621999,4941.976430281531,-358.96347434046766,-6.771694846558815
121,2025-11-17 18:00:00,31,5299.829409679933,4940.113687499289,-359.7157221806437,-6.787307559817624
122,2025-11-17 19:00:00,31,5301.138684646012,4935.759893446266,-365.3787911997461,-6.892458638330163
123,2025-11-17 20:00:00,31,5298.075675352887,4931.397066323552,-366.6786090293344,-6.9209771905515725
124,2025-11-17 21:00:00,31,5291.350570179248,4922.851568241664,-368.4990019375846,-6.964176670023611
125,2025-11-17 22:00:00,31,5286.751075540594,4917.700163227541,-369.0509123130523,-6.980675031598972
126,2025-11-17 23:00:00,31,5277.887857317236,4908.399494501662,-369.488362815574,-7.000686123016373
127,2025-11-18 00:00:00,31,5275.810149540713,4906.318693364932,-369.4914561757805,-7.003501750493176
128,2025-11-18 01:00:00,31,5275.157767025821,4905.672193650172,-369.48557337564944,-7.004256359596398
129,2025-11-18 02:00:00,31,5274.271917744701,4904.799384020283,-369.4725337244181,-7.005185540043335
130,2025-11-18 03:00:00,31,5272.431030958174,4903.003580812468,-369.4274501457066,-7.006776342384313
131,2025-11-18 04:00:00,31,5277.785786423349,4908.2964740866255,-369.4893123367237,-7.000839505218329
132,2025-11-18 05:00:00,31,5292.068287018078,4923.679214334435,-368.38907268364346,-6.961154934212304
133,2025-11-18 06:00:00,31,5302.177305232313,4944.121047066404,-358.05625816590964,-6.753004238703435
134,2025-11-18 07:00:00,31,5303.9336323300895,4947.305738893817,-356.62789343627264,-6.723837780745405
135,2025-11-18 08:00:00,31,5303.7091847242045,4946.888754101175,-356.8204306230291,-6.727752563257933
136,2025-11-18 09:00:00,31,5301.454621151052,4936.225754745089,-365.22886640596334,-6.889219893514147
137,2025-11-18 10:00:00,31,5299.28713842962,4933.090805092362,-366.1963333372587,-6.910294229607957
138,2025-11-18 11:00:00,31,5296.320998055842,4929.010908214152,-367.31008984169057,-6.935193127012537
139,2025-11-18 12:00:00,31,5296.903512985375,4929.794663162114,-367.1088498232602,-6.930631243768964
140,2025-11-18 13:00:00,31,5299.807346867651,4933.830531665389,-365.9768152022625,-6.905473939888892
141,2025-11-18 14:00:00,31,5300.676120013815,4941.528872188209,-359.1472478256064,-6.775498817397476
142,2025-11-18 15:00:00,31,5306.227861349691,4951.760349805295,-354.4675115443961,-6.680216545661758
143,2025-11-18 16:00:00,31,5311.038088853242,4962.635284368368,-348.40280448487374,-6.5599756329388486
144,2025-11-18 17:00:00,31,5309.30292671721,4958.412784818655,-350.8901418985552,-6.608968196800813
145,2025-11-18 18:00:00,31,5305.696358642286,4950.694942805893,-355.0014158363929,-6.690948592603531
146,2025-11-18 19:00:00,31,5302.9635287459,4945.525010337049,-357.43851840885054,-6.740354076947259
147,2025-11-18 20:00:00,31,5301.575160149908,4936.404335698433,-365.1708244514748,-6.887968451269663
148,2025-11-18 21:00:00,31,5293.215649303562,4925.016866065034,-368.19878323852754,-6.9560510591887965
149,2025-11-18 22:00:00,31,5288.570326687974,4919.707590269303,-368.86273641867047,-6.974715539987437
150,2025-11-18 23:00:00,31,5281.861994081354,4912.478980598193,-369.3830134831615,-6.99342417308664
151,2025-11-19 00:00:00,31,5280.373107551715,4910.934561990767,-369.4385455609481,-6.99644775162945
152,2025-11-19 01:00:00,31,5280.204318564658,4910.76072319215,-369.44359537250784,-6.99676703936592
153,2025-11-19 02:00:00,31,5280.99808897198,4911.580428823327,-369.4176601486533,-6.9952242724739495
154,2025-11-19 03:00:00,31,5280.269213428208,4910.827530086153,-369.4416833420546,-6.9966448377770325
155,2025-11-19 04:00:00,31,5284.726882615511,4915.509190175458,-369.2176924400528,-6.986504707643851
156,2025-11-19 05:00:00,31,5298.798371556697,4932.402689483805,-366.39568207289176,-6.914693792457911
157,2025-11-19 06:00:00,31,5308.4507736013165,4956.475744788182,-351.9750288131345,-6.630466096878777
158,2025-11-19 07:00:00,31,5309.660768355709,4959.251142646129,-350.4096257095798,-6.599472941810827
159,2025-11-19 08:00:00,31,5309.473958488572,4958.811546783907,-350.6624117046649,-6.604466175863619
160,2025-11-19 09:00:00,31,5306.883527116363,4953.105559585704,-353.7779675306592,-6.666397815647819
161,2025-11-19 10:00:00,31,5305.696358642286,4950.694942805893,-355.0014158363929,-6.690948592603531
162,2025-11-19 11:00:00,31,5305.514576573472,4950.335445708945,-355.1791308645261,-6.6945274720914245
163,2025-11-19 12:00:00,31,5304.023508848745,4947.47358486111,-356.54992398763534,-6.722253839802939
164,2025-11-19 13:00:00,31,5303.485084433992,4946.47545989297,-357.00962454102137,-6.731604197188437
165,2025-11-19 14:00:00,31,5305.802503498092,4950.905991742725,-354.8965117553671,-6.688837579638244
166,2025-11-19 15:00:00,31,5308.791035497161,4957.239581336075,-351.5514541610856,-6.622062383138485
167,2025-11-19 16:00:00,31,5311.858130895388,4964.787180197917,-347.07095069747083,-6.533889688785178
0,2025-11-12 17:00:00,32,2177.4769960793,2150.1342107829905,-27.342785296309103,-1.2557094906417707
1,2025-11-12 18:00:00,32,2179.4394476348825,2154.319708007847,-25.11973962703541,-1.1525780013890836
2,2025-11-12 19:00:00,32,2181.310142895701,2158.20168885169,-23.10845404401107,-1.0593841558603156
3,2025-11-12 20:00:00,32,2184.367218560491,2164.128645713629,-20.2385728468621,-0.9265187956903794
4,2025-11-12 21:00:00,32,2090.466097029245,2071.7401683558583,-18.72592867338699,-0.8957776784803325
5,2025-11-12 22:00:00,32,2064.9784157286504,2053.6390369530363,-11.339378775614025,-0.549128198592468
6,2025-11-12 23:00:00,32,2066.0292423330698,2055.060460878807,-10.968781454262626,-0.5309112392753984
7,2025-11-13 00:00:00,32,2070.5329435292592,2061.185030095642,-9.347913433617125,-0.4514737842172867
8,2025-11-13 01:00:00,32,1872.0429974487924,1862.157664455405,-9.885332993387465,-0.5280505312569813
9,2025-11-13 02:00:00,32,1872.2985335935336,1863.8507683947623,-8.447765198771322,-0.451197554620597
10,2025-11-13 03:00:00,32,1872.119659415505,1862.666232324844,-9.453427090661762,-0.5049584861265342
11,2025-11-13 04:00:00,32,2070.0661211668985,2060.5450981141425,-9.521023052755936,-0.4599381128651545
12,2025-11-13 05:00:00,32,2090.357715116831,2071.735583759449,-18.62213135738193,-0.8908585943311206
13,2025-11-13 06:00:00,32,2183.11758000648,2161.861778194278,-21.255801812201295,-0.9736443885050944
14,2025-11-13 07:00:00,32,2182.935981956004,2161.4978436673264,-21.43813828867769,-0.9820781949577928
15,2025-11-13 08:00:00,32,2181.9228558895643,2159.4520223800514,-22.47083350951289,-1.0298637941693674
16,2025-11-13 09:00:00,32,2180.006943851013,2155.5079635465263,-24.49898030448685,-1.123802856389487
17,2025-11-13 10:00:00,32,2178.293324480708,2151.890138346445,-26.4031861342628,-1.212104257839433
18,2025-11-13 11:00:00,32,2177.7201640039243,2150.65955698688,-27.06060701704428,-1.2426117673122443
19,2025-11-13 12:00:00,32,2177.4932465497723,2150.169380294616,-27.32386625515619,-1.2548312743771182
20,2025-11-13 13:00:00,32,2177.536553668765,2150.263062977162,-27.273490691602547,-1.2524928982547516
21,2025-11-13 14:00:00,32,2177.1998762213834,2149.5330916956414,-27.66678452574206,-1.2707507853509004
22,2025-11-13 15:00:00,32,2175.968811400713,2146.8303493237363,-29.138462076976797,-1.339102928512096
23,2025-11-13 16:00:00,32,2177.1016793689714,2149.319459319052,-27.782220049919488,-1.2761103587027736
24,2025-11-13 17:00:00,32,2176.734371139645,2148.517406620589,-28.21696451905609,-1.2962980184064854
25,2025-11-13 18:00:00,32,2176.3974763173205,2147.777595021109,-28.619881296211588,-1.3150116928383528
26,2025-11-13 19:00:00,32,2177.8332114558625,2150.9031197234967,-26.93009173236578,-1.2365543693019196
27,2025-11-13 20:00:00,32,2180.053058327543,2155.604105606922,-24.44895272062104,-1.121484297238957
28,2025-11-13 21:00:00,32,2181.898318532909,2159.402142661821,-22.49617587108787,-1.031036858134348
29,2025-11-13 22:00:00,32,2184.092852907831,2163.6302864887584,-20.462566419072573,-0.936890864865446
30,2025-11-13 23:00:00,32,2184.824815513477,2164.9670605414804,-19.85775497199711,-0.908894609352473
31,2025-11-14 00:00:00,32,2184.84779521371,2165.0094288577734,-19.83836635593661,-0.9079976371533072
32,2025-11-14 01:00:00,32,2089.8092944927,2070.9100160224093,-18.899278470290028,-0.9043542164395352
33,2025-11-14 02:00:00,32,2089.996683651902,2071.3150145026084,-18.68166914929361,-0.8938611862603857
34,2025-11-14 03:00:00,32,2089.715150022698,2070.7061348084503,-19.009015214247484,-0.9096462364280132
35,2025-11-14 04:00:00,32,2183.1604736744093,2161.947619285714,-21.212854388695177,-0.971658045502834
36,2025-11-14 05:00:00,32,2177.8170785653083,2150.8683868790163,-26.948691686292022,-1.2374175935861955
37,2025-11-14 06:00:00,32,2172.9359332395925,2139.922009495313,-33.01392374427951,-1.5193233835964792
38,2025-11-14 07:00:00,32,2172.1452339255125,2138.055014749369,-34.09021917614291,-1.5694263276555815
39,2025-11-14 08:00:00,32,2172.4521783421105,2138.78330723884,-33.66887110327116,-1.54980953960355
40,2025-11-14 09:00:00,32,2173.825636727724,2141.988418181508,-31.83721854621581,-1.4645709392838246
41,2025-11-14 10:00:00,32,2175.626499870699,2146.0690544732684,-29.557445397430456,-1.3585716757534947
42,2025-11-14 11:00:00,32,2176.3531170641468,2147.6798813341247,-28.673235730022043,-1.317490048154576
43,2025-11-14 12:00:00,32,2177.3739457937586,2149.910981057408,-27.46296473635084,-1.2612883877573569
44,2025-11-14 13:00:00,32,2176.3531170641468,2147.6798813341247,-28.673235730022043,-1.317490048154576
45,2025-11-14 14:00:00,32,2175.581427084178,2145.9684853459507,-29.612941738227164,-1.3611506960654605
46,2025-11-14 15:00:00,32,2174.3196277105103,2143.12090215876,-31.198725551750613,-1.4348730128790623
47,2025-11-14 16:00:00,32,2173.556256844049,2141.3664619662563,-32.18979487779279,-1.4809736245120977
48,2025-11-14 17:00:00,32,2174.550411384663,2143.6464878013844,-30.90392358327881,-1.421163814896362
49,2025-11-14 18:00:00,32,2175.946438665167,2146.7807261355747,-29.165712529592383,-1.340369046376163
50,2025-11-14 19:00:00,32,2178.181391578271,2151.6506538574417,-26.530737720829165,-1.2180224210622548
51,2025-11-14 20:00:00,32,2179.1059479290216,2153.616924227183,-25.489023701838505,-1.1697009833809484
52,2025-11-14 21:00:00,32,2180.3999400765947,2156.32533851665,-24.074601559944767,-1.1041369575115223
53,2025-11-14 22:00:00,32,2181.508748338296,2158.608076948049,-22.90067139024677,-1.049762986634398
54,2025-11-14 23:00:00,32,2183.8669922870554,2163.222174368558,-20.64481791849721,-0.9453331174201648
55,2025-11-15 00:00:00,32,2184.5633693512927,2164.486855499757,-20.07651385153531,-0.9190172339792112
56,2025-11-15 01:00:00,32,2184.7508795373183,2164.830923841762,-19.919955695556386,-0.9117724076520334
57,2025-11-15 02:00:00,32,2089.7912131289595,2070.870879975584,-18.92033315337585,-0.9053695428763529
58,2025-11-15 03:00:00,32,2184.181853447824,2163.791621617212,-20.39023183061181,-0.9335409411274508
59,2025-11-15 04:00:00,32,2183.385035174106,2162.3570163994486,-21.02801877465754,-0.9630925574691748
60,2025-11-15 05:00:00,32,2181.9228558895643,2159.4520223800514,-22.47083350951289,-1.0298637941693674
61,2025-11-15 06:00:00,32,2179.5742319463934,2154.6027897899994,-24.971442156394005,-1.1457027611348718
62,2025-11-15 07:00:00,32,2178.202733009405,2151.696345652319,-26.50638735708617,-1.216892576407015
63,2025-11-15 08:00:00,32,2178.4686730128105,2152.264498494857,-26.204174517953103,-1.2028713032495837
64,2025-11-15 09:00:00,32,2179.0640875049758,2153.528473261581,-25.535614243393866,-1.171861552389315
65,2025-11-15 10:00:00,32,2180.35927114558,2156.2409585688665,-24.11831257671338,-1.10616231443552
66,2025-11-15 11:00:00,32,2180.749160538553,2157.047973618511,-23.70118692004189,-1.0868369159059403
67,2025-11-15 12:00:00,32,2180.663377865324,2156.8707835253285,-23.79259433999505,-1.091071395131416
68,2025-11-15 13:00:00,32,2180.859924685461,2157.2764604192766,-23.583464266184365,-1.0813837238806494
69,2025-11-15 14:00:00,32,2178.495182892201,2152.3210108030758,-26.17417208912548,-1.2014794567677805
70,2025-11-15 15:00:00,32,2175.587063465081,2145.981065791932,-29.605997673148977,-1.360827988469245
71,2025-11-15 16:00:00,32,2175.0942485899395,2144.8764940110595,-30.217754578879976,-1.3892618491575437
72,2025-11-15 17:00:00,32,2176.125131156135,2147.1765549821366,-28.94857617399839,-1.330280862967588
73,2025-11-15 18:00:00,32,2178.1760546839514,2151.6392253284507,-26.53682935550069,-1.2183050721926665
74,2025-11-15 19:00:00,32,2180.124697132132,2155.753339999261,-24.3713571328708,-1.1178882182716592
75,2025-11-15 20:00:00,32,2182.313538778755,2160.244076074417,-22.069462704338093,-1.0112874393240665
76,2025-11-15 21:00:00,32,2184.2407601462114,2163.8985735521187,-20.34218659409271,-0.9313161335168482
77,2025-11-15 22:00:00,32,2090.258526875124,2071.7238018175576,-18.534725057565996,-0.886719265548213
78,2025-11-15 23:00:00,32,2090.3456082668717,2071.7345211389206,-18.611087127950668,-0.8903354093384265
79,2025-11-16 00:00:00,32,2090.4637496414,2071.7401662197544,-18.723583421645344,-0.8956664962431042
80,2025-11-16 01:00:00,32,2090.43190767834,2071.73970315009,-18.69220452824993,-0.8941790669952856
81,2025-11-16 02:00:00,32,2090.400976963558,2071.738493655224,-18.66248330833423,-0.8927705025971949
82,2025-11-16 03:00:00,32,2090.575809053663,2071.735149326677,-18.840659726985905,-0.9012186807764924
83,2025-11-16 04:00:00,32,2090.6499710934104,2071.7257414040923,-18.924229689318054,-0.9051840313288158
84,2025-11-16 05:00:00,32,2090.4378257300605,2071.7398498848006,-18.69797584525986,-0.8944526172994318
85,2025-11-16 06:00:00,32,2089.7731206565263,2070.831709744735,-18.941410911791536,-0.9063859959037502
86,2025-11-16 07:00:00,32,2182.652446301118,2160.9279544889114,-21.72449181220645,-0.9953252909789811
87,2025-11-16 08:00:00,32,2181.6571036661862,2158.9109491653007,-22.746154500885496,-1.042609054496305
88,2025-11-16 09:00:00,32,2181.2752928686987,2158.130268114801,-23.14502475389781,-1.0610776562484552
89,2025-11-16 10:00:00,32,2180.683577117984,2156.91252506038,-23.771052057604265,-1.0900734204189475
90,2025-11-16 11:00:00,32,2180.572366126591,2156.6825664504327,-23.889799676158415,-1.0955747237407445
91,2025-11-16 12:00:00,32,2180.1655818238105,2155.838442482836,-24.327139340974558,-1.115839069462961
92,2025-11-16 13:00:00,32,2178.97500603511,2153.340065755702,-25.6349402794076,-1.1764678442114516
93,2025-11-16 14:00:00,32,2177.623048175617,2150.449981709228,-27.17306646639008,-1.2478315055103455
94,2025-11-16 15:00:00,32,2175.0144800577555,2144.6968170567843,-30.31766300097115,-1.393906260346648
95,2025-11-16 16:00:00,32,2173.650117822881,2141.5835305740056,-32.066587248875294,-1.4752414377063157
96,2025-11-16 17:00:00,32,2173.7145459138555,2141.7323085244125,-31.98223738944307,-1.4713172642453545
97,2025-11-16 18:00:00,32,2173.8606670492627,2142.0690670927456,-31.791599956517075,-1.4624488330096197
98,2025-11-16 19:00:00,32,2175.8344196094176,2146.531986332909,-29.30243327650851,-1.346721653652697
99,2025-11-16 20:00:00,32,2177.167166590414,2149.46196686617,-27.705199724244267,-1.272534334955658
100,2025-11-16 21:00:00,32,2178.754173695226,2152.871950055013,-25.8822236402134,-1.1879368472449758
101,2025-11-16 22:00:00,32,2179.6363042365588,2154.732975616526,-24.90332862003288,-1.1425451379951914
102,2025-11-16 23:00:00,32,2180.744119141219,2157.037565960949,-23.70655318026957,-1.087085503163262
103,2025-11-17 00:00:00,32,2181.898318532909,2159.402142661821,-22.49617587108787,-1.031036858134348
104,2025-11-17 01:00:00,32,2181.9816879575114,2159.5715519227865,-22.41013603472493,-1.0270542671557612
105,2025-11-17 02:00:00,32,2182.186961338473,2159.987895255716,-22.19906608275687,-1.0172852498917315
106,2025-11-17 03:00:00,32,2181.819704025382,2159.2422272461,-22.57747677928228,-1.0348002970927257
107,2025-11-17 04:00:00,32,2179.4342555666312,2154.308792463572,-25.125463103059246,-1.152843360100664
108,2025-11-17 05:00:00,32,2173.567999030429,2141.393638763856,-32.17436026657288,-1.4802555190785385
109,2025-11-17 06:00:00,32,2169.202732683019,2127.585002058628,-41.61773062439079,-1.9185726625429391
110,2025-11-17 07:00:00,32,2168.1911750958525,2122.2642382758368,-45.926936820015726,-2.118214359856222
111,2025-11-17 08:00:00,32,2168.0152990850365,2121.322398242641,-46.692900842395375,-2.153716390382536
112,2025-11-17 09:00:00,32,2169.45109983168,2128.867912099985,-40.58318773169458,-1.8706661668863287
113,2025-11-17 10:00:00,32,2170.3645269756967,2133.513674369241,-36.8508526064561,-1.6979107494816124
114,2025-11-17 11:00:00,32,2171.213320651843,2135.815009924524,-35.39831072731931,-1.630346976532551
115,2025-11-17 12:00:00,32,2170.898944495859,2135.049129403126,-35.849815092733024,-1.6513811102827871
116,2025-11-17 13:00:00,32,2169.799416836988,2130.652574385246,-39.14684245174112,-1.8041687239831232
117,2025-11-17 14:00:00,32,2167.9826672138192,2121.1470732372677,-46.83559397655199,-2.1603306467732377
118,2025-11-17 15:00:00,32,2185.691160578961,2109.0282089113616,-76.66295166759983,-3.5074924147697426
119,2025-11-17 16:00:00,32,2184.1685554762853,2099.352014712157,-84.81654076412815,-3.8832415452310567
120,2025-11-17 17:00:00,32,2185.33548027842,2106.8315571087046,-78.50392316971511,-3.592305340675356
121,2025-11-17 18:00:00,32,2185.8263651170496,2109.8540724164486,-75.97229270060097,-3.4756783024040754
122,2025-11-17 19:00:00,32,2167.2201055706005,2116.996064966921,-50.224040603678986,-2.317440691629965
123,2025-11-17 20:00:00,32,2168.5670739504776,2124.260118890206,-44.306955060271775,-2.0431443229264667
124,2025-11-17 21:00:00,32,2171.507488019861,2136.5269002074983,-34.9805878123625,-1.610889578108725
125,2025-11-17 22:00:00,32,2173.503383151239,2141.2440129730667,-32.2593701781725,-1.4842107184301443
126,2025-11-17 23:00:00,32,2177.308744976673,2149.769556469213,-27.53918850746004,-1.2648269828978749
127,2025-11-18 00:00:00,32,2178.1920635229203,2151.673504217566,-26.5185593053543,-1.217457346826627
128,2025-11-18 01:00:00,32,2178.4686730128105,2152.264498494857,-26.204174517953103,-1.2028713032495837
129,2025-11-18 02:00:00,32,2178.8436868390577,2153.061880038016,-25.781806801041967,-1.1832793218151754
130,2025-11-18 03:00:00,32,2179.620794196962,2154.700456727336,-24.920337469626247,-1.143333626471831
131,2025-11-18 04:00:00,32,2177.352222212761,2149.863877256947,-27.488344955813773,-1.2624666177288673
132,2025-11-18 05:00:00,32,2171.194880066549,2135.770231487828,-35.42464857872119,-1.6315738814580931
133,2025-11-18 06:00:00,32,2184.787829022436,2103.3765055186814,-81.41132350375483,-3.726280530415697
134,2025-11-18 07:00:00,32,2184.0093439962566,2098.295253991922,-85.7140900043346,-3.924621029665407
135,2025-11-18 08:00:00,32,2184.108903847481,2098.957189601101,-85.15171424637992,-3.898693608930325
136,2025-11-18 09:00:00,32,2167.0809193883097,2116.226718150728,-50.85420123758149,-2.3466683123182976
137,2025-11-18 10:00:00,32,2168.0348688602226,2121.427455762355,-46.60741309786772,-2.149753851623712
138,2025-11-18 11:00:00,32,2169.336611520725,2128.277629670104,-41.05898185062142,-1.8926975939358115
139,2025-11-18 12:00:00,32,2169.0813165006275,2126.9546042186143,-42.12671228201316,-1.942145366406828
140,2025-11-18 13:00:00,32,2167.806117985513,2120.1953174560213,-47.61080052949228,-2.196266544986771
141,2025-11-18 14:00:00,32,2185.452136134229,2107.5559464678413,-77.89618966638727,-3.5643054532493754
142,2025-11-18 15:00:00,32,2182.990473167853,2091.2876557447084,-91.70281742314457,-4.200788713936517
143,2025-11-18 16:00:00,32,2180.847608007871,2074.674422237682,-106.17318577018888,-4.868436720673684
144,2025-11-18 17:00:00,32,2181.6215721321205,2081.0413197665107,-100.5802523656098,-4.610343684276632
145,2025-11-18 18:00:00,32,2183.2267058020907,2092.95301656367,-90.2736892384205,-4.134874724576761
146,2025-11-18 19:00:00,32,2184.439504613952,2101.1291490401472,-83.31035557380483,-3.813809235634015
147,2025-11-18 20:00:00,32,2167.027803754155,2115.9321257687784,-51.09567798537637,-2.357869054419067
148,2025-11-18 21:00:00,32,2170.694517194859,2134.548218586322,-36.14629860853711,-1.6651950941143103
149,2025-11-18 22:00:00,32,2172.7155264963303,2139.404559461391,-33.310967034939495,-1.5331490307272748
150,2025-11-18 23:00:00,32,2175.609602466163,2146.031360979289,-29.57824148687405,-1.3595381015668264
151,2025-11-19 00:00:00,32,2176.2475993581443,2147.447163622222,-28.80043573592229,-1.3233988515101225
152,2025-11-19 01:00:00,32,2176.3198207067926,2147.6064901880413,-28.713330518751263,-1.3193525255596936
153,2025-11-19 02:00:00,32,2175.979993888362,2146.8551453743244,-29.12484851403769,-1.3384704177354645
154,2025-11-19 03:00:00,32,2176.292056103559,2147.545261404556,-28.74679469900275,-1.3209070270867556
155,2025-11-19 04:00:00,32,2174.377424161114,2143.2527333594494,-31.124690801664656,-1.431430001793397
156,2025-11-19 05:00:00,32,2168.249674664637,2122.576363596941,-45.67331106769598,-2.106459952531078
157,2025-11-19 06:00:00,32,2182.001275741721,2083.9976732688137,-98.00360247290746,-4.491454865881936
158,2025-11-19 07:00:00,32,2181.462045518515,2079.76873366344,-101.69331185507508,-4.661704386009771
159,2025-11-19 08:00:00,32,2181.545331552021,2080.435495891739,-101.109835660282,-4.634780409919295
160,2025-11-19 09:00:00,32,2182.6989001970715,2089.1945199746497,-93.5043802224218,-4.28388818146101
161,2025-11-19 10:00:00,32,2183.2267058020907,2092.95301656367,-90.2736892384205,-4.134874724576761
162,2025-11-19 11:00:00,32,2183.307474888072,2093.5164669689448,-89.79100791912742,-4.112613956205623
163,2025-11-19 12:00:00,32,2183.96947081353,2098.029097403248,-85.94037341028161,-3.935053788928138
164,2025-11-19 13:00:00,32,2184.208288166746,2099.6142716576137,-84.59401650913242,-3.872983037718167
165,2025-11-19 14:00:00,32,2183.1795375327256,2092.6225887452524,-90.55694878747316,-4.147938693572321
166,2025-11-19 15:00:00,32,2181.849693423549,2082.8292199006023,-99.02047352294676,-4.538372822903916
167,2025-11-19 16:00:00,32,2180.481466318038,2071.470665678913,-109.01080063912468,-4.9993912960517095
0,2025-11-12 17:00:00,33,1217.1741632010633,1210.5875672543566,-6.586595946706666,-0.5411383305561207
1,2025-11-12 18:00:00,33,1217.3650449173315,1211.4162487184308,-5.948796198900709,-0.4886616568906559
2,2025-11-12 19:00:00,33,1217.5288320600566,1212.152615349136,-5.376216710920744,-0.4415679176832465
3,2025-11-12 20:00:00,33,1218.745418859418,1214.190977259074,-4.554441600343807,-0.3736991770279763
4,2025-11-12 21:00:00,33,1166.9573144461551,1162.7694956675657,-4.187818778589417,-0.3588664920941843
5,2025-11-12 22:00:00,33,1160.4284645592106,1157.9254830749696,-2.5029814842409905,-0.2156945956329802
6,2025-11-12 23:00:00,33,1161.6277054102627,1159.222353898333,-2.4053515119296662,-0.2070673332537421
7,2025-11-13 00:00:00,33,1166.9520543295105,1164.9727303877182,-1.979323941792245,-0.1696148470238132
8,2025-11-13 01:00:00,33,937.9367524478804,933.8968224504011,-4.039929997479362,-0.430725204757754
9,2025-11-13 02:00:00,33,938.2316028871004,935.0347676533524,-3.1968352337479478,-0.3407298607199687
10,2025-11-13 03:00:00,33,938.0251040523128,934.2386854483528,-3.786418603960101,-0.4036585574951665
11,2025-11-13 04:00:00,33,1166.3857935403614,1164.3609799014623,-2.024813638898877,-0.1735972480214206
12,2025-11-13 05:00:00,33,1167.008935534356,1162.842464283511,-4.166471250845007,-0.3570213666733615
13,2025-11-13 06:00:00,33,1217.6687177390208,1212.8156455617489,-4.853072177271997,-0.3985543938652894
14,2025-11-13 07:00:00,33,1217.6555253077263,1212.751163579704,-4.904361728022423,-0.40277086795816
15,2025-11-13 08:00:00,33,1217.5783551449372,1212.382678149601,-5.195676995336498,-0.4267221878067977
16,2025-11-13 09:00:00,33,1217.416676496107,1211.6450792673238,-5.771597228782866,-0.4740856060387081
17,2025-11-13 10:00:00,33,1217.2558322503814,1210.939402289314,-6.31642996106757,-0.5189073482926079
18,2025-11-13 11:00:00,33,1217.1988203375674,1210.6934477397083,-6.50537259785915,-0.5344543955485437
19,2025-11-13 12:00:00,33,1217.1758196149149,1210.5946717177833,-6.581147897131586,-0.5406899965539657
20,2025-11-13 13:00:00,33,1217.1802279030678,1210.6135848627837,-6.566643040284134,-0.5394963613233356
21,2025-11-13 14:00:00,33,1217.1457275854473,1210.465779632215,-6.679947953232613,-0.5488207206284311
22,2025-11-13 15:00:00,33,1217.0151846924418,1209.9100336208458,-7.105151071596083,-0.5838177831274687
23,2025-11-13 16:00:00,33,1217.1355663867753,1210.4223355341298,-6.713230852645438,-0.5515598293273554
24,2025-11-13 17:00:00,33,1217.09716731835,1210.2584815300415,-6.838685788308567,-0.5618849482146404
25,2025-11-13 18:00:00,33,1217.061411342453,1210.10630610791,-6.955105234542998,-0.5714670738653459
26,2025-11-13 19:00:00,33,1217.2101887017604,1210.7423589357163,-6.467829766043906,-0.5313650695729303
27,2025-11-13 20:00:00,33,1217.420799057866,1211.6634643627524,-5.757334695113514,-0.4729124637569017
28,2025-11-13 21:00:00,33,1217.5764125221804,1212.3735694830916,-5.202843039088748,-0.4273114184522664
29,2025-11-13 22:00:00,33,1218.486907745759,1213.8666472753669,-4.620260470392168,-0.379180148840483
30,2025-11-13 23:00:00,33,1219.1875095865894,1214.7446924043825,-4.442817182206909,-0.3644080297142652
31,2025-11-14 00:00:00,33,1219.2101022999864,1214.7729588484062,-4.437143451580141,-0.3639359158203877
32,2025-11-14 01:00:00,33,1167.1022869522506,1162.8483024875204,-4.253984464730138,-0.364491142917637
33,2025-11-14 02:00:00,33,1167.0956715854113,1162.9013849326811,-4.19428665273017,-0.3593781345305264
34,2025-11-14 03:00:00,33,1167.1054640622126,1162.821351865903,-4.284112196309934,-0.3670715567896244
35,2025-11-14 04:00:00,33,1217.6718048119008,1212.8308067605485,-4.840998051352244,-0.3975618087092075
36,2025-11-14 05:00:00,33,1217.208570024336,1210.735390947595,-6.473179076740962,-0.5318052498276069
37,2025-11-14 06:00:00,33,1216.665862714051,1208.4325783299366,-8.233284384114313,-0.6767087527012629
38,2025-11-14 07:00:00,33,1216.5687135664723,1208.0201608197915,-8.548552746680798,-0.702677345829485
39,2025-11-14 08:00:00,33,1216.606712103636,1208.181675749517,-8.425036354119129,-0.692502866398903
40,2025-11-14 09:00:00,33,1216.7722498433998,1208.8827080765948,-7.889541766804996,-0.6483992191488909
41,2025-11-14 10:00:00,33,1216.9776911819874,1209.7511459684831,-7.226545213504096,-0.5938108205159723
42,2025-11-14 11:00:00,33,1217.0566654675383,1210.0861333246255,-6.970532142912589,-0.5727368610429346
43,2025-11-14 12:00:00,33,1217.1636306555724,1210.5424193440492,-6.621211311523211,-0.5439869500501738
44,2025-11-14 13:00:00,33,1217.0566654675383,1210.0861333246255,-6.970532142912589,-0.5727368610429346
45,2025-11-14 14:00:00,33,1216.972716439582,1209.7300810611578,-7.242635378424211,-0.5951353946219533
46,2025-11-14 15:00:00,33,1216.8299456867155,1209.1264952267538,-7.703450459961914,-0.6330753518409251
47,2025-11-14 16:00:00,33,1216.7403711495513,1208.747939292636,-7.992431856915118,-0.6568724147259151
48,2025-11-14 17:00:00,33,1216.8565572489445,1209.2389233926228,-7.617633856321618,-0.6260091882599111
49,2025-11-14 18:00:00,33,1217.01274981116,1209.8997077931597,-7.1130420180006695,-0.5844673376761563
50,2025-11-14 19:00:00,33,1217.2448216411522,1210.891765818511,-6.353055822641181,-0.5219209570409726
51,2025-11-14 20:00:00,33,1217.333938361707,1211.2795350683548,-6.054403293352152,-0.4973494209403373
52,2025-11-14 21:00:00,33,1217.45145294228,1211.800755712907,-5.650697229373009,-0.4641414830724187
53,2025-11-14 22:00:00,33,1217.5451146263272,1212.2277851745223,-5.317329451804653,-0.4367254558313905
54,2025-11-14 23:00:00,33,1218.2774337183168,1213.6035325332914,-4.673901185025443,-0.3836483427884059
55,2025-11-15 00:00:00,33,1218.9331618722742,1214.4262654288093,-4.506896443464939,-0.369741064107434
56,2025-11-15 01:00:00,33,1219.115084108788,1214.6540588062526,-4.461025302535518,-0.3659232307667384
57,2025-11-15 02:00:00,33,1167.1029047096497,1162.8431409686505,-4.259763740999233,-0.3649861313693647
58,2025-11-15 03:00:00,33,1218.570262730453,1213.9712702680083,-4.598992462444585,-0.3774088867177517
59,2025-11-15 04:00:00,33,1217.8396002257527,1213.0526622502905,-4.786937975462479,-0.3930680177073497
60,2025-11-15 05:00:00,33,1217.5783551449372,1212.382678149601,-5.195676995336498,-0.4267221878067977
61,2025-11-15 06:00:00,33,1217.3774571578167,1211.4710306257307,-5.906426532086016,-0.4851762694764872
62,2025-11-15 07:00:00,33,1217.2469256022678,1210.9008630952535,-6.34606250701404,-0.5213455358594677
63,2025-11-15 08:00:00,33,1217.2729593474544,1211.0136429730796,-6.259316374374748,-0.5142081179335645
64,2025-11-15 09:00:00,33,1217.3299944972682,1211.2622573197634,-6.067737177504796,-0.4984463707403057
65,2025-11-15 10:00:00,33,1217.4478918045231,1211.784751110651,-5.663140693872037,-0.4651649349425567
66,2025-11-15 11:00:00,33,1217.481669997564,1211.9371868844728,-5.544483113091246,-0.4554058800000118
67,2025-11-15 12:00:00,33,1217.4743078492793,1211.9038394555964,-5.570468393682859,-0.4575429935374431
68,2025-11-15 13:00:00,33,1217.4911175521297,1211.9800864567756,-5.511031095354156,-0.4526547270779729
69,2025-11-15 14:00:00,33,1217.275535716254,1211.0248262506357,-6.250709465618229,-0.5134999662948344
70,2025-11-15 15:00:00,33,1216.9733390144318,1209.7327170815654,-7.240621932866361,-0.5949696431912135
71,2025-11-15 16:00:00,33,1216.9183893905024,1209.5002364935217,-7.418152896980928,-0.6095850766702879
72,2025-11-15 17:00:00,33,1217.032136037103,1209.9819530390073,-7.050182998096034,-0.5792930843266654
73,2025-11-15 18:00:00,33,1217.2442951576322,1210.8894897550338,-6.354805402598458,-0.5220649156359789
74,2025-11-15 19:00:00,33,1217.4271814678227,1211.691963337224,-5.735218130598696,-0.4710933202332382
75,2025-11-15 20:00:00,33,1217.6088213603946,1212.5265317849928,-5.082289575401774,-0.4173992078772472
76,2025-11-15 21:00:00,33,1218.6256947563684,1214.0408218316068,-4.584872924761612,-0.3762330750524865
77,2025-11-15 22:00:00,33,1167.0541755937113,1162.905225690477,-4.148949903234325,-0.3555061958562158
78,2025-11-15 23:00:00,33,1167.0145568692608,1162.850323961772,-4.164232907488895,-0.3568278461461735
79,2025-11-16 00:00:00,33,1166.9584580087349,1162.771127416957,-4.187330591777936,-0.358824306301621
80,2025-11-16 01:00:00,33,1166.9738563948056,1162.7930325376346,-4.180823857170935,-0.3582619982667801
81,2025-11-16 02:00:00,33,1166.9886145450353,1162.81390923226,-4.174705312775132,-0.3577331655804278
82,2025-11-16 03:00:00,33,1166.9025285093778,1162.690530739916,-4.211997769461732,-0.3609554068618064
83,2025-11-16 04:00:00,33,1166.8639294121808,1162.633985446855,-4.229943965325901,-0.3625053323446871
84,2025-11-16 05:00:00,33,1166.9710104217754,1162.7889933756076,-4.182017046167857,-0.358365118655035
85,2025-11-16 06:00:00,33,1167.103519242906,1162.8379693232357,-4.265549919670548,-0.3654817117197614
86,2025-11-16 07:00:00,33,1217.6345337556374,1212.6495332881018,-4.985000467535656,-0.4094003848724675
87,2025-11-16 08:00:00,33,1217.5571340634524,1212.2835620303404,-5.273572033112032,-0.4331272747351175
88,2025-11-16 09:00:00,33,1217.525952369764,1212.139365866344,-5.386586503419949,-0.4424206722604658
89,2025-11-16 10:00:00,33,1217.476044970104,1211.9117014731478,-5.5643434969560985,-0.4570392592071686
90,2025-11-16 11:00:00,33,1217.4664538178745,1211.8683414448678,-5.598112373006416,-0.4598165604851942
91,2025-11-16 12:00:00,33,1217.430811927691,1211.7081939446934,-5.722617982997235,-0.470056936864937
92,2025-11-16 13:00:00,33,1217.321572659759,1211.225401655059,-6.096171004700182,-0.5007855887561814
93,2025-11-16 14:00:00,33,1217.1890060540466,1210.6512715663584,-6.5377344876881125,-0.5371174447986937
94,2025-11-16 15:00:00,33,1216.9093978128092,1209.4622229771285,-7.447174835680698,-0.6119744698385721
95,2025-11-16 16:00:00,33,1216.7515118376446,1208.795045279404,-7.956466558240663,-0.6539105545243261
96,2025-11-16 17:00:00,33,1216.7591385816822,1208.8272879931378,-7.931850588544421,-0.6518833791369917
97,2025-11-16 18:00:00,33,1216.7763738983429,1208.9001379961446,-7.876235902198232,-0.6473034874078072
98,2025-11-16 19:00:00,33,1217.0005255681408,1209.8478837443786,-7.152641823762224,-0.587727094071969
99,2025-11-16 20:00:00,33,1217.1423477882422,1210.451325129668,-6.691022658574184,-0.5497321386223171
100,2025-11-16 21:00:00,33,1217.3005253527945,1211.1335216077018,-6.167003745092643,-0.5066130849902771
101,2025-11-16 22:00:00,33,1217.383142249405,1211.496168450654,-5.886973798750887,-0.4835760899295272
102,2025-11-16 23:00:00,33,1217.481238421856,1211.935230054213,-5.546008367643026,-0.4555313209451971
103,2025-11-17 00:00:00,33,1217.5764125221804,1212.3735694830916,-5.202843039088748,-0.4273114184522664
104,2025-11-17 01:00:00,33,1217.5829989220058,1212.4044820485517,-5.178516873454328,-0.4253112008002048
105,2025-11-17 02:00:00,33,1217.5990467058214,1212.4801664795982,-5.118880226223155,-0.4204077064672591
106,2025-11-17 03:00:00,33,1217.5701655936164,1212.344327747996,-5.22583784562039,-0.4292021924726265
107,2025-11-17 04:00:00,33,1217.364564935951,1211.414133033937,-5.950431902013861,-0.4887962138381225
108,2025-11-17 05:00:00,33,1216.7417668009934,1208.7538410408808,-7.987925760112603,-0.6565013200059798
109,2025-11-17 06:00:00,33,1216.1868095787363,1202.682226857455,-13.504582721281622,-1.1104036497451697
110,2025-11-17 07:00:00,33,1216.048487315416,1198.9917748427763,-17.056712472639674,-1.4026342411966293
111,2025-11-17 08:00:00,33,1216.0240866945558,1198.3383881001564,-17.685698594399355,-1.4543871941281454
112,2025-11-17 09:00:00,33,1216.2202377096726,1203.5718676938825,-12.648370015790078,-1.0399736514505695
113,2025-11-17 10:00:00,33,1216.3413230804058,1206.7929691430709,-9.548353937334925,-0.7850061291310525
114,2025-11-17 11:00:00,33,1216.4511681545437,1207.5183983285217,-8.932769826021968,-0.7343303257765549
115,2025-11-17 12:00:00,33,1216.4107887967202,1207.345143637476,-9.06564515924424,-0.7452782598395089
116,2025-11-17 13:00:00,33,1216.2667573525428,1204.8093438378005,-11.457413514742257,-0.94201485368898
117,2025-11-17 14:00:00,33,1216.019548136911,1198.216754539715,-17.80279359719566,-1.4640219908036587
118,2025-11-17 15:00:00,33,1221.8759356374874,1189.8053391627166,-32.07059647477081,-2.6247015379706835
119,2025-11-17 16:00:00,33,1221.6594465296018,1183.0831140628989,-38.57633246670298,-3.1576993552734947
120,2025-11-17 17:00:00,33,1221.8260293094158,1188.2798101047329,-33.546219204682984,-2.745580663692648
121,2025-11-17 18:00:00,33,1221.8947982752095,1190.3788091119416,-31.51598916326816,-2.5792718986736984
122,2025-11-17 19:00:00,33,1215.912492321242,1195.336512188714,-20.575980132528,-1.692225407870212
123,2025-11-17 20:00:00,33,1216.100292374252,1200.376251410561,-15.724040963691095,-1.2929888317839542
124,2025-11-17 21:00:00,33,1216.4886225587618,1207.6786698248663,-8.809952733895443,-0.7242116835720659
125,2025-11-17 22:00:00,33,1216.7340798674124,1208.7213335112838,-8.012746356128673,-0.6585454035282567
126,2025-11-17 23:00:00,33,1217.156941159195,1210.5137681811134,-6.643172978081566,-0.545794281200479
127,2025-11-18 00:00:00,33,1217.2458740162574,1210.8963158518395,-6.349558164417886,-0.5216331638461632
128,2025-11-18 01:00:00,33,1217.2729593474544,1211.0136429730796,-6.259316374374748,-0.5142081179335645
129,2025-11-18 02:00:00,33,1217.3090858018686,1211.1708532721275,-6.13823252974089,-0.5042460128930607
130,2025-11-18 03:00:00,33,1217.3817235566764,1211.489892615322,-5.891830941354328,-0.4839756361826166
131,2025-11-18 04:00:00,33,1217.1614040404263,1210.5328807472647,-6.628523293161607,-0.5445886857041229
132,2025-11-18 05:00:00,33,1216.448809596153,1207.5082922544711,-8.940517341681925,-0.7349686457130961
133,2025-11-18 06:00:00,33,1221.7483889167097,1185.8797391613084,-35.86864975540129,-2.935845881262428
134,2025-11-18 07:00:00,33,1221.6363856600883,1182.3485847097286,-39.28780095035973,-3.215997936172415
135,2025-11-18 08:00:00,33,1221.6508155818124,1182.8086896677237,-38.84212591408868,-3.1794785726549923
136,2025-11-18 09:00:00,33,1215.8927478358298,1194.802593446077,-21.0901543897528,-1.7345406843894091
137,2025-11-18 10:00:00,33,1216.0268068368316,1198.4112721614194,-17.615534675412164,-1.448614008866652
138,2025-11-18 11:00:00,33,1216.2048550272314,1203.1625413741249,-13.042313653106705,-1.0723780290134328
139,2025-11-18 12:00:00,33,1216.170390623181,1202.2450496633112,-13.9253409598698,-1.145015621761214
140,2025-11-18 13:00:00,33,1215.9949320078897,1197.556438477887,-18.438493530002688,-1.516329800779388
141,2025-11-18 14:00:00,33,1221.8424428563249,1188.7829159813189,-33.059526875005986,-2.705711122435892
142,2025-11-18 15:00:00,33,1221.486959208223,1177.4757045951833,-44.01125461303968,-3.603088373662876
143,2025-11-18 16:00:00,33,1221.1625794171798,1165.9072353080078,-55.25534410917203,-4.524814716771256
144,2025-11-18 17:00:00,33,1221.2812849910056,1170.343653612504,-50.93763137850169,-4.170835335356575
145,2025-11-18 18:00:00,33,1221.521886994156,1178.6340833273575,-42.88780366679862,-3.5110139346200517
146,2025-11-18 19:00:00,33,1221.698509860695,1184.3181828878426,-37.38032697285212,-3.0597014460723573
147,2025-11-18 20:00:00,33,1215.8851965761728,1194.5981412029528,-21.287055373220028,-1.750745500739916
148,2025-11-18 21:00:00,33,1216.3843382923228,1207.2313694687855,-9.152968823537094,-0.7524734194117388
149,2025-11-18 22:00:00,33,1216.6390252182855,1208.3188111432708,-8.320214075014974,-0.6838687484582525
150,2025-11-18 23:00:00,33,1216.975827221996,1209.7432528541794,-7.232574367816596,-0.5943071510570981
151,2025-11-19 00:00:00,33,1217.0453412512468,1210.0380205897477,-7.00732066149908,-0.5757649632260076
152,2025-11-19 01:00:00,33,1217.053097426437,1210.0709706546977,-6.982126771739331,-0.573691220744899
153,2025-11-19 02:00:00,33,1217.0164008885329,1209.9151916784635,-7.101209210069328,-0.5834933041892285
154,2025-11-19 03:00:00,33,1217.050118400542,1210.0583133828347,-6.991805017707293,-0.5744878466382292
155,2025-11-19 04:00:00,33,1216.8366308071234,1209.1547380804018,-7.681892726721571,-0.6313002528224516
156,2025-11-19 05:00:00,33,1216.056580594142,1199.2082978102324,-16.84828278390978,-1.3854851042932583
157,2025-11-19 06:00:00,33,1221.338888379344,1172.402365143001,-48.93652323634319,-4.006793176075767
158,2025-11-19 07:00:00,33,1221.2569587906366,1169.457224215367,-51.79973457526967,-4.241509880653203
159,2025-11-19 08:00:00,33,1221.269668260981,1169.9216807749654,-51.34798748601565,-4.204475786181793
160,2025-11-19 09:00:00,33,1221.4436172529372,1176.0194680805994,-45.42414917233782,-3.7188903794428168
161,2025-11-19 10:00:00,33,1221.521886994156,1178.6340833273575,-42.88780366679862,-3.5110139346200517
162,2025-11-19 11:00:00,33,1221.5337901628236,1179.025955377907,-42.50783478491667,-3.4798738378944565
163,2025-11-19 12:00:00,33,1221.6305979135595,1182.1635731278122,-39.4670247857473,-3.2306840425537477
164,2025-11-19 13:00:00,33,1221.6651892602622,1183.2653905315278,-38.39979872873437,-3.1432342565139355
165,2025-11-19 14:00:00,33,1221.5149265088085,1178.404263986582,-43.11066252222645,-3.5292784055812003
166,2025-11-19 15:00:00,33,1221.3159428427216,1171.5887831214864,-49.72715972123524,-4.071604895739823
167,2025-11-19 16:00:00,33,1221.1058280706286,1163.6733998290215,-57.43242824160711,-4.703312925166485
0,2025-11-12 17:00:00,34,1184.0186778366606,1170.5545473774273,-13.464130459233274,-1.137155241827249
1,2025-11-12 18:00:00,34,1186.3213877000042,1174.5567547967726,-11.764632903231586,-0.9916901967046567
2,2025-11-12 19:00:00,34,1188.5580010063452,1178.330236320993,-10.227764685352213,-0.8605187695251241
3,2025-11-12 20:00:00,34,1187.9713621695944,1179.9648115269515,-8.006550642642878,-0.6739683209215162
4,2025-11-12 21:00:00,34,862.257922454652,856.9344264171716,-5.323496037480368,-0.6173902145573318
5,2025-11-12 22:00:00,34,858.9599446163716,854.4713959944982,-4.488548621873406,-0.5225562204624198
6,2025-11-12 23:00:00,34,859.5652212765506,855.322894741289,-4.2423265352615545,-0.4935432972684986
7,2025-11-13 00:00:00,34,862.1181869139333,858.9473420114934,-3.1708449024398533,-0.3677970086433641
8,2025-11-13 01:00:00,34,709.4261826332415,705.1951535298211,-4.231029103420383,-0.5964015999121555
9,2025-11-13 02:00:00,34,709.8623779889712,706.5882707294287,-3.274107259542461,-0.4612312697593518
10,2025-11-13 03:00:00,34,709.5566922130345,705.613425277769,-3.943266935265456,-0.555736698496467
11,2025-11-13 04:00:00,34,861.8566161876347,858.5719889243098,-3.2846272633248645,-0.3811106397087481
12,2025-11-13 05:00:00,34,862.1206031404076,856.8514544739561,-5.269148666451542,-0.6111846355669791
13,2025-11-13 06:00:00,34,1190.7612544971955,1181.9497751898257,-8.811479307369837,-0.7399870691199576
14,2025-11-13 07:00:00,34,1190.537895425233,1181.5869601728289,-8.950935252404179,-0.7518395917340462
15,2025-11-13 08:00:00,34,1189.3000413459304,1179.5595765030787,-9.74046484285168,-0.8190081984549836
16,2025-11-13 09:00:00,34,1186.9954273740634,1175.7051425824948,-11.290284791568638,-0.9511649776567064
17,2025-11-13 10:00:00,34,1184.971375578545,1172.225760643445,-12.745614935099866,-1.0756053013413094
18,2025-11-13 11:00:00,34,1184.3017175753885,1171.053408576915,-13.248308998473476,-1.118659949729418
19,2025-11-13 12:00:00,34,1184.037573266711,1170.5879139867166,-13.44965927999442,-1.1359149053764708
20,2025-11-13 13:00:00,34,1184.08794281283,1170.6768150112716,-13.411127801558225,-1.1326124789092744
21,2025-11-13 14:00:00,34,1183.696882181163,1169.9848982633637,-13.711983917798989,-1.1584033145827273
22,2025-11-13 15:00:00,34,1182.276926686202,1167.438423738134,-14.8385029480678,-1.2550784518529483
23,2025-11-13 16:00:00,34,1183.5830478029447,1169.7827453590523,-13.800302443892406,-1.1659766899762174
24,2025-11-13 17:00:00,34,1183.1581336869622,1169.025150161097,-14.132983525865257,-1.194513490924835
25,2025-11-13 18:00:00,34,1182.7696187137287,1168.3282158207764,-14.441402892952285,-1.2209818940612815
26,2025-11-13 19:00:00,34,1184.4335163718283,1171.2850190374138,-13.148497334414742,-1.1101085162374822
27,2025-11-13 20:00:00,34,1187.0503667470446,1175.798308385029,-11.252058362015532,-0.9479006685158876
28,2025-11-13 21:00:00,34,1189.2702311533878,1179.5103964271643,-9.759834726223517,-0.8206574477827595
29,2025-11-13 22:00:00,34,1188.6982071671907,1180.5139179725977,-8.18428919459302,-0.6885085840330453
30,2025-11-13 23:00:00,34,1186.683274936926,1178.9788955172703,-7.704379419655652,-0.6492363701734274
31,2025-11-14 00:00:00,34,1186.61587339853,1178.9268788093732,-7.688994589156891,-0.6479767177844341
32,2025-11-14 01:00:00,34,861.6251274289899,856.1916043414234,-5.433523087566528,-0.6306133508176184
33,2025-11-14 02:00:00,34,861.7637850725972,856.453509708326,-5.310275364271206,-0.6162100863665156
34,2025-11-14 03:00:00,34,861.5556039450225,856.0599485492531,-5.495655395769404,-0.6378758806286045
35,2025-11-14 04:00:00,34,1190.814079289247,1182.0354501980353,-8.77862909121177,-0.7371956079366654
36,2025-11-14 05:00:00,34,1184.414699098741,1171.2519778732883,-13.162721225452742,-1.1113270745009056
37,2025-11-14 06:00:00,34,1178.8412192433225,1161.0288112840306,-17.812407959291704,-1.5110099365820595
38,2025-11-14 07:00:00,34,1177.9591274277698,1159.3184806867473,-18.640646741022465,-1.5824527614745678
39,2025-11-14 08:00:00,34,1178.3009116200649,1159.984637254194,-18.31627436587064,-1.5544649236235677
40,2025-11-14 09:00:00,34,1179.8403026461583,1162.9321662082575,-16.908136437900566,-1.43308686777175
41,2025-11-14 10:00:00,34,1181.8847954505572,1166.7253321131711,-15.159463337386114,-1.282651523713615
42,2025-11-14 11:00:00,34,1182.7185483205508,1168.236297247013,-14.482251073537782,-1.2244883699593991
43,2025-11-14 12:00:00,34,1183.8989198881452,1170.3428602422157,-13.556059645929736,-1.1450352237174533
44,2025-11-14 13:00:00,34,1182.7185483205508,1168.236297247013,-14.482251073537782,-1.2244883699593991
45,2025-11-14 14:00:00,34,1181.833248427685,1166.6312634802828,-15.201984947402252,-1.2863054045591478
46,2025-11-14 15:00:00,34,1180.398104845217,1163.9801308076655,-16.417974037551403,-1.3908844795802393
47,2025-11-14 16:00:00,34,1179.5370600267645,1162.3581063943516,-17.178953632412686,-1.4564149117979293
48,2025-11-14 17:00:00,34,1180.6594703652545,1164.4676984848895,-16.191771880364968,-1.37141760912279
49,2025-11-14 18:00:00,34,1182.2512625618313,1167.3918880469998,-14.859374514831416,-1.2568711056085065
50,2025-11-14 19:00:00,34,1184.840316852754,1171.9971830639613,-12.843133788792557,-1.083954825482921
51,2025-11-14 20:00:00,34,1185.9270248235048,1173.8801777490844,-12.046847074420384,-1.015816894484992
52,2025-11-14 21:00:00,34,1187.46444927249,1176.4984315781337,-10.966017694356651,-0.9234817683236808
53,2025-11-14 22:00:00,34,1188.7979965930176,1178.7290187280296,-10.068977864988028,-0.8469881253034379
54,2025-11-14 23:00:00,34,1189.2734322479914,1180.9445176012475,-8.328914646743897,-0.7003363920272224
55,2025-11-15 00:00:00,34,1187.4314285957516,1179.553467896108,-7.877960699643609,-0.6634455270364564
56,2025-11-15 01:00:00,34,1186.8982955730603,1179.144560437875,-7.753735135185252,-0.6532771311666246
57,2025-11-15 02:00:00,34,861.6117676319748,856.1663225138792,-5.445445118095563,-0.6320068182287765
58,2025-11-15 03:00:00,34,1188.4659126716124,1180.3390219013568,-8.126890770255613,-0.6838135350459288
59,2025-11-15 04:00:00,34,1190.4374093759186,1181.80436059644,-8.633048779478713,-0.7251997216724355
60,2025-11-15 05:00:00,34,1189.3000413459304,1179.5595765030787,-9.74046484285168,-0.8190081984549836
61,2025-11-15 06:00:00,34,1186.4811347967925,1174.829826773155,-11.651308023637512,-0.982005333412488
62,2025-11-15 07:00:00,34,1184.8652942737465,1172.0407778711462,-12.82451640260024,-1.0823607092366496
63,2025-11-15 08:00:00,34,1185.1769627750014,1172.5834898037951,-12.59347297120621,-1.0625816537742647
64,2025-11-15 09:00:00,34,1185.877615036981,1173.7951605223534,-12.08245451462767,-1.0188618421851976
65,2025-11-15 10:00:00,34,1187.4158264439768,1176.416409465853,-10.999416978124144,-0.9263323541058686
66,2025-11-15 11:00:00,34,1187.8828005363048,1177.202107789528,-10.680692746776684,-0.8991369133347643
67,2025-11-15 12:00:00,34,1187.7798978592157,1177.0293605080278,-10.750537351187631,-0.905095074480025
68,2025-11-15 13:00:00,34,1188.015804964138,1177.4250651741615,-10.590739789976396,-0.8914645533942281
69,2025-11-15 14:00:00,34,1185.208073832838,1172.637536216872,-12.570537615966032,-1.060618628365755
70,2025-11-15 15:00:00,34,1181.8396933319998,1166.643029082461,-15.1966642495388,-1.2858481852724324
71,2025-11-15 16:00:00,34,1181.2773475865488,1165.6118107968696,-15.665536789679209,-1.326152306372864
72,2025-11-15 17:00:00,34,1182.4563822594905,1167.7633027868333,-14.693079472657018,-1.2425895528239974
73,2025-11-15 18:00:00,34,1184.8340714777853,1171.9862802169168,-12.847791260868462,-1.0843536297740024
74,2025-11-15 19:00:00,34,1187.135765428318,1175.942998089675,-11.19276733864308,-0.9428380194244028
75,2025-11-15 20:00:00,34,1189.7757491551556,1180.3420923791805,-9.43365677597535,-0.792893684601831
76,2025-11-15 21:00:00,34,1188.310348065305,1180.2215811886767,-8.08876687662837,-0.6806948108966431
77,2025-11-15 22:00:00,34,861.9967738977682,856.7730407156305,-5.223733182137721,-0.6060037972667923
78,2025-11-15 23:00:00,34,862.1053972492799,856.842005977853,-5.26339127142694,-0.6105275860957192
79,2025-11-16 00:00:00,34,862.2549248341212,856.9326611830477,-5.322263651073513,-0.6172494349159442
80,2025-11-16 01:00:00,34,862.2143673669351,856.9085738312777,-5.305793535657358,-0.6153682583439666
81,2025-11-16 02:00:00,34,862.1751542234767,856.88492705639,-5.290227167086755,-0.613590769946442
82,2025-11-16 03:00:00,34,862.3992570615545,857.015250674048,-5.384006387506474,-0.6243055456531065
83,2025-11-16 04:00:00,34,862.4962368736572,857.0679089598682,-5.428327913788962,-0.6293740983108929
84,2025-11-16 05:00:00,34,862.221890599786,856.9130705060675,-5.308820093718509,-0.6157139074752026
85,2025-11-16 06:00:00,34,861.5984030270147,856.1410232862635,-5.457379740751208,-0.633401793872649
86,2025-11-16 07:00:00,34,1190.190067767768,1181.0201580565008,-9.169909711267335,-0.7704575898928259
87,2025-11-16 08:00:00,34,1188.9776000471068,1179.0267095509712,-9.950890496135573,-0.8369283404280553
88,2025-11-16 09:00:00,34,1188.515939968755,1178.2602289159358,-10.255711052819152,-0.8629005895443661
89,2025-11-16 10:00:00,34,1187.8041201926983,1177.0700433034976,-10.73407688920065,-0.9036908280347818
90,2025-11-16 11:00:00,34,1187.6708215549345,1176.846009844044,-10.824811710890344,-0.9114319821984154
91,2025-11-16 12:00:00,34,1187.184530524088,1176.025549989781,-11.15898053430692,-0.9399533305391656
92,2025-11-16 13:00:00,34,1185.7725344724656,1173.6141670168909,-12.158367455574762,-1.0253541132139528
93,2025-11-16 14:00:00,34,1184.188602293284,1170.8542839740626,-13.334318319221438,-1.1260299494015036
94,2025-11-16 15:00:00,34,1181.1865438848863,1165.4444078595727,-15.742136025313812,-1.3327391940597637
95,2025-11-16 16:00:00,34,1179.6426457388204,1162.558341381655,-17.084304357165365,-1.4482609982674302
96,2025-11-16 17:00:00,34,1179.7151677764305,1162.6956541143984,-17.019513662032068,-1.4426799050241137
97,2025-11-16 18:00:00,34,1179.8797846496543,1163.0066804043868,-16.87310424526754,-1.4300697803952738
98,2025-11-16 19:00:00,34,1182.1228381277026,1167.15873963972,-14.96409848798271,-1.2658666261522786
99,2025-11-16 20:00:00,34,1183.6589524687386,1169.9175782268087,-13.74137424192986,-1.160923441103512
100,2025-11-16 21:00:00,34,1185.5124279195074,1173.1650558020551,-12.347372117452096,-1.041521946684345
101,2025-11-16 22:00:00,34,1186.5547744456294,1174.9555158062442,-11.599258639385198,-0.9775577907732488
102,2025-11-16 23:00:00,34,1187.8767504941725,1177.191957362763,-10.684793131409378,-0.8994866788127945
103,2025-11-17 00:00:00,34,1189.2702311533878,1179.5103964271643,-9.759834726223517,-0.8206574477827595
104,2025-11-17 01:00:00,34,1189.3715480418991,1179.6774768140635,-9.694071227835591,-0.8150582754224495
105,2025-11-17 02:00:00,34,1189.621402650547,1180.088670624669,-9.532732025877976,-0.8013248588700981
106,2025-11-17 03:00:00,34,1189.1747762473722,1179.3528022461142,-9.821974001258011,-0.8259487333100686
107,2025-11-17 04:00:00,34,1186.315238255695,1174.546231556248,-11.769006699447118,-0.9920640247993224
108,2025-11-17 05:00:00,34,1179.5502646728498,1162.3831687882755,-17.16709588457411,-1.4553933307229965
109,2025-11-17 06:00:00,34,1174.7218246623618,1148.5989880077882,-26.12283665457357,-2.223746601633267
110,2025-11-17 07:00:00,34,1173.62446753752,1142.7731194145128,-30.851348123007256,-2.6287240063884365
111,2025-11-17 08:00:00,34,1173.4344454783725,1141.74327932304,-31.69116615533221,-2.700718926178507
112,2025-11-17 09:00:00,34,1174.992434343284,1150.0057781247003,-24.98665621858368,-2.126537625967693
113,2025-11-17 10:00:00,34,1175.9917589108384,1155.1072836936178,-20.8844752172206,-1.7759031948117607
114,2025-11-17 11:00:00,34,1176.926289692665,1157.277474155552,-19.648815537113023,-1.6695026450844248
115,2025-11-17 12:00:00,34,1176.5794814766002,1156.5822684508937,-19.997213025706746,-1.6996057929388977
116,2025-11-17 13:00:00,34,1175.372741413026,1151.96417233512,-23.40856907790612,-1.991586860332024
117,2025-11-17 14:00:00,34,1173.399213739361,1141.5516184705157,-31.847595268845453,-2.7141312944427742
118,2025-11-17 15:00:00,34,1187.9027487392866,1128.3362392228375,-59.56650951644906,-5.014426440183475
119,2025-11-17 16:00:00,34,1186.292989924841,1117.826403692429,-68.46658623241228,-5.771473557872921
120,2025-11-17 17:00:00,34,1187.5252618093543,1125.9472905521727,-61.577971257181616,-5.185403059414441
121,2025-11-17 18:00:00,34,1188.046478522232,1129.2348857642728,-58.81159275795926,-4.950277099521634
122,2025-11-17 19:00:00,34,1172.5780799594413,1137.0179178182138,-35.560162141227465,-3.0326476973249803
123,2025-11-17 20:00:00,34,1174.0313611988438,1144.95686441352,-29.074496785323845,-2.4764667917929275
124,2025-11-17 21:00:00,34,1177.2515358731628,1157.9248584653967,-19.326677407766056,-1.64167782490354
125,2025-11-17 22:00:00,34,1179.4776163484692,1162.245208389434,-17.2324079590353,-1.4610203466501477
126,2025-11-17 23:00:00,34,1183.8232058367498,1170.2088365774182,-13.614369259331625,-1.150033990903964
127,2025-11-18 00:00:00,34,1184.8528063789136,1172.0189837825048,-12.833822596408709,-1.0831575472763388
128,2025-11-18 01:00:00,34,1185.1769627750014,1172.5834898037951,-12.59347297120621,-1.0625816537742647
129,2025-11-18 02:00:00,34,1185.6177943300463,1173.3471751848288,-12.27061914521778,-1.034955717086846
130,2025-11-18 03:00:00,34,1186.5363698410808,1174.924113844704,-11.612255996376916,-0.9786683570375688
131,2025-11-18 04:00:00,34,1183.8736885407511,1170.2982138602672,-13.57547468048392,-1.1466995855965951
132,2025-11-18 05:00:00,34,1176.9059245039566,1157.2367916750893,-19.669132828867305,-1.6712578651651762
133,2025-11-18 06:00:00,34,1186.945771770805,1122.1934707151186,-64.75230105568676,-5.455371474897522
134,2025-11-18 07:00:00,34,1186.1255851112733,1116.680618377118,-69.44496673415529,-5.854773525321139
135,2025-11-18 08:00:00,34,1186.2302484663714,1117.3982730796797,-68.83197538669197,-5.80258136864087
136,2025-11-18 09:00:00,34,1172.428649908965,1136.1784829281903,-36.25016698077479,-3.091886826852064
137,2025-11-18 10:00:00,34,1173.4555781427116,1141.85813235894,-31.59744578377172,-2.692683589589528
138,2025-11-18 11:00:00,34,1174.867634614228,1149.3583933562763,-25.50924125795177,-2.1712438496382465
139,2025-11-18 12:00:00,34,1174.5897056201172,1147.9080217767064,-26.68168384341084,-2.271574807419618
140,2025-11-18 13:00:00,34,1173.208732240801,1140.51143011344,-32.69730212736113,-2.7869978486189795
141,2025-11-18 14:00:00,34,1187.648971112072,1126.7348880916525,-60.91408302041941,-5.128963566009041
142,2025-11-18 15:00:00,34,1185.0582816274757,1109.0918993887178,-75.96638223875766,-6.410349888819881
143,2025-11-18 16:00:00,34,1182.8353328720607,1091.1574042945638,-91.67792857749691,-7.750692427735679
144,2025-11-18 17:00:00,34,1183.6349031635957,1098.0221361589008,-85.61276700469489,-7.233038395190172
145,2025-11-18 18:00:00,34,1185.3051339407464,1110.893958755765,-74.4111751849814,-6.277807549655077
146,2025-11-18 19:00:00,34,1186.5782773911394,1119.7541115651045,-66.82416582603514,-5.631669405996337
147,2025-11-18 20:00:00,34,1172.3716610281351,1135.8571209040429,-36.51454012409226,-3.114587407552149
148,2025-11-18 21:00:00,34,1176.3543937748325,1156.128283680871,-20.22611009396155,-1.7193891739595148
149,2025-11-18 22:00:00,34,1178.594794793064,1160.553915103083,-18.04087968998101,-1.5307109593292072
150,2025-11-18 23:00:00,34,1181.8654685873207,1166.6900714165304,-15.175397170790347,-1.284020692213763
151,2025-11-19 00:00:00,34,1182.597146376154,1168.0175039612768,-14.5796424148773,-1.232849450005343
152,2025-11-19 01:00:00,34,1182.6802275643586,1168.1672787716434,-14.51294879271518,-1.227123651386606
153,2025-11-19 02:00:00,34,1182.2897561563375,1167.4616798783445,-14.828076277993432,-1.254182927728308
154,2025-11-19 03:00:00,34,1182.6482818297836,1168.1097111547351,-14.538570675048504,-1.22932328219803
155,2025-11-19 04:00:00,34,1180.4635136810507,1164.1023532511908,-16.361160429859865,-1.385994589433832
156,2025-11-19 05:00:00,34,1173.6877224258392,1143.114499410138,-30.57322301570116,-2.604885646457205
157,2025-11-19 06:00:00,34,1184.0285266186872,1101.2131058315529,-82.81542078713437,-6.99437715606702
158,2025-11-19 07:00:00,34,1183.4697966683364,1096.6492521180878,-86.82054455024854,-7.3361014192895135
159,2025-11-19 08:00:00,34,1183.5559761489164,1097.3685136413972,-86.18746250751929,-7.282077421294274
160,2025-11-19 09:00:00,34,1184.7541014934714,1106.828137402806,-77.9259640906655,-6.577395595628999
161,2025-11-19 10:00:00,34,1185.3051339407464,1110.893958755765,-74.4111751849814,-6.277807549655077
162,2025-11-19 11:00:00,34,1185.3896177403908,1111.503852644497,-73.88576509589348,-6.2330362937323285
163,2025-11-19 12:00:00,34,1186.08368672168,1116.392099376542,-69.69158734513803,-5.875773195883394
164,2025-11-19 13:00:00,34,1186.3347940402814,1118.1108127332172,-68.22398130706415,-5.750820227965735
165,2025-11-19 14:00:00,34,1185.2558161092545,1110.5363406201077,-74.71947548914682,-6.304080053740848
166,2025-11-19 15:00:00,34,1183.8712790192458,1099.9516497655989,-83.91962925364692,-7.0885771739617205
167,2025-11-19 16:00:00,34,1182.4583506841498,1087.7067151385702,-94.75163554557956,-8.013105534817182
0,2025-11-12 17:00:00,35,2500.3768197399763,2355.5130832661466,-144.8637364738297,-5.793676190330969
1,2025-11-12 18:00:00,35,2500.954173134306,2356.2544924041736,-144.6996807301325,-5.78577897526161
2,2025-11-12 19:00:00,35,2501.485724505594,2356.911031138163,-144.57469336743134,-5.779553005284721
3,2025-11-12 20:00:00,35,2502.666355093428,2358.1414802691656,-144.52487482426204,-5.774835887737291
4,2025-11-12 21:00:00,35,2479.4682859715654,2336.660053935299,-142.80823203626642,-5.759631322741756
5,2025-11-12 22:00:00,35,2419.728088116883,2313.449469903547,-106.2786182133359,-4.392171944247076
6,2025-11-12 23:00:00,35,2419.947465056614,2313.70189498606,-106.2455700705541,-4.390408122684949
7,2025-11-13 00:00:00,35,2420.9419929924547,2314.840952616183,-106.1010403762716,-4.3826345564407045
8,2025-11-13 01:00:00,35,2393.026926408944,2288.882399247163,-104.14452716178084,-4.351999804618313
9,2025-11-13 02:00:00,35,2392.488361143675,2288.980127959121,-103.50823318455332,-4.326383980195145
10,2025-11-13 03:00:00,35,2392.8661189753693,2288.911983877037,-103.95413509833224,-4.344335618026371
11,2025-11-13 04:00:00,35,2420.834979568168,2314.7182587851967,-106.11672078297124,-4.383476018753682
12,2025-11-13 05:00:00,35,2479.5704105820478,2336.76179119523,-142.8086193868171,-5.759409725868386
13,2025-11-13 06:00:00,35,2501.979809598468,2357.4977015759123,-144.48210802255562,-5.774711189445727
14,2025-11-13 07:00:00,35,2501.9310964969823,2357.440921892646,-144.49017460433606,-5.775146038459671
15,2025-11-13 08:00:00,35,2501.655472406454,2357.1152368467256,-144.54023555972844,-5.777783437968329
16,2025-11-13 09:00:00,35,2501.1174609682644,2356.4588775221114,-144.658583446153,-5.783758088280705
17,2025-11-13 10:00:00,35,2500.6192974253354,2355.8279964544545,-144.7913009708809,-5.790217692071704
18,2025-11-13 11:00:00,35,2500.4493825935447,2355.60785764478,-144.8415249487648,-5.7926197569546725
19,2025-11-13 12:00:00,35,2500.381677678261,2355.519442479964,-144.86223519829718,-5.793604892066301
20,2025-11-13 13:00:00,35,2500.3946179080026,2355.536371716514,-144.85824619148843,-5.793415373477589
21,2025-11-13 14:00:00,35,2500.293787298885,2355.404074465601,-144.88971283328465,-5.794907525239734
22,2025-11-13 15:00:00,35,2499.9207117564147,2354.9068901771257,-145.01382157928902,-5.800736835265628
23,2025-11-13 16:00:00,35,2500.264279485052,2355.3651912487408,-144.89908823631094,-5.795350892512611
24,2025-11-13 17:00:00,35,2500.1535136556954,2355.218557864895,-144.93495579080036,-5.797042261572097
25,2025-11-13 18:00:00,35,2500.051384776424,2355.082413031677,-144.9689717447468,-5.79863968506836
26,2025-11-13 19:00:00,35,2500.483021117263,2355.651638051909,-144.8313830653542,-5.792136232968333
27,2025-11-13 20:00:00,35,2501.1306536900843,2356.4752871677683,-144.65536652231594,-5.783598961889346
28,2025-11-13 21:00:00,35,2501.648717854891,2357.1071631451723,-144.54155470971864,-5.777851769438671
29,2025-11-13 22:00:00,35,2502.5066564549675,2357.99339356954,-144.5132628854276,-5.774740399298039
30,2025-11-13 23:00:00,35,2502.938314717596,2358.392985258999,-144.54532945859685,-5.775025641209449
31,2025-11-14 00:00:00,35,2502.952172691766,2358.405778164274,-144.54639452749188,-5.775036219411313
32,2025-11-14 01:00:00,35,2479.635016883564,2336.810674410339,-142.82434247322453,-5.759893754554571
33,2025-11-14 02:00:00,35,2479.6818833161924,2336.8644248563883,-142.81745845980413,-5.759507274731861
34,2025-11-14 03:00:00,35,2479.611333073012,2336.7833776831494,-142.82795538986238,-5.760094474679384
35,2025-11-14 04:00:00,35,2501.991284209645,2357.511041376933,-144.48024283271295,-5.774610157299284
36,2025-11-14 05:00:00,35,2500.478224330328,2355.64540105176,-144.8328232785684,-5.792204941810969
37,2025-11-14 06:00:00,35,2498.974520564921,2353.590496728346,-145.38402383657467,-5.8177473455675335
38,2025-11-14 07:00:00,35,2498.7220537229205,2353.2252214565137,-145.49683226640673,-5.822849806349076
39,2025-11-14 08:00:00,35,2498.8203267958,2353.3681369005394,-145.4521898952603,-5.82083426869556
40,2025-11-14 09:00:00,35,2499.255845167868,2353.990403702253,-145.2654414656149,-5.812347773297209
41,2025-11-14 10:00:00,35,2499.815791633519,2354.7648764559394,-145.05091517757955,-5.80246415208039
42,2025-11-14 11:00:00,35,2500.0378997865346,2355.0643687069983,-144.97353107953631,-5.798853333060065
43,2025-11-14 12:00:00,35,2500.345984942944,2355.472671710431,-144.87331323251328,-5.794130656514689
44,2025-11-14 13:00:00,35,2500.0378997865346,2355.0643687069983,-144.97353107953631,-5.798853333060065
45,2025-11-14 14:00:00,35,2499.8019393972504,2354.7460545365507,-145.0558848606997,-5.802695108544298
46,2025-11-14 15:00:00,35,2499.410737830518,2354.2074641587287,-145.20327367178925,-5.809500274365681
47,2025-11-14 16:00:00,35,2499.17098252417,2353.870546937067,-145.30043558710304,-5.813945368409694
48,2025-11-14 17:00:00,35,2499.4827717736625,2354.307666908836,-145.1751048648266,-5.808205861799505
49,2025-11-14 18:00:00,35,2499.913869761474,2354.897658707075,-145.0162110543988,-5.800848293554823
50,2025-11-14 19:00:00,35,2500.586239852057,2355.7853640150097,-144.80087583704744,-5.790677143197202
51,2025-11-14 20:00:00,35,2500.857421957221,2356.1322790171253,-144.7251429400958,-5.787020950072035
52,2025-11-14 21:00:00,35,2501.2295188735743,2356.5977634859373,-144.631755387637,-5.782426374560449
53,2025-11-14 22:00:00,35,2501.5409918729847,2356.977814573112,-144.56317729987268,-5.7789649567818415
54,2025-11-14 23:00:00,35,2502.376903651081,2357.872855722101,-144.50404792898007,-5.774671581972409
55,2025-11-15 00:00:00,35,2502.782029256915,2358.2485586040307,-144.53347065288426,-5.774912435974169
56,2025-11-15 01:00:00,35,2502.893863281024,2358.351935326981,-144.54192795404242,-5.774992302892283
57,2025-11-15 02:00:00,35,2479.630475297132,2336.8054469278777,-142.82502836925414,-5.759931965352198
58,2025-11-15 03:00:00,35,2502.5582025742005,2358.041224182662,-144.5169783915385,-5.774769923148414
59,2025-11-15 04:00:00,35,2502.1047377065324,2357.619373038116,-144.48536466841688,-5.774553018945737
60,2025-11-15 05:00:00,35,2501.655472406454,2357.1152368467256,-144.54023555972844,-5.777783437968329
61,2025-11-15 06:00:00,35,2500.9931102655005,2356.3034439769663,-144.68966628853423,-5.785288479790105
62,2025-11-15 07:00:00,35,2500.5925474304354,2355.793505864763,-144.79904156567227,-5.790589183130423
63,2025-11-15 08:00:00,35,2500.670959871381,2355.8944322377147,-144.77652763366632,-5.789507294518777
64,2025-11-15 09:00:00,35,2500.84523721555,2356.116829288954,-144.728407926596,-5.787179701201228
65,2025-11-15 10:00:00,35,2501.2179620789707,2356.5834920131347,-144.634470065836,-5.782561626321372
66,2025-11-15 11:00:00,35,2501.328375752088,2356.719348145015,-144.60902760707313,-5.781289214519575
67,2025-11-15 12:00:00,35,2501.304156001036,2356.689642120392,-144.6145138806437,-5.7815645303946726
68,2025-11-15 13:00:00,35,2501.359587002291,2356.757550545377,-144.602036456914,-5.78093758323687
69,2025-11-15 14:00:00,35,2500.678757161667,2355.9044390602294,-144.77431810143753,-5.789400885132483
70,2025-11-15 15:00:00,35,2499.8036720987534,2354.748409794166,-145.05526230458736,-5.802666182292776
71,2025-11-15 16:00:00,35,2499.6516706556504,2354.540784947089,-145.11088570856143,-5.805244283116429
72,2025-11-15 17:00:00,35,2499.968456752127,2354.971195350241,-144.99726140188568,-5.799963635951676
73,2025-11-15 18:00:00,35,2500.584662155642,2355.783326977192,-144.8013351784498,-5.790699166075147
74,2025-11-15 19:00:00,35,2501.1511256202984,2356.5007201919007,-144.6504054283978,-5.783353270687462
75,2025-11-15 20:00:00,35,2501.762520735887,2357.242607692765,-144.51991304312196,-5.776723883472833
76,2025-11-15 21:00:00,35,2502.592453844188,2358.072989430833,-144.51946441335485,-5.774790225686211
77,2025-11-15 22:00:00,35,2479.6594340408647,2336.849681747682,-142.80975229318256,-5.759248642482291
78,2025-11-15 23:00:00,35,2479.5814968081177,2336.7727772237445,-142.8087195843732,-5.7593880164134985
79,2025-11-16 00:00:00,35,2479.470554499048,2336.6623242316177,-142.8082302674302,-5.759625981776709
80,2025-11-16 01:00:00,35,2479.501073865877,2336.6928218997527,-142.80825196612477,-5.759555963549852
81,2025-11-16 02:00:00,35,2479.5302768429246,2336.7219243162976,-142.808352526627,-5.759492185288357
82,2025-11-16 03:00:00,35,2479.359285156481,2336.5504242684005,-142.8088608880803,-5.759909898619923
83,2025-11-16 04:00:00,35,2479.2821199285136,2336.4721807524734,-142.8099391760402,-5.7601326621174485
84,2025-11-16 05:00:00,35,2479.495436985601,2336.687195421643,-142.80824156395784,-5.75956863778601
85,2025-11-16 06:00:00,35,2479.6259275261923,2336.800209031198,-142.82571849499436,-5.759970361234485
86,2025-11-16 07:00:00,35,2501.854612395653,2357.3512928721293,-144.50331952352326,-5.775847997224507
87,2025-11-16 08:00:00,35,2501.582123208324,2357.027330927315,-144.5547922810092,-5.778534749665348
88,2025-11-16 09:00:00,35,2501.476002607917,2356.899254072643,-144.57674853527442,-5.779657625519722
89,2025-11-16 10:00:00,35,2501.309862770957,2356.696646397176,-144.6132163737807,-5.781499466586592
90,2025-11-16 11:00:00,35,2501.278414517652,2356.6580112267766,-144.6204032908754,-5.781859486392445
91,2025-11-16 12:00:00,35,2501.1627965157986,2356.5152025843163,-144.64759393148233,-5.783213876880831
92,2025-11-16 13:00:00,35,2500.819277440443,2356.0838700193704,-144.73540742107252,-5.787519663124454
93,2025-11-16 14:00:00,35,2500.4204361382667,2355.570105398285,-144.85033073998147,-5.79303898842281
94,2025-11-16 15:00:00,35,2499.6269724493386,2354.5068550820997,-145.12011736723937,-5.805670964777549
95,2025-11-16 16:00:00,35,2499.200582994483,2353.9124290988166,-145.28815389566626,-5.813385083384762
96,2025-11-16 17:00:00,35,2499.220881910967,2353.9411034888326,-145.2797784221343,-5.813002743120879
97,2025-11-16 18:00:00,35,2499.2668603043526,2354.005912372074,-145.26094793227867,-5.812142362204141
98,2025-11-16 19:00:00,35,2499.879579852141,2354.851331665386,-145.0282481867548,-5.801409370099847
99,2025-11-16 20:00:00,35,2500.283963105503,2355.3911372572074,-144.89282584829562,-5.795054801228658
100,2025-11-16 21:00:00,35,2500.7547489646213,2356.00168736843,-144.7530615961914,-5.78837495584575
101,2025-11-16 22:00:00,35,2501.0110097353577,2356.3259021464687,-144.68510758888897,-5.785064800822236
102,2025-11-16 23:00:00,35,2501.326953523116,2356.7176052275963,-144.6093482955198,-5.781305322434466
103,2025-11-17 00:00:00,35,2501.648717854891,2357.1071631451723,-144.54155470971864,-5.777851769438671
104,2025-11-17 01:00:00,35,2501.67165254109,2357.1345592358603,-144.53709330522997,-5.77762046263807
105,2025-11-17 02:00:00,35,2501.7279412338844,2357.2015841002108,-144.52635713367363,-5.777061316363256
106,2025-11-17 03:00:00,35,2501.6270525347886,2357.081237347421,-144.54581518736768,-5.778072116741213
107,2025-11-17 04:00:00,35,2500.9526713133323,2356.252601641745,-144.70006967158724,-5.785798001351241
108,2025-11-17 05:00:00,35,2499.1746874334613,2353.875793516011,-145.2988939174502,-5.813875062357708
109,2025-11-17 06:00:00,35,2497.7638171079743,2351.369764557776,-146.39405255019847,-5.861004613306482
110,2025-11-17 07:00:00,35,2497.4281092903493,2350.494806589884,-146.93330270046545,-5.883384676975424
111,2025-11-17 08:00:00,35,2497.3694344914543,2350.339510540673,-147.0299239507808,-5.88739182598032
112,2025-11-17 09:00:00,35,2497.845773088956,2351.5800736616898,-146.2656994272661,-5.855673757086568
113,2025-11-17 10:00:00,35,2498.1455320962864,2352.339254570322,-145.80627752596456,-5.836580601595821
114,2025-11-17 11:00:00,35,2498.421670865967,2352.7824515743314,-145.63921929163553,-5.8292489610513245
115,2025-11-17 12:00:00,35,2498.3196718651607,2352.6300174644825,-145.68965440067814,-5.831505713274522
116,2025-11-17 13:00:00,35,2497.960389770868,2351.87217173041,-146.08821804045783,-5.848300022637996
117,2025-11-17 14:00:00,35,2497.35853823881,2350.310589137512,-147.0479491012984,-5.888139281955074
118,2025-11-17 15:00:00,35,2502.698489692926,2348.3033716158297,-154.3951180770964,-6.169145772571279
119,2025-11-17 16:00:00,35,2502.166005921525,2346.692963937813,-155.4730419837124,-6.213538255086839
120,2025-11-17 17:00:00,35,2502.5746772550506,2347.9382035029103,-154.63647375214032,-6.179095279656284
121,2025-11-17 18:00:00,35,2502.745459909572,2348.4405778082914,-154.30488210128078,-6.165424513720066
122,2025-11-17 19:00:00,35,2497.103049537729,2349.6247495281823,-147.47830000954673,-5.905975728028058
123,2025-11-17 20:00:00,35,2497.5532134607274,2350.823500341843,-146.72971311888432,-5.874938412846416
124,2025-11-17 21:00:00,35,2498.5168119757413,2352.9236733469247,-145.59313862881663,-5.827182668172106
125,2025-11-17 22:00:00,35,2499.154293267998,2353.846897227524,-145.3073960404745,-5.814262706063838
126,2025-11-17 23:00:00,35,2500.326449885445,2355.447026740711,-144.87942314473457,-5.79442029065334
127,2025-11-18 00:00:00,35,2500.589394282647,2355.7894361998656,-144.79995808278136,-5.79063313688574
128,2025-11-18 01:00:00,35,2500.670959871381,2355.8944322377147,-144.77652763366632,-5.789507294518777
129,2025-11-18 02:00:00,35,2500.780935042208,2356.035081510845,-144.74585353136263,-5.7880261122879855
130,2025-11-18 03:00:00,35,2501.006539098107,2356.3202955678157,-144.6862435302919,-5.785120561198832
131,2025-11-18 04:00:00,35,2500.3394784606003,2355.4641338934184,-144.87534456718186,-5.794226976585522
132,2025-11-18 05:00:00,35,2498.415696970854,2352.77355341621,-145.642143554644,-5.829379943907031
133,2025-11-18 06:00:00,35,2502.383346698401,2347.363281044779,-155.02006565362217,-6.194896791418981
134,2025-11-18 07:00:00,35,2502.109963052017,2346.516871043445,-155.59309200857297,-6.218475379027067
135,2025-11-18 08:00:00,35,2502.1450162497367,2346.627175410925,-155.51784083881148,-6.215380796429802
136,2025-11-18 09:00:00,35,2497.0562416093253,2349.497421539221,-147.55882007010405,-5.9093110363827455
137,2025-11-18 10:00:00,35,2497.3759676563527,2350.356838799422,-147.01912885693082,-5.886944167037053
138,2025-11-18 11:00:00,35,2497.808017800802,2351.483341681569,-146.32467611923357,-5.858123405659706
139,2025-11-18 12:00:00,35,2497.723683847449,2351.266324370189,-146.45735947725962,-5.863633372433707
140,2025-11-18 13:00:00,35,2497.2995331260645,2350.153520414979,-147.1460127110854,-5.892205190415876
141,2025-11-18 14:00:00,35,2502.615324675353,2348.0586589355107,-154.55666573984217,-6.1758059345333765
142,2025-11-18 15:00:00,35,2501.749756641425,2345.348836898145,-156.40091974328016,-6.251661235424557
143,2025-11-18 16:00:00,35,2500.9838144042533,2342.5845154339536,-158.3992989702997,-6.333479571439417
144,2025-11-18 17:00:00,35,2501.2617183087536,2343.6423152380394,-157.61940307071427,-6.301595787316882
145,2025-11-18 18:00:00,35,2501.833510015301,2345.6264303133244,-156.20707970197645,-6.243704030530038
146,2025-11-18 19:00:00,35,2502.2612256365637,2346.989030073232,-155.27219556333148,-6.20527521157712
147,2025-11-18 20:00:00,35,2497.038364948386,2349.4486496542604,-147.58971529412565,-5.910590616703494
148,2025-11-18 21:00:00,35,2498.2531696540445,2352.5300480181777,-145.72312163586685,-5.833000570396411
149,2025-11-18 22:00:00,35,2498.904372751793,2353.489620292544,-145.41475245924903,-5.819140341857834
150,2025-11-18 23:00:00,35,2499.8105995559617,2354.7578236290087,-145.05277592695302,-5.80255063934518
151,2025-11-19 00:00:00,35,2500.005788099168,2355.0213360443413,-144.9844520548263,-5.799364655273958
152,2025-11-19 01:00:00,35,2500.0277721583666,2355.050806453649,-144.9769657047177,-5.79901420773233
153,2025-11-19 02:00:00,35,2499.9241307571424,2354.911501680903,-145.0126290762396,-5.800681200365876
154,2025-11-19 03:00:00,35,2500.019323371024,2355.039485546218,-144.9798378248056,-5.799148689351525
155,2025-11-19 04:00:00,35,2499.4287975591023,2354.2326301931,-145.19616736600256,-5.80917398038298
156,2025-11-19 05:00:00,35,2497.447605793949,2350.546245574793,-146.90136021915623,-5.882059742849166
157,2025-11-19 06:00:00,35,2501.397544201767,2344.1343070360463,-157.2632371657205,-6.287014934121779
158,2025-11-19 07:00:00,35,2501.2045515222285,2343.430674418552,-157.77387710367657,-6.307915800315319
159,2025-11-19 08:00:00,35,2501.234404742584,2343.54155048048,-157.692854262104,-6.304601198636281
160,2025-11-19 09:00:00,35,2501.6461899060387,2344.9999833540005,-156.64620655203817,-6.261725066641889
161,2025-11-19 10:00:00,35,2501.833510015301,2345.6264303133244,-156.20707970197645,-6.243704030530038
162,2025-11-19 11:00:00,35,2501.8621132594008,2345.720353077586,-156.1417601818148,-6.241021811485641
163,2025-11-19 12:00:00,35,2502.0959170989154,2346.4725163566777,-155.62340074223766,-6.21972162133085
164,2025-11-19 13:00:00,35,2502.179981454599,2346.736660882674,-155.4433205719247,-6.2123157296446925
165,2025-11-19 14:00:00,35,2501.8167983622543,2345.57135102874,-156.24544733351468,-6.2452793280385865
166,2025-11-19 15:00:00,35,2501.3433619500984,2343.939804638752,-157.4035573113465,-6.292760910226714
167,2025-11-19 16:00:00,35,2500.85186849926,2342.053426798293,-158.79844170096658,-6.349773999059775
0,2025-11-12 17:00:00,37,1076.7399456854362,1050.909960192783,-25.82998549265312,-2.398906587997917
1,2025-11-12 18:00:00,37,1079.70220758271,1056.8446268143307,-22.85758076837942,-2.117026399302645
2,2025-11-12 19:00:00,37,1082.5571221303524,1062.3867340712677,-20.170388059084644,-1.8632169745825105
3,2025-11-12 20:00:00,37,1087.391201021755,1071.139068483642,-16.252132538113074,-1.4945984961844403
4,2025-11-12 21:00:00,37,1064.4781778737554,1049.40481186241,-15.073366011345342,-1.416033350862455
5,2025-11-12 22:00:00,37,1046.7285282556954,1035.925455160192,-10.80307309550335,-1.0320797421568288
6,2025-11-12 23:00:00,37,1047.768585377367,1037.5154126631185,-10.253172714248194,-0.9785722589263725
7,2025-11-13 00:00:00,37,1052.407526370529,1044.5404664213202,-7.867059949208851,-0.7475298068553565
8,2025-11-13 01:00:00,37,1038.3312064304748,1031.3630928757746,-6.968113554700267,-0.6710877523035172
9,2025-11-13 02:00:00,37,1038.649928500728,1033.203619822275,-5.446308678453079,-0.5243642279275679
10,2025-11-13 03:00:00,37,1038.4266480616295,1031.9158858015226,-6.510762260107185,-0.6269833572029805
11,2025-11-13 04:00:00,37,1051.9086785961083,1043.7886365065408,-8.120042089567505,-0.7719341283888469
12,2025-11-13 05:00:00,37,1064.144753767199,1049.2115319276777,-14.933221839521591,-1.4033073777468912
13,2025-11-13 06:00:00,37,1085.3474235859087,1067.6518367700785,-17.69558681583044,-1.630407594037079
14,2025-11-13 07:00:00,37,1085.0655630766253,1067.12638748213,-17.939175594495282,-1.653280336685835
15,2025-11-13 08:00:00,37,1083.4993450259565,1064.1806781067994,-19.318666919157067,-1.7829883338502863
16,2025-11-13 09:00:00,37,1080.564921982028,1058.536855545765,-22.028066436262637,-2.038569454564342
17,2025-11-13 10:00:00,37,1077.9683115200787,1053.39504495687,-24.57326656320879,-2.279590809915109
18,2025-11-13 11:00:00,37,1077.1052931514662,1051.652791222523,-25.452501928942866,-2.3630467783212024
19,2025-11-13 12:00:00,37,1076.7643466197596,1050.9596719840067,-25.80467463575292,-2.3965015852131835
20,2025-11-13 13:00:00,37,1076.8293846941133,1051.0921036793372,-25.737281014776045,-2.390098318322455
21,2025-11-13 14:00:00,37,1076.3241542185456,1050.0606614423273,-26.2634927762183,-2.440109949524142
22,2025-11-13 15:00:00,37,1074.484157777331,1046.2504237518135,-28.23373402551715,-2.627654751459642
23,2025-11-13 16:00:00,37,1076.1769628455563,1049.758997819191,-26.41796502636521,-2.454797485769679
24,2025-11-13 17:00:00,37,1075.6270467847503,1048.6272178473755,-26.99982893737456,-2.510147826617235
25,2025-11-13 18:00:00,37,1075.1235648478666,1047.584319912596,-27.53924493527052,-2.5614957978497483
26,2025-11-13 19:00:00,37,1077.2753012510532,1051.997375423356,-25.27792582769712,-2.346468520938106
27,2025-11-13 20:00:00,37,1080.6351512975948,1058.673929291883,-21.96122200571176,-2.032251308810506
28,2025-11-13 21:00:00,37,1083.4615409184112,1064.1090224415889,-19.352518476822297,-1.7861749352374674
29,2025-11-13 22:00:00,37,1086.9332785630008,1070.361899080971,-16.571379482029897,-1.524599513958978
30,2025-11-13 23:00:00,37,1088.1672198689942,1072.4574660776216,-15.709753791372576,-1.4436893066181404
31,2025-11-14 00:00:00,37,1088.2066304759928,1072.524477511691,-15.68215296430185,-1.4411006627888596
32,2025-11-14 01:00:00,37,1062.8963189292408,1047.575568533622,-15.320750395618688,-1.4414153217740726
33,2025-11-14 02:00:00,37,1063.2556268464632,1048.2348876862598,-15.020739160203448,-1.412711936898358
34,2025-11-14 03:00:00,37,1062.7161049263395,1047.2440452426474,-15.472059683692123,-1.4558977333616812
35,2025-11-14 04:00:00,37,1085.4140504013965,1067.7758397479631,-17.63821065343336,-1.625021405141253
36,2025-11-14 05:00:00,37,1077.251033313666,1051.9482291264612,-25.30280418720463,-2.348830811456474
37,2025-11-14 06:00:00,37,1069.997121951026,1036.5640198134213,-33.43310213760469,-3.1245973892568037
38,2025-11-14 07:00:00,37,1068.837257796411,1033.9568684886942,-34.88038930771677,-3.263395718411669
39,2025-11-14 08:00:00,37,1069.287046689099,1034.9734282795437,-34.313618409555374,-3.2090184310941385
40,2025-11-14 09:00:00,37,1071.3069722689074,1039.454436899876,-31.85253536903156,-2.9732407417802458
41,2025-11-14 10:00:00,37,1073.974523988907,1045.1794890674194,-28.795034921487968,-2.6811655470689155
42,2025-11-14 11:00:00,37,1075.05733434519,1047.446648436899,-27.61068590829086,-2.568298920085815
43,2025-11-14 12:00:00,37,1076.585258581252,1050.5944842687238,-25.99077431252817,-2.4141863457037664
44,2025-11-14 13:00:00,37,1075.05733434519,1047.446648436899,-27.61068590829086,-2.568298920085815
45,2025-11-14 14:00:00,37,1073.9074826887966,1045.03808735567,-28.869395333126704,-2.688257210094573
46,2025-11-14 15:00:00,37,1072.036489861209,1041.040866870346,-30.99562299086301,-2.8912843251143303
47,2025-11-14 16:00:00,37,1070.9098392543146,1038.58390269101,-32.325936563304595,-3.018548843085938
48,2025-11-14 17:00:00,37,1072.3778711267437,1041.777734267632,-30.60013685911167,-2.85348454896409
49,2025-11-14 18:00:00,37,1074.45082319956,1046.1805878272824,-28.27023537227751,-2.631133483437876
50,2025-11-14 19:00:00,37,1077.7995628746116,1053.0557324978506,-24.743830376761025,-2.295772908903996
51,2025-11-14 20:00:00,37,1079.1965288517542,1055.8453919174178,-23.35113693433641,-2.163752042381159
52,2025-11-14 21:00:00,37,1081.1640445220405,1059.7029843039943,-21.46106021804576,-1.9849957392481763
53,2025-11-14 22:00:00,37,1082.8621344218188,1062.9693012755772,-19.892833146241628,-1.837060555900144
54,2025-11-14 23:00:00,37,1086.5600505809316,1069.7287997534054,-16.83125082752622,-1.549040093874918
55,2025-11-15 00:00:00,37,1087.72186601819,1071.700605683825,-16.021260334365024,-1.4729188439517038
56,2025-11-15 01:00:00,37,1088.04071682408,1072.2424077726555,-15.79830905142444,-1.4519961254334923
57,2025-11-15 02:00:00,37,1062.8616914536717,1047.511911034274,-15.349780419397575,-1.4441935900807323
58,2025-11-15 03:00:00,37,1087.0812588246072,1070.6129918872468,-16.46826693736034,-1.5149067103931535
59,2025-11-15 04:00:00,37,1085.773878997877,1068.395896190269,-17.377982807608078,-1.6005158296538884
60,2025-11-15 05:00:00,37,1083.4993450259565,1064.1806781067994,-19.318666919157067,-1.7829883338502863
61,2025-11-15 06:00:00,37,1079.906851657296,1057.2474547292888,-22.659396928007027,-2.098273280999415
62,2025-11-15 07:00:00,37,1077.8317290520486,1053.120461186009,-24.711267866039638,-2.292683282554055
63,2025-11-15 08:00:00,37,1078.2328714738749,1053.9257044450055,-24.30716702886912,-2.254352252834101
64,2025-11-15 09:00:00,37,1079.133124218694,1055.7197129531448,-23.413411265549257,-2.1696499477301154
65,2025-11-15 10:00:00,37,1081.101979751747,1059.582520665482,-21.519459086264987,-1.9905114863638016
66,2025-11-15 11:00:00,37,1081.6976150425153,1060.7354225657605,-20.962192476754808,-1.9378976328732045
67,2025-11-15 12:00:00,37,1081.5664440891685,1060.4821382201776,-21.08430586899067,-1.9494230783709856
68,2025-11-15 13:00:00,37,1081.867086813332,1061.062159976785,-20.804926836546883,-1.923057563182585
69,2025-11-15 14:00:00,37,1078.2728907598405,1054.0058379108798,-24.267052848960702,-2.2505483590392523
70,2025-11-15 15:00:00,37,1073.9158654478022,1045.0557747501653,-28.860090697636902,-2.6873698048592294
71,2025-11-15 16:00:00,37,1073.183777443255,1043.5037733893205,-29.68000405393468,-2.7656031220155137
72,2025-11-15 17:00:00,37,1074.7171710014636,1046.7377644181545,-27.979406583309128,-2.6034204475617355
73,2025-11-15 18:00:00,37,1077.7915195948167,1053.039543119277,-24.751976475539777,-2.296545855625678
74,2025-11-15 19:00:00,37,1080.744290366055,1058.8867459856624,-21.857544380392937,-2.022452912796758
75,2025-11-15 20:00:00,37,1084.102071870185,1065.319547312052,-18.78252455813299,-1.7325420774937963
76,2025-11-15 21:00:00,37,1087.179496098182,1070.7797081290707,-16.39978796911123,-1.508471050821785
77,2025-11-15 22:00:00,37,1063.8437913839489,1049.028111709986,-14.815679673962675,-1.3926555565727408
78,2025-11-15 23:00:00,37,1064.1078111439078,1049.189466843158,-14.918344300749824,-1.4019579731035632
79,2025-11-16 00:00:00,37,1064.470903132684,1049.400709592085,-15.07019354059912,-1.415744995588729
80,2025-11-16 01:00:00,37,1064.3724600299668,1049.3446878557404,-15.027772174226357,-1.4118903615566358
81,2025-11-16 02:00:00,37,1064.2772506817737,1049.2896134413745,-14.98763724039918,-1.4082455704843952
82,2025-11-16 03:00:00,37,1064.8209773910862,1049.5921135532114,-15.22886383787477,-1.430180674613206
83,2025-11-16 04:00:00,37,1065.0559674215283,1049.713506930415,-15.342460491113345,-1.4405309167232805
84,2025-11-16 05:00:00,37,1064.390723131845,1049.3551522901842,-15.035570841660956,-1.412598824369734
85,2025-11-16 06:00:00,37,1062.8270422352584,1047.448207419529,-15.378834815729531,-1.446974362205342
86,2025-11-16 07:00:00,37,1084.6261762720833,1066.3044690191364,-18.321707252946908,-1.6892186131741325
87,2025-11-16 08:00:00,37,1083.0902237377938,1063.4037910494778,-19.686432688316017,-1.8176170605969684
88,2025-11-16 09:00:00,37,1082.5036396869943,1062.284400180696,-20.21923950629844,-1.8678218497394448
89,2025-11-16 10:00:00,37,1081.5973247697536,1060.5417979458218,-21.05552682393181,-1.9467066293284363
90,2025-11-16 11:00:00,37,1081.4273519282203,1060.2131847466137,-21.214167181606623,-1.9616821364635424
91,2025-11-16 12:00:00,37,1080.8065973970367,1059.0081326681934,-21.798464728843328,-2.0168700654993885
92,2025-11-16 13:00:00,37,1078.9982450767616,1055.452067642487,-23.54617743427457,-2.182225739634957
93,2025-11-16 14:00:00,37,1076.9593253734265,1051.3563883560785,-25.60293701734804,-2.3773355607901383
94,2025-11-16 15:00:00,37,1073.06544071776,1043.25149507151,-29.813945646249977,-2.778390256078679
95,2025-11-16 16:00:00,37,1071.0481595698154,1038.8876704106988,-32.16048915911665,-3.002711770872549
96,2025-11-16 17:00:00,37,1071.143138911851,1039.095906692767,-32.047232219084435,-2.991872052846313
97,2025-11-16 18:00:00,37,1071.3586508375156,1039.5673559150096,-31.79129492250604,-2.967381175076503
98,2025-11-16 19:00:00,37,1074.2839737173967,1045.8305929151895,-28.45338080220722,-2.648590270200961
99,2025-11-16 20:00:00,37,1076.2751160864188,1049.960218515298,-26.31489757112081,-2.444997303924276
100,2025-11-16 21:00:00,37,1078.6641703970924,1054.7874322781668,-23.876738118925687,-2.2135469754349826
101,2025-11-16 22:00:00,37,1080.0011499183145,1057.432776096152,-22.568373822162584,-2.0896620178478083
102,2025-11-16 23:00:00,37,1081.6899043096676,1060.7205429719425,-20.969361337725104,-1.9385741934152292
103,2025-11-17 00:00:00,37,1083.4615409184112,1064.1090224415889,-19.352518476822297,-1.7861749352374674
104,2025-11-17 01:00:00,37,1083.5900105364908,1064.3524215004172,-19.237589036073587,-1.775356809218734
105,2025-11-17 02:00:00,37,1083.906626181184,1064.9509791633575,-18.95564701782655,-1.748826564942316
106,2025-11-17 03:00:00,37,1083.34046164425,1063.879343890872,-19.46111775337795,-1.7963990492740074
107,2025-11-17 04:00:00,37,1079.694327590834,1056.82909779462,-22.86522979621418,-2.117750293940536
108,2025-11-17 05:00:00,37,1070.9271402318027,1038.621930832805,-32.305209398997704,-3.0165646368813874
109,2025-11-17 06:00:00,37,1064.5536258835302,1022.6343522895407,-41.91927359398949,-3.937732451871406
110,2025-11-17 07:00:00,37,1063.0921342662275,1017.939167849756,-45.15296641647137,-4.247323911171356
111,2025-11-17 08:00:00,37,1062.8385768509872,1017.1068331266032,-45.731743724384046,-4.302792984789802
112,2025-11-17 09:00:00,37,1064.9133013972594,1023.7647126201268,-41.14858877713266,-3.8640318158428593
113,2025-11-17 10:00:00,37,1066.2390149617613,1027.8527309221556,-38.3862840396057,-3.6001575163691
114,2025-11-17 11:00:00,37,1067.4751639472515,1030.8336219922326,-36.641541955018965,-3.432542806853498
115,2025-11-17 12:00:00,37,1067.0168327192905,1029.7668308520856,-37.2500018672049,-3.491041633548867
116,2025-11-17 13:00:00,37,1065.4182884891115,1025.3360921692877,-40.08219631982388,-3.762108906227351
117,2025-11-17 14:00:00,37,1062.7915495670543,1016.95185081924,-45.83969874781451,-4.313141063879183
118,2025-11-17 15:00:00,37,1079.3304461306236,1006.2055745818832,-73.12487154874043,-6.775021663744548
119,2025-11-17 16:00:00,37,1077.1504786306289,997.5737259665638,-79.57675266406511,-7.38770991080376
120,2025-11-17 17:00:00,37,1078.820188733987,1004.2502382242924,-74.56995050969454,-6.912176031596478
121,2025-11-17 18:00:00,37,1079.5245763521596,1006.940093275848,-72.58448307631159,-6.7237453103275415
122,2025-11-17 19:00:00,37,1061.694127973136,1013.2785574487708,-48.4155705243652,-4.5602183575032695
123,2025-11-17 20:00:00,37,1063.6345996774985,1019.701753884288,-43.9328457932105,-4.130445343403765
124,2025-11-17 21:00:00,37,1067.9045595767277,1031.8256864212717,-36.07887315545577,-3.378473556640297
125,2025-11-17 22:00:00,37,1070.8319461328144,1038.4125730663402,-32.41937306647424,-3.0274940137481936
126,2025-11-17 23:00:00,37,1076.4874296727194,1050.394669088277,-26.09276058444243,-2.423879728198528
127,2025-11-18 00:00:00,37,1077.815647351489,1053.088102605021,-24.72754474646763,-2.294227663815283
128,2025-11-18 01:00:00,37,1078.2328714738749,1053.9257044450055,-24.30716702886912,-2.254352252834101
129,2025-11-18 02:00:00,37,1078.7995361025498,1055.057036360305,-23.74249974224517,-2.200825913220288
130,2025-11-18 03:00:00,37,1079.9775843894568,1057.3864810921536,-22.591103297303107,-2.091812239795192
131,2025-11-18 04:00:00,37,1076.5526602939574,1050.5279281475548,-26.024732146402584,-2.417413760261056
132,2025-11-18 05:00:00,37,1067.4482632964186,1030.7712359753637,-36.67702732105499,-3.4359536271848508
133,2025-11-18 06:00:00,37,1078.035753417829,1001.1697885899288,-76.86596482790026,-7.130186970534387
134,2025-11-18 07:00:00,37,1076.9231745944985,996.6280074819256,-80.29516711257304,-7.455979127091136
135,2025-11-18 08:00:00,37,1077.065300827504,997.2204602277338,-79.84484059977012,-7.413184747333864
136,2025-11-18 09:00:00,37,1061.4941365188083,1012.5969074205336,-48.897229098274806,-4.606453056691794
137,2025-11-18 10:00:00,37,1062.8667823753992,1017.1996946593708,-45.66708771602839,-4.296595629225244
138,2025-11-18 11:00:00,37,1064.7474623127628,1023.2447008590055,-41.502761453757216,-3.897897193725928
139,2025-11-18 12:00:00,37,1064.37791724832,1022.0786751308176,-42.29924211750256,-3.974081144679942
140,2025-11-18 13:00:00,37,1062.537210994088,1016.1102945666972,-46.426916427390665,-4.369439107356494
141,2025-11-18 14:00:00,37,1078.9874731674352,1004.8953156281142,-74.09215753932097,-6.866822774301429
142,2025-11-18 15:00:00,37,1075.4713333450056,990.3407594889478,-85.13057385605782,-7.915652534529097
143,2025-11-18 16:00:00,37,1072.43291047801,975.3139916730964,-97.1189188049135,-9.0559435332533
144,2025-11-18 17:00:00,37,1073.5280528301555,981.0942985871012,-92.4337542430543,-8.610278417910928
145,2025-11-18 18:00:00,37,1075.80752948012,991.83750406971,-83.9700254104099,-7.805301888060601
146,2025-11-18 19:00:00,37,1077.537584852388,999.1627466186568,-78.37483823373134,-7.273513178147554
147,2025-11-18 20:00:00,37,1061.4178419283612,1012.3358240393536,-49.08201788900749,-4.624193785911525
148,2025-11-18 21:00:00,37,1066.719105234945,1029.0693888475068,-37.64971638743782,-3.5294873976355263
149,2025-11-18 22:00:00,37,1069.6734173918128,1035.8410390888264,-33.8323783029864,-3.1628698771892423
150,2025-11-18 23:00:00,37,1073.949389064204,1045.126489511661,-28.82289955254305,-2.6838228920320124
151,2025-11-19 00:00:00,37,1074.8998501757603,1047.1188340736542,-27.781016102106378,-2.584521348436676
152,2025-11-19 01:00:00,37,1075.0076309121348,1047.3432567787888,-27.664374133345973,-2.573411884515925
153,2025-11-19 02:00:00,37,1074.5008206568884,1046.2853214063318,-28.215499250556604,-2.625916956797414
154,2025-11-19 03:00:00,37,1074.966191359571,1047.2570064368017,-27.70918492276928,-2.577679665229648
155,2025-11-19 04:00:00,37,1072.121949900182,1041.2256564076808,-30.89629349250117,-2.8817891001464635
156,2025-11-19 05:00:00,37,1063.1765075279695,1018.2149199301026,-44.96158759786693,-4.228986182398702
157,2025-11-19 06:00:00,37,1074.0662560147562,983.7690030841062,-90.29725293064996,-8.40704681158975
158,2025-11-19 07:00:00,37,1073.3021193269049,979.9411717472298,-93.3609475796751,-8.698477893458753
159,2025-11-19 08:00:00,37,1073.4200617066606,980.545479352155,-92.8745823545056,-8.652212276230584
160,2025-11-19 09:00:00,37,1075.0567259209147,988.4572002009488,-86.59952571996575,-8.055344767578
161,2025-11-19 10:00:00,37,1075.80752948012,991.83750406971,-83.9700254104099,-7.805301888060601
162,2025-11-19 11:00:00,37,1075.9225347221943,992.3435359425752,-83.57899877961927,-7.768124198755586
163,2025-11-19 12:00:00,37,1076.8662668717457,996.3897208025415,-80.476546069204,-7.473216363530935
164,2025-11-19 13:00:00,37,1077.2072230968624,997.8083304641716,-79.39889263269083,-7.370809527662375
165,2025-11-19 14:00:00,37,1075.7403814068723,991.540662025802,-84.19971938107028,-7.827141272781114
166,2025-11-19 15:00:00,37,1073.851324284375,982.7125502793494,-91.13877400502564,-8.487094250757796
167,2025-11-19 16:00:00,37,1071.915697649382,972.394617469949,-99.52108017943284,-9.284412981139647
0,2025-11-12 17:00:00,38,3946.87790509866,3577.599817919962,-369.27808717869766,-9.356207515354264
1,2025-11-12 18:00:00,38,3946.1658296627375,3576.9914972884662,-369.1743323742712,-9.355266562779573
2,2025-11-12 19:00:00,38,3945.4637228388337,3576.4090240959567,-369.054698742877,-9.35389917810055
3,2025-11-12 20:00:00,38,3944.381125817093,3575.498950210963,-368.8821756061302,-9.352092605648368
4,2025-11-12 21:00:00,38,3896.039528811412,3534.021428284528,-362.01810052688415,-9.291951425280512
5,2025-11-12 22:00:00,38,3745.7200722887656,3479.0755674505567,-266.64450483820883,-7.118644738320761
6,2025-11-12 23:00:00,38,3745.220822915119,3478.739599167247,-266.4812237478718,-7.115233956764512
7,2025-11-13 00:00:00,38,3743.012384162631,3477.2956900596937,-265.71669410293725,-7.099006544227135
8,2025-11-13 01:00:00,38,3692.958349735814,3433.33660846613,-259.6217412696837,-7.030183302453344
9,2025-11-13 02:00:00,38,3691.5782977728127,3432.746083477224,-258.832214295589,-7.011424204431654
10,2025-11-13 03:00:00,38,3692.5457490945264,3433.1590122880384,-259.386736806488,-7.024604552837129
11,2025-11-13 04:00:00,38,3743.250638908382,3477.448290630918,-265.8023482774638,-7.100842928192965
12,2025-11-13 05:00:00,38,3896.612202080976,3534.4497540926163,-362.1624479883594,-9.294290250257582
13,2025-11-13 06:00:00,38,3944.7604064665848,3575.837173759212,-368.9232327073728,-9.352234221946729
14,2025-11-13 07:00:00,38,3944.832281053349,3575.89521731245,-368.9370637408993,-9.352414436296026
15,2025-11-13 08:00:00,38,3945.2282255866025,3576.2164933789736,-369.01173220762894,-9.353368451903991
16,2025-11-13 09:00:00,38,3945.9553990251593,3576.815397872879,-369.1400011522801,-9.354895426427664
17,2025-11-13 10:00:00,38,3946.584516810449,3577.34660696512,-369.2379098453293,-9.355885025965186
18,2025-11-13 11:00:00,38,3946.790912172695,3577.524323360841,-369.2665888118536,-9.356122404988858
19,2025-11-13 12:00:00,38,3946.8721019312993,3577.594770413656,-369.2773315176437,-9.356202126158266
20,2025-11-13 13:00:00,38,3946.856629378832,3577.581320654441,-369.2753087243909,-9.356187553803
21,2025-11-13 14:00:00,38,3946.9766401670745,3577.685952684596,-369.2906874824789,-9.356292705772054
22,2025-11-13 15:00:00,38,3947.410276619513,3578.0704833995524,-369.3397932199605,-9.356508884003212
23,2025-11-13 16:00:00,38,3947.011525043338,3577.716503997466,-369.2950210458721,-9.356319805572832
24,2025-11-13 17:00:00,38,3947.141549932855,3577.830943336177,-369.3106065966781,-9.35640645071268
25,2025-11-13 18:00:00,38,3947.260179102562,3577.936166728889,-369.3240123736728,-9.356464879840813
26,2025-11-13 19:00:00,38,3946.7503549503326,3577.489249406989,-369.2611055433436,-9.35607961826586
27,2025-11-13 20:00:00,38,3945.938204642942,3576.801071445237,-369.1371331977043,-9.354863509098127
28,2025-11-13 21:00:00,38,3945.237712408456,3576.224226599801,-369.0134858086544,-9.35339040910116
29,2025-11-13 22:00:00,38,3944.466704797269,3575.575149837048,-368.8915549602221,-9.352127488148788
30,2025-11-13 23:00:00,38,3944.231690640722,3575.3670565237458,-368.8646341169756,-9.352002190749989
31,2025-11-14 00:00:00,38,3944.223944935757,3575.360258815677,-368.8636861200803,-9.351996521234248
32,2025-11-14 01:00:00,38,3897.7824400723166,3535.3494476043443,-362.4329924679723,-9.298440793972278
33,2025-11-14 02:00:00,38,3897.6481949790737,3535.235617221653,-362.4125777574204,-9.298237286378953
34,2025-11-14 03:00:00,38,3897.84966777765,3535.4065359817523,-362.4431317958984,-9.298540546396817
35,2025-11-14 04:00:00,38,3944.743388215564,3575.8234413670216,-368.91994684854217,-9.352191271823797
36,2025-11-14 05:00:00,38,3946.756147322621,3577.494253978743,-369.261893343878,-9.35608584772525
37,2025-11-14 06:00:00,38,3948.447629210755,3579.042633546217,-369.4049956645381,-9.35570204684157
38,2025-11-14 07:00:00,38,3948.711722027525,3579.305172306023,-369.406549721502,-9.355115686485837
39,2025-11-14 08:00:00,38,3948.609487087746,3579.202687472783,-369.4067996149629,-9.355364231964474
40,2025-11-14 09:00:00,38,3948.147501697818,3578.7524481260457,-369.3950535717722,-9.356161425400687
41,2025-11-14 10:00:00,38,3947.52947573148,3578.1781454309707,-369.3513303005093,-9.356518616800656
42,2025-11-14 11:00:00,38,3947.2757550805622,3577.9500425186834,-369.3257125618793,-9.35647103161004
43,2025-11-14 12:00:00,38,3946.914670734259,3577.631834631714,-369.2828361025449,-9.356240681885478
44,2025-11-14 13:00:00,38,3947.2757550805622,3577.9500425186834,-369.3257125618793,-9.35647103161004
45,2025-11-14 14:00:00,38,3947.5451280221614,3578.192350970006,-369.3527770521555,-9.35651816695538
46,2025-11-14 15:00:00,38,3947.9794259520622,3578.5933678560987,-369.3860580959636,-9.356331891392404
47,2025-11-14 16:00:00,38,3948.238716811866,3578.839781214238,-369.3989355976282,-9.35604359545695
48,2025-11-14 17:00:00,38,3947.9005377639824,3578.5194870347245,-369.3810507292578,-9.356392016361902
49,2025-11-14 18:00:00,38,3947.418084954043,3578.0775083880635,-369.3405765659795,-9.35651022053519
50,2025-11-14 19:00:00,38,3946.624975317781,3577.381294743476,-369.243680574305,-9.355935334204732
51,2025-11-14 20:00:00,38,3946.288509325899,3577.094858807675,-369.19365051822433,-9.355465259211106
52,2025-11-14 21:00:00,38,3945.808396897136,3576.6932018693096,-369.1151950278263,-9.3546152752396
53,2025-11-14 22:00:00,38,3945.387703607268,3576.3467419263075,-369.0409616809607,-9.353731227568495
54,2025-11-14 23:00:00,38,3944.535124037707,3575.6364371649083,-368.89868687279886,-9.352146077360482
55,2025-11-15 00:00:00,38,3944.31815263133,3575.4431931054555,-368.8749595258746,-9.35205896815882
56,2025-11-15 01:00:00,38,3944.256448109877,3575.388809027989,-368.8676390818882,-9.352019675562753
57,2025-11-15 02:00:00,38,3897.79536299914,3535.3604170539106,-362.4349459452296,-9.298460082993063
58,2025-11-15 03:00:00,38,3944.439250735049,3575.550650028056,-368.8886007069923,-9.352117684110604
59,2025-11-15 04:00:00,38,3944.675585950006,3575.7633291679035,-368.9122567821023,-9.352157072081663
60,2025-11-15 05:00:00,38,3945.2282255866025,3576.2164933789736,-369.01173220762894,-9.353368451903991
61,2025-11-15 06:00:00,38,3946.116044136563,3576.9497018634083,-369.1663422731544,-9.35518211183094
62,2025-11-15 07:00:00,38,3946.6172671284567,3577.3746805511964,-369.2425865772602,-9.355925887536586
63,2025-11-15 08:00:00,38,3946.520985965157,3577.292278101808,-369.2287078633499,-9.355802469476838
64,2025-11-15 09:00:00,38,3946.3038576781246,3577.1078286164093,-369.1960290617153,-9.355489145707551
65,2025-11-15 10:00:00,38,3945.823658920244,3576.7058588894797,-369.117800030765,-9.35464511183382
66,2025-11-15 11:00:00,38,3945.676862864914,3576.5843885411023,-369.09247432381153,-9.354351285011653
67,2025-11-15 12:00:00,38,3945.709253296657,3576.6111400624004,-369.0981132342568,-9.35441740736152
68,2025-11-15 13:00:00,38,3945.634961433832,3576.549822978051,-369.08513845578136,-9.354264701711202
69,2025-11-15 14:00:00,38,3946.511365002172,3577.284065347087,-369.22729965508506,-9.355789595068906
70,2025-11-15 15:00:00,38,3947.543171233684,3578.190574165977,-369.3525970677065,-9.356518245556682
71,2025-11-15 16:00:00,38,3947.713686320473,3578.346377857408,-369.367308463065,-9.356486762020966
72,2025-11-15 17:00:00,38,3947.355649166877,3578.0214417421903,-369.3342074246871,-9.356496861453012
73,2025-11-15 18:00:00,38,3946.626902498645,3577.3829488095344,-369.2439536891111,-9.355937685808083
74,2025-11-15 19:00:00,38,3945.9114644019833,3576.778809357039,-369.1326550449444,-9.354813415736071
75,2025-11-15 20:00:00,38,3945.0765326933806,3576.0930783593485,-368.9834543340321,-9.3530113110916
76,2025-11-15 21:00:00,38,3944.420920072775,3575.5343208201234,-368.8865992526512,-9.35211040422748
77,2025-11-15 22:00:00,38,3897.1214716062336,3534.829838687517,-362.29163291871646,-9.29639056822611
78,2025-11-15 23:00:00,38,3896.675098433026,3534.496736624006,-362.1783618090199,-9.29454862569022
79,2025-11-16 00:00:00,38,3896.052121292462,3534.0308575446343,-362.0212637478276,-9.29200258305918
80,2025-11-16 01:00:00,38,3896.222091921815,3534.158083496728,-362.0640084250872,-9.292694304458884
81,2025-11-16 02:00:00,38,3896.385718847272,3534.2804771682645,-362.1052416790071,-9.29336230567374
82,2025-11-16 03:00:00,38,3895.44104981833,3533.572705502231,-361.86834431609896,-9.28953460438004
83,2025-11-16 04:00:00,38,3895.024864350042,3533.25996992301,-361.7648944270322,-9.28787124668072
84,2025-11-16 05:00:00,38,3896.190619774994,3534.1345327906893,-362.0560869843048,-9.292566055333648
85,2025-11-16 06:00:00,38,3897.808288530079,3535.37139081358,-362.4368977164986,-9.298479321905772
86,2025-11-16 07:00:00,38,3944.9439419751648,3575.9855478571203,-368.95839411804445,-9.352690419557987
87,2025-11-16 08:00:00,38,3945.330722499067,3576.3001423151363,-369.0305801839309,-9.353603186659546
88,2025-11-16 09:00:00,38,3945.4770315545775,3576.4199415577737,-369.0570899968038,-9.353928233397667
89,2025-11-16 10:00:00,38,3945.7016310634986,3576.60484226898,-369.0967887945185,-9.3544019114044
90,2025-11-16 11:00:00,38,3945.743560693936,3576.639505721265,-369.1040549726713,-9.354486658726426
91,2025-11-16 12:00:00,38,3945.89618782825,3576.766100853135,-369.1300869751153,-9.354784550940703
92,2025-11-16 13:00:00,38,3946.336483030285,3577.135427145523,-369.2010558847624,-9.355539181019424
93,2025-11-16 14:00:00,38,3946.8256953810487,3577.5544655289564,-369.2712298520924,-9.356157539063576
94,2025-11-16 15:00:00,38,3947.741178415015,3578.371687508852,-369.36949090616326,-9.356476886725943
95,2025-11-16 16:00:00,38,3948.206968959803,3578.8093021301515,-369.39766682965137,-9.356086692865878
96,2025-11-16 17:00:00,38,3948.1851552600174,3578.788411447468,-369.39674381255054,-9.3561150069271
97,2025-11-16 18:00:00,38,3948.1356175432857,3578.741122686116,-369.3944948571698,-9.356175436724849
98,2025-11-16 19:00:00,38,3947.457143346824,3578.112705827401,-369.3444375194222,-9.356515450507873
99,2025-11-16 20:00:00,38,3946.988266275846,3577.6961275614567,-369.2921387143893,-9.35630191429052
100,2025-11-16 21:00:00,38,3946.417146729546,3577.203836301848,-369.2133104276986,-9.355658479582452
101,2025-11-16 22:00:00,38,3946.093076279353,3576.9304484342824,-369.1626278450708,-9.355142433516612
102,2025-11-16 23:00:00,38,3945.6787678915816,3576.5859611435667,-369.0928067480149,-9.354355193624745
103,2025-11-17 00:00:00,38,3945.237712408456,3576.224226599801,-369.0134858086544,-9.35339040910116
104,2025-11-17 01:00:00,38,3945.2054601712334,3576.197943415101,-369.0075167561327,-9.353315574599169
105,2025-11-17 02:00:00,38,3945.1258134227705,3576.133124495963,-368.99268892680766,-9.353128553501609
106,2025-11-17 03:00:00,38,3945.26807516472,3576.248989211525,-369.01908595319446,-9.353460371328188
107,2025-11-17 04:00:00,38,3946.167745093415,3576.993107010262,-369.1746380831528,-9.355269768807398
108,2025-11-17 05:00:00,38,3948.2347471041535,3578.8359652801723,-369.39878182398206,-9.356049107640288
109,2025-11-17 06:00:00,38,3949.675202012543,3580.190214479804,-369.4849875327386,-9.354819539198283
110,2025-11-17 07:00:00,38,3950.000244256631,3580.459156998292,-369.5410872583393,-9.355469984986923
111,2025-11-17 08:00:00,38,3950.056471738773,3580.5082607102386,-369.5482110285348,-9.35551715962844
112,2025-11-17 09:00:00,38,3949.594947252184,3580.1274234203383,-369.4675238318455,-9.354567462389827
113,2025-11-17 10:00:00,38,3949.298179059931,3579.9062518193878,-369.3919272405437,-9.35335622919391
114,2025-11-17 11:00:00,38,3949.020005931276,3579.621267769807,-369.3987381614688,-9.354187560626336
115,2025-11-17 12:00:00,38,3949.123316547685,3579.729744753164,-369.393571794521,-9.353812028271731
116,2025-11-17 13:00:00,38,3949.482084856855,3580.041332886585,-369.44075197027,-9.354156925708905
117,2025-11-17 14:00:00,38,3950.0668951265966,3580.517453072082,-369.54944205451466,-9.355523637091997
118,2025-11-17 15:00:00,38,3954.9043045202575,3581.195089367105,-373.709215153152,-9.449260623727888
119,2025-11-17 16:00:00,38,3955.351239180432,3581.8029318707304,-373.5483073097016,-9.444124800079768
120,2025-11-17 17:00:00,38,3955.009206458098,3581.32751898615,-373.681687471948,-9.448313972613931
121,2025-11-17 18:00:00,38,3954.86434451872,3581.1461053238963,-373.718239194824,-9.449584274939346
122,2025-11-17 19:00:00,38,3950.3096951087664,3580.739968100551,-369.5697270082155,-9.355462116446542
123,2025-11-17 20:00:00,38,3949.879790269037,3580.356617955936,-369.523172313101,-9.355301729016206
124,2025-11-17 21:00:00,38,3948.923027679088,3579.520638427171,-369.4023892519167,-9.35450974006517
125,2025-11-17 22:00:00,38,3948.256584851457,3578.856974461545,-369.39961038991214,-9.35601834508964
126,2025-11-17 23:00:00,38,3946.9379021116806,3577.652099929195,-369.28580218248544,-9.356260760649697
127,2025-11-18 00:00:00,38,3946.621121116358,3577.377987233332,-369.2431338830265,-9.355930618913346
128,2025-11-18 01:00:00,38,3946.520985965157,3577.292278101808,-369.2287078633499,-9.355802469476838
129,2025-11-18 02:00:00,38,3946.384486760157,3577.176107844685,-369.20837891547217,-9.355610943488662
130,2025-11-18 03:00:00,38,3946.098817652333,3576.9352596399435,-369.1635580123893,-9.355152394080624
131,2025-11-18 04:00:00,38,3946.9224135778422,3577.6385859006573,-369.2838276771854,-9.356247450084371
132,2025-11-18 05:00:00,38,3949.026075225783,3579.6276036302597,-369.39847159552346,-9.354166433920124
133,2025-11-18 06:00:00,38,3955.170122236145,3581.5423020935123,-373.627820142633,-9.446567621505848
134,2025-11-18 07:00:00,38,3955.3976643981487,3581.873302951633,-373.5243614465157,-9.443408555568103
135,2025-11-18 08:00:00,38,3955.368639789654,3581.8291278607867,-373.53951192886734,-9.443860887483098
136,2025-11-18 09:00:00,38,3950.353854997472,3580.7822657764677,-369.57158922100416,-9.355404674785538
137,2025-11-18 10:00:00,38,3950.050219345779,3580.5027603028925,-369.54745904288666,-9.355512930772116
138,2025-11-18 11:00:00,38,3949.6319644364207,3580.156218898326,-369.47574553809454,-9.354687952319518
139,2025-11-18 12:00:00,38,3949.7143693541902,3580.2213528190177,-369.4930165351725,-9.354930052716384
140,2025-11-18 13:00:00,38,3950.123240767673,3580.567640108862,-369.5556006588104,-9.355546096505847
141,2025-11-18 14:00:00,38,3954.974835540508,3581.2835001224785,-373.6913354180292,-9.448640028248336
142,2025-11-18 15:00:00,38,3955.693491137554,3582.361368693976,-373.33212244357856,-9.437842524452469
143,2025-11-18 16:00:00,38,3956.309230546539,3583.682684646446,-372.6265459000929,-9.418539456497866
144,2025-11-18 17:00:00,38,3956.0877630834575,3583.147160435868,-372.9406026475908,-9.42700528860141
145,2025-11-18 18:00:00,38,3955.62509139078,3582.2419178251635,-373.3831735656163,-9.439296316990864
146,2025-11-18 19:00:00,38,3955.272102708942,3581.686421813793,-373.5856808951489,-9.44525866221144
147,2025-11-18 20:00:00,38,3950.3706946862335,3580.7985520372617,-369.5721426489727,-9.355378803971371
148,2025-11-18 21:00:00,38,3949.1903167674736,3579.800826675065,-369.3894900924088,-9.353549980208722
149,2025-11-18 22:00:00,38,3948.5214871122,3579.1153426613027,-369.4061444508975,-9.355556140611691
150,2025-11-18 23:00:00,38,3947.535344800605,3578.183470128808,-369.3518746717969,-9.35651849598457
151,2025-11-19 00:00:00,38,3947.3127651110126,3577.983070020918,-369.3296950900945,-9.356484197413415
152,2025-11-19 01:00:00,38,3947.28743985383,3577.960461186689,-369.3269786671413,-9.356475409878374
153,2025-11-19 02:00:00,38,3947.406372868076,3578.0669727038194,-369.33940016425686,-9.356508179721692
154,2025-11-19 03:00:00,38,3947.297178998598,3577.969151196895,-369.3280278017032,-9.356478903252963
155,2025-11-19 04:00:00,38,3947.9596917434274,3578.5748404534597,-369.3848512899681,-9.35634809196461
156,2025-11-19 05:00:00,38,3949.981523678552,3580.442986378708,-369.5385372998444,-9.35544976817257
157,2025-11-19 06:00:00,38,3955.978742367453,3582.911144349843,-373.0675980176102,-9.430475296091911
158,2025-11-19 07:00:00,38,3956.133492258146,3583.2511782370284,-372.8823140211175,-9.425422947704368
159,2025-11-19 08:00:00,38,3956.109623250532,3583.1964946136272,-372.9131286369043,-9.426258727646196
160,2025-11-19 09:00:00,38,3955.7777629916336,3582.514676972873,-373.2630860187605,-9.4358962606755
161,2025-11-19 10:00:00,38,3955.62509139078,3582.2419178251635,-373.3831735656163,-9.439296316990864
162,2025-11-19 11:00:00,38,3955.601679492934,3582.202001485437,-373.39967800749673,-9.439769427324205
163,2025-11-19 12:00:00,38,3955.409282538508,3581.8911564193195,-373.5181261191883,-9.443223177134058
164,2025-11-19 13:00:00,38,3955.3396446445417,3581.785594459197,-373.5540501853443,-9.444297677220456
165,2025-11-19 14:00:00,38,3955.638757592044,3582.265442745762,-373.373314846282,-9.439014473444216
166,2025-11-19 15:00:00,38,3956.02229500541,3583.003496252118,-373.0187987532918,-9.429137930396362
167,2025-11-19 16:00:00,38,3956.413667548487,3583.9668757323807,-372.4467918161063,-9.413747477191524
0,2025-11-12 17:00:00,39,3490.814699375071,2816.086268802828,-674.7284305722433,-19.3286808003024
1,2025-11-12 18:00:00,39,3493.6495168699767,2819.1977740109783,-674.4517428589984,-19.30507738690548
2,2025-11-12 19:00:00,39,3496.3374526562434,2822.0470708729235,-674.2903817833198,-19.28562076498213
3,2025-11-12 20:00:00,39,3501.2294882876217,2826.6806791706726,-674.5488091169491,-19.26605529210417
4,2025-11-12 21:00:00,39,3449.814944645187,2791.282211072589,-658.5327335725983,-19.088929236473245
5,2025-11-12 22:00:00,39,3218.2728728014117,2734.278272748948,-483.9946000524633,-15.03895471831636
6,2025-11-12 23:00:00,39,3218.806245958399,2734.9561449836506,-483.85010097474833,-15.031973470981074
7,2025-11-13 00:00:00,39,3221.23033961019,2737.9949370655977,-483.2354025445925,-15.00157863914414
8,2025-11-13 01:00:00,39,3172.314113060357,2702.4221893622266,-469.89192369813054,-14.812276053105665
9,2025-11-13 02:00:00,39,3170.7215956240443,2702.9912196282157,-467.730375995829,-14.751543517455143
10,2025-11-13 03:00:00,39,3171.838345108969,2702.593497233649,-469.24484787531946,-14.79409720230236
11,2025-11-13 04:00:00,39,3220.9678858243947,2737.667219136263,-483.3006666881315,-15.004827238891655
12,2025-11-13 05:00:00,39,3450.201216059266,2791.496950678969,-658.7042653802969,-19.09176375900338
13,2025-11-13 06:00:00,39,3498.9191783970773,2824.6942910107045,-674.2248873863728,-19.269518757368047
14,2025-11-13 07:00:00,39,3498.6605281106613,2824.4329844311437,-674.227543679518,-19.271019244716857
15,2025-11-13 08:00:00,39,3497.214439971908,2822.956044917685,-674.2583950542225,-19.279869925838423
16,2025-11-13 09:00:00,39,3494.466505386068,2820.07401247486,-674.3924929112081,-19.2988684215962
17,2025-11-13 10:00:00,39,3491.9956418477063,2817.3960912352,-674.5995506125064,-19.31845339461988
18,2025-11-13 11:00:00,39,3491.166725753349,2816.478781490106,-674.6879442632435,-19.32557214429953
19,2025-11-13 12:00:00,39,3490.8382310692405,2816.1125621265764,-674.725668942664,-19.328471395135267
20,2025-11-13 13:00:00,39,3490.9009380131465,2816.182589483353,-674.7183485297933,-19.3279144985939
21,2025-11-13 14:00:00,39,3490.413273019441,2815.636505189139,-674.7767678303017,-19.33228861597168
22,2025-11-13 15:00:00,39,3488.626925835529,2813.606435701457,-675.0204901340717,-19.349173886583007
23,2025-11-13 16:00:00,39,3490.270965775984,2815.476503278988,-674.7944624969969,-19.333583813799148
24,2025-11-13 17:00:00,39,3489.738376036649,2814.875071512971,-674.8633045236784,-19.33850712585885
25,2025-11-13 18:00:00,39,3489.249497115139,2814.31932586111,-674.9301712540291,-19.34313300932053
26,2025-11-13 19:00:00,39,3491.3303103043104,2816.660578975492,-674.6697313288187,-19.324144992457423
27,2025-11-13 20:00:00,39,3494.5328351860603,2820.144758462668,-674.3880767233927,-19.29837573517852
28,2025-11-13 21:00:00,39,3497.1793534788803,2822.9198717659224,-674.259481712958,-19.28009442930705
29,2025-11-13 22:00:00,39,3500.7017152700305,2826.2323562911524,-674.4693589788781,-19.26669033345082
30,2025-11-13 23:00:00,39,3502.129473325773,2827.443434345072,-674.6860389807011,-19.26502272744332
31,2025-11-14 00:00:00,39,3502.1753757839697,2827.482280285458,-674.6930954985119,-19.264971713402
32,2025-11-14 01:00:00,39,3450.1953596922613,2791.2173758341128,-658.9779838581485,-19.099729585078503
33,2025-11-14 02:00:00,39,3450.4982239085343,2791.520885627177,-658.9773382813573,-19.09803441472009
34,2025-11-14 03:00:00,39,3450.043140235432,2791.064318597565,-658.9788216378665,-19.100596567986614
35,2025-11-14 04:00:00,39,3498.980246505904,2824.755859766248,-674.2243867396569,-19.2691681358573
36,2025-11-14 05:00:00,39,3491.3069680787908,2816.634661141228,-674.6723069375626,-19.32434796212788
37,2025-11-14 06:00:00,39,3484.2069209320216,2808.369094678372,-675.8378262536498,-19.397178227086005
38,2025-11-14 07:00:00,39,3483.050649189562,2806.944253067067,-676.106396122495,-19.41132829290931
39,2025-11-14 08:00:00,39,3483.499682948507,2807.500463204667,-675.9992197438401,-19.4057494264406
40,2025-11-14 09:00:00,39,3485.506129920496,2809.9419333165943,-675.5641966039011,-19.38209750385121
41,2025-11-14 10:00:00,39,3488.129361632083,2813.0324640813137,-675.0968975507694,-19.354124447807006
42,2025-11-14 11:00:00,39,3489.185098825601,2814.2458547769247,-674.9392440486763,-19.343750042835197
43,2025-11-14 12:00:00,39,3490.665454947554,2815.919324304113,-674.7461306434407,-19.3300142724098
44,2025-11-14 13:00:00,39,3489.185098825601,2814.2458547769247,-674.9392440486763,-19.343750042835197
45,2025-11-14 14:00:00,39,3488.0638199791074,2812.9565747506463,-675.1072452284611,-19.35478477663017
46,2025-11-14 15:00:00,39,3486.2266019167314,2810.801828532765,-675.4247733839666,-19.374092694164435
47,2025-11-14 16:00:00,39,3485.1129752342454,2809.4690326401023,-675.643942594143,-19.386572182749138
48,2025-11-14 17:00:00,39,3486.562966842529,2811.2003618180133,-675.3626050245157,-19.370440501068355
49,2025-11-14 18:00:00,39,3488.594417071062,2813.569050085973,-675.025366985089,-19.34949398766234
50,2025-11-14 19:00:00,39,3491.833855439983,2817.217811882713,-674.6160435572701,-19.31982080150449
51,2025-11-14 20:00:00,39,3493.168793714363,2818.6779615923506,-674.4908321220123,-19.30885313460079
52,2025-11-14 21:00:00,39,3495.0314926664887,2820.674732627814,-674.3567600386746,-19.29472628368744
53,2025-11-14 22:00:00,39,3496.621913650592,2822.343010262546,-674.2789033880458,-19.283723549169085
54,2025-11-14 23:00:00,39,3500.2732730656776,2825.8678336604967,-674.4054394051809,-19.267222493588623
55,2025-11-15 00:00:00,39,3501.6120922089945,2827.005207912256,-674.6068842967384,-19.26560871199077
56,2025-11-15 01:00:00,39,3501.982263323493,2827.318817794323,-674.6634455291701,-19.265187393864554
57,2025-11-15 02:00:00,39,3450.166127553655,2791.1880094272647,-658.9781181263902,-19.09989530253836
58,2025-11-15 03:00:00,39,3500.872009916313,2826.377099889611,-674.4949100267017,-19.26648298241629
59,2025-11-15 04:00:00,39,3499.375591281326,2825.1023422460453,-674.2732490352805,-19.268387500765236
60,2025-11-15 05:00:00,39,3497.214439971908,2822.956044917685,-674.2583950542225,-19.279869925838423
61,2025-11-15 06:00:00,39,3493.8436760825757,2819.40683046525,-674.4368456173252,-19.303578183369908
62,2025-11-15 07:00:00,39,3491.8647056074883,2817.25183529,-674.6128703174882,-19.319559238195744
63,2025-11-15 08:00:00,39,3492.248995776373,2817.6745380267084,-674.5744577496644,-19.316333358976244
64,2025-11-15 09:00:00,39,3493.1084231256364,2818.6124591714106,-674.4959639542258,-19.309333758116967
65,2025-11-15 10:00:00,39,3494.9730558411657,2820.61279746438,-674.3602583767856,-19.295148992628828
66,2025-11-15 11:00:00,39,3495.5329893960907,2821.204385992068,-674.3286034040225,-19.291152606759507
67,2025-11-15 12:00:00,39,3495.4098508566804,2821.0746428289285,-674.3352080277518,-19.292021159191982
68,2025-11-15 13:00:00,39,3495.691940025671,2821.3715653904915,-674.3203746351796,-19.2900400322526
69,2025-11-15 14:00:00,39,3492.287288900444,2817.71654602402,-674.570742876424,-19.316015180664436
70,2025-11-15 15:00:00,39,3488.072016338583,2812.9660687692917,-675.1059475692919,-19.35470209350632
71,2025-11-15 16:00:00,39,3487.3550150230917,2812.131602683146,-675.2234123399453,-19.362049731993643
72,2025-11-15 17:00:00,39,3488.8540234273387,2813.8671552119263,-674.9868682154124,-19.34695070882693
73,2025-11-15 18:00:00,39,3491.82614041763,2817.209301209112,-674.6168392085187,-19.319886273829
74,2025-11-15 19:00:00,39,3494.6358607987827,2820.254526591263,-674.3813342075196,-19.29761385935568
75,2025-11-15 20:00:00,39,3497.7726906251546,2823.5294269504006,-674.243263674754,-19.276360224376013
76,2025-11-15 21:00:00,39,3500.985195905609,2826.473258499508,-674.5119374061014,-19.266346461417232
77,2025-11-15 22:00:00,39,3450.537642377413,2791.6796229836305,-658.8580193937828,-19.094358261799197
78,2025-11-15 23:00:00,39,3450.243126979712,2791.5199330419755,-658.7231939377361,-19.0920804620042
79,2025-11-16 00:00:00,39,3449.823528726438,2791.287039435491,-658.536489290947,-19.08899060509501
80,2025-11-16 01:00:00,39,3449.9389975491936,2791.3517426953804,-658.5872548538132,-19.089823191704777
81,2025-11-16 02:00:00,39,3450.049457373489,2791.4132069829107,-658.6362503905784,-19.0906321352273
82,2025-11-16 03:00:00,39,3449.402298166091,2791.0471948075296,-658.3551033585613,-19.086063220534825
83,2025-11-16 04:00:00,39,3449.1099584243075,2790.87734518511,-658.2326132391977,-19.08412956309183
84,2025-11-16 05:00:00,39,3449.91767290636,2791.339827937781,-658.5778449685786,-19.08966843297928
85,2025-11-16 06:00:00,39,3450.136875979577,2791.1586108266515,-658.9782651529254,-19.10006150019267
86,2025-11-16 07:00:00,39,3498.256344825787,2824.0229134454767,-674.2334313803103,-19.27341409321126
87,2025-11-16 08:00:00,39,3496.834281586721,2822.563256332199,-674.2710252545216,-19.282327126710875
88,2025-11-16 09:00:00,39,3496.2875184212407,2821.9950121704665,-674.2925062507743,-19.285956967156213
89,2025-11-16 10:00:00,39,3495.4388492113835,2821.1052146095844,-674.3336346017991,-19.291816097825244
90,2025-11-16 11:00:00,39,3495.279170858334,2820.9367339276296,-674.3424369307045,-19.29294926004741
91,2025-11-16 12:00:00,39,3494.69464844716,2820.317097957344,-674.3775504898163,-19.297180965137272
92,2025-11-16 13:00:00,39,3492.979928266065,2818.4728753271197,-674.5070529389459,-19.310361547762312
93,2025-11-16 14:00:00,39,3491.0261590341497,2816.32226050119,-674.7038985329596,-19.32680729953704
94,2025-11-16 15:00:00,39,3487.23889227484,2811.9956977776383,-675.2431944972018,-19.36326174822851
95,2025-11-16 16:00:00,39,3485.2499849013293,2809.6341300445374,-675.6158548567919,-19.385004168529367
96,2025-11-16 17:00:00,39,3485.344017922672,2809.7472559836747,-675.5967619389971,-19.38393336396288
97,2025-11-16 18:00:00,39,3485.5572420662825,2810.003221271053,-675.5540207952299,-19.381521343047947
98,2025-11-16 19:00:00,39,3488.4316243322983,2813.3815940083555,-675.0500303239428,-19.351103963608587
99,2025-11-16 20:00:00,39,3490.3658737133264,2815.583244802831,-674.7826289104955,-19.33271907086945
100,2025-11-16 21:00:00,39,3492.6612586208585,2818.1257259174604,-674.5355327033981,-19.31293883821275
101,2025-11-16 22:00:00,39,3493.9330676806394,2819.502909239928,-674.4301584407112,-19.30289291112308
102,2025-11-16 23:00:00,39,3495.525753512983,2821.1967675593114,-674.3289859536717,-19.291203484224795
103,2025-11-17 00:00:00,39,3497.1793534788803,2822.9198717659224,-674.259481712958,-19.28009442930705
104,2025-11-17 01:00:00,39,3497.2985533607825,2823.0426979835893,-674.2558553771933,-19.27933360820044
105,2025-11-17 02:00:00,39,3497.5919049083627,2823.3441853082263,-674.2477196001364,-19.27748399274162
106,2025-11-17 03:00:00,39,3497.066921398842,2822.8038493502527,-674.2630720485895,-19.28081695899835
107,2025-11-17 04:00:00,39,3493.64203614424,2819.189709086702,-674.4523270575382,-19.30513544547048
108,2025-11-17 05:00:00,39,3485.13011664768,2809.4897056214995,-675.6404110261801,-19.38637549854447
109,2025-11-17 06:00:00,39,3478.735686124264,2800.660735336937,-678.0749507873275,-19.49199398770033
110,2025-11-17 07:00:00,39,3477.248446020192,2798.0276280389967,-679.2208179811951,-19.533284104521844
111,2025-11-17 08:00:00,39,3476.9896845783287,2797.560876179353,-679.4288083989759,-19.54071970395775
112,2025-11-17 09:00:00,39,3479.1005665594585,2801.294563098246,-677.8060034612126,-19.48221934071617
113,2025-11-17 10:00:00,39,3480.4414883828726,2803.5858969214964,-676.8555914613762,-19.44740613283131
114,2025-11-17 11:00:00,39,3481.68602598002,2805.2306501216917,-676.4553758583284,-19.428959728438485
115,2025-11-17 12:00:00,39,3481.2252493794326,2804.6438512206164,-676.5813981588162,-19.435151410539277
116,2025-11-17 13:00:00,39,3479.612090303982,2802.1755295178623,-677.4365607861196,-19.46873798587526
117,2025-11-17 14:00:00,39,3476.941668547432,2797.473969692494,-679.4676988549381,-19.542108083130444
118,2025-11-17 15:00:00,39,3491.35561381042,2791.4547427345747,-699.9008710758453,-20.04667952778327
119,2025-11-17 16:00:00,39,3489.0557761000737,2786.6387511070743,-702.4170249929994,-20.13200906114871
120,2025-11-17 17:00:00,39,3490.8187116171853,2790.361860202285,-700.4568514149,-20.06568972154961
121,2025-11-17 18:00:00,39,3491.559649405704,2791.8655243552075,-699.6941250504965,-20.03958675515084
122,2025-11-17 19:00:00,39,3475.81910820031,2795.414690237999,-680.4044179623111,-19.575369050623785
123,2025-11-17 20:00:00,39,3477.801319667298,2799.0161109262763,-678.7852087410215,-19.51765343530197
124,2025-11-17 21:00:00,39,3482.116990556579,2805.775688701571,-676.3413018550077,-19.42327910547606
125,2025-11-17 22:00:00,39,3485.035785060498,2809.3758771976686,-675.6599078628292,-19.387459685757577
126,2025-11-17 23:00:00,39,3490.571007870504,2815.813510478698,-674.7574973918063,-19.330862941059497
127,2025-11-18 00:00:00,39,3491.84928250791,2817.234827442648,-674.614455065263,-19.319689954680477
128,2025-11-18 01:00:00,39,3492.248995776373,2817.6745380267084,-674.5744577496644,-19.316333358976244
129,2025-11-18 02:00:00,39,3492.7904520759294,2818.266633970169,-674.5238181057603,-19.311889085841354
130,2025-11-18 03:00:00,39,3493.910732812809,2819.4789136768136,-674.4318191359953,-19.303063836237083
131,2025-11-18 04:00:00,39,3490.633988725372,2815.884085380483,-674.7499033448885,-19.33029660297549
132,2025-11-18 05:00:00,39,3481.659003694307,2805.1963538255945,-676.4626498687126,-19.42931944658951
133,2025-11-18 06:00:00,39,3489.991616444512,2788.642274465428,-701.3493419790843,-20.096017958163344
134,2025-11-18 07:00:00,39,3488.8150817356177,2786.112634518317,-702.7024472173002,-20.141579039142407
135,2025-11-18 08:00:00,39,3488.9655998397,2786.4421839347947,-702.5234159049055,-20.13557874967821
136,2025-11-18 09:00:00,39,3475.6141142018555,2795.032701063474,-680.5814131383813,-19.5816161051202
137,2025-11-18 10:00:00,39,3477.018479594245,2797.6129489699224,-679.4055306243226,-19.53988840184729
138,2025-11-18 11:00:00,39,3478.9323840028383,2801.002986011194,-677.9293979916442,-19.48670808058715
139,2025-11-18 12:00:00,39,3478.5572702685613,2800.3491254620108,-678.2081448065505,-19.496822737496277
140,2025-11-18 13:00:00,39,3476.681855452187,2797.002090415062,-679.679765037125,-19.54966814036322
141,2025-11-18 14:00:00,39,3490.9948281359066,2790.7223004211573,-700.2725277147492,-20.059397455156788
142,2025-11-18 15:00:00,39,3487.273882361805,2782.624565508097,-704.6493168537086,-20.206308441035752
143,2025-11-18 16:00:00,39,3484.0279365432066,2774.3742469216386,-709.653689621568,-20.368771506627883
144,2025-11-18 17:00:00,39,3485.200974493436,2777.531335388845,-707.6696391045903,-20.304987984443223
145,2025-11-18 18:00:00,39,3487.631352788923,2783.4533117758133,-704.1780410131096,-20.190724585899996
146,2025-11-18 19:00:00,39,3489.46530543355,2787.523503091297,-701.9418023422531,-20.11602755440035
147,2025-11-18 20:00:00,39,3475.535877412061,2794.8864085090268,-680.6494689030342,-19.584015038563106
148,2025-11-18 21:00:00,39,3480.925511699056,2804.2598409015504,-676.6656707975058,-19.43924592822505
149,2025-11-18 22:00:00,39,3483.884761583989,2807.974529069066,-675.9102325149224,-19.40105022898668
150,2025-11-18 23:00:00,39,3488.1047913385933,2813.0040224008603,-675.1007689377329,-19.354371766986297
151,2025-11-19 00:00:00,39,3489.031889024278,2814.0708106780617,-674.9610783462163,-19.345225260608665
152,2025-11-19 01:00:00,39,3489.136756923084,2814.190661490271,-674.9460954328133,-19.344214413310027
153,2025-11-19 02:00:00,39,3488.643174000778,2813.625115348242,-675.0180586525357,-19.34901407180673
154,2025-11-19 03:00:00,39,3489.096443708688,2814.1446080494416,-674.9518356592462,-19.34460243643524
155,2025-11-19 04:00:00,39,3486.310853405362,2810.9018247943186,-675.4090286110436,-19.37317287560049
156,2025-11-19 05:00:00,39,3477.334503276121,2798.18226873427,-679.1522345418507,-19.53082839462229
157,2025-11-19 06:00:00,39,3485.776196695147,2778.99958350842,-706.7766131867274,-20.276018117767286
158,2025-11-19 07:00:00,39,3484.9592506970944,2776.8997278948464,-708.059522802248,-20.31758399070564
159,2025-11-19 08:00:00,39,3485.0854542955226,2777.2306210679817,-707.8548332275409,-20.31097493908158
160,2025-11-19 09:00:00,39,3486.8325641912884,2781.5832192242738,-705.2493449670146,-20.22607429475425
161,2025-11-19 10:00:00,39,3487.631352788923,2783.4533117758133,-704.1780410131096,-20.190724585899996
162,2025-11-19 11:00:00,39,3487.753555726964,2783.7337422713595,-704.0198134556044,-20.18548048785125
163,2025-11-19 12:00:00,39,3488.754795866505,2785.980127399738,-702.7746684667673,-20.14399720207961
164,2025-11-19 13:00:00,39,3489.115837600869,2786.769317979481,-702.3465196213874,-20.12964178639377
165,2025-11-19 14:00:00,39,3487.5599833494257,2783.288865108873,-704.2711182405528,-20.19380660412832
166,2025-11-19 15:00:00,39,3485.5465825411875,2778.419130371198,-707.1274521699893,-20.287419359475265
167,2025-11-19 16:00:00,39,3483.472762069837,2772.7887596049063,-710.6840024649305,-20.401594931451417
0,2025-11-12 17:00:00,40,2776.4322972535238,2664.362551914264,-112.06974533925997,-4.036465987307544
1,2025-11-12 18:00:00,40,2779.6040480250103,2672.0863353639534,-107.51771266105698,-3.8680945488423593
2,2025-11-12 19:00:00,40,2782.623089434535,2679.256258739085,-103.36683069545006,-3.714726262709749
3,2025-11-12 20:00:00,40,2787.8261100205746,2690.423260485997,-97.4028495345774,-3.4938638814118343
4,2025-11-12 21:00:00,40,2718.186750017103,2625.270683880749,-92.91606613635396,-3.418310612240653
5,2025-11-12 22:00:00,40,2592.602436485386,2542.751447167349,-49.850989318037136,-1.922816572895639
6,2025-11-12 23:00:00,40,2593.516000317367,2544.451402867089,-49.06459745027769,-1.89181780425776
7,2025-11-13 00:00:00,40,2597.5884208793877,2551.978939470337,-45.60948140904975,-1.7558394179170664
8,2025-11-13 01:00:00,40,2541.204482048332,2498.235622133792,-42.96885991454019,-1.6908855709204966
9,2025-11-13 02:00:00,40,2540.5292645390705,2500.0619590454257,-40.46730549364474,-1.5928690945816264
10,2025-11-13 03:00:00,40,2541.0030438818767,2498.7844993675303,-42.21854451434638,-1.6614913002957026
11,2025-11-13 04:00:00,40,2597.1524189505176,2551.172917404151,-45.979501546366464,-1.7703813303705258
12,2025-11-13 05:00:00,40,2718.226987046843,2625.548395641217,-92.67859140562588,-3.4095236287207364
13,2025-11-13 06:00:00,40,2785.535354088536,2686.020869397309,-99.51448469122715,-3.572544306255614
14,2025-11-13 07:00:00,40,2785.2429777370394,2685.3480748338948,-99.8949029031446,-3.586577677481749
15,2025-11-13 08:00:00,40,2783.610881919717,2681.5666944880813,-102.04418743163568,-3.665892675389346
16,2025-11-13 09:00:00,40,2780.520390558701,2674.28042615239,-106.23996440631026,-3.820866222274423
17,2025-11-13 10:00:00,40,2777.752197554764,2667.6019590922588,-110.1502384625046,-3.965445101959387
18,2025-11-13 11:00:00,40,2776.8255457245277,2665.331585535051,-111.49396018947618,-4.01515897752897
19,2025-11-13 12:00:00,40,2776.4585793215338,2664.4274202708425,-112.03115905069126,-4.035038011554548
20,2025-11-13 13:00:00,40,2776.528619026258,2664.600215967552,-111.92840305870732,-4.031235345161367
21,2025-11-13 14:00:00,40,2775.984064913073,2663.253908208737,-112.73015670433595,-4.060907918355288
22,2025-11-13 15:00:00,40,2773.991903119284,2658.271407232037,-115.72049588724713,-4.171623419560898
23,2025-11-13 16:00:00,40,2775.825215257624,2662.8599472283486,-112.9652680292752,-4.069610269708242
24,2025-11-13 17:00:00,40,2775.2309447454577,2661.3810719911394,-113.84987275431833,-4.102356705479894
25,2025-11-13 18:00:00,40,2774.6857595064776,2660.017240016692,-114.66851948978548,-4.132666882976366
26,2025-11-13 19:00:00,40,2777.008342934333,2665.7808950442877,-111.22744789004628,-4.005297577626918
27,2025-11-13 20:00:00,40,2780.5948342109828,2674.4579742506644,-106.13685996031836,-3.817055928266356
28,2025-11-13 21:00:00,40,2783.571334208073,2681.4745146819087,-102.09681952616438,-3.667835570494225
29,2025-11-13 22:00:00,40,2787.3113731588337,2689.442785842468,-97.86858731636585,-3.511218310907701
30,2025-11-13 23:00:00,40,2788.696607423465,2692.0870072256675,-96.6096001977976,-3.4643281001104387
31,2025-11-14 00:00:00,40,2788.7407520673514,2692.171587124824,-96.56916494252756,-3.462823314463305
32,2025-11-14 01:00:00,40,2717.613011803324,2624.355836623244,-93.25717518007968,-3.431584069366709
33,2025-11-14 02:00:00,40,2717.948155962905,2625.1607692082634,-92.78738675464136,-3.413876256288229
34,2025-11-14 03:00:00,40,2717.444646245872,2623.9507208019336,-93.49392544393775,-3.4405089197713337
35,2025-11-14 04:00:00,40,2785.604405977433,2686.179566052057,-99.42483992537564,-3.569237602870919
36,2025-11-14 05:00:00,40,2776.982256980631,2665.7168203860488,-111.2654365945823,-4.006703187061751
37,2025-11-14 06:00:00,40,2769.077967949463,2645.5536239507373,-123.52434399872573,-4.460847452778553
38,2025-11-14 07:00:00,40,2767.7956084851053,2642.121418380463,-125.6741901046421,-4.540587813614865
39,2025-11-14 08:00:00,40,2768.2934689422545,2643.460023101188,-124.8334458410668,-4.509400727978627
40,2025-11-14 09:00:00,40,2770.5203038739714,2649.354895092393,-121.1654087815782,-4.3733810076091
41,2025-11-14 10:00:00,40,2773.437694601054,2656.868627488513,-116.56906711254032,-4.203053392526571
42,2025-11-14 11:00:00,40,2774.6139659984246,2659.8371266122567,-114.77683938616792,-4.136677779060566
43,2025-11-14 12:00:00,40,2776.265626299289,2663.9508296088297,-112.3147966904594,-4.045534967061958
44,2025-11-14 13:00:00,40,2774.6139659984246,2659.8371266122567,-114.77683938616792,-4.136677779060566
45,2025-11-14 14:00:00,40,2773.36471266289,2656.683339092519,-116.68137357037084,-4.207213463040618
46,2025-11-14 15:00:00,40,2771.320850878235,2651.43922200059,-119.8816288776452,-4.325793920240399
47,2025-11-14 16:00:00,40,2770.083668679946,2648.210506185,-121.87316249494688,-4.399620266813971
48,2025-11-14 17:00:00,40,2771.6947802796567,2652.4068057846416,-119.28797449501508,-4.303791865675024
49,2025-11-14 18:00:00,40,2773.955684684045,2658.1799612273644,-115.77572345668112,-4.173668818716837
50,2025-11-14 19:00:00,40,2777.5712599038598,2667.160066878068,-110.41119302579136,-3.975098483327951
51,2025-11-14 20:00:00,40,2779.0653563317937,2670.788920943452,-108.27643538834172,-3.8961457002673874
52,2025-11-14 21:00:00,40,2781.154725028566,2675.790003638897,-105.36472138966974,-3.788524257261073
53,2025-11-14 22:00:00,40,2782.9433326787034,2680.007151109225,-102.93618156947832,-3.698824203883368
54,2025-11-14 23:00:00,40,2786.8912959437016,2688.644222672158,-98.24707327154374,-3.525328505440509
55,2025-11-15 00:00:00,40,2788.1973199504146,2691.1318204574054,-97.06549949300916,-3.481299504826128
56,2025-11-15 01:00:00,40,2788.554865566597,2691.8155765553074,-96.73928901129013,-3.469154944944358
57,2025-11-15 02:00:00,40,2717.5806749739904,2624.278067515393,-93.30260745859732,-3.433296693555944
58,2025-11-15 03:00:00,40,2787.477795444825,2689.759541343345,-97.71825410147994,-3.5056155159752973
59,2025-11-15 04:00:00,40,2786.0049535919165,2686.9634188218006,-99.04153477011596,-3.554966212189413
60,2025-11-15 05:00:00,40,2783.610881919717,2681.5666944880813,-102.04418743163568,-3.665892675389346
61,2025-11-15 06:00:00,40,2779.8217222699072,2672.608990555608,-107.21273171429904,-3.8568204160500175
62,2025-11-15 07:00:00,40,2777.6057590592395,2667.244374558692,-110.36138450054796,-3.973255892799084
63,2025-11-15 08:00:00,40,2778.035616883992,2668.292771515732,-109.74284536825962,-3.9503757511703057
64,2025-11-15 09:00:00,40,2778.997730984509,2670.6256451537706,-108.37208583073834,-3.899682415082276
65,2025-11-15 10:00:00,40,2781.089090734261,2675.634154292537,-105.45493644172348,-3.791857542178965
66,2025-11-15 11:00:00,40,2781.718230360994,2677.124811480799,-104.5934188801948,-3.760029241589337
67,2025-11-15 12:00:00,40,2781.5798257802235,2676.7974995487475,-104.78232623147596,-3.7670077004561566
68,2025-11-15 13:00:00,40,2781.896926136556,2677.546896679578,-104.35002945697806,-3.751038669930066
69,2025-11-15 14:00:00,40,2778.078462268071,2668.397059806465,-109.68140246160556,-3.9481031206030006
70,2025-11-15 15:00:00,40,2773.373839205703,2656.706516994339,-116.66732221136408,-4.206692965877897
71,2025-11-15 16:00:00,40,2772.575751718623,2654.6718021496918,-117.9039495689317,-4.252505977369497
72,2025-11-15 17:00:00,40,2774.2449501556,2658.9094329244845,-115.33551723111486,-4.157366033040667
73,2025-11-15 18:00:00,40,2777.5626325509825,2667.1389798056102,-110.42365274537224,-3.975559414980912
74,2025-11-15 19:00:00,40,2780.710476940403,2674.7335762279454,-105.9769007124578,-3.8111447269067527
75,2025-11-15 20:00:00,40,2784.240438402823,2683.030541736693,-101.20989666612968,-3.635099011929754
76,2025-11-15 21:00:00,40,2787.588232628599,2689.9698670425723,-97.6183655860268,-3.5018933012920663
77,2025-11-15 22:00:00,40,2718.256630852433,2625.7782229311106,-92.47840792132229,-3.4021220392395946
78,2025-11-15 23:00:00,40,2718.230961344333,2625.5776523735394,-92.65330897079366,-3.40858853748656
79,2025-11-16 00:00:00,40,2718.1877131774067,2625.2770102058867,-92.9107029715201,-3.41811209435984
80,2025-11-16 01:00:00,40,2718.2003691045134,2625.361434178635,-92.83893492587822,-3.415455901673031
81,2025-11-16 02:00:00,40,2718.2119460330955,2625.4410064759068,-92.77093955718874,-3.41293988103381
82,2025-11-16 03:00:00,40,2718.136919646923,2624.958596762699,-93.17832288422414,-3.4280216795086136
83,2025-11-16 04:00:00,40,2718.0975960070787,2624.728359409338,-93.36923659774084,-3.435095072925324
84,2025-11-16 05:00:00,40,2718.1980741270463,2625.3459379023507,-92.85213622469564,-3.4159444489532005
85,2025-11-16 06:00:00,40,2717.548318554212,2624.20023287856,-93.34808567565231,-3.435011073706145
86,2025-11-16 07:00:00,40,2784.7863752136773,2684.294607368816,-100.49176784486144,-3.608598804536692
87,2025-11-16 08:00:00,40,2783.1825128770406,2680.566809163618,-102.6157037134226,-3.686991537157452
88,2025-11-16 09:00:00,40,2782.5668894181263,2679.1242985811755,-103.4425908369508,-3.717523960711761
89,2025-11-16 10:00:00,40,2781.6124168102824,2676.87460502731,-104.7378117829726,-3.765363252982493
90,2025-11-16 11:00:00,40,2781.4329736389,2676.4498302794223,-104.98314335947772,-3.774426504411864
91,2025-11-16 12:00:00,40,2780.7764719618463,2674.890744872917,-105.88572708892934,-3.807775567599888
92,2025-11-16 13:00:00,40,2778.8538132465646,2670.277865623508,-108.57594762305688,-3.9072205635821646
93,2025-11-16 14:00:00,40,2776.6684987515414,2664.9449956957496,-111.72350305579177,-4.023652917372938
94,2025-11-16 15:00:00,40,2772.4465498637564,2654.340884032923,-118.10566583083346,-4.259979902466917
95,2025-11-16 16:00:00,40,2770.235813817517,2648.609882987404,-121.62593083011323,-4.390454062555308
96,2025-11-16 17:00:00,40,2770.340245143076,2648.8836302260474,-121.45661491702822,-4.384176821961287
97,2025-11-16 18:00:00,40,2770.5770797515743,2649.5033042716727,-121.07377547990154,-4.369984013971476
98,2025-11-16 19:00:00,40,2773.7743337328234,2657.7216007024285,-116.05273303039483,-4.183928433508006
99,2025-11-16 20:00:00,40,2775.9311527953028,2663.122743993944,-112.80840880135884,-4.063804272946871
100,2025-11-16 21:00:00,40,2778.497001566064,2669.413839388199,-109.08316217786432,-3.925977322141468
101,2025-11-16 22:00:00,40,2779.9219603257284,2672.849363826268,-107.07259649946036,-3.851640370757547
102,2025-11-16 23:00:00,40,2781.71009667978,2677.105585776806,-104.6045109029742,-3.760438984200008
103,2025-11-17 00:00:00,40,2783.571334208073,2681.4745146819087,-102.09681952616438,-3.667835570494225
104,2025-11-17 01:00:00,40,2783.705699990882,2681.7875931332173,-101.9181068576645,-3.661238573387924
105,2025-11-17 02:00:00,40,2784.0364933089318,2682.5570568028525,-101.47943650607886,-3.6450469219771886
106,2025-11-17 03:00:00,40,2783.444622509045,2681.178989392479,-102.26563311656628,-3.674067459060216
107,2025-11-17 04:00:00,40,2779.5956624793243,2672.0661825796788,-107.5294798996456,-3.86852956173245
108,2025-11-17 05:00:00,40,2770.102702720995,2648.260506287765,-121.84219643322967,-4.398472169048009
109,2025-11-17 06:00:00,40,2763.019537761372,2627.102877856912,-135.91665990445927,-4.919134955324291
110,2025-11-17 07:00:00,40,2761.376362590537,2620.8399007327885,-140.5364618577487,-5.089362817819837
111,2025-11-17 08:00:00,40,2761.090608309855,2619.7303446205387,-141.36026368931607,-5.119725635365761
112,2025-11-17 09:00:00,40,2763.422891132682,2628.611558089335,-134.81133304334662,-4.878418481511878
113,2025-11-17 10:00:00,40,2764.90597968461,2634.0699605877976,-130.83601909681238,-4.732024164949606
114,2025-11-17 11:00:00,40,2766.283630972965,2638.0064065472766,-128.27722442568893,-4.637168184398028
115,2025-11-17 12:00:00,40,2765.7734339422395,2636.6001966237486,-129.17323731849092,-4.670420061645172
116,2025-11-17 13:00:00,40,2763.9885001497896,2630.7093274375293,-133.27917271226033,-4.82198723710455
117,2025-11-17 14:00:00,40,2761.037587788255,2619.523769406682,-141.5138183815734,-5.125385435079638
118,2025-11-17 15:00:00,40,2782.663997021661,2605.2244198239223,-177.4395771977388,-6.376608077283344
119,2025-11-17 16:00:00,40,2780.1590135396573,2593.783226578684,-186.37578696097307,-6.703781548224544
120,2025-11-17 17:00:00,40,2782.078958386,2602.6287113210947,-179.4502470649054,-6.450221210436529
121,2025-11-17 18:00:00,40,2782.8863667562423,2606.2000404484643,-176.68632630777802,-6.34903129421433
122,2025-11-17 19:00:00,40,2759.798402444119,2614.6302674352123,-145.16813500890655,-5.260099247841564
123,2025-11-17 20:00:00,40,2761.9870438309413,2623.190287499493,-138.7967563314487,-5.025250087304332
124,2025-11-17 21:00:00,40,2766.7609687258378,2639.313834894747,-127.44713383109092,-4.606365901199752
125,2025-11-17 22:00:00,40,2769.99795921966,2647.9852288968336,-122.01273032282596,-4.404794953610665
126,2025-11-17 23:00:00,40,2776.160166288885,2663.689999823686,-112.47016646519933,-4.051285218732432
127,2025-11-18 00:00:00,40,2777.5885115325323,2667.2022288375088,-110.38628269502352,-3.974176960939328
128,2025-11-18 01:00:00,40,2778.035616883992,2668.292771515732,-109.74284536825962,-3.9503757511703057
129,2025-11-18 02:00:00,40,2778.6416401086126,2669.7643922902125,-108.87724781840006,-3.9183623482351697
130,2025-11-18 03:00:00,40,2779.8969142337414,2672.789320787516,-107.10759344622556,-3.852934002617467
131,2025-11-18 04:00:00,40,2776.2304896783944,2663.863954887127,-112.36653479126744,-4.047449778000394
132,2025-11-18 05:00:00,40,2766.253705881726,2637.9241794811246,-128.32952640060148,-4.639109063920702
133,2025-11-18 06:00:00,40,2781.1780065928974,2598.5439809985446,-182.6340255943528,-6.566786633628315
134,2025-11-18 07:00:00,40,2779.897000806478,2592.532682323208,-187.3643184832704,-6.739973402932339
135,2025-11-18 08:00:00,40,2780.060847146088,2593.316021300917,-186.74482584517045,-6.717292754109182
136,2025-11-18 09:00:00,40,2759.5721864450497,2613.722777289585,-145.84940915546483,-5.285218117209383
137,2025-11-18 10:00:00,40,2761.1224051447844,2619.85412333588,-141.2682818089047,-5.116335354987533
138,2025-11-18 11:00:00,40,2763.236964498706,2627.9174668784785,-135.3194976202276,-4.897136921616733
139,2025-11-18 12:00:00,40,2762.822341558222,2626.361333675511,-136.46100788271087,-4.939188663348775
140,2025-11-18 13:00:00,40,2760.7507187758574,2618.402211474995,-142.34850730086237,-5.156152141254572
141,2025-11-18 14:00:00,40,2782.270847692307,2603.4848120923284,-178.78603559997873,-6.425903349714095
142,2025-11-18 15:00:00,40,2778.2199203632144,2584.2359857253905,-193.98393463782395,-6.982310263345286
143,2025-11-18 16:00:00,40,2774.690946997658,2564.5481191359286,-210.14282786172956,-7.573557988110843
144,2025-11-18 17:00:00,40,2775.965814027707,2572.0952802406573,-203.87053378704968,-7.3441298432724444
145,2025-11-18 18:00:00,40,2778.60881437842,2586.2082862606944,-192.4005281177256,-6.924347433223194
146,2025-11-18 19:00:00,40,2780.6048783844594,2595.885829060276,-184.7190493241833,-6.64312469420343
147,2025-11-18 20:00:00,40,2759.4858561301776,2613.375246007168,-146.1106101230098,-5.294849031330461
148,2025-11-18 21:00:00,40,2765.441635013913,2635.680702226254,-129.76093278765893,-4.692231835404694
149,2025-11-18 22:00:00,40,2768.7205596612275,2644.6021490534085,-124.118410607819,-4.482879652651033
150,2025-11-18 23:00:00,40,2773.410334516908,2656.7991804332983,-116.61115408360956,-4.204612373160487
151,2025-11-19 00:00:00,40,2774.443182388104,2659.4081827116006,-115.03499967650303,-4.146237356985145
152,2025-11-19 01:00:00,40,2774.560076021065,2659.701849543839,-114.85822647722624,-4.139691458472288
153,2025-11-19 02:00:00,40,2774.010005874476,2658.317102065573,-115.69290380890244,-4.170601532218754
154,2025-11-19 03:00:00,40,2774.5151383200946,2659.588992631788,-114.92614568830686,-4.14220647424155
155,2025-11-19 04:00:00,40,2771.41450045669,2651.681903756168,-119.73259670052175,-4.320270269235855
156,2025-11-19 05:00:00,40,2761.471405746681,2621.207547329789,-140.2638584168917,-5.079315980784723
157,2025-11-19 06:00:00,40,2776.5911507038204,2575.599055599808,-200.9920951040126,-7.238807739233211
158,2025-11-19 07:00:00,40,2775.703067054619,2570.5869044398464,-205.11616261477275,-7.389701191360775
159,2025-11-19 08:00:00,40,2775.840244186217,2571.377216572097,-204.46302761412016,-7.3658067333792765
160,2025-11-19 09:00:00,40,2777.739882093172,2581.756623420379,-195.98325867279252,-7.055493566413747
161,2025-11-19 10:00:00,40,2778.60881437842,2586.2082862606944,-192.4005281177256,-6.924347433223194
162,2025-11-19 11:00:00,40,2778.741772207057,2586.8755087844124,-191.86626342264435,-6.904789258998029
163,2025-11-19 12:00:00,40,2779.8313796537645,2592.217691431973,-187.6136882217916,-6.749103186437134
164,2025-11-19 13:00:00,40,2780.224398972002,2594.093547003542,-186.1308519684599,-6.694813988298298
165,2025-11-19 14:00:00,40,2778.531166811819,2585.816984320595,-192.7141824912237,-6.935829433662625
166,2025-11-19 15:00:00,40,2776.341517336536,2574.214305941063,-202.12721139547284,-7.280343939436608
167,2025-11-19 16:00:00,40,2774.087741641112,2560.7501796099923,-213.3375620311199,-7.69036821830705
0,2025-11-12 17:00:00,41,2779.1647636551165,2726.1570095392563,-53.00775411586028,-1.907326791454612
1,2025-11-12 18:00:00,41,2783.760602537529,2735.917413158614,-47.84318937891476,-1.7186531534106575
2,2025-11-12 19:00:00,41,2788.1792567518296,2745.033459478463,-43.1457972733665,-1.5474542093692516
3,2025-11-12 20:00:00,41,2794.5999472197345,2758.283827773728,-36.31611944600672,-1.2995104892253564
4,2025-11-12 21:00:00,41,2594.452679448548,2562.461971134518,-31.99070831402969,-1.2330426593415198
5,2025-11-12 22:00:00,41,2531.840545842725,2512.532140125767,-19.30840571695853,-0.7626232919234537
6,2025-11-12 23:00:00,41,2533.433998667032,2514.996250480109,-18.437748186922818,-0.7277769303097634
7,2025-11-13 00:00:00,41,2540.400778666856,2525.769293333526,-14.631485333330147,-0.5759518520147996
8,2025-11-13 01:00:00,41,2385.7765427360173,2372.01467221656,-13.76187051945726,-0.576829819261912
9,2025-11-13 02:00:00,41,2385.9666484058907,2374.7596791068995,-11.206969298991226,-0.4697035185499685
10,2025-11-13 03:00:00,41,2385.833682180657,2372.8390784522594,-12.994603728397578,-0.544656730494327
11,2025-11-13 04:00:00,41,2539.665163328248,2524.6277720510207,-15.037391277227016,-0.5921013326623111
12,2025-11-13 05:00:00,41,2594.169090699524,2562.425838393853,-31.74325230567092,-1.223638521462426
13,2025-11-13 06:00:00,41,2792.486910763975,2753.6920955205287,-38.79481524344647,-1.389256833896238
14,2025-11-13 07:00:00,41,2792.052296352927,2752.828137495501,-39.22415885742612,-1.404850435955732
15,2025-11-13 08:00:00,41,2789.6351179050457,2747.9840005187984,-41.65111738624728,-1.493066857343205
16,2025-11-13 09:00:00,41,2785.0970001279497,2738.700926520332,-46.39607360761784,-1.6658692176784635
17,2025-11-13 10:00:00,41,2781.0718300836884,2730.243691879554,-50.828138204134575,-1.82764564562164
18,2025-11-13 11:00:00,41,2779.732161922879,2727.3785052342246,-52.35365668865461,-1.883406516850853
19,2025-11-13 12:00:00,41,2779.2026641150383,2726.23875225172,-52.96391186331857,-1.9057232690219623
20,2025-11-13 13:00:00,41,2779.3036803130235,2726.4565156421927,-52.84716467083081,-1.90145341242015
21,2025-11-13 14:00:00,41,2778.518833630156,2724.76053450921,-53.7582991209456,-1.934782606843444
22,2025-11-13 15:00:00,41,2775.658038833312,2718.496971913921,-57.16106691939058,-2.0593699266865384
23,2025-11-13 16:00:00,41,2778.2901244360924,2724.264544471268,-54.02557996482437,-1.9445622143508108
24,2025-11-13 17:00:00,41,2777.4354326737493,2722.4038226569423,-55.03161001680701,-1.9813821545377857
25,2025-11-13 18:00:00,41,2776.6526090292923,2720.6894268624187,-55.9631821668736,-2.015490954283911
26,2025-11-13 19:00:00,41,2779.9961370048013,2727.945156289703,-52.050980715098376,-1.87234003753612
27,2025-11-13 20:00:00,41,2785.20574689672,2738.926398560196,-46.27934833652398,-1.6616132717695449
28,2025-11-13 21:00:00,41,2789.57672978581,2747.8661521025992,-41.710577683210886,-1.4952296252633823
29,2025-11-13 22:00:00,41,2794.1565920162902,2757.292659757273,-36.86393225901702,-1.3193223445081026
30,2025-11-13 23:00:00,41,2795.32829292749,2759.944105426628,-35.384187500862026,-1.2658329824939771
31,2025-11-14 00:00:00,41,2795.3644722538693,2760.027751792223,-35.33672046164611,-1.2641185366842174
32,2025-11-14 01:00:00,41,2592.815619394501,2560.451383218007,-32.36423617649416,-1.248227445654318
33,2025-11-14 02:00:00,41,2593.265684122773,2561.40007147089,-31.86561265188311,-1.228783184344736
34,2025-11-14 03:00:00,41,2592.589770813818,2559.974231965843,-32.61553884797513,-1.258029296232896
35,2025-11-14 04:00:00,41,2792.58962830261,2753.8959779182,-38.693650384410375,-1.3855831158382237
36,2025-11-14 05:00:00,41,2779.9584577813566,2727.8643368327653,-52.09412094859135,-1.873917245157933
37,2025-11-14 06:00:00,41,2768.6665284920527,2702.5895320587724,-66.07699643328033,-2.386600038440491
38,2025-11-14 07:00:00,41,2766.8560415878856,2698.313115367613,-68.54292622027242,-2.477285597444237
39,2025-11-14 08:00:00,41,2767.558287775883,2699.9802373845205,-67.57805039136247,-2.4417932113607197
40,2025-11-14 09:00:00,41,2770.709590374297,2707.3334017825287,-63.37618859176792,-2.2873630932647253
41,2025-11-14 10:00:00,41,2774.8650042929644,2716.737004675228,-58.12799961773635,-2.094804595099478
42,2025-11-14 11:00:00,41,2776.549611376368,2720.463127090974,-56.08648428539391,-2.0200065597816272
43,2025-11-14 12:00:00,41,2778.924481535812,2725.638270288005,-53.28621124780648,-1.9175120303505728
44,2025-11-14 13:00:00,41,2776.549611376368,2720.463127090974,-56.08648428539391,-2.0200065597816272
45,2025-11-14 14:00:00,41,2774.760661254656,2716.5046452182723,-58.2560160363837,-2.0994969710303675
46,2025-11-14 15:00:00,41,2771.8467334410816,2709.938255060206,-61.90847838087575,-2.2334740818811465
47,2025-11-14 16:00:00,41,2770.090332152521,2705.904352970925,-64.18597918159594,-2.3171078010196045
48,2025-11-14 17:00:00,41,2772.378679992128,2711.148414240626,-61.23026575150152,-2.20858233376962
49,2025-11-14 18:00:00,41,2775.60617597519,2718.382196369149,-57.22397960604121,-2.061675035217702
50,2025-11-14 19:00:00,41,2780.809951181473,2729.685656817028,-51.12429436444472,-1.8384677580258129
51,2025-11-14 20:00:00,41,2782.976830024452,2734.2738372320464,-48.70299279240544,-1.750032277199287
52,2025-11-14 21:00:00,41,2786.024503195712,2740.619086985215,-45.40541621049715,-1.6297565279276915
53,2025-11-14 22:00:00,41,2788.6506791684983,2745.991648900985,-42.65903026751312,-1.5297373237236336
54,2025-11-14 23:00:00,41,2793.788226539797,2756.478755116526,-37.30947142327159,-1.33544379165348
55,2025-11-15 00:00:00,41,2794.9139408883043,2758.994320693744,-35.91962019456014,-1.2851780396194898
56,2025-11-15 01:00:00,41,2795.211619152494,2759.675165129845,-35.53645402264965,-1.2713332249750833
57,2025-11-15 02:00:00,41,2592.77222932832,2560.359769394192,-32.41245993412804,-1.250108265102977
58,2025-11-15 03:00:00,41,2794.300921168629,2757.6138673030914,-36.68705386553802,-1.3129242304438278
59,2025-11-15 04:00:00,41,2792.992853937737,2754.7471410688563,-38.24571286888067,-1.3693451744768863
60,2025-11-15 05:00:00,41,2789.6351179050457,2747.9840005187984,-41.65111738624728,-1.493066857343205
61,2025-11-15 06:00:00,41,2784.077696018181,2736.5800100991714,-47.49768591901011,-1.7060474277331348
62,2025-11-15 07:00:00,41,2780.859872132838,2729.7921090645,-51.06776306833808,-1.8364018834638585
63,2025-11-15 08:00:00,41,2781.48232753679,2731.116439484534,-50.36588805225574,-1.81075707559352
64,2025-11-15 09:00:00,41,2782.878533665188,2734.0671197140787,-48.81141395110944,-1.753990099123098
65,2025-11-15 10:00:00,41,2785.9284427464013,2740.420937172809,-45.507505573592425,-1.6334771875450824
66,2025-11-15 11:00:00,41,2786.8501205817342,2742.317326425805,-44.53279415592942,-1.597961577733988
67,2025-11-15 12:00:00,41,2786.6471896105486,2741.90070588197,-44.74648372857837,-1.60574628519199
68,2025-11-15 13:00:00,41,2787.1122710137006,2742.854764824997,-44.2575061887037,-1.5879341011478811
69,2025-11-15 14:00:00,41,2781.5444149445866,2731.248232983329,-50.29618196125739,-1.8082106361857029
70,2025-11-15 15:00:00,41,2774.773708440413,2716.533709914157,-58.23999852625593,-2.0989098443991767
71,2025-11-15 16:00:00,41,2773.633980979039,2713.9836781608365,-59.65030281820236,-2.150619123765817
72,2025-11-15 17:00:00,41,2776.020533197674,2719.2979462610306,-56.72258693664344,-2.0433057413773947
73,2025-11-15 18:00:00,41,2780.7974680544626,2729.659031970622,-51.13843608384059,-1.838984560052075
74,2025-11-15 19:00:00,41,2785.3747306673918,2739.2764600506343,-46.09827061675696,-1.6550114463669152
75,2025-11-15 20:00:00,41,2790.565745536851,2749.856968102012,-40.70877743483925,-1.4588001554863086
76,2025-11-15 21:00:00,41,2794.396181917148,2757.8266267292324,-36.56955518791574,-1.3086746762882602
77,2025-11-15 22:00:00,41,2593.9106338799475,2562.375904659964,-31.534729219983543,-1.2157214981926416
78,2025-11-15 23:00:00,41,2594.13749015804,2562.420578098204,-31.71691205983643,-1.2226380513819326
79,2025-11-16 00:00:00,41,2594.4465236577357,2562.4614046422,-31.98511901553593,-1.232830151782904
80,2025-11-16 01:00:00,41,2594.363082289396,2562.452754680113,-31.91032760928329,-1.2299869600797746
81,2025-11-16 02:00:00,41,2594.282135834825,2562.442662669893,-31.839473164932315,-1.2272941606902965
82,2025-11-16 03:00:00,41,2594.7411041072114,2562.4770585672827,-32.2640455399287,-1.2434398749400468
83,2025-11-16 04:00:00,41,2594.9369061083776,2562.473868984068,-32.46303712430972,-1.251014506283102
84,2025-11-16 05:00:00,41,2594.3785819168943,2562.4544972807053,-31.92408463618904,-1.2305098746460303
85,2025-11-16 06:00:00,41,2592.7288191064954,2560.2680861244844,-32.460732982010995,-1.2519910583320315
86,2025-11-16 07:00:00,41,2791.374546366744,2751.4766306381,-39.89791572864442,-1.4293286359788435
87,2025-11-16 08:00:00,41,2789.0031249885933,2746.7062686574136,-42.2968563311797,-1.5165582265653677
88,2025-11-16 09:00:00,41,2788.0965816717867,2744.865141374148,-43.23144029763853,-1.5505718339110144
89,2025-11-16 10:00:00,41,2786.6949663637656,2741.9988387152307,-44.69612764853491,-1.6039117373099827
90,2025-11-16 11:00:00,41,2786.431978482354,2741.458309687939,-44.97366879441506,-1.6140235664001468
91,2025-11-16 12:00:00,41,2785.471195724487,2739.4761286566622,-45.99506706782495,-1.6512490647336189
92,2025-11-16 13:00:00,41,2782.669413359117,2733.6268981725657,-49.04251518655156,-1.7624269326103517
93,2025-11-16 14:00:00,41,2779.505487395056,2726.8910978786244,-52.61438951643186,-1.8929406599496192
94,2025-11-16 15:00:00,41,2773.4496989877457,2713.569226106521,-59.88047288122425,-2.159061074844063
95,2025-11-16 16:00:00,41,2770.306035719206,2706.402983333429,-63.90305238577776,-2.3067145492894148
96,2025-11-16 17:00:00,41,2770.454140305043,2706.74481745363,-63.70932285141316,-2.299598536014691
97,2025-11-16 18:00:00,41,2770.7901624186998,2707.51878470565,-63.27137771304933,-2.283513871646563
98,2025-11-16 19:00:00,41,2775.3465686886248,2717.8069945072034,-57.53957418142136,-2.0732392426438224
99,2025-11-16 20:00:00,41,2778.442639882887,2724.5953864509315,-53.84725343195532,-1.938037253640227
100,2025-11-16 21:00:00,41,2782.1513567316038,2732.533729568898,-49.6176271627055,-1.7834265933322535
101,2025-11-16 22:00:00,41,2784.2237918569504,2736.884840211648,-47.33895164530213,-1.700256702918597
102,2025-11-16 23:00:00,41,2786.838192166012,2742.292851440124,-44.5453407258874,-1.5984186254913302
103,2025-11-17 00:00:00,41,2789.57672978581,2747.8661521025992,-41.710577683210886,-1.4952296252633823
104,2025-11-17 01:00:00,41,2789.7751416383885,2748.2664560501453,-41.508685588243225,-1.4878864238451084
105,2025-11-17 02:00:00,41,2790.264029496303,2749.2508420504814,-41.01318744582159,-1.4698676187007744
106,2025-11-17 03:00:00,41,2789.3897101001985,2747.488408199052,-41.901301901146326,-1.502167364761705
107,2025-11-17 04:00:00,41,2783.748391511414,2735.8918701569164,-47.856521354497545,-1.719139614069583
108,2025-11-17 05:00:00,41,2770.1173131847654,2705.966773975047,-64.15053920971832,-2.3158058651301427
109,2025-11-17 06:00:00,41,2760.15913489528,2678.234550251404,-81.92458464387619,-2.968110918249081
110,2025-11-17 07:00:00,41,2757.8708084267423,2669.282625690809,-88.58818273593351,-3.2121948013391397
111,2025-11-17 08:00:00,41,2757.47363325437,2667.6977032782997,-89.77592997607053,-3.2557312205417897
112,2025-11-17 09:00:00,41,2760.7220363941296,2680.39255222675,-80.32948416737963,-2.909727350613705
113,2025-11-17 10:00:00,41,2762.795896594188,2688.2060125066337,-74.58988408755431,-2.69979712144152
114,2025-11-17 11:00:00,41,2764.7283080077464,2693.1937115134706,-71.53459649427577,-2.5874005878654804
115,2025-11-17 12:00:00,41,2764.011975399404,2691.4460598239566,-72.56591557544698,-2.62538354469181
116,2025-11-17 13:00:00,41,2761.5121768884,2683.394303569736,-78.11787331866344,-2.828807852901979
117,2025-11-17 14:00:00,41,2757.3999638245023,2667.402656130931,-89.9973076935712,-3.263846698857039
118,2025-11-17 15:00:00,41,2800.2726194763886,2646.998720879444,-153.2738985969445,-5.4735348812432605
119,2025-11-17 16:00:00,41,2796.8753230621,2630.6915259017605,-166.1837971603395,-5.941766362985272
120,2025-11-17 17:00:00,41,2799.477720869168,2643.298075874988,-156.17964499417985,-5.578885083810918
121,2025-11-17 18:00:00,41,2800.574994367001,2648.389840288326,-152.18515407867517,-5.434068160459055
122,2025-11-17 19:00:00,41,2755.6803557399103,2660.416010195123,-95.26434554478736,-3.4570172605961966
123,2025-11-17 20:00:00,41,2758.720366848434,2672.640950377389,-86.07941647104508,-3.1202661025547265
124,2025-11-17 21:00:00,41,2765.3992488707927,2694.8193907393597,-70.57985813143341,-2.552248401754415
125,2025-11-17 22:00:00,41,2769.968853482555,2705.623131145845,-64.34572233670951,-2.3229763849442056
126,2025-11-17 23:00:00,41,2778.772505267566,2725.3097201559885,-53.46278511157743,-1.9239712862507088
127,2025-11-18 00:00:00,41,2780.834913968193,2729.7388923650474,-51.0960216031458,-1.837434554150964
128,2025-11-18 01:00:00,41,2781.48232753679,2731.116439484534,-50.36588805225574,-1.81075707559352
129,2025-11-18 02:00:00,41,2782.361287966323,2732.977161131762,-49.3841268345609,-1.7748998682574626
130,2025-11-18 03:00:00,41,2784.187282973984,2736.808690716083,-47.37859225790089,-1.7017027750838845
131,2025-11-18 04:00:00,41,2778.873841649449,2725.528833403435,-53.345008246014,-1.919662830549736
132,2025-11-18 05:00:00,41,2764.686269671827,2693.0914948523528,-71.59477481947442,-2.589616608758029
133,2025-11-18 06:00:00,41,2798.255342355569,2637.475868876817,-160.77947347875215,-5.74570415519722
134,2025-11-18 07:00:00,41,2796.520903717216,2628.909597789685,-167.61130592752988,-5.993565279799489
135,2025-11-18 08:00:00,41,2796.742515233449,2630.0257888638707,-166.71672636957783,-5.961103872147548
136,2025-11-18 09:00:00,41,2755.3668830040388,2659.1208683464783,-96.2460146575604,-3.493038086914516
137,2025-11-18 10:00:00,41,2757.517817118327,2667.874498483121,-89.64331863520601,-3.250869970040138
138,2025-11-18 11:00:00,41,2760.462506893916,2679.3996489873107,-81.06285790660513,-2.936567973814555
139,2025-11-18 12:00:00,41,2759.884108542094,2677.174090151791,-82.71001839030305,-2.9968656341151414
140,2025-11-18 13:00:00,41,2757.0015070987097,2665.8009227453176,-91.20058435339206,-3.3079628037405637
141,2025-11-18 14:00:00,41,2799.738343275573,2644.518520135657,-155.21982313991566,-5.544083200229175
142,2025-11-18 15:00:00,41,2794.25636175678,2617.087893331513,-177.16846842526593,-6.340451465014405
143,2025-11-18 16:00:00,41,2789.512956959621,2589.019520038096,-200.4934369215257,-7.187399378135525
144,2025-11-18 17:00:00,41,2791.223248946704,2599.784083413089,-191.43916553361527,-6.85861174328699
145,2025-11-18 18:00:00,41,2794.780870340876,2619.898203670923,-174.88266666995287,-6.257473296953784
146,2025-11-18 19:00:00,41,2797.478832089986,2633.6877059757585,-163.7911261142276,-5.854954977152048
147,2025-11-18 20:00:00,41,2755.247288883989,2658.624921996679,-96.62236688730992,-3.506849177463368
148,2025-11-18 21:00:00,41,2763.5465548499365,2690.303765095167,-73.24278975476955,-2.650318650367253
149,2025-11-18 22:00:00,41,2768.1613698335946,2701.4033990127805,-66.75797082081408,-2.4116358080969524
150,2025-11-18 23:00:00,41,2774.8258848789856,2716.649912206448,-58.17597267253768,-2.096562994801197
151,2025-11-19 00:00:00,41,2776.304681952542,2719.9242916533467,-56.38039029919537,-2.0307709980715702
152,2025-11-19 01:00:00,41,2776.472312406308,2720.2931777505505,-56.17913465575748,-2.0233997798115357
153,2025-11-19 02:00:00,41,2775.683962946085,2718.554326698993,-57.129636247092094,-2.058218335002924
154,2025-11-19 03:00:00,41,2776.407863353332,2720.151405929994,-56.25645742333791,-2.026231742312948
155,2025-11-19 04:00:00,41,2771.9799100030064,2710.2417207525764,-61.73818925042997,-2.227223546160658
156,2025-11-19 05:00:00,41,2758.002960777858,2669.8078458035448,-88.19511497431313,-3.1977889882119226
157,2025-11-19 06:00:00,41,2792.0635129927136,2604.779112893525,-187.28440009918813,-6.707741397273755
158,2025-11-19 07:00:00,41,2790.870462623227,2597.633302591169,-193.23716003205757,-6.923902869014847
159,2025-11-19 08:00:00,41,2791.0546286934755,2598.760236597085,-192.2943920963903,-6.88966780225314
160,2025-11-19 09:00:00,41,2793.609425015107,2613.5549012279444,-180.05452378716245,-6.445228963465027
161,2025-11-19 10:00:00,41,2794.780870340876,2619.898203670923,-174.88266666995287,-6.257473296953784
162,2025-11-19 11:00:00,41,2794.960276817982,2620.848904668046,-174.11137214993596,-6.229475731517694
163,2025-11-19 12:00:00,41,2796.43216615986,2628.460767665732,-167.9713984941277,-6.00663232696221
164,2025-11-19 13:00:00,41,2796.963795440135,2631.1337166079347,-165.83007883220034,-5.92893190475156
165,2025-11-19 14:00:00,41,2794.676116489914,2619.3406485093624,-175.33546798055158,-6.273910130264799
166,2025-11-19 15:00:00,41,2791.727973370008,2602.805145511678,-188.92282785833004,-6.767236265869904
167,2025-11-19 16:00:00,41,2788.7049894710835,2583.599031994864,-205.10595747621983,-7.354881862750244
0,2025-11-12 17:00:00,44,2966.799136498165,2902.378521405957,-64.42061509220775,-2.1713844493107834
1,2025-11-12 18:00:00,44,2973.7409665172645,2917.322539849711,-56.418426667553376,-1.8972206154737328
2,2025-11-12 19:00:00,44,2980.4415714418874,2931.3093011781957,-49.132270263692135,-1.6484896310154058
3,2025-11-12 20:00:00,44,2990.134125793822,2951.847401335536,-38.2867244582867,-1.280435018884724
4,2025-11-12 21:00:00,44,2576.724155814928,2546.258493758592,-30.465662056335987,-1.1823408410862963
5,2025-11-12 22:00:00,44,2503.106110879244,2476.8505172586847,-26.25559362055901,-1.0489205194475932
6,2025-11-12 23:00:00,44,2505.293393512748,2480.330073429719,-24.96332008302897,-0.9964230196618666
7,2025-11-13 00:00:00,44,2514.9058037787845,2495.583886459336,-19.321917319448858,-0.7682958658100281
8,2025-11-13 01:00:00,44,2362.4440294304486,2345.5761911506856,-16.867838279762964,-0.7139994882261638
9,2025-11-13 02:00:00,44,2362.7771134701097,2349.3470159383955,-13.430097531714182,-0.5684030649844061
10,2025-11-13 03:00:00,44,2362.5437850758603,2346.70852781364,-15.835257262220694,-0.6702630174412717
11,2025-11-13 04:00:00,44,2513.88597384042,2493.9635377361155,-19.922436104304325,-0.7924956148217481
12,2025-11-13 05:00:00,44,2576.1865340097565,2546.034446018488,-30.152087991268672,-1.1704155577716595
13,2025-11-13 06:00:00,44,2987.000760024217,2944.626791916763,-42.3739681074544,-1.4186125653048327
14,2025-11-13 07:00:00,44,2986.3377155521075,2943.2963650777856,-43.04135047432192,-1.441275387246835
15,2025-11-13 08:00:00,44,2982.655310424948,2935.843521524885,-46.811788900062766,-1.5694669356008606
16,2025-11-13 09:00:00,44,2975.764704003134,2921.589971237188,-54.17473276594592,-1.8205314651749047
17,2025-11-13 10:00:00,44,2969.6764198936885,2908.6321103847367,-61.04430950895176,-2.055587911868765
18,2025-11-13 11:00:00,44,2967.6547247268672,2904.247213355797,-63.407511371070086,-2.136620235593812
19,2025-11-13 12:00:00,44,2966.856274803399,2902.5035621798247,-64.35271262357446,-2.1690539299157265
20,2025-11-13 13:00:00,44,2967.008574303287,2902.836680656338,-64.17189364694877,-2.162848270905912
21,2025-11-13 14:00:00,44,2965.8256098699885,2900.242620090054,-65.58298977993445,-2.2112894824861056
22,2025-11-13 15:00:00,44,2961.519922505653,2890.668315008185,-70.8516074974682,-2.3924069177803395
23,2025-11-13 16:00:00,44,2965.4810278792947,2899.484125678079,-65.99690220121556,-2.225504111500317
24,2025-11-13 17:00:00,44,2964.193874872932,2896.6391497707614,-67.55472510217078,-2.279025190451373
25,2025-11-13 18:00:00,44,2963.015719015348,2894.018623888643,-68.99709512670461,-2.328610499225881
26,2025-11-13 19:00:00,44,2968.0529123948663,2905.114235712158,-62.93867668270832,-2.1205375557784203
27,2025-11-13 20:00:00,44,2975.929487611785,2921.9357661511863,-53.99372146059886,-1.8143481451883927
28,2025-11-13 21:00:00,44,2982.566467799412,2935.6623451417727,-46.90412265763917,-1.5726094678535638
29,2025-11-13 22:00:00,44,2989.4840449734984,2950.289940618789,-39.19410435470945,-1.311065848322897
30,2025-11-13 23:00:00,44,2991.193310875017,2954.449695110658,-36.74361576435922,-1.228393217876332
31,2025-11-14 00:00:00,44,2991.24560565207,2954.5805688453675,-36.665036806702574,-1.2257447779420927
32,2025-11-14 01:00:00,44,2574.053719604851,2542.9369105528144,-31.116809052036388,-1.208864011463335
33,2025-11-14 02:00:00,44,2574.691136371357,2544.2927236193345,-30.398412752022978,-1.180662500546182
34,2025-11-14 03:00:00,44,2573.734004351083,2542.255177122301,-31.478827228781935,-1.2230800531665165
35,2025-11-14 04:00:00,44,2987.157507700472,2944.940809982172,-42.21669771830011,-1.4132732408475752
36,2025-11-14 05:00:00,44,2967.996070664369,2904.9905699381734,-63.005500726195805,-2.122829654289009
37,2025-11-14 06:00:00,44,2951.0362739119505,2866.385396233657,-84.650877678293,-2.8685136277934724
38,2025-11-14 07:00:00,44,2948.3299624731303,2859.8628770497776,-88.46708542335273,-3.0005829248889224
39,2025-11-14 08:00:00,44,2949.379281774912,2862.4054300123616,-86.97385176255057,-2.9488866454032463
40,2025-11-14 09:00:00,44,2954.0943177178383,2873.6230989262594,-80.47121879157885,-2.724057194414369
41,2025-11-14 10:00:00,44,2960.328050187477,2887.9796192820004,-72.34843090547656,-2.44393289118396
42,2025-11-14 11:00:00,44,2962.860760640837,2893.672764963709,-69.18799567712767,-2.3351754019707296
43,2025-11-14 12:00:00,44,2966.436930867044,2901.585053524718,-64.85187734232568,-2.1861876336393395
44,2025-11-14 13:00:00,44,2962.860760640837,2893.672764963709,-69.18799567712767,-2.3351754019707296
45,2025-11-14 14:00:00,44,2960.1712840515625,2887.6246905424314,-72.54659350913107,-2.4507566133077656
46,2025-11-14 15:00:00,44,2955.798311568303,2877.598535642849,-78.19977592545365,-2.6456397792568604
47,2025-11-14 16:00:00,44,2953.166950623756,2871.442522775019,-81.72442784873692,-2.767348721394685
48,2025-11-14 17:00:00,44,2956.5959083449343,2879.4457760250875,-77.15013231984676,-2.609424307937788
49,2025-11-14 18:00:00,44,2961.441954298393,2890.4929536456334,-70.94900065275942,-2.3957586117729
50,2025-11-14 19:00:00,44,2969.2810408135947,2907.777906259645,-61.50313455394917,-2.0713140221006854
51,2025-11-14 20:00:00,44,2972.5551873277464,2914.804012753517,-57.75117457422948,-1.9428125277682853
52,2025-11-14 21:00:00,44,2977.1706645801914,2924.5323595347995,-52.63830504539192,-1.768064749247904
53,2025-11-14 22:00:00,44,2981.1580663037453,2932.7813750264554,-48.376691277289865,-1.6227482810822833
54,2025-11-14 23:00:00,44,2988.941240057131,2949.008998794008,-39.93224126312271,-1.3359995415085322
55,2025-11-15 00:00:00,44,2990.5921784204074,2952.9620645028926,-37.63011391751479,-1.258283031335638
56,2025-11-15 01:00:00,44,2991.02444885429,2954.028752831774,-36.99569602251586,-1.2368904586081548
57,2025-11-15 02:00:00,44,2573.9922881563125,2542.806007110924,-31.18628104538857,-1.2115918601965407
58,2025-11-15 03:00:00,44,2989.6960748100646,2950.794970196197,-38.90110461386757,-1.3011725486624577
59,2025-11-15 04:00:00,44,2987.761914345465,2946.2781232625603,-41.483791082904645,-1.3884570548852646
60,2025-11-15 05:00:00,44,2982.655310424948,2935.843521524885,-46.811788900062766,-1.5694669356008606
61,2025-11-15 06:00:00,44,2974.2209320684524,2918.338126649774,-55.882805418678345,-1.8789056595003544
62,2025-11-15 07:00:00,44,2969.3564036952544,2907.9408494702616,-61.415554224992775,-2.0683119799483616
63,2025-11-15 08:00:00,44,2970.29635506736,2909.968241049203,-60.328114018157066,-2.031046966584213
64,2025-11-15 09:00:00,44,2972.406530498896,2914.487313461525,-57.919217037370345,-1.9485631067984848
65,2025-11-15 10:00:00,44,2977.0249960826886,2924.228340797493,-52.79665528519581,-1.7734703388338413
66,2025-11-15 11:00:00,44,2978.4231785457746,2927.1385701863296,-51.284608359444974,-1.72187111384504
67,2025-11-15 12:00:00,44,2978.115231532224,2926.499097069804,-51.61613446242018,-1.7331812387885328
68,2025-11-15 13:00:00,44,2978.821076177127,2927.963589430134,-50.85748674699289,-1.707302501439962
69,2025-11-15 14:00:00,44,2970.390138444912,2910.170029834967,-60.22010860994442,-2.027346772753274
70,2025-11-15 15:00:00,44,2960.190885607516,2887.6690862505934,-72.52179935692266,-2.4499027988203235
71,2025-11-15 16:00:00,44,2958.479334473373,2883.7745701926183,-74.70476428075517,-2.5251068483144588
72,2025-11-15 17:00:00,44,2962.064966814217,2891.8921711208877,-70.17279569332959,-2.369049851354286
73,2025-11-15 18:00:00,44,2969.262196223089,2907.7371529343354,-61.52504328875375,-2.072065018946922
74,2025-11-15 19:00:00,44,2976.185580058699,2922.4726745952294,-53.71290546346973,-1.8047565925781528
75,2025-11-15 20:00:00,44,2984.0720211648368,2938.723815452042,-45.34820571279488,-1.519675309146632
76,2025-11-15 21:00:00,44,2989.8358100017654,2951.12932983236,-38.706480169405495,-1.2946021998907906
77,2025-11-15 22:00:00,44,2575.6992234537424,2545.8085146113194,-29.89070884242301,-1.1604891040943324
78,2025-11-15 23:00:00,44,2576.126819585712,2546.00790239373,-30.11891719198184,-1.169155064998916
79,2025-11-16 00:00:00,44,2576.712451752408,2546.2539089568086,-30.458542795598987,-1.1820699191671271
80,2025-11-16 01:00:00,44,2576.553955456488,2546.1905202863663,-30.363435170121647,-1.1784513615878134
81,2025-11-16 02:00:00,44,2576.400463948231,2546.126852234452,-30.27361171377925,-1.1750351755249315
82,2025-11-16 03:00:00,44,2577.274322904417,2546.4586601916776,-30.815662712739595,-1.195668712440839
83,2025-11-16 04:00:00,44,2577.64989559276,2546.5773641084647,-31.07253148429527,-1.2054597304863928
84,2025-11-16 05:00:00,44,2576.583375682888,2546.202468725089,-30.380906957798743,-1.17911600472648
85,2025-11-16 06:00:00,44,2573.930831841399,2542.675008975095,-31.255822866304243,-1.214322563747516
86,2025-11-16 07:00:00,44,2985.3043225681854,2941.2159000140664,-44.088422554119006,-1.476848514934343
87,2025-11-16 08:00:00,44,2981.693943138074,2933.8795089890677,-47.8144341490065,-1.6035996671973771
88,2025-11-16 09:00:00,44,2980.315949973992,2931.050753146681,-49.26519682731168,-1.6530192655493992
89,2025-11-16 10:00:00,44,2978.18772740843,2926.6497154984218,-51.53801191000821,-1.7305158917854966
90,2025-11-16 11:00:00,44,2977.7887121366853,2925.8201356698405,-51.96857646684475,-1.7452069804360018
91,2025-11-16 12:00:00,44,2976.3317889000155,2922.778937574128,-53.55285132588733,-1.799290372316967
92,2025-11-16 13:00:00,44,2972.0903129270337,2913.8129232706133,-58.27738965642038,-1.960821627894156
93,2025-11-16 14:00:00,44,2967.312871217616,2903.50151046618,-63.81136075143559,-2.150476323895399
94,2025-11-16 15:00:00,44,2958.202732042944,2883.1417127571726,-75.06101928577118,-2.5373859091102187
95,2025-11-16 16:00:00,44,2953.4899301468977,2872.203350042612,-81.2865801042858,-2.7522213390530457
96,2025-11-16 17:00:00,44,2953.7117202692207,2872.724950334394,-80.98676993482604,-2.741864393165775
97,2025-11-16 18:00:00,44,2954.2150080470733,2873.9059929005384,-80.30901514653488,-2.718455323250975
98,2025-11-16 19:00:00,44,2961.051719530567,2889.614164515935,-71.43755501463193,-2.412573699521781
99,2025-11-16 20:00:00,44,2965.710806421593,2899.990060008236,-65.72074641335757,-2.2160200607238503
100,2025-11-16 21:00:00,44,2971.307187559031,2912.138530384304,-59.16865717472683,-1.991334232369784
101,2025-11-16 22:00:00,44,2974.442113729452,2918.805402088881,-55.63671164057132,-1.8704923314447093
102,2025-11-16 23:00:00,44,2978.405075626641,2927.1010014951444,-51.304074131497146,-1.7225351430984592
103,2025-11-17 00:00:00,44,2982.566467799412,2935.6623451417727,-46.90412265763917,-1.5726094678535638
104,2025-11-17 01:00:00,44,2982.868389185008,2936.2777852013583,-46.59060398364954,-1.561939646837024
105,2025-11-17 02:00:00,44,2983.612572899709,2937.791522912992,-45.82104998671775,-1.53575737020659
106,2025-11-17 03:00:00,44,2982.2819346526285,2935.0816558731526,-47.200278779475866,-1.5826900277613651
107,2025-11-17 04:00:00,44,2973.722486084183,2917.2833921668557,-56.43909391732768,-1.897927401815058
108,2025-11-17 05:00:00,44,2953.207347446342,2871.5377651863823,-81.6695822599595,-2.765453713589726
109,2025-11-17 06:00:00,44,2938.347380706409,2829.8960166265497,-108.4513640798591,-3.6908966173286935
110,2025-11-17 07:00:00,44,2934.945873296383,2816.7791614851617,-118.16671181122138,-4.026197310361383
111,2025-11-17 08:00:00,44,2934.3559587939426,2814.455823002609,-119.90013579133348,-4.08608013053106
112,2025-11-17 09:00:00,44,2939.184832058803,2833.056673235297,-106.1281588235056,-3.610802480535608
113,2025-11-17 10:00:00,44,2942.2727156189894,2844.496481127528,-97.77623449146176,-3.3231533559897013
114,2025-11-17 11:00:00,44,2945.153638710068,2852.056397492424,-93.0972412176443,-3.1610317368169443
115,2025-11-17 12:00:00,44,2944.08528104538,2849.3917503054786,-94.69353073990078,-3.2163990408007885
116,2025-11-17 13:00:00,44,2940.36084503019,2837.452292461733,-102.9085525684568,-3.49986134329034
117,2025-11-17 14:00:00,44,2934.246554497657,2814.023277306682,-120.2232771909753,-4.097245236829034
118,2025-11-17 15:00:00,44,3013.291694388686,2784.080150748619,-229.21154364006725,-7.606682886588845
119,2025-11-17 16:00:00,44,3008.344438163168,2760.09837029416,-248.24606786900813,-8.251916393608903
120,2025-11-17 17:00:00,44,3012.1332262134315,2778.6422190482995,-233.49100716513203,-7.75168259933359
121,2025-11-17 18:00:00,44,3013.732517724756,2786.123723430845,-227.60879429391025,-7.552388705874454
122,2025-11-17 19:00:00,44,2931.6941421374727,2803.7772517917347,-127.916890345738,-4.3632413254567854
123,2025-11-17 20:00:00,44,2936.208165534173,2821.7010840397743,-114.5070814943988,-3.8998284535308807
124,2025-11-17 21:00:00,44,2946.1547504502173,2854.535197186024,-91.61955326419366,-3.109801114493147
125,2025-11-17 22:00:00,44,2952.9850786048523,2871.013438444017,-81.97164016083525,-2.775890767438724
126,2025-11-17 23:00:00,44,2966.207875539077,2901.082536700342,-65.12533883873448,-2.1955756835450595
127,2025-11-18 00:00:00,44,2969.3187253500737,2907.859391877877,-61.459333472196704,-2.0698126121489646
128,2025-11-18 01:00:00,44,2970.29635506736,2909.968241049203,-60.328114018157066,-2.031046966584213
129,2025-11-18 02:00:00,44,2971.6244902525623,2912.81768326284,-58.806806989722645,-1.9789447550529704
130,2025-11-18 03:00:00,44,2974.3868384681205,2918.688669149795,-55.69816931832565,-1.8725933223605689
131,2025-11-18 04:00:00,44,2966.360604397669,2901.4176669116387,-64.94293748603013,-2.18931364547356
132,2025-11-18 05:00:00,44,2945.090927877945,2851.9005440720607,-93.19038380588428,-3.1642616845460743
133,2025-11-18 06:00:00,44,3010.352850422219,2770.08172824264,-240.27112217957935,-7.981493669284649
134,2025-11-18 07:00:00,44,3007.8288977048933,2757.474667499152,-250.3542302057413,-8.323419939105333
135,2025-11-18 08:00:00,44,3008.151242567412,2759.118219218222,-249.03302334919,-8.278607133351581
136,2025-11-18 09:00:00,44,2931.2291261780542,2801.877148745142,-129.351977432912,-4.412892062162686
137,2025-11-18 10:00:00,44,2934.42157720818,2814.715003269064,-119.70657393911642,-4.079392506819206
138,2025-11-18 11:00:00,44,2938.798683698085,2831.602507669821,-107.19617602826384,-3.647618893491942
139,2025-11-18 12:00:00,44,2937.9383173799797,2828.3426579685483,-109.59565941143092,-3.730359441622556
140,2025-11-18 13:00:00,44,2933.6548996671067,2811.6749000460045,-121.97999962110224,-4.157953262837554
141,2025-11-18 14:00:00,44,3012.512989581573,2780.4358738269125,-232.07711575466053,-7.703771454505668
142,2025-11-18 15:00:00,44,3004.5373802482222,2740.0510214245933,-264.48635882362896,-8.802897929057492
143,2025-11-18 16:00:00,44,2997.6563471304803,2698.5435010127107,-299.11284611776955,-9.978223367868589
144,2025-11-18 17:00:00,44,3000.1353307736176,2714.4872104447168,-285.64812032890086,-9.52117450832604
145,2025-11-18 18:00:00,44,3005.299374185504,2744.1958926181364,-261.10348156736745,-8.68810221737499
146,2025-11-18 19:00:00,44,3009.222553316181,2764.50846531762,-244.7140879985609,-8.132136578894258
147,2025-11-18 20:00:00,44,2931.051738056001,2801.149480377045,-129.90225767895572,-4.431933288394031
148,2025-11-18 21:00:00,44,2943.3914051909783,2847.650151966361,-95.74125322461714,-3.252753033652522
149,2025-11-18 22:00:00,44,2950.2808268720078,2864.576103687589,-85.70472318441807,-2.9049683136532214
150,2025-11-18 23:00:00,44,2960.2692752890352,2887.846584430496,-72.42269085853923,-2.4464899684326187
151,2025-11-19 00:00:00,44,2962.4923181634986,2892.849296387191,-69.6430217763077,-2.3508253962150576
152,2025-11-19 01:00:00,44,2962.7444737296573,2893.413035103801,-69.33143862585621,-2.3401086135038227
153,2025-11-19 02:00:00,44,2961.55889677823,2890.7559463125717,-70.8029504656588,-2.3907324802043517
154,2025-11-19 03:00:00,44,2962.647523321054,2893.196373198474,-69.4511501225802,-2.3442258849857103
155,2025-11-19 04:00:00,44,2955.997966512259,2878.0617380855983,-77.93622842666082,-2.636545400557792
156,2025-11-19 05:00:00,44,2935.142186462545,2817.5490109407237,-117.59317552182164,-4.006387699518769
157,2025-11-19 06:00:00,44,3001.354092420506,2721.8745268580224,-279.47956556248346,-9.311782514041562
158,2025-11-19 07:00:00,44,2999.623797710066,2711.304259298254,-288.3195384118121,-9.61185661455004
159,2025-11-19 08:00:00,44,2999.890822604131,2712.972174044693,-286.91864855943777,-9.564303020546957
160,2025-11-19 09:00:00,44,3003.597837146432,2734.8376421420376,-268.76019500439406,-8.94794208733782
161,2025-11-19 10:00:00,44,3005.299374185504,2744.1958926181364,-261.10348156736745,-8.68810221737499
162,2025-11-19 11:00:00,44,3005.5600640343832,2745.597651187309,-259.9624128470741,-8.649383386407019
163,2025-11-19 12:00:00,44,3007.699836275385,2756.8137076555963,-250.8861286197889,-8.341461657639222
164,2025-11-19 13:00:00,44,3008.473147328328,2760.749348218248,-247.72379911007965,-8.234203430735972
165,2025-11-19 14:00:00,44,3005.147172039892,2743.3737107820566,-261.7734612578356,-8.710836650311004
166,2025-11-19 15:00:00,44,3000.867341585819,2718.955959144784,-281.9113824410347,-9.394330050326635
167,2025-11-19 16:00:00,44,2996.4860233851427,2690.502093681328,-305.9839297038152,-10.21142522661073
0,2025-11-12 17:00:00,47,3033.8432953952183,2072.1216676541712,-961.7216277410472,-31.699779260212708
1,2025-11-12 18:00:00,47,3043.017495920566,2098.3450161365013,-944.6724797840648,-31.043938493632776
2,2025-11-12 19:00:00,47,3051.858114683491,2123.01206298363,-928.8460516998608,-30.43542710032545
3,2025-11-12 20:00:00,47,3067.0163128529216,2162.242404095012,-904.7739087579098,-29.500133565194314
4,2025-11-12 21:00:00,47,3034.9322667964743,2154.794497777944,-880.1377690185304,-29.000244211300327
5,2025-11-12 22:00:00,47,2545.914580480304,1739.2747469580077,-806.6398335222957,-31.683695898788475
6,2025-11-12 23:00:00,47,2547.608351199206,1743.5403381793392,-804.0680130198668,-31.56168068931699
7,2025-11-13 00:00:00,47,2555.223305412849,1762.455003524165,-792.7683018886842,-31.02540197599662
8,2025-11-13 01:00:00,47,2526.259873003902,1756.855747675782,-769.40412532812,-30.45625406752964
9,2025-11-13 02:00:00,47,2523.932317071928,1762.043062714524,-761.8892543574036,-30.18659609863425
10,2025-11-13 03:00:00,47,2525.5636997163647,1758.412658195616,-767.1510415207488,-30.375438228182656
11,2025-11-13 04:00:00,47,2554.3993378287464,1760.4220310726714,-793.977306756075,-31.08274007896354
12,2025-11-13 05:00:00,47,3035.571367041248,2156.1395393258017,-879.4318277154462,-28.97088295349889
13,2025-11-13 06:00:00,47,3060.497694784878,2146.62582964973,-913.8718651351484,-29.86023700303372
14,2025-11-13 07:00:00,47,3059.6250128402294,2144.260757446514,-915.3642553937152,-29.9175307938795
15,2025-11-13 08:00:00,47,3054.775609295625,2131.0371317403105,-923.7384775553146,-30.239159784581087
16,2025-11-13 09:00:00,47,3045.6891156988645,2105.857600783505,-939.8315149153595,-30.85776253626942
17,2025-11-13 10:00:00,47,3037.64772763203,2083.0799205414623,-954.5678070905684,-31.42457232309464
18,2025-11-13 11:00:00,47,3034.9748541362023,2075.3939861412528,-959.5808679949496,-31.6174240022842
19,2025-11-13 12:00:00,47,3033.918870892386,2072.340572269513,-961.5782986228731,-31.69426538884469
20,2025-11-13 13:00:00,47,3034.1203088439524,2072.923791657249,-961.1965171867035,-31.67957824167278
21,2025-11-13 14:00:00,47,3032.555476618851,2068.383680038264,-964.1717965805868,-31.79403654819831
22,2025-11-13 15:00:00,47,3026.856191185935,2051.656047552255,-975.20014363368,-32.21825161279276
23,2025-11-13 16:00:00,47,3032.099578829871,2067.056825611185,-965.042753218686,-31.827541547666097
24,2025-11-13 17:00:00,47,3030.396287315657,2062.082632329624,-968.3136549860336,-31.95336725559981
25,2025-11-13 18:00:00,47,3028.836778390376,2057.504422457512,-971.3323559328642,-32.06948498720563
26,2025-11-13 19:00:00,47,3035.501398621057,2076.912887189523,-958.5885114315342,-31.57924789186373
27,2025-11-13 20:00:00,47,3045.9065947241907,2106.466856216633,-939.4397385075576,-30.842696888169836
28,2025-11-13 21:00:00,47,3054.658554852275,2130.716185909836,-923.9423689424387,-30.24699331697062
29,2025-11-13 22:00:00,47,3065.537598557323,2158.738154828249,-906.7994437290736,-29.580437837585936
30,2025-11-13 23:00:00,47,3069.5464232844733,2168.226934734555,-901.3194885499184,-29.363279268651336
31,2025-11-14 00:00:00,47,3069.675769217084,2168.5325164742712,-901.1432527428128,-29.356300811295387
32,2025-11-14 01:00:00,47,3034.291708613061,2152.066805491788,-882.2249031212727,-29.07515123272467
33,2025-11-14 02:00:00,47,3035.425182112417,2155.1305580719286,-880.2946240404885,-29.00070241322413
34,2025-11-14 03:00:00,47,3033.723194005873,2150.5275722582537,-883.1956217476195,-29.112597467450737
35,2025-11-14 04:00:00,47,3060.7039800422926,2147.1842570232848,-913.519723019008,-29.84671921805339
36,2025-11-14 05:00:00,47,3035.426236882213,2076.6962173776456,-958.7300195045672,-31.584691726500683
37,2025-11-14 06:00:00,47,3012.9555306294387,2009.4116462504253,-1003.5438843790134,-33.30762350048234
38,2025-11-14 07:00:00,47,3009.3617458981957,1998.1023733336117,-1011.2593725645838,-33.603782394819945
39,2025-11-14 08:00:00,47,3010.755424758985,2002.5091733503596,-1008.2462514086258,-33.488148625999315
40,2025-11-14 09:00:00,47,3017.013750873921,2021.9783804918327,-995.0353703820876,-32.98080328914184
41,2025-11-14 10:00:00,47,3025.2775349110843,2046.9663819199895,-978.3111529910946,-32.33789765406922
42,2025-11-14 11:00:00,47,3028.6316299355717,2056.900436206188,-971.7311937293834,-32.084826167851105
43,2025-11-14 12:00:00,47,3033.364190572809,2070.732761844073,-962.6314287287364,-31.734779217096136
44,2025-11-14 13:00:00,47,3028.6316299355717,2056.900436206188,-971.7311937293834,-32.084826167851105
45,2025-11-14 14:00:00,47,3025.0698627378324,2046.347555413669,-978.7223073241636,-32.353709227672944
46,2025-11-14 15:00:00,47,3019.2738359242985,2028.8892819825207,-990.3845539417772,-32.802077842621
47,2025-11-14 16:00:00,47,3015.783372543027,2018.1902474961205,-997.5931250469064,-33.0790710675514
48,2025-11-14 17:00:00,47,3020.3314223450875,2032.1026619921493,-988.2287603529384,-32.719215945700554
49,2025-11-14 18:00:00,47,3026.752934312129,2051.3500781351536,-975.4028561769755,-32.22604809000207
50,2025-11-14 19:00:00,47,3037.1251009276148,2081.581823569252,-955.543277358363,-31.46209805669565
51,2025-11-14 20:00:00,47,3041.4514834510524,2093.916539060878,-947.534944390174,-31.154037785769045
52,2025-11-14 21:00:00,47,3047.544397046976,2111.0442501329835,-936.5001469139924,-30.72966378509356
53,2025-11-14 22:00:00,47,3052.802564913104,2125.6158642931973,-927.1867006199068,-30.371656237333465
54,2025-11-14 23:00:00,47,3064.3397651263845,2155.895724999249,-908.4440401271348,-29.645669532656
55,2025-11-15 00:00:00,47,3068.0905695914366,2164.785056610233,-903.3055129812036,-29.441944182941537
56,2025-11-15 01:00:00,47,3069.1318103165227,2167.247173982614,-901.8846363339084,-29.38565992188182
57,2025-11-15 02:00:00,47,3034.182471143659,2151.7711820666327,-882.4112890770261,-29.08234087663236
58,2025-11-15 03:00:00,47,3066.014340639525,2159.8684922659595,-906.145848373566,-29.554520876264306
59,2025-11-15 04:00:00,47,3061.837136917429,2149.945378979404,-911.891757938025,-29.782503678693107
60,2025-11-15 05:00:00,47,3054.775609295625,2131.0371317403105,-923.7384775553146,-30.239159784581087
61,2025-11-15 06:00:00,47,3043.651238578252,2100.131875180576,-943.519363397676,-30.999588633499677
62,2025-11-15 07:00:00,47,3037.2247222112856,2081.86756075946,-955.3571614518256,-31.45493826865294
63,2025-11-15 08:00:00,47,3038.467080639627,2085.424038870142,-953.0430417694852,-31.36591631490904
64,2025-11-15 09:00:00,47,3041.255126179641,2093.35993746829,-947.8951887113512,-31.167894483817168
65,2025-11-15 10:00:00,47,3047.352205446315,2110.5080855646656,-936.8441198816496,-30.7428894568634
66,2025-11-15 11:00:00,47,3049.1966470314,2115.6430436164387,-933.5536034149612,-30.61637904934204
67,2025-11-15 12:00:00,47,3048.790467503498,2114.514241827668,-934.2762256758296,-30.644159893377708
68,2025-11-15 13:00:00,47,3049.7214243753288,2117.0997789142875,-932.6216454610412,-30.58055198113936
69,2025-11-15 14:00:00,47,3038.5910211374235,2085.778146607868,-952.8128745295552,-31.357062135097493
70,2025-11-15 15:00:00,47,3025.095829842401,2046.4249572601336,-978.6708725822676,-32.35173123865149
71,2025-11-15 16:00:00,47,3022.828012283305,2039.6383722452315,-983.1896400380735,-32.525490568529484
72,2025-11-15 17:00:00,47,3027.577965811949,2053.7918235580955,-973.786142253854,-32.16386673605281
73,2025-11-15 18:00:00,47,3037.100190208583,2081.510360853076,-955.5898293555078,-31.46388889099768
74,2025-11-15 19:00:00,47,3046.244564248623,2107.4129858642864,-938.8315783843368,-30.819310747491016
75,2025-11-15 20:00:00,47,3056.641835390219,2136.142689208913,-920.4991461813056,-30.114720525108307
76,2025-11-15 21:00:00,47,3066.3314100736434,2160.619956210791,-905.7114538628524,-29.537298247911835
77,2025-11-15 22:00:00,47,3036.12097715165,2157.2781732338685,-878.8428039177816,-28.946237996822894
78,2025-11-15 23:00:00,47,3035.640201803123,2156.2830919892617,-879.3571098138614,-28.967764667615644
79,2025-11-16 00:00:00,47,3034.94655895563,2154.824810379116,-880.1217485765137,-28.99957977775321
80,2025-11-16 01:00:00,47,3035.138421064589,2155.2307215717287,-879.90769949286,-28.99069424267736
81,2025-11-16 02:00:00,47,3035.321272767181,2155.615782398859,-879.705490368322,-28.982285936616183
82,2025-11-16 03:00:00,47,3034.240656279631,2153.3156004697653,-880.9250558098656,-29.03280113878617
83,2025-11-16 04:00:00,47,3033.7454875612084,2152.2429572014275,-881.5025303597808,-29.05657491619081
84,2025-11-16 05:00:00,47,3035.1030430591445,2155.156017450048,-879.9470256090963,-28.99232787570135
85,2025-11-16 06:00:00,47,3034.0731897683204,2151.475376554124,-882.5978132141963,-29.08953601351953
86,2025-11-16 07:00:00,47,3058.264588895466,2140.565128662545,-917.6994602329214,-30.00719635459537
87,2025-11-16 08:00:00,47,3053.508820988411,2127.559241240046,-925.9495797483652,-30.324116746734603
88,2025-11-16 09:00:00,47,3051.692508703948,2122.554900825703,-929.1376078782446,-30.44663265477061
89,2025-11-16 10:00:00,47,3048.886091767272,2114.780089722159,-934.1060020451127,-30.637615638295717
90,2025-11-16 11:00:00,47,3048.359757060205,2113.3160341095904,-935.0437229506152,-30.673667069150586
91,2025-11-16 12:00:00,47,3046.437508919678,2107.9527594832543,-938.4847494364236,-30.80597408246944
92,2025-11-16 13:00:00,47,3040.8374182598186,2092.1748896848003,-948.6625285750184,-31.197410386968663
93,2025-11-16 14:00:00,47,3034.522763283276,2074.087942429585,-960.4348208536912,-31.650275703139734
94,2025-11-16 15:00:00,47,3022.461427721937,2038.5361788749944,-983.9252488469432,-32.55377355100074
95,2025-11-16 16:00:00,47,3016.211912989829,2019.5117659979828,-996.7001469918464,-33.044765279899195
96,2025-11-16 17:00:00,47,3016.50617361022,2020.417884720957,-996.0882888892623,-33.02125809002149
97,2025-11-16 18:00:00,47,3017.173856901255,2022.4699606216063,-994.7038962796488,-32.968066921448305
98,2025-11-16 19:00:00,47,3026.23610025978,2049.8169866212925,-976.4191136384876,-32.26513336334429
99,2025-11-16 20:00:00,47,3032.403590527196,2067.941837206832,-964.4617533203646,-31.80519098226924
100,2025-11-16 21:00:00,47,3039.8028097527654,2089.2337810026934,-950.569028750072,-31.270746434614427
101,2025-11-16 22:00:00,47,3043.943259946537,2100.954229546891,-942.9890303996464,-30.97919211595977
102,2025-11-16 23:00:00,47,3049.1727702972994,2115.576719552405,-933.5960507448945,-30.61801088607607
103,2025-11-17 00:00:00,47,3054.658554852275,2130.716185909836,-923.9423689424387,-30.24699331697062
104,2025-11-17 01:00:00,47,3055.0563400395104,2131.806507983772,-923.2498320557384,-30.220386444454185
105,2025-11-17 02:00:00,47,3056.036680510322,2134.4894511299744,-921.5472293803482,-30.15497933180764
106,2025-11-17 03:00:00,47,3054.2836508947594,2129.687681944334,-924.5959689504252,-30.272105496146786
107,2025-11-17 04:00:00,47,3042.993093014532,2098.2761509934426,-944.7169420210894,-31.045648581647235
108,2025-11-17 05:00:00,47,3015.8369741701467,2018.3556669254788,-997.481307244668,-33.074775453309776
109,2025-11-17 06:00:00,47,2996.0869135624466,1951.593857413536,-1044.493056148911,-34.86190775777509
110,2025-11-17 07:00:00,47,2991.556967010384,1933.375819142296,-1058.1811478680877,-35.37225463319798
111,2025-11-17 08:00:00,47,2990.771011609498,1930.1487960362756,-1060.6222155732228,-35.463170247943644
112,2025-11-17 09:00:00,47,2997.2016741673,1955.9837614006944,-1041.2179127666054,-34.73966806240634
113,2025-11-17 10:00:00,47,3001.310302770692,1971.8741459957312,-1029.4361567749609,-34.299557624035934
114,2025-11-17 11:00:00,47,3005.1410450010844,1984.5846367037168,-1020.556408297368,-33.96034971453393
115,2025-11-17 12:00:00,47,3003.7207417767686,1979.9746097481957,-1023.7461320285732,-34.08260021612409
116,2025-11-17 13:00:00,47,2998.7667625347035,1962.089147165013,-1036.6776153696906,-34.57013157280162
117,2025-11-17 14:00:00,47,2990.6252390136096,1929.5479983089797,-1061.0772407046302,-35.480113885971306
118,2025-11-17 15:00:00,47,3013.530652803297,1887.942774831228,-1125.5878779720688,-37.35113418955954
119,2025-11-17 16:00:00,47,3006.6870054205283,1854.5812160115104,-1152.105789409018,-38.3181151656948
120,2025-11-17 17:00:00,47,3011.9289283412245,1880.381976222571,-1131.5469521186535,-37.56884637851785
121,2025-11-17 18:00:00,47,3014.140014751831,1890.7836163580955,-1123.3563983937358,-37.26954928755117
122,2025-11-17 19:00:00,47,2987.22337918194,1915.3152453063544,-1071.9081338755857,-35.88309268552695
123,2025-11-17 20:00:00,47,2993.238409585433,1940.2119640163917,-1053.0264455690417,-35.18017282542112
124,2025-11-17 21:00:00,47,3006.4716446969287,1988.8749539358455,-1017.596690761083,-33.84687470962871
125,2025-11-17 22:00:00,47,3015.5420446003363,2017.4450447347415,-998.0969998655946,-33.09842758295472
126,2025-11-17 23:00:00,47,3033.061188015497,2069.8533140965424,-963.2078739189552,-31.756954911587943
127,2025-11-18 00:00:00,47,3037.1749158873417,2081.724714890327,-955.4502009970148,-31.45851745314676
128,2025-11-18 01:00:00,47,3038.467080639627,2085.424038870142,-953.0430417694852,-31.36591631490904
129,2025-11-18 02:00:00,47,3040.2220308002543,2090.426530401906,-949.7955003983484,-31.24099130839931
130,2025-11-18 03:00:00,47,3043.870282699943,2100.7487794980625,-943.1215032018804,-30.984286963941265
131,2025-11-18 04:00:00,47,3033.263225030563,2070.43980624041,-962.823418790153,-31.742165033516063
132,2025-11-18 05:00:00,47,3005.057684820683,1984.3149442638785,-1020.7427405568046,-33.967492394999205
133,2025-11-18 06:00:00,47,3009.466373911915,1868.4751705549484,-1140.9912033569667,-37.91340595289079
134,2025-11-18 07:00:00,47,3005.973328563545,1850.9281451909883,-1155.0451833725567,-38.42499773357984
135,2025-11-18 08:00:00,47,3006.419570872596,1853.2166026361576,-1153.2029682364378,-38.358018268944654
136,2025-11-18 09:00:00,47,2986.603404857401,1912.6754799549467,-1073.9279249024544,-35.958169844574
137,2025-11-18 10:00:00,47,2990.85844132512,1930.5087909972144,-1060.3496503279052,-35.45302029935293
138,2025-11-18 11:00:00,47,2996.6876839012957,1953.964027199112,-1042.7236567021837,-34.79587353409794
139,2025-11-18 12:00:00,47,2995.5423213524327,1949.4363944128795,-1046.1059269395537,-34.92208804672323
140,2025-11-18 13:00:00,47,2989.8368462071585,1926.286087668683,-1063.5507585384755,-35.57220053287097
141,2025-11-18 14:00:00,47,3012.454052495968,1882.876065522076,-1129.5779869738922,-37.49693662673396
142,2025-11-18 15:00:00,47,3001.4144928100327,1826.6484685650364,-1174.7660242449963,-39.14041286397394
143,2025-11-18 16:00:00,47,2991.871311827341,1768.6238687499454,-1223.2474430773957,-40.88569713014409
144,2025-11-18 17:00:00,47,2995.3113548423544,1790.9479451200243,-1204.3634097223298,-40.20828778869021
145,2025-11-18 18:00:00,47,3002.4702267797843,1832.42772310828,-1170.0425036715044,-38.96932909560941
146,2025-11-18 19:00:00,47,3007.9023795526077,1860.719962749232,-1147.1824168033756,-38.13895107107853
147,2025-11-18 20:00:00,47,2986.366889051562,1911.6645146649907,-1074.7023743865711,-35.98695050921506
148,2025-11-18 21:00:00,47,3002.798105107332,1976.962579813852,-1025.83552529348,-34.16265394428883
149,2025-11-18 22:00:00,47,3011.952571769297,2006.2731146719457,-1005.6794570973512,-33.389617968206906
150,2025-11-18 23:00:00,47,3025.1996751632523,2046.734425917008,-978.4652492462444,-32.34382369135493
151,2025-11-19 00:00:00,47,3028.1438212078588,2055.4626133009533,-972.6812079069056,-32.12136758811293
152,2025-11-19 01:00:00,47,3028.477673495327,2056.446898103902,-972.0307753914248,-32.096349393573455
153,2025-11-19 02:00:00,47,3026.9078058980986,2051.8089514620706,-975.098854436028,-32.21435593565135
154,2025-11-19 03:00:00,47,3028.3493141375448,2056.0685896165173,-972.2807245210274,-32.10596346934062
155,2025-11-19 04:00:00,47,3019.5385897921187,2029.694919474202,-989.8436703179168,-32.78128895799484
156,2025-11-19 05:00:00,47,2991.818496993898,1934.4450925384865,-1057.3734044554114,-35.34216415594172
157,2025-11-19 06:00:00,47,2997.0017906202515,1801.2753972102175,-1195.726393410034,-39.89742005334504
158,2025-11-19 07:00:00,47,2994.601691933875,1786.495171478104,-1208.106520455771,-40.34281165705185
159,2025-11-19 08:00:00,47,2994.9721542669586,1788.8287258360697,-1206.1434284308891,-40.27227521005455
160,2025-11-19 09:00:00,47,3000.112474329077,1819.3760349863824,-1180.736439342695,-39.35640578297805
161,2025-11-19 10:00:00,47,3002.4702267797843,1832.42772310828,-1170.0425036715044,-38.96932909560941
162,2025-11-19 11:00:00,47,3002.8313608497933,1834.381706758532,-1168.4496540912617,-38.91159754507804
163,2025-11-19 12:00:00,47,3005.794649996562,1850.0077531916208,-1155.786896804941,-38.45195801404008
164,2025-11-19 13:00:00,47,3006.865165832528,1855.4874840651207,-1151.3776817674068,-38.29162992909322
165,2025-11-19 14:00:00,47,3002.259369403499,1831.2815234532493,-1170.9778459502495,-39.003220637226434
166,2025-11-19 15:00:00,47,2996.326726689218,1797.1963842760804,-1199.1303424131377,-40.02001289552668
167,2025-11-19 16:00:00,47,2990.246499101655,1757.344487768492,-1232.902011333163,-41.23078186709884
0,2025-11-12 17:00:00,48,2513.403213675999,2087.5613729948823,-425.8418406811165,-16.942838234789157
1,2025-11-12 18:00:00,48,2522.640062674533,2113.9218753317355,-408.7181873427981,-16.20200175959586
2,2025-11-12 19:00:00,48,2531.562248222317,2138.7342947177176,-392.82795350459946,-15.517214865265364
3,2025-11-12 20:00:00,48,2547.1212886286626,2178.231485359887,-368.8898032687757,-14.48261631339045
4,2025-11-12 21:00:00,48,2523.9186955471423,2167.313243596422,-356.6054519507202,-14.12903880698955
5,2025-11-12 22:00:00,48,1754.986900433952,1446.6695971083404,-308.31730332561165,-17.56806864195822
6,2025-11-12 23:00:00,48,1756.476200662266,1450.140162319188,-306.33603834307814,-17.44037512307747
7,2025-11-13 00:00:00,48,1763.1793738253275,1465.540576111072,-297.6387977142556,-16.880800792746893
8,2025-11-13 01:00:00,48,1746.206391604425,1459.5289432494087,-286.6774483550164,-16.417157200507976
9,2025-11-13 02:00:00,48,1745.1262962903477,1463.7490722273417,-281.377224063006,-16.123602323862496
10,2025-11-13 03:00:00,48,1745.8833126422182,1460.7954058477878,-285.0879067944304,-16.329150105855508
11,2025-11-13 04:00:00,48,1762.4533818157556,1463.8845758121042,-298.5688060036514,-16.940522176878968
12,2025-11-13 05:00:00,48,2524.7481993830143,2169.2102681144274,-355.5379312685868,-14.082114460185435
13,2025-11-13 06:00:00,48,2540.302967947787,2162.5017752197773,-377.8011927280095,-14.87228875826652
14,2025-11-13 07:00:00,48,2539.419068552383,2160.1206728657394,-379.2983956866437,-14.936423861023693
15,2025-11-13 08:00:00,48,2534.5114596857,2146.810018510794,-387.701441174906,-15.296890439902928
16,2025-11-13 09:00:00,48,2525.334076301587,2121.4770728679373,-403.8570034336499,-15.992220879746265
17,2025-11-13 10:00:00,48,2517.230996978124,2098.5747311813407,-418.6562657967829,-16.631618881992548
18,2025-11-13 11:00:00,48,2514.541335874288,2090.849811950507,-423.691523923781,-16.849654363564735
19,2025-11-13 12:00:00,48,2513.4792175490466,2087.781347065781,-425.69787048326543,-16.93659798382473
20,2025-11-13 13:00:00,48,2513.681804259249,2088.3674220252865,-425.3143822339625,-16.919976964200423
21,2025-11-13 14:00:00,48,2512.1083138634167,2083.805321813168,-428.302992050249,-17.049543193922005
22,2025-11-13 15:00:00,48,2506.3825683440245,2067.001484255397,-439.3810840886276,-17.530487549589374
23,2025-11-13 16:00:00,48,2511.650007872828,2082.472145756184,-429.1778621166436,-17.087486742634333
24,2025-11-13 17:00:00,48,2509.938171289336,2077.474676465086,-432.4634948242501,-17.23004573463644
25,2025-11-13 18:00:00,48,2508.3714590592804,2072.8756363418006,-435.49582271747977,-17.361695818401817
26,2025-11-13 19:00:00,48,2515.0710441990477,2092.3762927148746,-422.6947514841727,-16.80647361668404
27,2025-11-13 20:00:00,48,2525.553463026596,2122.089848225717,-403.4636148008785,-15.975255353231454
28,2025-11-13 21:00:00,48,2534.393085547679,2146.4870154230093,-387.9060701246699,-15.30567899418191
29,2025-11-13 22:00:00,48,2545.5702444572366,2174.7014112845063,-370.8688331727303,-14.569184801726283
30,2025-11-13 23:00:00,48,2549.777015913106,2184.2605956217703,-365.5164202913356,-14.33523080685704
31,2025-11-14 00:00:00,48,2549.912848612091,2184.568469709325,-365.3443789027656,-14.327720223913587
32,2025-11-14 01:00:00,48,2523.713109949185,2165.962814707829,-357.7502952413556,-14.17555322873284
33,2025-11-14 02:00:00,48,2524.874480708163,2169.048925937861,-355.82555477030155,-14.092801740801844
34,2025-11-14 03:00:00,48,2523.1307624205047,2164.4124486657133,-358.7183137547913,-14.21719076543871
35,2025-11-14 04:00:00,48,2540.5119384041086,2163.0640080678845,-377.4479303362241,-14.857160268781426
36,2025-11-14 05:00:00,48,2514.995426558935,2092.158537904326,-422.8368886546091,-16.812630519696118
37,2025-11-14 06:00:00,48,2492.4492056336626,2024.599325213132,-467.8498804205308,-18.770688660898426
38,2025-11-14 07:00:00,48,2488.853940340075,2013.2565664547628,-475.5973738853122,-19.109091384459745
39,2025-11-14 08:00:00,48,2490.2478652386458,2017.6759629656212,-472.5719022730243,-18.976902214018637
40,2025-11-14 09:00:00,48,2496.5124671134404,2037.2076732533735,-459.3047938600666,-18.397857006944243
41,2025-11-14 10:00:00,48,2504.7979627398454,2062.291827578615,-442.5061351612303,-17.666340429197728
42,2025-11-14 11:00:00,48,2508.165406824741,2072.268944646941,-435.8964621777996,-17.37909553300278
43,2025-11-14 12:00:00,48,2512.921426340682,2086.165711618308,-426.7557147223747,-16.982453579689384
44,2025-11-14 13:00:00,48,2508.165406824741,2072.268944646941,-435.8964621777996,-17.37909553300278
45,2025-11-14 14:00:00,48,2504.5895517323947,2061.670408517162,-442.9191432152329,-17.6843005237673
46,2025-11-14 15:00:00,48,2498.7769433698977,2044.143401346312,-454.6335420235857,-18.19424271661713
47,2025-11-14 16:00:00,48,2495.2801774931286,2033.4065136027352,-461.87366389039335,-18.509891917404342
48,2025-11-14 17:00:00,48,2499.836980160159,2047.368788548518,-452.4681916116408,-18.09990792210187
49,2025-11-14 18:00:00,48,2506.2789042801546,2066.6941920745658,-439.58471220558886,-17.539337360055104
50,2025-11-14 19:00:00,48,2516.7049448153234,2097.068912523302,-419.63603229202135,-16.674025819217132
51,2025-11-14 20:00:00,48,2521.0618095272,2109.468966782361,-411.59284274483934,-16.326170234677008
52,2025-11-14 21:00:00,48,2527.206046325882,2126.693994089077,-400.5120522368047,-15.848017331989196
53,2025-11-14 22:00:00,48,2532.5166989180966,2141.3543519282616,-391.162346989835,-15.445597936508827
54,2025-11-14 23:00:00,48,2544.314387022654,2171.8381863606096,-372.4762006620445,-14.639550936074158
55,2025-11-15 00:00:00,48,2548.2485891160577,2180.793005328453,-367.45558378760416,-14.419926900266349
56,2025-11-15 01:00:00,48,2549.341653080647,2183.273495578314,-366.0681575023332,-14.359321241229994
57,2025-11-15 02:00:00,48,2523.601206304419,2165.665047928114,-357.93615837630523,-14.18354680930232
58,2025-11-15 03:00:00,48,2546.070220494602,2175.8400562088323,-370.23016428576966,-14.541239330541654
59,2025-11-15 04:00:00,48,2541.692111167605,2165.844753047295,-375.8473581203102,-14.787289005970637
60,2025-11-15 05:00:00,48,2534.5114596857,2146.810018510794,-387.701441174906,-15.296890439902928
61,2025-11-15 06:00:00,48,2523.278944146566,2115.7187369991057,-407.56020714746046,-16.152007612670314
62,2025-11-15 07:00:00,48,2516.8052136582683,2097.356117912101,-419.44909574616713,-16.665933997191726
63,2025-11-15 08:00:00,48,2518.055861320957,2100.9310509245406,-417.12481039641625,-16.56535173836831
64,2025-11-15 09:00:00,48,2520.8639631462443,2108.9093307037638,-411.95463244248094,-16.341803384278137
65,2025-11-15 10:00:00,48,2527.012082178724,2126.15466805267,-400.8574141260542,-15.862900575467188
66,2025-11-15 11:00:00,48,2528.873955250787,2131.3202077339047,-397.5537475168821,-15.720583728241094
67,2025-11-15 12:00:00,48,2528.463856131953,2130.1846251968773,-398.27923093507616,-15.751826152040165
68,2025-11-15 13:00:00,48,2529.4038646514296,2132.785741979331,-396.6181226720987,-15.680300335381814
69,2025-11-15 14:00:00,48,2518.180650545866,2101.2870144459357,-416.8936360999305,-16.55535062623726
70,2025-11-15 15:00:00,48,2504.6156106651256,2061.748134056129,-442.86747660899664,-17.68205367415197
71,2025-11-15 16:00:00,48,2502.340367947888,2054.9338003544244,-447.4065675934635,-17.87952483699775
72,2025-11-15 17:00:00,48,2507.107260210601,2069.146565256342,-437.96069495425945,-17.468765772608787
73,2025-11-15 18:00:00,48,2516.6798725676445,2096.99708294952,-419.6827896181244,-16.67604983028464
74,2025-11-15 19:00:00,48,2525.894422699242,2123.041463075061,-402.8529596241806,-15.948923122197662
75,2025-11-15 20:00:00,48,2536.3992648026256,2151.948653514788,-384.450611287838,-15.157338066716193
76,2025-11-15 21:00:00,48,2546.4027870586924,2176.597055014352,-369.80573204434086,-14.522672293784964
77,2025-11-15 22:00:00,48,2525.46694569758,2170.838997391116,-354.6279483064636,-14.042074433427556
78,2025-11-15 23:00:00,48,2524.837932621656,2169.4143877407846,-355.4235448808713,-14.077083534301096
79,2025-11-16 00:00:00,48,2523.9371768212345,2167.355703970945,-356.58147285028963,-14.12798528128918
80,2025-11-16 01:00:00,48,2524.1855724928,2167.925537583195,-356.26003490960466,-14.113860676169478
81,2025-11-16 02:00:00,48,2524.422829691352,2168.468323422087,-355.9545062692646,-14.10043127809874
82,2025-11-16 03:00:00,48,2523.027871674773,2165.256451979668,-357.7714196951051,-14.18024048452617
83,2025-11-16 04:00:00,48,2522.394034835308,2163.781282133996,-358.6127527013118,-14.217158292825031
84,2025-11-16 05:00:00,48,2524.1397280446545,2167.820487596358,-356.31924044829657,-14.11646259077433
85,2025-11-16 06:00:00,48,2523.489261608987,2165.367100215205,-358.1221613937819,-14.191546872897796
86,2025-11-16 07:00:00,48,2538.041613676213,2156.400277529773,-381.6413361464397,-15.03684313487884
87,2025-11-16 08:00:00,48,2533.2305997650224,2143.309974146881,-389.9206256181415,-15.39222783959383
88,2025-11-16 09:00:00,48,2531.3949148293905,2138.274296266416,-393.12061856297487,-15.52980201785189
89,2025-11-16 10:00:00,48,2528.5603990344416,2130.4520671048385,-398.1083319296031,-15.744465984740769
90,2025-11-16 11:00:00,48,2528.0290393905893,2128.979255592872,-399.04978379771774,-15.785015819830669
91,2025-11-16 12:00:00,48,2526.089088377945,2123.584376396426,-402.50471198151945,-15.933908025388613
92,2025-11-16 13:00:00,48,2520.443121172282,2107.717849269673,-412.7252719026092,-16.37510755293881
93,2025-11-16 14:00:00,48,2514.0865842225617,2089.5372999434635,-424.5492842790982,-16.8868203244632
94,2025-11-16 15:00:00,48,2501.972695416063,2053.827221654319,-448.1454737617437,-17.9116852307303
95,2025-11-16 16:00:00,48,2495.709345555128,2034.732529519576,-460.9768160355518,-18.47077332368667
96,2025-11-16 17:00:00,48,2496.0040606803163,2035.6417611100485,-460.3622995702681,-18.443972380589425
97,2025-11-16 18:00:00,48,2496.672846580234,2037.700974136482,-458.9718724437519,-18.38334057553512
98,2025-11-16 19:00:00,48,2505.76007017602,2065.1545115132417,-440.6055586627776,-17.583708987422202
99,2025-11-16 20:00:00,48,2511.955619754904,2083.3613686141207,-428.5942511407829,-17.062174497438043
100,2025-11-16 21:00:00,48,2519.400946706789,2104.760932274431,-414.6400144323584,-16.457881186968315
101,2025-11-16 22:00:00,48,2523.573369546494,2116.545722700319,-407.0276468461752,-16.12901973677592
102,2025-11-16 23:00:00,48,2528.849846839622,2131.253484355228,-397.5963624843944,-15.722418750218887
103,2025-11-17 00:00:00,48,2534.393085547679,2146.4870154230093,-387.9060701246699,-15.30567899418191
104,2025-11-17 01:00:00,48,2534.795371636409,2147.584337080211,-387.2110345561987,-15.275830107983175
105,2025-11-17 02:00:00,48,2535.7870010905094,2150.284632298877,-385.5023687916323,-15.202474364993902
106,2025-11-17 03:00:00,48,2534.0139815445687,2145.4519363722147,-388.5620451723539,-15.33385561414748
107,2025-11-17 04:00:00,48,2522.615464034508,2113.8526263525337,-408.7628376819739,-16.203929751077684
108,2025-11-17 05:00:00,48,2495.3338554002885,2033.5724932256007,-461.76136217468775,-18.50499327676594
109,2025-11-17 06:00:00,48,2475.596855435655,1966.6225770967412,-508.9742783389136,-20.559659268485557
110,2025-11-17 07:00:00,48,2471.08095011226,1948.3599571904228,-522.720992921837,-21.153535779477
111,2025-11-17 08:00:00,48,2470.297828324404,1945.126060899077,-525.1717674253268,-21.25945144766408
112,2025-11-17 09:00:00,48,2476.7087674752934,1971.024661197293,-505.6841062780004,-20.41758453471639
113,2025-11-17 10:00:00,48,2480.8090102777987,1986.9636628353264,-493.8453474424725,-19.906625032258013
114,2025-11-17 11:00:00,48,2484.634987267355,1999.7038440017768,-484.93114326557816,-19.51719853220428
115,2025-11-17 12:00:00,48,2483.216102270386,1995.083164027238,-488.1329382431479,-19.65728789358492
116,2025-11-17 13:00:00,48,2478.2702672573264,1977.1478939207043,-501.1223733366221,-20.22065066741928
117,2025-11-17 14:00:00,48,2470.1525940545785,1944.524018189886,-525.6285758646925,-21.279194537609957
118,2025-11-17 15:00:00,48,2492.6486757331068,1902.860116506141,-589.7885592269658,-23.66111859119114
119,2025-11-17 16:00:00,48,2485.854988291432,1869.4935904164035,-616.3613978750284,-24.79474469661899
120,2025-11-17 17:00:00,48,2491.0578780266387,1895.294753959684,-595.7631240669546,-23.91606912557588
121,2025-11-17 18:00:00,48,2493.2540055229824,1905.703175364348,-587.5508301586342,-23.565622630390205
122,2025-11-17 19:00:00,48,2466.76442144107,1930.265002299032,-536.4994191420383,-21.74911452746745
123,2025-11-17 20:00:00,48,2472.7567228241564,1955.2116894577296,-517.5450333664269,-20.929880751687303
124,2025-11-17 21:00:00,48,2485.964635153613,2004.00466307951,-481.95997207410255,-19.387241687141756
125,2025-11-17 22:00:00,48,2495.038513975277,2032.658797031433,-462.3797169438444,-18.531967116096627
126,2025-11-17 23:00:00,48,2512.616756764261,2085.282013032104,-427.3347437321581,-17.007557662016
127,2025-11-18 00:00:00,48,2516.7550832657794,2097.212537790148,-419.5425454756314,-16.669979064121993
128,2025-11-18 01:00:00,48,2518.055861320957,2100.9310509245406,-417.12481039641625,-16.56535173836831
129,2025-11-18 02:00:00,48,2519.8231997755665,2105.9600652874337,-413.8631344881328,-16.424292566438567
130,2025-11-18 03:00:00,48,2523.4997893829163,2116.3391139516257,-407.16067543129066,-16.1347616173511
131,2025-11-18 04:00:00,48,2512.819902784162,2085.8713376989363,-426.9485650852257,-16.990814368040223
132,2025-11-18 05:00:00,48,2484.5516988865347,1999.4335102793304,-485.1181886072043,-19.52538113111563
133,2025-11-18 06:00:00,48,2488.613041266053,1883.384789566514,-605.2282516995392,-24.319901955976103
134,2025-11-18 07:00:00,48,2485.14700763208,1865.842430944845,-619.3045766872347,-24.920239116048347
135,2025-11-18 08:00:00,48,2485.589677663655,1868.1296322872763,-617.4600453763785,-24.841591954017275
136,2025-11-18 09:00:00,48,2466.147171836479,1927.6210578888536,-538.5261139476254,-21.836738703092006
137,2025-11-18 10:00:00,48,2470.384937083604,1945.486807070513,-524.8981300130913,-21.24762510221408
138,2025-11-18 11:00:00,48,2476.196060513114,1968.9992548939776,-507.1968056191363,-20.48290172604651
139,2025-11-18 12:00:00,48,2475.0537427133872,1964.4593300194135,-510.5944126939735,-20.629629324097493
140,2025-11-18 13:00:00,48,2469.367181714856,1941.255539143656,-528.1116425712003,-21.38651742364424
141,2025-11-18 14:00:00,48,2491.579367655268,1897.7901322299565,-593.7892354253111,-23.831841085764967
142,2025-11-18 15:00:00,48,2480.626672282731,1841.5885842438936,-639.038088038837,-25.761155242710476
143,2025-11-18 16:00:00,48,2471.175575857683,1783.7276678924748,-687.4479079652081,-27.818659049614965
144,2025-11-18 17:00:00,48,2474.580670592297,1805.9705407429465,-668.6101298493504,-27.019128444469622
145,2025-11-18 18:00:00,48,2481.673167813965,1847.3595711699156,-634.3135966440495,-25.55991678802726
146,2025-11-18 19:00:00,48,2487.060870877287,1875.6302471497052,-611.4306237275816,-24.584465578918675
147,2025-11-18 20:00:00,48,2465.911714033652,1926.60855036896,-539.3031636646917,-21.870335446134792
148,2025-11-18 21:00:00,48,2482.294607678201,1992.064529879952,-490.2300777982489,-19.749069118624185
149,2025-11-18 22:00:00,48,2491.4455547717944,2021.451120759168,-469.9944340126267,-18.864326901001704
150,2025-11-18 23:00:00,48,2504.7198248019404,2062.0588985606487,-442.6609262412917,-17.673071529119824
151,2025-11-19 00:00:00,48,2507.67548974066,2070.8247213695604,-436.8507683710996,-17.420546245251135
152,2025-11-19 01:00:00,48,2508.0107787893367,2071.813381551775,-436.19739723756174,-17.392165971795478
153,2025-11-19 02:00:00,48,2506.434387548014,2067.155050162377,-439.27933738563706,-17.5260656958738
154,2025-11-19 03:00:00,48,2507.8818638566154,2071.433388260576,-436.4484755960393,-17.403071567528695
155,2025-11-19 04:00:00,48,2499.04228686144,2044.952021679261,-454.09026518217865,-18.1705714853058
156,2025-11-19 05:00:00,48,2471.3415630224417,1949.431576940926,-521.9099860815156,-21.11848859302239
157,2025-11-19 06:00:00,48,2476.2546511226037,1816.2683727007611,-659.9862784218419,-26.652601263066337
158,2025-11-19 07:00:00,48,2473.8780576141435,1801.532054930992,-672.3460026831513,-27.17781503473033
159,2025-11-19 08:00:00,48,2474.2448292796003,1803.8580057976997,-670.3868234819008,-27.09460339367832
160,2025-11-19 09:00:00,48,2479.3363119719734,1834.3285022734717,-645.0078096985021,-26.015341548621397
161,2025-11-19 10:00:00,48,2481.673167813965,1847.3595711699156,-634.3135966440495,-25.55991678802726
162,2025-11-19 11:00:00,48,2482.031186038293,1849.3110644660064,-632.7201215722871,-25.492029476962635
163,2025-11-19 12:00:00,48,2484.9697693331914,1864.92259995866,-620.0471693745312,-24.951899899406527
164,2025-11-19 13:00:00,48,2486.031740849753,1870.3994618356207,-615.6322790141319,-24.76365321078732
165,2025-11-19 14:00:00,48,2481.4641401731305,1846.2149036930527,-635.2492364800778,-25.599774995570023
166,2025-11-19 15:00:00,48,2475.5861012032005,1812.200478887494,-663.3856223157065,-26.79711370140928
167,2025-11-19 16:00:00,48,2469.567942505262,1772.4987488403058,-697.0691936649569,-28.22636225824232
0,2025-11-12 17:00:00,50,1284.332235315212,1283.914999861666,-0.4172354535460272,-0.0324865671103883
1,2025-11-12 18:00:00,50,1283.8738838547956,1283.4251229835563,-0.4487608712393012,-0.0349536568102708
2,2025-11-12 19:00:00,50,1283.4255889729957,1282.951134220398,-0.4744547525976941,-0.0369678426762049
3,2025-11-12 20:00:00,50,1282.7133622466472,1282.2068968002254,-0.506465446421771,-0.0394839144370264
4,2025-11-12 21:00:00,50,1174.2331644289063,1173.7950899257164,-0.4380745031901369,-0.0373072841460065
5,2025-11-12 22:00:00,50,1168.672715919463,1168.794213342066,0.1214974226029426,0.0103961888515
6,2025-11-12 23:00:00,50,1168.4756170606847,1168.5834062276103,0.1077891669256132,0.0092247681810218
7,2025-11-13 00:00:00,50,1167.5947949360911,1167.648769377015,0.0539744409238664,0.0046227031122403
8,2025-11-13 01:00:00,50,666.3196129152692,663.0157891891092,-3.303823726159976,-0.4958316792905356
9,2025-11-13 02:00:00,50,666.7122878677704,664.1533058379916,-2.558982029778804,-0.3838210389016152
10,2025-11-13 03:00:00,50,666.4371307306399,663.3573344465602,-3.0797962840796345,-0.4621285552776957
11,2025-11-13 04:00:00,50,1167.690190049697,1167.7494311074838,0.0592410577864939,0.0050733540703953
12,2025-11-13 05:00:00,50,1174.4076043448065,1173.9701839274212,-0.4374204173852831,-0.0372460477748112
13,2025-11-13 06:00:00,50,1282.9810255107195,1282.4853508443985,-0.4956746663210651,-0.0386346061605822
14,2025-11-13 07:00:00,50,1283.0262266910895,1282.5325345068186,-0.4936921842711399,-0.0384787289613219
15,2025-11-13 08:00:00,50,1283.2761891172404,1282.7941629613624,-0.4820261558779748,-0.0375621522448381
16,2025-11-13 09:00:00,50,1283.7391029898165,1283.2821214269673,-0.4569815628490232,-0.0355976975216161
17,2025-11-13 10:00:00,50,1284.1429969696271,1283.7120426417796,-0.4309543278475303,-0.0335596836851124
18,2025-11-13 11:00:00,50,1284.2760723317,1283.8546567713431,-0.4214155603567633,-0.0328134712960626
19,2025-11-13 12:00:00,50,1284.3284874742862,1283.910970153496,-0.4175173207902389,-0.0325086085734431
20,2025-11-13 13:00:00,50,1284.3184957784138,1283.9002290567105,-0.4182667217035032,-0.0325672115661618
21,2025-11-13 14:00:00,50,1284.3960284779364,1283.9836558831148,-0.4123725948215906,-0.032106343034264
22,2025-11-13 15:00:00,50,1284.6767563388166,1284.287314254061,-0.3894420847559559,-0.0303144026568848
23,2025-11-13 16:00:00,50,1284.4185798197518,1284.0079560545073,-0.4106237652445088,-0.0319696220294581
24,2025-11-13 17:00:00,50,1284.5026872742242,1284.0987262318276,-0.4039610423965314,-0.0314488281261408
25,2025-11-13 18:00:00,50,1284.579491951008,1284.1818131835748,-0.3976787674332627,-0.0309578947760773
26,2025-11-13 19:00:00,50,1284.2499029155342,1283.8265713415933,-0.4233315739409136,-0.0329633331472212
27,2025-11-13 20:00:00,50,1283.728105122035,1283.2704722706862,-0.4576328513487624,-0.0356487366384533
28,2025-11-13 21:00:00,50,1283.2821973977807,1282.80046682856,-0.4817305692206446,-0.0375389427358604
29,2025-11-13 22:00:00,50,1282.7736240574186,1282.2694680870247,-0.5041559703938674,-0.0393020218796844
30,2025-11-13 23:00:00,50,1282.6093495567925,1282.0990494783746,-0.510300078417913,-0.0397860875249543
31,2025-11-14 00:00:00,50,1282.6040006525388,1282.0935084363475,-0.5104922161913237,-0.0398012337347774
32,2025-11-14 01:00:00,50,1174.8891957468506,1174.4654694619803,-0.4237262848700993,-0.0360652124816541
33,2025-11-14 02:00:00,50,1174.7860391848908,1174.3559361924922,-0.4301029923985879,-0.0366111766783514
34,2025-11-14 03:00:00,50,1174.9408809175316,1174.5204061800682,-0.4204747374633371,-0.0357868846247805
35,2025-11-14 04:00:00,50,1282.9703309940558,1282.4741927719535,-0.4961382221022177,-0.0386710596587066
36,2025-11-14 05:00:00,50,1284.2536398493917,1283.8305806559908,-0.4230591934008316,-0.0329420279821395
37,2025-11-14 06:00:00,50,1285.350793533325,1285.0281622947484,-0.322631238576605,-0.025100637133441
38,2025-11-14 07:00:00,50,1285.52264741839,1285.2201724527772,-0.302474965612646,-0.0235293377537985
39,2025-11-14 08:00:00,50,1285.456117734196,1285.1456709153392,-0.3104468188569171,-0.0241507130872833
40,2025-11-14 09:00:00,50,1285.155552234858,1284.8116703403657,-0.3438818944921422,-0.0267579978076691
41,2025-11-14 10:00:00,50,1284.7540606376788,1284.3713966202793,-0.3826640173995201,-0.029785001590856
42,2025-11-14 11:00:00,50,1284.5895809789463,1284.1927418218145,-0.3968391571318079,-0.0308922914375024
43,2025-11-14 12:00:00,50,1284.3559837498856,1283.9405441820388,-0.4154395678467608,-0.0323461386954275
44,2025-11-14 13:00:00,50,1284.5895809789463,1284.1927418218145,-0.3968391571318079,-0.0308922914375024
45,2025-11-14 14:00:00,50,1284.7642154312225,1284.3824574267733,-0.3817580044490114,-0.0297142463857367
46,2025-11-14 15:00:00,50,1285.0462726713902,1284.6912085273932,-0.3550641439969695,-0.0276304559258284
47,2025-11-14 16:00:00,50,1285.2148786101773,1284.877277086395,-0.3376015237822685,-0.0262680995529205
48,2025-11-14 17:00:00,50,1284.9950010385614,1284.6348574952644,-0.3601435432969992,-0.0280268439181415
49,2025-11-14 18:00:00,50,1284.6818186635755,1284.2928140788442,-0.3890045847313104,-0.0302802280751495
50,2025-11-14 19:00:00,50,1284.1690628561769,1283.7399372463883,-0.4291256097883433,-0.0334165977207009
51,2025-11-14 20:00:00,50,1283.9526120195233,1283.508863251443,-0.4437487680802405,-0.0345611484353982
52,2025-11-14 21:00:00,50,1283.6451542446066,1283.1827012745323,-0.4624529700740822,-0.0360265427361212
53,2025-11-14 22:00:00,50,1283.3773054241797,1282.9003526838276,-0.4769527403520897,-0.037163875217074
54,2025-11-14 23:00:00,50,1282.8221631943672,1282.3199157763386,-0.5022474180286736,-0.0391517571522168
55,2025-11-15 00:00:00,50,1282.6693413049422,1282.161229875281,-0.5081114296613123,-0.0396135943457085
56,2025-11-15 01:00:00,50,1282.6264742952048,1282.1167926404144,-0.5096816547904837,-0.0397373409176315
57,2025-11-15 02:00:00,50,1174.899129659017,1174.4760253709844,-0.4231042880326185,-0.0360119671001384
58,2025-11-15 03:00:00,50,1282.7542370281185,1282.2493308883058,-0.5049061398126469,-0.0393610970237301
59,2025-11-15 04:00:00,50,1282.92280445867,1282.4246560060856,-0.4981484525844735,-0.0388291837087319
60,2025-11-15 05:00:00,50,1283.2761891172404,1282.7941629613624,-0.4820261558779748,-0.0375621522448381
61,2025-11-15 06:00:00,50,1283.8419658993994,1283.3912177526092,-0.4507481467901471,-0.0351093170937416
62,2025-11-15 07:00:00,50,1284.1640959843985,1283.7346204420642,-0.4294755423343304,-0.0334439767999516
63,2025-11-15 08:00:00,50,1284.1020870712327,1283.6683007155136,-0.4337863557191213,-0.0337812982384053
64,2025-11-15 09:00:00,50,1283.9624691807594,1283.5193591793973,-0.4431100013621289,-0.0345111334636485
65,2025-11-15 10:00:00,50,1283.6548999881995,1283.1930049708276,-0.461895017371944,-0.0359828032733868
66,2025-11-15 11:00:00,50,1283.5612424934372,1283.094075685666,-0.4671668077712638,-0.0363961447498795
67,2025-11-15 12:00:00,50,1283.581892275473,1283.1158706329738,-0.4660216424988448,-0.0363063428444525
68,2025-11-15 13:00:00,50,1283.5345425969988,1283.0659092959784,-0.468633301020418,-0.0365111561448298
69,2025-11-15 14:00:00,50,1284.0958940053797,1283.6616829483046,-0.43421105707489,-0.0338145351217103
70,2025-11-15 15:00:00,50,1284.762945871964,1284.3810743961683,-0.3818714757953785,-0.029723107832644
71,2025-11-15 16:00:00,50,1284.873622823058,1284.50186287239,-0.3717599506680926,-0.0289335810203092
72,2025-11-15 17:00:00,50,1284.6413467410125,1284.2488690258374,-0.3924777151751186,-0.0305515400209396
73,2025-11-15 18:00:00,50,1284.17030471695,1283.741266708827,-0.4290380081229159,-0.0334097437502638
74,2025-11-15 19:00:00,50,1283.711006206235,1283.2523664941964,-0.4586397120385754,-0.0357276450712998
75,2025-11-15 20:00:00,50,1283.1802372956458,1282.6935888945711,-0.4866484010744898,-0.03792517893668
76,2025-11-15 21:00:00,50,1282.741321388401,1282.235919281573,-0.5054021068281145,-0.0394001579586663
77,2025-11-15 22:00:00,50,1174.563489867519,1174.1267226721204,-0.4367671953984882,-0.0371854905389364
78,2025-11-15 23:00:00,50,1174.426818062254,1173.9894745950612,-0.4373434671927043,-0.0372388862776736
79,2025-11-16 00:00:00,50,1174.2369904498762,1173.7989294464492,-0.4380610034270376,-0.0373060129249723
80,2025-11-16 01:00:00,50,1174.288676096034,1173.850801141828,-0.4378749542061086,-0.0372885273544355
81,2025-11-16 02:00:00,50,1174.3385080136711,1173.9008189874698,-0.4376890262014967,-0.0372711124786177
82,2025-11-16 03:00:00,50,1174.0518316615835,1173.6131595177828,-0.4386721438006589,-0.0373639503785642
83,2025-11-16 04:00:00,50,1173.92631630092,1173.487277514249,-0.4390387866710625,-0.0373991774930549
84,2025-11-16 05:00:00,50,1174.2790998498167,1173.8411899051716,-0.4379099446450709,-0.0372918111802447
85,2025-11-16 06:00:00,50,1174.909066209779,1174.4865854864772,-0.42248072330176,-0.0359585890901897
86,2025-11-16 07:00:00,50,1283.096557118137,1282.60602536165,-0.4905317564871438,-0.0382303072801386
87,2025-11-16 08:00:00,50,1283.3411491353577,1282.8623579794723,-0.4787911558853466,-0.0373081745417365
88,2025-11-16 09:00:00,50,1283.4340474468056,1282.9600354114384,-0.4740120353671955,-0.0369331043001523
89,2025-11-16 10:00:00,50,1283.577032086464,1283.110740048968,-0.4662920374960322,-0.0363275460560455
90,2025-11-16 11:00:00,50,1283.6037739271533,1283.1389762985457,-0.4647976286075845,-0.0362103663177576
91,2025-11-16 12:00:00,50,1283.7012402452472,1283.242028583939,-0.4592116613082453,-0.0357724715776167
92,2025-11-16 13:00:00,50,1283.9834275925673,1283.5416841616693,-0.4417434308979864,-0.0344041380445418
93,2025-11-16 14:00:00,50,1284.2985234888256,1283.8787677107755,-0.4197557780498755,-0.0326836611872448
94,2025-11-16 15:00:00,50,1284.8914756397924,1284.5213890555603,-0.3700865842320127,-0.028802944937255
95,2025-11-16 16:00:00,50,1285.1942284013946,1284.8544237073236,-0.3398046940710628,-0.0264399486522541
96,2025-11-16 17:00:00,50,1285.1800406384511,1284.8387328804467,-0.3413077580044046,-0.0265571941060374
97,2025-11-16 18:00:00,50,1285.1478237148615,1284.8031346953394,-0.3446890195220931,-0.0268209627843224
98,2025-11-16 19:00:00,50,1284.7071446043783,1284.320342068091,-0.3868025362878597,-0.0301082264477461
99,2025-11-16 20:00:00,50,1284.4035434945415,1283.991751936208,-0.411791558333789,-0.0320609173354821
100,2025-11-16 21:00:00,50,1284.0352769939525,1283.5969640585809,-0.4383129353716413,-0.0341355835953178
101,2025-11-16 22:00:00,50,1283.8272472301985,1283.3755912297963,-0.4516560004021812,-0.0351804342349494
102,2025-11-16 23:00:00,50,1283.562456750736,1283.095357015677,-0.4670997350588095,-0.0363908848067468
103,2025-11-17 00:00:00,50,1283.2821973977807,1282.80046682856,-0.4817305692206446,-0.0375389427358604
104,2025-11-17 01:00:00,50,1283.2617746751612,1282.779042363245,-0.4827323119161519,-0.037617602381895
105,2025-11-17 02:00:00,50,1283.2113844019996,1282.7262163327282,-0.4851680692713671,-0.0378088968948373
106,2025-11-17 03:00:00,50,1283.301432850059,1282.8206535448749,-0.4807793051841145,-0.0374642537502947
107,2025-11-17 04:00:00,50,1283.8751122210867,1283.4264283411355,-0.4486838799512043,-0.0349476265783349
108,2025-11-17 05:00:00,50,1285.2122964606724,1284.874418439383,-0.337878021289498,-0.0262896660901841
109,2025-11-17 06:00:00,50,1286.149103286137,1279.5628285937908,-6.586274692346251,-0.5120926240603197
110,2025-11-17 07:00:00,50,1286.359924963273,1274.5063290842909,-11.853595878982333,-0.9214836103760592
111,2025-11-17 08:00:00,50,1286.39635230723,1273.6128109759177,-12.783541331312335,-0.9937482571669516
112,2025-11-17 09:00:00,50,1286.096994768693,1280.784278560494,-5.312716208199163,-0.4130882997012728
113,2025-11-17 10:00:00,50,1285.904156614756,1285.2150211357764,-0.6891354789795514,-0.0535915118894828
114,2025-11-17 11:00:00,50,1285.7232419208156,1285.4461726538668,-0.2770692669487289,-0.021549681760034
115,2025-11-17 12:00:00,50,1285.7904453212134,1285.522373280889,-0.2680720403243413,-0.0208488125961592
116,2025-11-17 13:00:00,50,1286.023683189343,1282.4849322457555,-3.5387509435875018,-0.2751699669178243
117,2025-11-17 14:00:00,50,1286.403103676547,1273.4465316728963,-12.956572003650535,-1.0071937767112489
118,2025-11-17 15:00:00,50,1286.643119504458,1261.990219461482,-24.652900042975944,-1.916063566443416
119,2025-11-17 16:00:00,50,1286.956564622271,1252.8934071321537,-34.06315749011719,-2.6467993113749664
120,2025-11-17 17:00:00,50,1286.7167788207184,1259.921287832506,-26.795490988212578,-2.0824700065519286
121,2025-11-17 18:00:00,50,1286.615048234565,1262.7686556560109,-23.846392578554287,-1.853420928915392
122,2025-11-17 19:00:00,50,1286.5602267968234,1269.5142649380275,-17.045961858795636,-1.3249252933331643
123,2025-11-17 20:00:00,50,1286.281844432058,1276.4013320285358,-9.880512403522289,-0.7681452122092968
124,2025-11-17 21:00:00,50,1285.6601469502136,1285.3748574204346,-0.2852895297789928,-0.0221901200294451
125,2025-11-17 22:00:00,50,1285.2265013740046,1284.890148004498,-0.3363533695064689,-0.0261707464907455
126,2025-11-17 23:00:00,50,1284.3709935501165,1283.9566978354028,-0.4142957147137167,-0.0322567012797888
127,2025-11-18 00:00:00,50,1284.1665793060392,1283.7372786352046,-0.4293006708346638,-0.0334302946169691
128,2025-11-18 01:00:00,50,1284.1020870712327,1283.6683007155136,-0.4337863557191213,-0.0337812982384053
129,2025-11-18 02:00:00,50,1284.0142783442473,1283.574567495478,-0.4397108487692094,-0.0342450123947392
130,2025-11-18 03:00:00,50,1283.8309261466873,1283.3794965595764,-0.4514295871108515,-0.0351626976665673
131,2025-11-18 04:00:00,50,1284.360986087822,1283.9459269740132,-0.4150591138086383,-0.0323163906646614
132,2025-11-18 05:00:00,50,1285.727190346641,1285.4506427260112,-0.276547620629799,-0.0215090434974187
133,2025-11-18 06:00:00,50,1286.829668517376,1256.671686344511,-30.157982172865104,-2.343587726541283
134,2025-11-18 07:00:00,50,1286.9890604682564,1251.9025082406608,-35.086552227595575,-2.726251007512817
135,2025-11-18 08:00:00,50,1286.9687459273543,1252.5231307497838,-34.44561517757052,-2.6764919728295307
136,2025-11-18 09:00:00,50,1286.5887728453213,1268.7864128838808,-17.802359961440516,-1.3836868731622909
137,2025-11-18 10:00:00,50,1286.3923023212442,1273.7124557474929,-12.67984657375132,-0.9856904888867134
138,2025-11-18 11:00:00,50,1286.1210320346954,1280.2221641151182,-5.898867919577242,-0.4586557386628687
139,2025-11-18 12:00:00,50,1286.1745269218602,1278.962956135302,-7.211570786558241,-0.5606992391473766
140,2025-11-18 13:00:00,50,1286.4395911985644,1272.5441559496553,-13.895435248909052,-1.0801467355309549
141,2025-11-18 14:00:00,50,1286.6926498824362,1260.6033076391147,-26.089342243321425,-2.027628139921774
142,2025-11-18 15:00:00,50,1287.1957932320984,1245.344120150101,-41.85167308199743,-3.2513836125046303
143,2025-11-18 16:00:00,50,1287.6238732199574,1229.8789918513187,-57.74488136863874,-4.484607855571696
144,2025-11-18 17:00:00,50,1287.4702877524908,1235.792425239146,-51.677862513344735,-4.013907194981383
145,2025-11-18 18:00:00,50,1287.148047696857,1246.9007852385394,-40.247262458317664,-3.1268557280829987
146,2025-11-18 19:00:00,50,1286.901142226047,1254.5609138482628,-32.34022837778457,-2.5130312901769054
147,2025-11-18 20:00:00,50,1286.5996557555386,1268.507787369033,-18.091868386505663,-1.4061769957400974
148,2025-11-18 21:00:00,50,1285.8340209433825,1285.5719200154294,-0.2621009279528152,-0.0203837294459294
149,2025-11-18 22:00:00,50,1285.3988529198637,1285.0817164184118,-0.3171365014518414,-0.0246722253354626
150,2025-11-18 23:00:00,50,1284.757868235179,1284.3755435021842,-0.3823247329949026,-0.0297585048862231
151,2025-11-19 00:00:00,50,1284.6135576002907,1284.218727373622,-0.3948302266687733,-0.0307353308185795
152,2025-11-19 01:00:00,50,1284.5971502343723,1284.2009432111367,-0.3962070232357746,-0.0308429006839605
153,2025-11-19 02:00:00,50,1284.6742255340273,1284.2845650610373,-0.3896604729900446,-0.030331461879222
154,2025-11-19 03:00:00,50,1284.603459575054,1284.207780924737,-0.3956786503169951,-0.0308016179909623
155,2025-11-19 04:00:00,50,1285.0334455532288,1284.6771008156022,-0.356344737626614,-0.0277303862292239
156,2025-11-19 05:00:00,50,1286.3477937641103,1274.8025417905774,-11.545251973532912,-0.8975218078268866
157,2025-11-19 06:00:00,50,1287.394517269094,1238.5438492722587,-48.85066799683523,-3.794537520670857
158,2025-11-19 07:00:00,50,1287.5020382500668,1234.609159095087,-52.89287915497971,-4.108178285051112
159,2025-11-19 08:00:00,50,1287.4854680008934,1235.229040142243,-52.25642785865034,-4.058797489946821
160,2025-11-19 09:00:00,50,1287.25456985126,1243.3892899719908,-43.86527987926911,-3.407661616174155
161,2025-11-19 10:00:00,50,1287.148047696857,1246.9007852385394,-40.247262458317664,-3.1268557280829987
162,2025-11-19 11:00:00,50,1287.131697530927,1247.4277317044562,-39.703965826471176,-3.0846855766689845
163,2025-11-19 12:00:00,50,1286.9971906183462,1251.6530182818587,-35.34417233648742,-2.7462509315584502
164,2025-11-19 13:00:00,50,1286.948446839588,1253.139396571402,-33.80905026818596,-2.6270710649841664
165,2025-11-19 14:00:00,50,1287.1575899408772,1246.591828697107,-40.56576124377011,-3.1515768978710224
166,2025-11-19 15:00:00,50,1287.424799364226,1237.455959798646,-49.96883956558008,-3.881301617792075
167,2025-11-19 16:00:00,50,1287.6961330901445,1226.9095763695666,-60.78655672057789,-4.72056684481187
0,2025-11-12 17:00:00,53,3026.2847659789163,2209.559048630266,-816.7257173486505,-26.987735144100466
1,2025-11-12 18:00:00,53,3035.898960242733,2236.764282837988,-799.1346774047452,-26.322835109797293
2,2025-11-12 19:00:00,53,3045.16845807265,2262.356119785294,-782.8123382873559,-25.706700600163646
3,2025-11-12 20:00:00,53,3060.998582215194,2303.067483548528,-757.931098666666,-24.760909824341176
4,2025-11-12 21:00:00,53,3030.5100799675424,2294.1913108173862,-736.3187691501562,-24.296859265290493
5,2025-11-12 22:00:00,53,2580.695077347691,1876.913546114523,-703.7815312331682,-27.271006846592645
6,2025-11-12 23:00:00,53,2582.5436061452046,1881.4139093766776,-701.1296967685271,-27.14880380335796
7,2025-11-13 00:00:00,53,2590.848748925513,1901.371585851884,-689.4771630736293,-26.61201906748018
8,2025-11-13 01:00:00,53,2562.3601159380246,1894.802769894779,-667.5573460432456,-26.05244055630593
9,2025-11-13 02:00:00,53,2559.7701810536205,1900.26718442402,-659.5029966296004,-25.764148731435885
10,2025-11-13 03:00:00,53,2561.585325446854,1896.4428359410076,-665.1424895058465,-25.9660485597846
11,2025-11-13 04:00:00,53,2589.950268362637,1899.2264500587007,-690.7238183039358,-26.66938538324176
12,2025-11-13 05:00:00,53,3031.0207372543955,2295.5192632561266,-735.5014739982689,-24.2658014495972
13,2025-11-13 06:00:00,53,3054.23214812302,2286.855587114514,-767.3765610085061,-25.12502402543624
14,2025-11-13 07:00:00,53,3053.3163927567048,2284.401806844885,-768.9145859118198,-25.18293183555736
15,2025-11-13 08:00:00,53,3048.2286011227893,2270.6821797499106,-777.5464213728787,-25.508140074746237
16,2025-11-13 09:00:00,53,3038.699664640455,2244.5584346329406,-794.1412300075144,-26.13424548824172
17,2025-11-13 10:00:00,53,3030.2710559969755,2220.927403661224,-809.3436523357518,-26.7086223436693
18,2025-11-13 11:00:00,53,3027.4703277391545,2212.9537943784458,-814.5165333607088,-26.904195423410503
19,2025-11-13 12:00:00,53,3026.3639459961664,2209.786142107059,-816.5778038891076,-26.98214155536143
20,2025-11-13 13:00:00,53,3026.574992978682,2210.391179493818,-816.183813484864,-26.967242357394746
21,2025-11-13 14:00:00,53,3024.9355754057806,2205.681252395961,-819.2543230098195,-27.083364342393324
22,2025-11-13 15:00:00,53,3018.965795459086,2188.328568523639,-830.637226935447,-27.51396614644765
23,2025-11-13 16:00:00,53,3024.457973969123,2204.3047817084,-820.1531922607237,-27.11736117081509
24,2025-11-13 17:00:00,53,3022.673697757109,2199.144637275784,-823.5290604813258,-27.245053314633417
25,2025-11-13 18:00:00,53,3021.040181313812,2194.3953576169497,-826.6448236968622,-27.36292052022177
26,2025-11-13 19:00:00,53,3028.022026309284,2214.5295328889365,-813.4924934203473,-26.865474767099887
27,2025-11-13 20:00:00,53,3038.927671168576,2245.190528559744,-793.7371426088325,-26.11898763301636
28,2025-11-13 21:00:00,53,3048.105812409961,2270.349195867439,-777.7566165425219,-25.51606356236022
29,2025-11-13 22:00:00,53,3059.46487925511,2299.42975303524,-760.0351262198701,-24.84209351031728
30,2025-11-13 23:00:00,53,3063.6225739413453,2309.27954553688,-754.3430284044657,-24.622583565638266
31,2025-11-14 00:00:00,53,3063.756712274232,2309.5967303392217,-754.1599819350099,-24.615530956281304
32,2025-11-14 01:00:00,53,3029.4216791502067,2291.190973550812,-738.2307055993947,-24.368700821025296
33,2025-11-14 02:00:00,53,3030.6133800565717,2294.366993910783,-736.2463861457882,-24.293642699222985
34,2025-11-14 03:00:00,53,3028.823993882639,2289.595332137905,-739.2286617447339,-24.40645819096009
35,2025-11-14 04:00:00,53,3054.448622992136,2287.4349593993734,-767.0136635927624,-25.11136241805228
36,2025-11-14 05:00:00,53,3027.9432729663645,2214.304754857388,-813.6385181089768,-26.870996077541605
37,2025-11-14 06:00:00,53,3004.412565872776,2144.511268109731,-859.9012977630446,-28.621278832697367
38,2025-11-14 07:00:00,53,3000.6516251102967,2132.782635078276,-867.8689900320205,-28.922684085331625
39,2025-11-14 08:00:00,53,3002.11005491542,2137.3527448247623,-864.757310090657,-28.804983637251112
40,2025-11-14 09:00:00,53,3008.660291875733,2157.5449187079967,-851.1153731677364,-28.28884920859952
41,2025-11-14 10:00:00,53,3017.3125268761773,2183.463862657453,-833.8486642187245,-27.635475503162667
42,2025-11-14 11:00:00,53,3020.8253073350606,2193.7688086198714,-827.0564987151893,-27.3784947678689
43,2025-11-14 12:00:00,53,3025.7828181454643,2208.1181896222115,-817.6646285232528,-27.023242501734096
44,2025-11-14 13:00:00,53,3020.8253073350606,2193.7688086198714,-827.0564987151893,-27.3784947678689
45,2025-11-14 14:00:00,53,3017.0950493442983,2182.8219456432284,-834.2731037010699,-27.65153533636209
46,2025-11-14 15:00:00,53,3011.026268656513,2164.7129754814946,-846.3132931750183,-28.10713748945917
47,2025-11-14 16:00:00,53,3007.3723736359666,2153.615940668248,-853.7564329677189,-28.388783525849583
48,2025-11-14 17:00:00,53,3012.1334946422808,2168.0460115476853,-844.0874830945954,-28.02291082370633
49,2025-11-14 18:00:00,53,3018.857654258585,2188.011176099523,-830.8464781590624,-27.52188321920444
50,2025-11-14 19:00:00,53,3029.723397155095,2219.373222180927,-810.3501749741681,-26.74667184915579
51,2025-11-14 20:00:00,53,3034.25748697292,2232.1698767423964,-802.0876102305233,-26.43439502659722
52,2025-11-14 21:00:00,53,3040.644850386816,2249.939526902763,-790.7053234840528,-26.00452740751565
53,2025-11-14 22:00:00,53,3046.1590242402726,2265.0575765914928,-781.1014476487799,-25.64217565245434
54,2025-11-14 23:00:00,53,3058.2224383239063,2296.478923591154,-761.7435147327524,-24.90804806043587
55,2025-11-15 00:00:00,53,3062.1127318396834,2305.7068751779743,-756.4058566617091,-24.702090448749377
56,2025-11-15 01:00:00,53,3063.192594474691,2308.262572726626,-754.930021748065,-24.64520262649461
57,2025-11-15 02:00:00,53,3029.306834896433,2290.884516667499,-738.4223182289343,-24.37594996065097
58,2025-11-15 03:00:00,53,3059.9593594224293,2300.6031658283327,-759.3561935940966,-24.815891467833936
59,2025-11-15 04:00:00,53,3055.6264300953853,2290.301303968816,-765.32512612657,-25.046423168380542
60,2025-11-15 05:00:00,53,3048.2286011227893,2270.6821797499106,-777.5464213728787,-25.508140074746237
61,2025-11-15 06:00:00,53,3036.563283456096,2238.618103569227,-797.945179886869,-26.27790384722953
62,2025-11-15 07:00:00,53,3029.827788743685,2219.669656108677,-810.1581326350079,-26.73941191129345
63,2025-11-15 08:00:00,53,3031.1296856849262,2223.359290681861,-807.770395003065,-26.64915324533658
64,2025-11-15 09:00:00,53,3034.051678434204,2231.5924228177064,-802.4592556164976,-26.44843729328388
65,2025-11-15 10:00:00,53,3040.443335323125,2249.3832603267742,-791.060074996351,-26.01791869646144
66,2025-11-15 11:00:00,53,3042.37735058506,2254.710753422564,-787.6665971624966,-25.88983897776604
67,2025-11-15 12:00:00,53,3041.9514265656057,2253.5396247004423,-788.4118018651634,-25.917961574925226
68,2025-11-15 13:00:00,53,3042.927653266618,2256.22211418326,-786.7055390833584,-25.853573555678228
69,2025-11-15 14:00:00,53,3031.259570869742,2223.7266581461254,-807.5329127236168,-26.640176924601544
70,2025-11-15 15:00:00,53,3017.1222423751647,2182.902235523167,-834.2200068519978,-27.64952626497745
71,2025-11-15 16:00:00,53,3014.7474934465217,2175.8625296170467,-838.884963829475,-27.826043993835263
72,2025-11-15 17:00:00,53,3019.7217280011478,2190.544091797146,-829.1776362040014,-27.458743251579712
73,2025-11-15 18:00:00,53,3029.697293692052,2219.2990842502472,-810.3982094418047,-26.748487749224505
74,2025-11-15 19:00:00,53,3039.282006676313,2246.172125811693,-793.1098808646198,-26.095304059393488
75,2025-11-15 20:00:00,53,3050.186375768224,2275.9792398847885,-774.2071358834351,-25.38228949004608
76,2025-11-15 21:00:00,53,3060.288220989416,2301.38325672713,-758.9049642622854,-24.79848006005543
77,2025-11-15 22:00:00,53,3031.4556085579243,2296.6399683368877,-734.815640221037,-24.239696538739416
78,2025-11-15 23:00:00,53,3031.075427760781,2295.6607408812315,-735.4146868795497,-24.26250037013563
79,2025-11-16 00:00:00,53,3030.5215544018424,2294.2212826005684,-736.300271801274,-24.29615690183082
80,2025-11-16 01:00:00,53,3030.6753544377634,2294.622439734343,-736.0529147034204,-24.28676214447157
81,2025-11-16 02:00:00,53,3030.821513553484,2295.002653416187,-735.8188601372972,-24.277868454041258
82,2025-11-16 03:00:00,53,3029.952044944882,2292.726799382488,-737.2252455623943,-24.33125127483017
83,2025-11-16 04:00:00,53,3029.5493714370605,2291.662067779845,-737.8873036572149,-24.356338622968195
84,2025-11-16 05:00:00,53,3030.6470281697266,2294.548637485804,-736.0983906839224,-24.28848968031979
85,2025-11-16 06:00:00,53,3029.191945329354,2290.577870911288,-738.6140744180661,-24.383204753892183
86,2025-11-16 07:00:00,53,3051.8889284973293,2280.5675606959885,-771.3213678013408,-25.27357272406108
87,2025-11-16 08:00:00,53,3046.899804379794,2267.0738423594926,-779.8259620203016,-25.59407962478233
88,2025-11-16 09:00:00,53,3044.994771907649,2261.8818122277485,-783.1129596799005,-25.718039548202263
89,2025-11-16 10:00:00,53,3042.0516981927594,2253.8154410309967,-788.2362571617628,-25.91133666893442
90,2025-11-16 11:00:00,53,3041.4997907725688,2252.296489033656,-789.2033017389126,-25.94783350415578
91,2025-11-16 12:00:00,53,3039.4842978098386,2246.732134520757,-792.7521632890816,-26.08179827940928
92,2025-11-16 13:00:00,53,3033.613872724404,2230.362980972237,-803.2508917521668,-26.47834976541657
93,2025-11-16 14:00:00,53,3026.9966523122266,2211.598883775963,-815.3977685362638,-26.937518015205185
94,2025-11-16 15:00:00,53,3014.3636490855724,2174.719247426987,-839.6444016585856,-27.85478128736383
95,2025-11-16 16:00:00,53,3007.82094672762,2154.986584771879,-852.8343619557409,-28.35389396711224
96,2025-11-16 17:00:00,53,3008.128968166957,2155.9263929419176,-852.2025752250393,-28.3299879840039
97,2025-11-16 18:00:00,53,3008.8278909410565,2158.0547819939275,-850.773108947129,-28.275898116626298
98,2025-11-16 19:00:00,53,3018.31638117426,2186.420854241205,-831.895526933055,-27.5615747945353
99,2025-11-16 20:00:00,53,3024.776457267216,2205.222886691366,-819.5535705758498,-27.094682273356785
100,2025-11-16 21:00:00,53,3032.5295297931534,2227.3117061406265,-805.2178236525269,-26.552678737062465
101,2025-11-16 22:00:00,53,3036.869404323604,2239.47127718221,-797.3981271413941,-26.25724128953767
102,2025-11-16 23:00:00,53,3042.352312902449,2254.6419423532366,-787.7103705492123,-25.891490844389583
103,2025-11-17 00:00:00,53,3048.105812409961,2270.349195867439,-777.7566165425219,-25.51606356236022
104,2025-11-17 01:00:00,53,3048.523088097412,2271.4804139198955,-777.0426741775163,-25.48915168828424
105,2025-11-17 02:00:00,53,3049.551508715977,2274.263990563382,-775.2875181525951,-25.42300124909293
106,2025-11-17 03:00:00,53,3047.7125488627603,2269.282114953857,-778.4304339089031,-25.541464998048152
107,2025-11-17 04:00:00,53,3035.873380294804,2236.692837123157,-799.1805431716475,-26.324567696365573
108,2025-11-17 05:00:00,53,3007.428480441401,2153.78750878529,-853.6409716561116,-28.38441469872701
109,2025-11-17 06:00:00,53,2986.764445217332,2084.523123321412,-902.24132189592,-30.207983871666467
110,2025-11-17 07:00:00,53,2982.027272922678,2065.608425341953,-916.418847580725,-30.731403964744597
111,2025-11-17 08:00:00,53,2981.2054487905752,2062.2583693968486,-918.9470793937268,-30.824681330383584
112,2025-11-17 09:00:00,53,2987.930332209908,2089.081404348077,-898.8489278618313,-30.08266016687987
113,2025-11-17 10:00:00,53,2992.2278534458856,2105.5828126102037,-886.6450408356823,-29.631601744987808
114,2025-11-17 11:00:00,53,2996.2353779192827,2118.7647931294714,-877.4705847898113,-29.285769444427476
115,2025-11-17 12:00:00,53,2994.749453901053,2113.9845198711178,-880.7649340299354,-29.41030452088817
116,2025-11-17 13:00:00,53,2989.5672893196524,2095.421276735183,-894.1460125844696,-29.908877307389652
117,2025-11-17 14:00:00,53,2981.05302628961,2061.634678482754,-919.4183478068558,-30.842066199379776
118,2025-11-17 15:00:00,53,3004.6442520410137,2018.4545437045751,-986.1897083364386,-32.82217878760633
119,2025-11-17 16:00:00,53,2997.494116341284,1983.8468480203196,-1013.6472683209644,-33.816489006430935
120,2025-11-17 17:00:00,53,3002.970631899318,2010.6099289647505,-992.3607029345678,-33.04596762929113
121,2025-11-17 18:00:00,53,3005.2809928218617,2021.402225454569,-983.8787673672928,-32.738328619430106
122,2025-11-17 19:00:00,53,2977.4962193787223,2046.8607926145185,-930.635426764204,-31.255637562434536
123,2025-11-17 20:00:00,53,2983.785535798566,2072.7055772835497,-911.0799585150162,-30.534364738489128
124,2025-11-17 21:00:00,53,2997.6275365533465,2123.213693483216,-874.413843070131,-29.17019651065544
125,2025-11-17 22:00:00,53,3007.119768503319,2152.8430404634337,-854.2767280398853,-28.40847035717069
126,2025-11-17 23:00:00,53,3025.465375595528,2207.2058485381185,-818.2595270574093,-27.04574091833209
127,2025-11-18 00:00:00,53,3029.775597401474,2219.5214626945835,-810.2541347068905,-26.74304114805781
128,2025-11-18 01:00:00,53,3031.1296856849262,2223.359290681861,-807.770395003065,-26.64915324533658
129,2025-11-18 02:00:00,53,3032.968895378621,2228.549130464516,-804.4197649141047,-26.52251944092836
130,2025-11-18 03:00:00,53,3036.792903065089,2239.2581274034146,-797.5347756616743,-26.26240251209453
131,2025-11-18 04:00:00,53,3025.677040377373,2207.8142765420885,-817.8627638352846,-27.03073569720045
132,2025-11-18 05:00:00,53,2996.148163829,2118.48513661581,-877.6630272131897,-29.29304491042122
133,2025-11-18 06:00:00,53,3000.3977385240896,1998.257798613751,-1002.1399399103386,-33.40023647675778
134,2025-11-18 07:00:00,53,2996.7485813096537,1980.058340353765,-1016.6902409558886,-33.92644439032552
135,2025-11-18 08:00:00,53,2997.2147414055257,1982.4316172652436,-1014.7831241402824,-33.85753813770467
136,2025-11-18 09:00:00,53,2976.8480556725654,2044.1209232945848,-932.7271323779804,-31.332708789103695
137,2025-11-18 10:00:00,53,2981.2968673151536,2062.6320837597004,-918.6647835554533,-30.81426722803251
138,2025-11-18 11:00:00,53,2987.392762241911,2086.9841786043025,-900.4085836376084,-30.14028135228828
139,2025-11-18 12:00:00,53,2986.194895308156,2082.282979867795,-903.9119154403612,-30.269689257742943
140,2025-11-18 13:00:00,53,2980.228683064643,2058.2485443075293,-921.9801387571138,-30.936556781576197
141,2025-11-18 14:00:00,53,3003.5193158217808,2013.197553979142,-990.3217618426388,-32.97204571403533
142,2025-11-18 15:00:00,53,2991.986687558771,1954.8840549249612,-1037.1026326338094,-34.66267537039093
143,2025-11-18 16:00:00,53,2982.020839116367,1894.7657036155392,-1087.2551355008277,-36.46034666286918
144,2025-11-18 17:00:00,53,2985.612877614632,1917.8873106361352,-1067.7255669784968,-35.76235803991978
145,2025-11-18 18:00:00,53,2993.089377769667,1960.8753482093284,-1032.2140295603383,-34.48657555056054
146,2025-11-18 19:00:00,53,2998.7637884316887,1990.213656361244,-1008.5501320704444,-33.63219657250504
147,2025-11-18 20:00:00,53,2976.6007897571703,2043.0716428516523,-933.5291469055178,-31.36225556742108
148,2025-11-18 21:00:00,53,2993.784237923384,2110.861345742281,-882.9228921811027,-29.49186788402412
149,2025-11-18 22:00:00,53,3003.3628951410824,2141.2562735796155,-862.1066215614669,-28.704710408329447
150,2025-11-18 23:00:00,53,3017.2309906683067,2183.223251397721,-834.0077392705853,-27.641494530912773
151,2025-11-19 00:00:00,53,3020.3143821535846,2192.277279492718,-828.0371026608664,-27.415593143335244
152,2025-11-19 01:00:00,53,3020.664053752181,2193.298328890877,-827.365724861304,-27.390193352801823
153,2025-11-19 02:00:00,53,3019.019851900348,2188.4871810640702,-830.5326708362777,-27.51001025427149
154,2025-11-19 03:00:00,53,3020.52961147579,2192.9058895379767,-827.6237219378131,-27.399953928392293
155,2025-11-19 04:00:00,53,3011.303443854852,2165.548607356425,-845.7548364984268,-28.08600502298609
156,2025-11-19 05:00:00,53,2982.300743911691,2066.718490824752,-915.5822530869392,-30.700533973848295
157,2025-11-19 06:00:00,53,2987.3781524907567,1928.5872180800795,-1058.7909344106774,-35.44214626889133
158,2025-11-19 07:00:00,53,2984.8718258519525,1913.274617005304,-1071.5972088466483,-35.9009455469931
159,2025-11-19 08:00:00,53,2985.2586718193284,1915.691929231458,-1069.5667425878703,-35.8282768821516
160,2025-11-19 09:00:00,53,2990.6268142214417,1947.345636885408,-1043.281177336034,-34.88503387901424
161,2025-11-19 10:00:00,53,2993.089377769667,1960.8753482093284,-1032.2140295603383,-34.48657555056054
162,2025-11-19 11:00:00,53,2993.466583435602,1962.9011535054524,-1030.5654299301495,-34.42715664951133
163,2025-11-19 12:00:00,53,2996.5619296155564,1979.1038583511652,-1017.458071264391,-33.954181330566584
164,2025-11-19 13:00:00,53,2997.6802327361384,1984.7867482455983,-1012.8934844905398,-33.78924387695679
165,2025-11-19 14:00:00,53,2992.8691387804283,1959.6870487748615,-1033.1820900055666,-34.5214589110495
166,2025-11-19 15:00:00,53,2986.6731901948683,1924.3608424902875,-1062.312347704581,-35.56841609561137
167,2025-11-19 16:00:00,53,2980.3243737994403,1883.0875492670857,-1097.2368245323546,-36.81602023519178
0,2025-11-12 17:00:00,54,2642.41783599461,2332.151376070759,-310.266459923851,-11.741763762621073
1,2025-11-12 18:00:00,54,2650.198838502189,2355.871716357616,-294.3271221445734,-11.10585054481867
2,2025-11-12 19:00:00,54,2657.707183498037,2378.1767024337423,-279.53048106429424,-10.517730576187107
3,2025-11-12 20:00:00,54,2670.98458432152,2413.7234184403123,-257.2611658812075,-9.631697891156367
4,2025-11-12 21:00:00,54,2622.930534475189,2379.2606047577465,-243.6699297174423,-9.289987916748132
5,2025-11-12 22:00:00,54,2170.165053223818,1902.8536421317788,-267.3114110920394,-12.317561316128634
6,2025-11-12 23:00:00,54,2171.786029345733,1906.632658241132,-265.15337110460086,-12.20900068062784
7,2025-11-13 00:00:00,54,2179.071136678167,1923.4042063612212,-255.6669303169456,-11.732840016718818
8,2025-11-13 01:00:00,54,2147.2121040642824,1904.5202768205047,-242.6918272437772,-11.30264806091609
9,2025-11-13 02:00:00,54,2145.872013971134,1909.001108489718,-236.870905481416,-11.038445160718815
10,2025-11-13 03:00:00,54,2146.811276703815,1905.8650292935863,-240.9462474102288,-11.22344800518164
11,2025-11-13 04:00:00,54,2178.2839285081463,1921.6015240747129,-256.6824044334335,-11.78369821647764
12,2025-11-13 05:00:00,54,2623.33153645783,2380.7403650933734,-242.59117136445684,-9.247446157416194
13,2025-11-13 06:00:00,54,2665.0550800160486,2399.518306886545,-265.5367731295037,-9.963650474642522
14,2025-11-13 07:00:00,54,2664.3123920475623,2397.3814012291677,-266.930990818395,-10.018757245401494
15,2025-11-13 08:00:00,54,2660.1873236498272,2385.430983521496,-274.7563401283319,-10.328458364028329
16,2025-11-13 09:00:00,54,2652.4667589464834,2362.6658997254394,-289.800859221044,-10.92571125513928
17,2025-11-13 10:00:00,54,2645.6432466525043,2342.064364233967,-303.57888241853743,-11.474671908340309
18,2025-11-13 11:00:00,54,2643.3769890828207,2335.111638326417,-308.2653507564032,-11.6618004934424
19,2025-11-13 12:00:00,54,2642.481891839257,2332.349407128206,-310.13248471105135,-11.736409080752058
20,2025-11-13 13:00:00,54,2642.652628863584,2332.87701272812,-309.7756161354637,-11.72214663221462
21,2025-11-13 14:00:00,54,2641.3264207928614,2328.769789592708,-312.55663120015333,-11.833320892853958
22,2025-11-13 15:00:00,54,2636.498715161912,2313.6366337982395,-322.86208136367213,-12.24586530260625
23,2025-11-13 16:00:00,54,2640.940099574897,2327.569431698364,-313.3706678765334,-11.865875637504066
24,2025-11-13 17:00:00,54,2639.496976309209,2323.0694089199174,-316.42756738929165,-11.988176922701014
25,2025-11-13 18:00:00,54,2638.175977761613,2318.927578264287,-319.24839949732586,-12.101103269395828
26,2025-11-13 19:00:00,54,2643.823362157013,2336.485673014552,-307.33768914246093,-11.624743677721106
27,2025-11-13 20:00:00,54,2652.651416442116,2363.2168602775746,-289.4345561645414,-10.911141749365138
28,2025-11-13 21:00:00,54,2660.087793932131,2385.1408894913875,-274.9469044407433,-10.33600864858366
29,2025-11-13 22:00:00,54,2669.6366377382,2410.5374571251405,-259.0991806130596,-9.70540997791282
30,2025-11-13 23:00:00,54,2673.286653820652,2419.159389530253,-254.12726429039824,-9.506173381264611
31,2025-11-14 00:00:00,54,2673.404191689295,2419.436785670685,-253.9674060186103,-9.499775859112834
32,2025-11-14 01:00:00,54,2622.0421923369863,2377.553310431416,-244.48888190557045,-9.32436871611365
33,2025-11-14 02:00:00,54,2622.9924413750555,2380.2797722949504,-242.71266908010512,-9.253273675194713
34,2025-11-14 03:00:00,54,2621.565662188809,2376.183442922553,-245.382219266256,-9.36014011800034
35,2025-11-14 04:00:00,54,2665.230653217376,2400.022839625653,-265.20781359172224,-9.950651485700586
36,2025-11-14 05:00:00,54,2643.7596424212998,2336.289669100149,-307.46997332115006,-11.63002749522087
37,2025-11-14 06:00:00,54,2624.739553192262,2275.4232422463742,-349.31631094588784,-13.30860848730847
38,2025-11-14 07:00:00,54,2621.702883325541,2265.196192487077,-356.5066908384638,-13.598287323323502
39,2025-11-14 08:00:00,54,2622.8803476485505,2269.181063579108,-353.69928406944246,-13.485147516795376
40,2025-11-14 09:00:00,54,2628.170341134173,2286.789377829386,-341.3809633047872,-12.989301262621586
41,2025-11-14 10:00:00,54,2635.1621573188995,2309.3939796853783,-325.7681776335212,-12.36235791898926
42,2025-11-14 11:00:00,54,2638.0022260802702,2318.381160278788,-319.621065801482,-12.116027145147545
43,2025-11-14 12:00:00,54,2642.011775282183,2330.894903546335,-311.1168717358478,-11.775756438580544
44,2025-11-14 13:00:00,54,2638.0022260802702,2318.381160278788,-319.621065801482,-12.116027145147545
45,2025-11-14 14:00:00,54,2634.98635475323,2308.8341419438066,-326.1522128094234,-12.377757183489022
46,2025-11-14 15:00:00,54,2630.0817866092534,2293.040703017572,-337.0410835916814,-12.814851815927767
47,2025-11-14 16:00:00,54,2627.129998311934,2283.362970627897,-343.76702768403675,-13.085269016185904
48,2025-11-14 17:00:00,54,2630.9764263885654,2295.947526015489,-335.0289003730759,-12.734013768149056
49,2025-11-14 18:00:00,54,2636.411284595161,2313.359827914557,-323.0514566806037,-12.253454480650596
50,2025-11-14 19:00:00,54,2645.200055851304,2340.7092125986405,-304.4908432526631,-11.511070498396348
51,2025-11-14 20:00:00,54,2648.869889711246,2351.8663868168787,-297.0035028943671,-11.21246098375725
52,2025-11-14 21:00:00,54,2654.0422447533224,2367.356101790493,-286.68614296282885,-10.801868113801431
53,2025-11-14 22:00:00,54,2658.509925442055,2380.530558764417,-277.9793666776381,-10.456209473486014
54,2025-11-14 23:00:00,54,2668.5434239921888,2407.9516878643067,-260.5917361278821,-9.765317430661565
55,2025-11-15 00:00:00,54,2671.962691680706,2416.0337901800976,-255.9289015006084,-9.578311190401584
56,2025-11-15 01:00:00,54,2672.9097912491534,2418.269881031561,-254.63991021759196,-9.526693008917032
57,2025-11-15 02:00:00,54,2621.950624872599,2377.290219789646,-244.6604050829528,-9.33123617058353
58,2025-11-15 03:00:00,54,2670.0714171684995,2411.5653555951044,-258.5060615733951,-9.68161600140007
59,2025-11-15 04:00:00,54,2666.255727860656,2402.534434134833,-263.7212937258228,-9.89107274932802
60,2025-11-15 05:00:00,54,2660.1873236498272,2385.430983521496,-274.7563401283319,-10.328458364028329
61,2025-11-15 06:00:00,54,2650.7367346270453,2357.4877717330805,-293.24896289396474,-11.062922962631536
62,2025-11-15 07:00:00,54,2645.284532715124,2340.9676866595405,-304.3168460555835,-11.50412525730199
63,2025-11-15 08:00:00,54,2646.338131914172,2344.1847755991216,-302.1533563150506,-11.41779097202875
64,2025-11-15 09:00:00,54,2648.703279254305,2351.362953570527,-297.34032568377734,-11.225882793767983
65,2025-11-15 10:00:00,54,2653.8790165173014,2366.871276066775,-287.0077404505264,-10.814650504572288
66,2025-11-15 11:00:00,54,2655.4457026293458,2371.514359412337,-283.9313432170088,-10.69241758307723
67,2025-11-15 12:00:00,54,2655.1006509332456,2370.4937224330424,-284.60692850020314,-10.71925195755446
68,2025-11-15 13:00:00,54,2655.8915365584467,2372.8314739885896,-283.0600625698571,-10.657817108625286
69,2025-11-15 14:00:00,54,2646.443251957583,2344.505085655256,-301.9381663023273,-11.409206151652132
70,2025-11-15 15:00:00,54,2635.008336643052,2308.904165517094,-326.10417112595815,-12.375830717158502
71,2025-11-15 16:00:00,54,2633.0888580101987,2302.7645781675897,-330.32427984260903,-12.545124667468764
72,2025-11-15 17:00:00,54,2637.109897400266,2315.568840059813,-321.54105734045334,-12.192933546585872
73,2025-11-15 18:00:00,54,2645.1789322508366,2340.644568280447,-304.5343639703897,-11.51280770678357
74,2025-11-15 19:00:00,54,2652.9383925616794,2364.072451445776,-288.8659411159037,-10.888528053490704
75,2025-11-15 20:00:00,54,2661.7744070171284,2390.045448983796,-271.7289580333327,-10.208564531877103
76,2025-11-15 21:00:00,54,2670.3604748314065,2412.2485969377467,-258.11187789365977,-9.665806557818966
77,2025-11-15 22:00:00,54,2623.67100068486,2382.001219698517,-241.66978098634215,-9.211131308889676
78,2025-11-15 23:00:00,54,2623.374336317739,2380.8988889061648,-242.47544741157435,-9.242884023632
79,2025-11-16 00:00:00,54,2622.939570804833,2379.293848869489,-243.64572193534423,-9.28903298601664
80,2025-11-16 01:00:00,54,2623.060580050438,2379.739464338022,-243.32111571241603,-9.276229362104068
81,2025-11-16 02:00:00,54,2623.17538037583,2380.162986024161,-243.01239435166872,-9.264054404050238
82,2025-11-16 03:00:00,54,2622.489764922871,2377.643973326771,-244.84579159609984,-9.336386927836148
83,2025-11-16 04:00:00,54,2622.170239437557,2376.4773793959557,-245.69286004160224,-9.36982871464143
84,2025-11-16 05:00:00,54,2623.038308785134,2379.657389456433,-243.3809193287011,-9.2785880600205
85,2025-11-16 06:00:00,54,2621.859022693808,2377.026964906795,-244.83205778701267,-9.338109168641036
86,2025-11-16 07:00:00,54,2663.1548332689417,2394.0420180469605,-269.11281522198124,-10.105038274911466
87,2025-11-16 08:00:00,54,2659.1102925382675,2382.287298006256,-276.8229945320113,-10.410361514857229
88,2025-11-16 09:00:00,54,2657.5664381121064,2377.7634106788646,-279.8030274332418,-10.52854308440204
89,2025-11-16 10:00:00,54,2655.181882273013,2370.7340980213166,-284.44778425169625,-10.712930294936706
90,2025-11-16 11:00:00,54,2654.7347841865226,2369.410306672547,-285.3244775139756,-10.747758277533782
91,2025-11-16 12:00:00,54,2653.1022321562223,2364.5605662901,-288.5416658661229,-10.875633150088609
92,2025-11-16 13:00:00,54,2648.348867646255,2350.291094184153,-298.057773462102,-11.254475462177446
93,2025-11-16 14:00:00,54,2642.993760535535,2333.930148922622,-309.06361161291306,-11.69369433359121
94,2025-11-16 15:00:00,54,2632.77863659782,2301.76747906138,-331.01115753644035,-12.572692323430047
95,2025-11-16 16:00:00,54,2627.4923305106126,2284.55828191472,-342.9340485958928,-13.051762116057208
96,2025-11-16 17:00:00,54,2627.7411404305712,2285.3778751425025,-342.3632652880688,-13.028804855259468
97,2025-11-16 18:00:00,54,2628.3057306074616,2287.234027694089,-341.07170291337206,-12.976865626455968
98,2025-11-16 19:00:00,54,2635.9736850571926,2311.9728650067686,-324.00082005042395,-12.2915043457042
99,2025-11-16 20:00:00,54,2641.1977119160206,2328.370070836359,-312.8276410796616,-11.844158416021234
100,2025-11-16 21:00:00,54,2647.471131394669,2347.630839234336,-299.84029216033287,-11.325535852108768
101,2025-11-16 22:00:00,54,2650.9846084970486,2358.231504659808,-292.7531038372408,-11.043183838144367
102,2025-11-16 23:00:00,54,2655.4254186039598,2371.454391299577,-283.97102730438246,-10.69399371245286
103,2025-11-17 00:00:00,54,2660.087793932131,2385.1408894913875,-274.9469044407433,-10.33600864858366
104,2025-11-17 01:00:00,54,2660.4260327414986,2386.12639226173,-274.29964047976864,-10.310365223614586
105,2025-11-17 02:00:00,54,2661.2597154527007,2388.5512962668704,-272.7084191858303,-10.24734330145754
106,2025-11-17 03:00:00,54,2659.7690312560044,2384.2112383895897,-275.5577928664148,-10.360215102447825
107,2025-11-17 04:00:00,54,2650.178127301344,2355.809433155983,-294.36869414536113,-11.107505986592477
108,2025-11-17 05:00:00,54,2627.1753175393687,2283.512591226962,-343.6627263124069,-13.081073197440205
109,2025-11-17 06:00:00,54,2610.497598630441,2222.7822648862107,-387.7153337442305,-14.852162053228458
110,2025-11-17 07:00:00,54,2606.677911294702,2206.015852247765,-400.662059046937,-15.370600921229023
111,2025-11-17 08:00:00,54,2606.0153898046133,2203.047316494296,-402.9680733103173,-15.462996684011523
112,2025-11-17 09:00:00,54,2611.4378820826373,2226.8242042805578,-384.6136778020796,-14.728042372401667
113,2025-11-17 10:00:00,54,2614.9045173062104,2241.460408350937,-373.4441089552729,-14.28136692883849
114,2025-11-17 11:00:00,54,2618.138228665477,2252.9748162073715,-365.163412458106,-13.94744587814364
115,2025-11-17 12:00:00,54,2616.93910773349,2248.807713553289,-368.1313941802009,-14.067251052663453
116,2025-11-17 13:00:00,54,2612.758218265989,2232.446743348872,-380.3114749171168,-14.555938328251374
117,2025-11-17 14:00:00,54,2605.892517240588,2202.4946906273544,-403.3978266132335,-15.480217389794593
118,2025-11-17 15:00:00,54,2633.587425067897,2164.265473083476,-469.3219519844215,-17.820633084634423
119,2025-11-17 16:00:00,54,2627.851930112188,2133.677774276027,-494.1741558361605,-18.805251170109244
120,2025-11-17 17:00:00,54,2632.24465445578,2157.327606032424,-474.917048423356,-18.04228370715585
121,2025-11-17 18:00:00,54,2634.0983359547004,2166.873066396809,-467.2252695578909,-17.737578858784335
122,2025-11-17 19:00:00,54,2603.025644621312,2189.407655127983,-413.6179894933289,-15.889892992333618
123,2025-11-17 20:00:00,54,2608.0954841266744,2212.3058004505447,-395.7896836761297,-15.175429200540204
124,2025-11-17 21:00:00,54,2619.2618049734792,2256.853318369359,-362.4084866041203,-13.836283410691347
125,2025-11-17 22:00:00,54,2626.9259637134264,2282.688944087979,-344.2370196254474,-13.104176683336496
126,2025-11-17 23:00:00,54,2641.7549827772177,2330.099307396561,-311.65567538065625,-11.797296774775822
127,2025-11-18 00:00:00,54,2645.2422977903293,2340.8384702635617,-304.4038275267676,-11.50759715966464
128,2025-11-18 01:00:00,54,2646.338131914172,2344.1847755991216,-302.1533563150506,-11.41779097202875
129,2025-11-18 02:00:00,54,2647.826771797922,2348.709700529549,-299.1170712683729,-11.296700919194462
130,2025-11-18 03:00:00,54,2650.9226628417123,2358.0456975428037,-292.876965298909,-11.048114281272673
131,2025-11-18 04:00:00,54,2641.9262064661884,2330.629880381772,-311.29632608441625,-11.782930398377887
132,2025-11-18 05:00:00,54,2618.067844322237,2252.731023118407,-365.3368212038299,-13.954444381421595
133,2025-11-18 06:00:00,54,2630.1807098569107,2146.408410888951,-483.7722989679596,-18.393120182007504
134,2025-11-18 07:00:00,54,2627.254071985706,2130.3326214722647,-496.9214505134414,-18.914099546446337
135,2025-11-18 08:00:00,54,2627.627890435839,2132.428081689234,-495.19980874660496,-18.8458879793846
136,2025-11-18 09:00:00,54,2602.5032872905394,2186.981382364876,-415.5219049256639,-15.966239387857328
137,2025-11-18 10:00:00,54,2606.089085794596,2203.378454302192,-402.710631492404,-15.452680942010764
138,2025-11-18 11:00:00,54,2611.004323916036,2224.964480216422,-386.0398436996138,-14.785109322248216
139,2025-11-18 12:00:00,54,2610.038288060174,2220.796062113124,-389.2422259470504,-14.913276472903467
140,2025-11-18 13:00:00,54,2605.2280116173856,2199.494583600518,-405.7334280168675,-15.573816426339544
141,2025-11-18 14:00:00,54,2632.684853316065,2159.615857461848,-473.06899585421706,-17.969070443746848
142,2025-11-18 15:00:00,54,2623.436188736398,2108.122859681617,-515.3133290547808,-19.642685850994003
143,2025-11-18 16:00:00,54,2615.4502181509224,2055.2356474561966,-560.2145706947258,-21.4194316071054
144,2025-11-18 17:00:00,54,2618.327988552044,2075.5481933807755,-542.7797951712687,-20.730015397017933
145,2025-11-18 18:00:00,54,2624.320161359256,2113.4055877169776,-510.9145736422784,-19.46845438925608
146,2025-11-18 19:00:00,54,2628.870178560914,2139.30103616032,-489.5691424005941,-18.622796454277253
147,2025-11-18 20:00:00,54,2602.3040211806906,2186.052265177396,-416.2517560032948,-15.995508311685937
148,2025-11-18 21:00:00,54,2616.1602634290984,2246.085324226101,-370.0749392029975,-14.14572892862177
149,2025-11-18 22:00:00,54,2623.891935517683,2272.5848607959106,-351.3070747217725,-13.38877832453344
150,2025-11-18 23:00:00,54,2635.096245430666,2309.184134453162,-325.9121109775033,-12.368129306193063
151,2025-11-19 00:00:00,54,2637.5890936080223,2317.080381230837,-320.508712377185,-12.151578619805155
152,2025-11-19 01:00:00,54,2637.871835044,2317.97085052607,-319.9009845179298,-12.127237580994676
153,2025-11-19 02:00:00,54,2636.5424192919018,2313.774963678261,-322.7674556136408,-12.242073302212477
154,2025-11-19 03:00:00,54,2637.76312520353,2317.628599924624,-320.13452527890604,-12.136591122229918
155,2025-11-19 04:00:00,54,2630.305736983832,2293.7694756437527,-336.5362613400789,-12.794568198219595
156,2025-11-19 05:00:00,54,2606.898381294893,2206.99956961722,-399.8988116776732,-15.340023015359588
157,2025-11-19 06:00:00,54,2619.7425106045694,2084.960484107576,-534.7820264969937,-20.413533938248754
158,2025-11-19 07:00:00,54,2617.7342334496384,2071.4929213909973,-546.2413120586411,-20.866950704113563
159,2025-11-19 08:00:00,54,2618.04418330922,2073.617934132994,-544.4262491762261,-20.795151305967217
160,2025-11-19 09:00:00,54,2622.346141810071,2101.4788228778457,-520.8673189322253,-19.86264553819342
161,2025-11-19 10:00:00,54,2624.320161359256,2113.4055877169776,-510.9145736422784,-19.46845438925608
162,2025-11-19 11:00:00,54,2624.622564808756,2115.192250490921,-509.4303143178345,-19.40965993161589
163,2025-11-19 12:00:00,54,2627.1043976977367,2129.489948737912,-497.614448959825,-18.94155593496435
164,2025-11-19 13:00:00,54,2628.0011853353503,2134.507788204283,-493.49339713106747,-18.778279092294035
165,2025-11-19 14:00:00,54,2624.143600940929,2112.3576676638263,-511.7859332771027,-19.502969772446654
166,2025-11-19 15:00:00,54,2619.1776001421817,2081.2418182760703,-537.9357818661115,-20.53834691610488
167,2025-11-19 16:00:00,54,2614.091343124913,2044.991146561912,-569.1001965630016,-21.77047860472592
0,2025-11-12 17:00:00,55,1044.1284849599722,999.618796322357,-44.50968863761523,-4.2628555085652655
1,2025-11-12 18:00:00,55,1048.2201765559696,1009.1250764530032,-39.095100102966285,-3.7296649098491006
2,2025-11-12 19:00:00,55,1052.1697130574844,1018.013992589082,-34.15572046840248,-3.246217795905745
3,2025-11-12 20:00:00,55,1059.121897826666,1032.3657145106458,-26.75618331602027,-2.5262609876091084
4,2025-11-12 21:00:00,55,1055.7404625188517,1030.9744390111352,-24.76602350771645,-2.3458439253742465
5,2025-11-12 22:00:00,55,1001.3827650776644,975.2044413457768,-26.17832373188776,-2.6142175244904915
6,2025-11-12 23:00:00,55,1002.56044139965,977.365519837502,-25.194921562147897,-2.5130576194462537
7,2025-11-13 00:00:00,55,1007.8654417206984,986.9617891439692,-20.9036525767292,-2.074051923145715
8,2025-11-13 01:00:00,55,1003.0661835169828,984.8987002571852,-18.16748325979768,-1.8111948701229528
9,2025-11-13 02:00:00,55,1003.139276627027,987.4413119703772,-15.697964656649788,-1.5648838623319483
10,2025-11-13 03:00:00,55,1003.0880631831744,985.662234650798,-17.425828532376613,-1.7372182136310073
11,2025-11-13 04:00:00,55,1007.2897831458022,985.9294756403506,-21.3603075054516,-2.1205722387794497
12,2025-11-13 05:00:00,55,1055.3887914842478,1030.8543758119588,-24.53441567228901,-2.324680332996999
13,2025-11-13 06:00:00,55,1056.0362108512595,1026.4723318144938,-29.56387903676591,-2.7995137603221747
14,2025-11-13 07:00:00,55,1055.645337998135,1025.6275018865083,-30.01783611162614,-2.843553135805084
15,2025-11-13 08:00:00,55,1053.4746140388006,1020.8942704634976,-32.580343575303004,-3.092655783170399
16,2025-11-13 09:00:00,55,1049.4130112207472,1011.837875011803,-37.57513620894417,-3.5805860807113747
17,2025-11-13 10:00:00,55,1045.8244453150876,1003.598180578468,-42.22626473661967,-4.037605443798713
18,2025-11-13 11:00:00,55,1044.632799291481,1000.8081258336748,-43.82467345780617,-4.195222808199218
19,2025-11-13 12:00:00,55,1044.1621644478394,999.6983844267584,-44.46378002108111,-4.25832131588429
20,2025-11-13 13:00:00,55,1044.2519354684628,999.91040927051,-44.34152619795282,-4.246247930396291
21,2025-11-13 14:00:00,55,1043.5546483490998,998.2591683420392,-45.29548000706052,-4.340499089215675
22,2025-11-13 15:00:00,55,1041.0166125545657,992.1612861404788,-48.85532641408679,-4.693040036527371
23,2025-11-13 16:00:00,55,1043.3515360945603,997.7762803396142,-45.57525575494629,-4.3681591657536725
24,2025-11-13 17:00:00,55,1042.5928221397955,995.9647599562588,-46.62806218353671,-4.472317590661929
25,2025-11-13 18:00:00,55,1041.8983449862817,994.2957327890642,-47.60261219721747,-4.568834611004611
26,2025-11-13 19:00:00,55,1044.867504077545,1001.35987948482,-43.50762459272494,-4.1639369989915975
27,2025-11-13 20:00:00,55,1049.5101386120973,1012.0576652948832,-37.45247331721407,-3.568567080899505
28,2025-11-13 21:00:00,55,1053.4222444224029,1020.7791917902852,-32.64305263211759,-3.098762419813524
29,2025-11-13 22:00:00,55,1058.4182023905712,1031.037590658036,-27.38061173253527,-2.5869369660019736
30,2025-11-13 23:00:00,55,1060.3279566022418,1034.6345472793737,-25.69340932286832,-2.423156832080645
31,2025-11-14 00:00:00,55,1060.389684156632,1034.7504218340275,-25.63926232260428,-2.417909444582739
32,2025-11-14 01:00:00,55,1053.7845247095524,1028.447066743203,-25.33745796634912,-2.404424943831161
33,2025-11-14 02:00:00,55,1054.305390667544,1029.5433267717729,-24.762063895771007,-2.348661413946927
34,2025-11-14 03:00:00,55,1053.5233270119334,1027.8959633290033,-25.62736368293008,-2.4325387987009237
35,2025-11-14 04:00:00,55,1056.1286164287003,1026.671731217731,-29.45688521096963,-2.789138060720114
36,2025-11-14 05:00:00,55,1044.8339997557046,1001.2811837562044,-43.552815999500126,-4.168395746088214
37,2025-11-14 06:00:00,55,1034.835964343538,976.6674051838108,-58.16855915972701,-5.621041514210131
38,2025-11-14 07:00:00,55,1033.240150610054,972.4976970153195,-60.74245359473446,-5.878832095217206
39,2025-11-14 08:00:00,55,1033.8589138485609,974.1235374547284,-59.73537639383255,-5.777904082817877
40,2025-11-14 09:00:00,55,1036.6390136769085,981.2901334465122,-55.34888023039628,-5.339262703810122
41,2025-11-14 10:00:00,55,1040.314018817379,990.4478261589038,-49.866192658475256,-4.793378898725479
42,2025-11-14 11:00:00,55,1041.8070021264218,994.075422160927,-47.7315799654948,-4.581614432238442
43,2025-11-14 12:00:00,55,1043.914986755462,999.1137363309962,-44.80125042446582,-4.291656982884234
44,2025-11-14 13:00:00,55,1041.8070021264218,994.075422160927,-47.7315799654948,-4.581614432238442
45,2025-11-14 14:00:00,55,1040.221605972308,990.2216005579644,-50.000005414343605,-4.806668610541691
46,2025-11-14 15:00:00,55,1037.643634097532,983.8274846689606,-53.81614942857141,-5.186380724570901
47,2025-11-14 16:00:00,55,1036.0922475080836,979.8978428721975,-56.19440463588592,-5.423687395696635
48,2025-11-14 17:00:00,55,1038.1138562140018,985.0060925921898,-53.10776362181196,-5.115793735332251
49,2025-11-14 18:00:00,55,1040.9706517461989,992.0495456656864,-48.92110608051212,-4.699566313271979
50,2025-11-14 19:00:00,55,1045.59139861518,1003.054737473566,-42.53666114161388,-4.0681915706222345
51,2025-11-14 20:00:00,55,1047.521254452822,1007.5237037313696,-39.997550721452285,-3.818304454580753
52,2025-11-14 21:00:00,55,1050.24172068167,1013.7079429805356,-36.53377770113434,-3.478606589483203
53,2025-11-14 22:00:00,55,1052.5920505678598,1018.9491600827924,-33.64289048506748,-3.196194619455617
54,2025-11-14 23:00:00,55,1057.8487891258897,1029.9605037416331,-27.888285384256505,-2.636320584844726
55,2025-11-15 00:00:00,55,1059.6336594999768,1033.3295695200827,-26.304089979894115,-2.482375842261048
56,2025-11-15 01:00:00,55,1060.1301385494662,1034.2630442454106,-25.867094304055627,-2.439992352207677
57,2025-11-15 02:00:00,55,1053.734334071385,1028.3412400793698,-25.393093992015334,-2.4098193606259666
58,2025-11-15 03:00:00,55,1058.6449831727732,1031.46596197755,-27.179021195223186,-2.567340480258764
59,2025-11-15 04:00:00,55,1056.6608321410135,1027.706298298255,-28.954533842758565,-2.740191834695972
60,2025-11-15 05:00:00,55,1053.4746140388006,1020.8942704634976,-32.580343575303004,-3.092655783170399
61,2025-11-15 06:00:00,55,1048.5030780879413,1009.7707489863916,-38.73232910154968,-3.6940596466518985
62,2025-11-15 07:00:00,55,1045.6358194957097,1003.1584044335226,-42.47741506218711,-4.062352711164118
63,2025-11-15 08:00:00,55,1046.1898502435404,1004.4481529141462,-41.74169732939413,-3.9898778715619514
64,2025-11-15 09:00:00,55,1047.4336331163026,1007.3223152960596,-40.111317820243016,-3.829485377599024
65,2025-11-15 10:00:00,55,1050.1558595870015,1013.5147348594162,-36.64112472758552,-3.489113010519743
66,2025-11-15 11:00:00,55,1050.979991346216,1015.3640961407024,-35.61589520551365,-3.3888271421697302
67,2025-11-15 12:00:00,55,1050.798477115249,1014.9577550604172,-35.84072205483187,-3.41080833626874
68,2025-11-15 13:00:00,55,1051.2145262106228,1015.888319365026,-35.32620684559686,-3.3605135740408185
69,2025-11-15 14:00:00,55,1046.245128364931,1004.576512284476,-41.66861608045497,-3.98268196914566
70,2025-11-15 15:00:00,55,1040.233161006027,990.2498980941884,-49.98326291183878,-4.805005722322783
71,2025-11-15 16:00:00,55,1039.2241914250117,987.7670503296648,-51.45714109534697,-4.951495694570734
72,2025-11-15 17:00:00,55,1041.3379042909512,992.941073988072,-48.39683030287915,-4.647562535028689
73,2025-11-15 18:00:00,55,1045.5802911108224,1003.0288093789352,-42.55148173188718,-4.069652239397184
74,2025-11-15 19:00:00,55,1049.6610857639475,1012.3989201922064,-37.26216557174121,-3.5499235017007087
75,2025-11-15 20:00:00,55,1054.3097260931152,1022.7236569038372,-31.58606918927785,-2.9959003893783875
76,2025-11-15 21:00:00,55,1058.7958581595385,1031.750765334699,-27.04509282483923,-2.5543255214324896
77,2025-11-15 22:00:00,55,1055.0686603411043,1030.7264771002228,-24.342183240881692,-2.3071657945950026
78,2025-11-15 23:00:00,55,1055.349631638841,1030.8396564140878,-24.50997522475313,-2.322450730066761
79,2025-11-16 00:00:00,55,1055.732824090384,1030.972069439704,-24.760754650679928,-2.3453618269389054
80,2025-11-16 01:00:00,55,1055.6293070170325,1030.938895260415,-24.69041175661755,-2.3389282196405685
81,2025-11-16 02:00:00,55,1055.52892253904,1030.9048657291753,-24.62405680986467,-2.3328642431353104
82,2025-11-16 03:00:00,55,1056.0986066643543,1031.0730253275149,-25.025581336839423,-2.369625447748836
83,2025-11-16 04:00:00,55,1056.342033655121,1031.1253721003527,-25.21666155476828,-2.3871682420431943
84,2025-11-16 05:00:00,55,1055.6485328138178,1030.9452050478258,-24.70332776599207,-2.3401091365272557
85,2025-11-16 06:00:00,55,1053.684124546758,1028.2353398289745,-25.448784717783383,-2.4152195259400133
86,2025-11-16 07:00:00,55,1055.036151829356,1024.3063310566406,-30.72982077271536,-2.9126794109786744
87,2025-11-16 08:00:00,55,1052.9079255488791,1019.6467353120572,-33.261190236822245,-3.1589837467965904
88,2025-11-16 09:00:00,55,1052.0956659469175,1017.8497378996692,-34.245928047248185,-3.255020351825689
89,2025-11-16 10:00:00,55,1050.8412085570394,1015.0534638991796,-35.787744657859776,-3.4056282116116905
90,2025-11-16 11:00:00,55,1050.6060162153328,1014.5263070617368,-36.07970915359601,-3.4341807106310247
91,2025-11-16 12:00:00,55,1049.747264919571,1012.593573836028,-37.15369108354309,-3.539298679324467
92,2025-11-16 13:00:00,55,1047.2472480475274,1006.8934572299796,-40.35379081754786,-3.8533203016558777
93,2025-11-16 14:00:00,55,1044.4312990650333,1000.3335454457624,-44.097753619270975,-4.222178486870983
94,2025-11-16 15:00:00,55,1039.0611291727191,987.3634895409368,-51.69763963178241,-4.975418498519243
95,2025-11-16 16:00:00,55,1036.2826746073192,980.3836713399228,-55.89900326739655,-5.394184872248151
96,2025-11-16 17:00:00,55,1036.4134399054722,980.7167141371416,-55.69672576833045,-5.373987216280248
97,2025-11-16 18:00:00,55,1036.7101703926544,981.470732847841,-55.23943754481343,-5.32833950340156
98,2025-11-16 19:00:00,55,1040.740614639477,991.4895502383034,-49.25106440117349,-4.732309252506165
99,2025-11-16 20:00:00,55,1043.4869780788674,998.098382061598,-45.38859601726938,-4.34970411426053
100,2025-11-16 21:00:00,55,1046.7856575824187,1005.8285895390688,-40.95706804334998,-3.912650860916598
101,2025-11-16 22:00:00,55,1048.6334471737955,1010.0678113374393,-38.56563583635659,-3.6777041529903536
102,2025-11-16 23:00:00,55,1050.9693208689696,1015.3402241977886,-35.629096671180946,-3.390117671724409
103,2025-11-17 00:00:00,55,1053.4222444224029,1020.7791917902852,-32.64305263211759,-3.098762419813524
104,2025-11-17 01:00:00,55,1053.6002168145455,1021.1701005609108,-32.430116253634765,-3.078028623768128
105,2025-11-17 02:00:00,55,1054.0388916811703,1022.1315424698944,-31.9073492112758,-3.027151034283397
106,2025-11-17 03:00:00,55,1053.2545225963545,1020.4103471398216,-32.84417545653275,-3.118351239125877
107,2025-11-17 04:00:00,55,1048.209283813803,1009.1001869546232,-39.10909685917977,-3.7310389693254096
108,2025-11-17 05:00:00,55,1036.1160653701795,979.9586627213343,-56.15740264884539,-5.419991497649607
109,2025-11-17 06:00:00,55,1027.3523125629904,955.2228973332803,-72.12941522970993,-7.020903573941919
110,2025-11-17 07:00:00,55,1025.3454429085857,948.4056149939394,-76.93982791464634,-7.503795764322315
111,2025-11-17 08:00:00,55,1024.9973604537693,947.19623928133,-77.80112117243914,-7.590372831594061
112,2025-11-17 09:00:00,55,1027.8463513687138,956.8629965357076,-70.98335483300627,-6.90602780644038
113,2025-11-17 10:00:00,55,1029.66782203765,962.7910675624272,-66.8767544752227,-6.494983434839953
114,2025-11-17 11:00:00,55,1031.3669871032082,967.5021567297458,-63.86483037346238,-6.192250786777556
115,2025-11-17 12:00:00,55,1030.7368950676382,965.7956722747348,-64.94122279290355,-6.300465531375203
116,2025-11-17 13:00:00,55,1028.5400847727833,959.142292639088,-69.39779213369525,-6.747213177309083
117,2025-11-17 14:00:00,55,1024.9328045991062,946.9710218347248,-77.9617827643815,-7.606526243920506
118,2025-11-17 15:00:00,55,1033.7437073976168,931.3303371369124,-102.41337026070435,-9.90703687266193
119,2025-11-17 16:00:00,55,1030.723289157133,918.7277104050692,-111.9955787520638,-10.865727002602943
120,2025-11-17 17:00:00,55,1033.0365747435692,928.4788251035752,-104.55774963999386,-10.121398621916969
121,2025-11-17 18:00:00,55,1034.012765416108,932.4010283506288,-101.61173706547925,-9.826932554801544
122,2025-11-17 19:00:00,55,1023.4265996323616,941.6302683785932,-81.79633125376836,-7.992398407775553
123,2025-11-17 20:00:00,55,1026.0902290467675,950.9657771512954,-75.12445189547236,-7.321427469908038
124,2025-11-17 21:00:00,55,1031.9573943770142,969.0890101969452,-62.86838418006914,-6.092149203313027
125,2025-11-17 22:00:00,55,1035.9850158826112,979.6238294097076,-56.36118647290357,-5.44034765067393
126,2025-11-17 23:00:00,55,1043.7799721519063,998.7938552636064,-44.98611688829988,-4.309923363978172
127,2025-11-18 00:00:00,55,1045.613610882562,1003.1065800337454,-42.5070308488165,-4.065271378108589
128,2025-11-18 01:00:00,55,1046.1898502435404,1004.4481529141462,-41.74169732939413,-3.9898778715619514
129,2025-11-18 02:00:00,55,1046.972682518406,1006.2605273474824,-40.71215517092344,-3.888559448656648
130,2025-11-18 03:00:00,55,1048.6008667756678,1009.9936011963272,-38.60726557934072,-3.68178844807308
131,2025-11-18 04:00:00,55,1043.8699968404103,999.0071866059658,-44.86281023444474,-4.297739217549661
132,2025-11-18 05:00:00,55,1031.3300025011972,967.4023644854512,-63.92763801574608,-6.198562813135253
133,2025-11-18 06:00:00,55,1031.9496623903574,923.9826835840591,-107.96697880629812,-10.462426874214849
134,2025-11-18 07:00:00,55,1030.408447991553,917.3445529283412,-113.0638950632117,-10.972725940241766
135,2025-11-18 08:00:00,55,1030.6053064429982,918.211100811872,-112.39420563112616,-10.905649808755626
136,2025-11-18 09:00:00,55,1023.152165463358,940.63858159294,-82.51358387041785,-8.064644405365616
137,2025-11-18 10:00:00,55,1025.0360795248084,947.3311795137182,-77.70490001109022,-7.580699017649511
138,2025-11-18 11:00:00,55,1027.6185528461465,956.1085374609949,-71.51001538515175,-6.958809296221233
139,2025-11-18 12:00:00,55,1027.1109859117173,954.416477274208,-72.69450863750922,-7.077570937767916
140,2025-11-18 13:00:00,55,1024.5836819917083,945.74792454088,-78.83575745082828,-7.694418604986749
141,2025-11-18 14:00:00,55,1033.2683927671233,929.41976168382,-103.8486310833032,-10.050499154938194
142,2025-11-18 15:00:00,55,1028.3978930481476,908.1360804070164,-120.26181264113109,-11.694093643529143
143,2025-11-18 16:00:00,55,1024.1923044322918,886.0244080195362,-138.16789641275568,-13.490425168673957
144,2025-11-18 17:00:00,55,1025.7078170510133,894.5485587263474,-131.15925832466587,-12.78719496374304
145,2025-11-18 18:00:00,55,1028.8634067816029,910.330376324362,-118.533030457241,-11.520774252048216
146,2025-11-18 19:00:00,55,1031.2595147335203,921.0506215196764,-110.20889321384392,-10.686824377307406
147,2025-11-18 20:00:00,55,1023.0474760083648,940.2586969986098,-82.78877900975499,-8.092369215627494
148,2025-11-18 21:00:00,55,1030.3276485108129,964.6799486510748,-65.64769985973794,-6.371536273400218
149,2025-11-18 22:00:00,55,1034.3905194326328,975.511131337956,-58.87938809467676,-5.692181723298502
150,2025-11-18 23:00:00,55,1040.2793713448868,990.3630329683864,-49.91633837650045,-4.798358955437898
151,2025-11-19 00:00:00,55,1041.5898165174003,993.5508464736996,-48.03897004370094,-4.612081385772497
152,2025-11-19 01:00:00,55,1041.7384546750136,993.9099705177435,-47.82848415726994,-4.591218068472933
153,2025-11-19 02:00:00,55,1041.039587139721,992.2171241741904,-48.822462965530576,-4.689779674918161
154,2025-11-19 03:00:00,55,1041.6813053827302,993.7719505816636,-47.90935480106657,-4.599233427105031
155,2025-11-19 04:00:00,55,1037.7613412996436,984.1230488660702,-53.63829243357338,-5.168653937946783
156,2025-11-19 05:00:00,55,1025.461276183154,948.8062224057678,-76.65505377738623,-7.4751778109751985
157,2025-11-19 06:00:00,55,1026.4527357353802,898.4848401948904,-127.96789554048983,-12.46700321265255
158,2025-11-19 07:00:00,55,1025.3951311370256,892.849994889352,-132.54513624767355,-12.92624981559048
159,2025-11-19 08:00:00,55,1025.5583583940388,893.7402618009966,-131.81809659304224,-12.853300401106502
160,2025-11-19 09:00:00,55,1027.823856516897,905.3727319618448,-122.45112455505205,-11.913629342095252
161,2025-11-19 10:00:00,55,1028.8634067816029,910.330376324362,-118.533030457241,-11.520774252048216
162,2025-11-19 11:00:00,55,1029.0226570384032,911.0719354711304,-117.9507215672728,-11.462402772232728
163,2025-11-19 12:00:00,55,1030.329627262209,916.995968916986,-113.33365834522306,-10.999747590135124
164,2025-11-19 13:00:00,55,1030.801889251449,919.0707538701508,-111.73113538129816,-10.839244334567084
165,2025-11-19 14:00:00,55,1028.7704273579477,909.895300550129,-118.87512680781845,-11.555068424070996
166,2025-11-19 15:00:00,55,1026.1552418507094,896.9306801898057,-129.22456166090376,-12.593081084675104
167,2025-11-19 16:00:00,55,1023.4766751815488,881.709687228551,-141.76698795299762,-13.851511362274122
0,2025-11-12 17:00:00,56,1840.0255458478468,1802.7723794645683,-37.25316638327831,-2.0246004990171373
1,2025-11-12 18:00:00,56,1840.7881240849763,1804.074665500398,-36.713458584578575,-1.9944423860746163
2,2025-11-12 19:00:00,56,1841.506587952573,1805.26532871428,-36.24125923829297,-1.9680222419723616
3,2025-11-12 20:00:00,56,1842.8521215291928,1807.220983883544,-35.63113764564878,-1.933477853669679
4,2025-11-12 21:00:00,56,1824.861588040576,1789.6141428909818,-35.24744514959389,-1.9315133476747917
5,2025-11-12 22:00:00,56,1804.6699055518725,1779.926577716472,-24.74332783540035,-1.3710722254125352
6,2025-11-12 23:00:00,56,1805.0635515360443,1780.4016023219124,-24.661949214131937,-1.366264871568954
7,2025-11-13 00:00:00,56,1806.800309212636,1782.489214562513,-24.311094650122868,-1.3455330135911427
8,2025-11-13 01:00:00,56,1779.2620205392816,1755.162817855383,-24.09920268389851,-1.354449339428614
9,2025-11-13 02:00:00,56,1779.2101293614955,1755.6497989684165,-23.560330393079084,-1.3242016782769874
10,2025-11-13 03:00:00,56,1779.2466928742642,1755.3092528359552,-23.937440038308974,-1.3453693708790604
11,2025-11-13 04:00:00,56,1806.6159840094044,1782.267697749263,-24.34828626014109,-1.3477289294266728
12,2025-11-13 05:00:00,56,1824.82442803632,1789.6054163806443,-35.21901165567533,-1.929994530683385
13,2025-11-13 06:00:00,56,1842.192005949828,1806.3702651525405,-35.82174079728725,-1.944517220875556
14,2025-11-13 07:00:00,56,1842.1235567758451,1806.2612423166693,-35.86231445917588,-1.946792023111819
15,2025-11-13 08:00:00,56,1841.7399532956424,1805.6448520124245,-36.09510128321836,-1.9598370127459703
16,2025-11-13 09:00:00,56,1841.006993004873,1804.4410022431323,-36.56599076174052,-1.9861951041292831
17,2025-11-13 10:00:00,56,1840.3438002537173,1803.3208778265453,-37.022922427172034,-2.011739459880697
18,2025-11-13 11:00:00,56,1840.1204977830712,1802.9367930998385,-37.18370468323292,-2.020721182554668
19,2025-11-13 12:00:00,56,1840.0318952317664,1802.783394326095,-37.24850090567111,-2.0243399585733477
20,2025-11-13 13:00:00,56,1840.0488134578063,1802.81272947028,-37.2360839875264,-2.0236465312869942
21,2025-11-13 14:00:00,56,1839.917183996107,1802.5839351792065,-37.33324881690078,-2.029072239861192
22,2025-11-13 15:00:00,56,1839.4339005726797,1801.732676328924,-37.701224243755405,-2.0496101671290123
23,2025-11-13 16:00:00,56,1839.878747676185,1802.5168837521876,-37.36186392399759,-2.030669899915231
24,2025-11-13 17:00:00,56,1839.734799160903,1802.264781745972,-37.470017414931135,-2.0367075424143244
25,2025-11-13 18:00:00,56,1839.6025285489688,1802.0317409874892,-37.570787561479165,-2.042331806921033
26,2025-11-13 19:00:00,56,1840.164597363364,1803.012929998023,-37.1516673653407,-2.0189317530927715
27,2025-11-13 20:00:00,56,1841.024744034063,1804.4705725537704,-36.554171480292325,-1.985533958668836
28,2025-11-13 21:00:00,56,1841.7306271549503,1805.6297512749727,-36.10087587997759,-1.960160478828825
29,2025-11-13 22:00:00,56,1842.7018692315364,1807.0297734912167,-35.67209574031972,-1.9358582273103184
30,2025-11-13 23:00:00,56,1843.1065423158911,1807.54456490224,-35.56197741365099,-1.9294585851215544
31,2025-11-14 00:00:00,56,1843.119455827902,1807.560983688286,-35.55847213961624,-1.9292548850906628
32,2025-11-14 01:00:00,56,1824.602083427434,1789.328723651973,-35.27335977546113,-1.9332083469510069
33,2025-11-14 02:00:00,56,1824.6831264357147,1789.4585307530683,-35.22459568264617,-1.9304500147076449
34,2025-11-14 03:00:00,56,1824.561316545343,1789.2632616235278,-35.298054921815265,-1.9346050254232745
35,2025-11-14 04:00:00,56,1842.2081596133328,1806.395951724807,-35.812207888526245,-1.943982698244208
36,2025-11-14 05:00:00,56,1840.158305638004,1803.002076109676,-37.15622952832837,-2.019186578376792
37,2025-11-14 06:00:00,56,1838.231039204711,1799.5307432414425,-38.700295963268445,-2.10530097348436
38,2025-11-14 07:00:00,56,1837.9148218916016,1798.9301015287103,-38.98472036289149,-2.121138580446726
39,2025-11-14 08:00:00,56,1838.0376965703888,1799.164658393671,-38.87303817671818,-2.1149206161142247
40,2025-11-14 09:00:00,56,1838.5856020235788,1800.1929488031926,-38.39265322038614,-2.08816239929925
41,2025-11-14 10:00:00,56,1839.298984502411,1801.4917817888288,-37.807202713582456,-2.0555224045758123
42,2025-11-14 11:00:00,56,1839.5850953942536,1802.000925855708,-37.58416953854589,-2.0430786068361235
43,2025-11-14 12:00:00,56,1839.985269057408,1802.7024384425388,-37.282830614869454,-2.026257016392788
44,2025-11-14 13:00:00,56,1839.5850953942536,1802.000925855708,-37.58416953854589,-2.0430786068361235
45,2025-11-14 14:00:00,56,1839.281203048721,1801.4599238994688,-37.82127914925172,-2.0563075992165114
46,2025-11-14 15:00:00,56,1838.7818741934973,1800.554635708599,-38.22723848489818,-2.0789436213941856
47,2025-11-14 16:00:00,56,1838.4783921768849,1799.993934010497,-38.48445816638764,-2.093277698021754
48,2025-11-14 17:00:00,56,1838.8734200740728,1800.7221841619626,-38.151235912110224,-2.074707018744848
49,2025-11-14 18:00:00,56,1839.425089687084,1801.7169886260483,-37.70810106103545,-2.049993841687253
50,2025-11-14 19:00:00,56,1840.3002477615828,1803.246247345664,-37.05400041591906,-2.0134758152094503
51,2025-11-14 20:00:00,56,1840.6591454745744,1803.857263563643,-36.80188191093157,-1.9993860352370123
52,2025-11-14 21:00:00,56,1841.158102984745,1804.692057919412,-36.46604506533322,-1.9806036758178045
53,2025-11-14 22:00:00,56,1841.5823412537504,1805.388907408129,-36.19343384562126,-1.9653443147690453
54,2025-11-14 23:00:00,56,1842.579346560041,1806.8737723450645,-35.70557421497688,-1.937803887883392
55,2025-11-15 00:00:00,56,1842.9605642851895,1807.3589308558571,-35.60163342933242,-1.9317631705885612
56,2025-11-15 01:00:00,56,1843.065086550824,1807.491853485156,-35.573233065667864,-1.9301126870262
57,2025-11-15 02:00:00,56,1824.594256369253,1789.316163831416,-35.27809253783698,-1.9334760270503428
58,2025-11-15 03:00:00,56,1842.750433285266,1807.091586853547,-35.658846431718985,-1.9350882131198957
59,2025-11-15 04:00:00,56,1842.3211029904223,1806.544687346232,-35.776415644190365,-1.9419207425957796
60,2025-11-15 05:00:00,56,1841.7399532956424,1805.6448520124245,-36.09510128321836,-1.9598370127459703
61,2025-11-15 06:00:00,56,1840.840176739294,1804.162082586835,-36.67809415245938,-1.9924648872792317
62,2025-11-15 07:00:00,56,1840.308553728988,1803.2604906729564,-37.0480630560312,-2.013144099176266
63,2025-11-15 08:00:00,56,1840.411971628786,1803.437424371998,-36.9745472567879,-2.009036445468511
64,2025-11-15 09:00:00,56,1840.642937961063,1803.8298640594503,-36.81307390161237,-2.00001168843705
65,2025-11-15 10:00:00,56,1841.1424832007967,1804.6661770637672,-36.476306137029496,-1.9811777996462296
66,2025-11-15 11:00:00,56,1841.292057808392,1804.9133535494316,-36.3787042589604,-1.9757161339337093
67,2025-11-15 12:00:00,56,1841.259181611161,1804.859150294738,-36.40003131642288,-1.9769096974480087
68,2025-11-15 13:00:00,56,1841.3344804222932,1804.9831919607996,-36.35128846149405,-1.9741817061480984
69,2025-11-15 14:00:00,56,1840.4222720827952,1803.455005584696,-36.96726649809944,-2.00862959869877
70,2025-11-15 15:00:00,56,1839.2834268434565,1801.463909526271,-37.8195173171855,-2.0562093239806245
71,2025-11-15 16:00:00,56,1839.0887627481125,1801.1134932000275,-37.975269548084725,-2.0648959591998737
72,2025-11-15 17:00:00,56,1839.495435500384,1801.8420677956608,-37.65336770472277,-2.046939991154706
73,2025-11-15 18:00:00,56,1840.298170515125,1803.2426844504864,-37.05548606463867,-2.013558816627325
74,2025-11-15 19:00:00,56,1841.0523099271377,1804.5164512407664,-36.53585868637151,-1.9845095377989272
75,2025-11-15 20:00:00,56,1841.8882206136616,1805.8841870285964,-36.004033585065145,-1.95473499325978
76,2025-11-15 21:00:00,56,1842.7826679501504,1807.132609871503,-35.65005807864736,-1.934577457161744
77,2025-11-15 22:00:00,56,1824.7899084647795,1789.594802690639,-35.19510577414053,-1.9287209782824064
78,2025-11-15 23:00:00,56,1824.8202399569996,1789.6042508287333,-35.215989128266074,-1.929833325889454
79,2025-11-16 00:00:00,56,1824.8607897523516,1789.6139875781537,-35.24680217419768,-1.9314789584021343
80,2025-11-16 01:00:00,56,1824.849931889437,1789.6117301958063,-35.238201693630344,-1.93101915274452
81,2025-11-16 02:00:00,56,1824.839333614592,1789.6092739834216,-35.23005963116998,-1.9305841880001156
82,2025-11-16 03:00:00,56,1824.8985545479147,1789.619624621739,-35.278929926175806,-1.933199510638854
83,2025-11-16 04:00:00,56,1824.9231396487075,1789.621239287958,-35.30190036074964,-1.934432173814463
84,2025-11-16 05:00:00,56,1824.8519539819672,1789.6121707890288,-35.239783192938376,-1.9311036775362769
85,2025-11-16 06:00:00,56,1824.5864232536744,1789.3035902021363,-35.282833051537864,-1.9337441406924496
86,2025-11-16 07:00:00,56,1842.0164933604003,1806.0901335186572,-35.92635984174285,-1.9503820932787743
87,2025-11-16 08:00:00,56,1841.638859364508,1805.480868266414,-36.15799109809405,-1.9633594781210812
88,2025-11-16 09:00:00,56,1841.4932844997609,1805.243588403131,-36.249696096629805,-1.968494612592464
89,2025-11-16 10:00:00,56,1841.266924653384,1804.8719226642456,-36.39500198913788,-1.976628239058234
90,2025-11-16 11:00:00,56,1841.2242809956297,1804.80153206554,-36.42274893008971,-1.9781810019578037
91,2025-11-16 12:00:00,56,1841.0680363022557,1804.542602462971,-36.52543383928446,-1.9839263470482595
92,2025-11-16 13:00:00,56,1840.6084339458448,1803.7714731955905,-36.83696075025409,-2.001346949784645
93,2025-11-16 14:00:00,56,1840.0825912134696,1802.8712352087437,-37.21135600472621,-2.0222655321241114
94,2025-11-16 15:00:00,56,1839.057210980303,1801.0564026282718,-38.000808352030845,-2.0663200755877877
95,2025-11-16 16:00:00,56,1838.5157619372733,1800.063421884202,-38.452340053071566,-2.0914881911348817
96,2025-11-16 17:00:00,56,1838.541404494347,1800.1110301812355,-38.43037431311132,-2.090264283369827
97,2025-11-16 18:00:00,56,1838.599534394793,1800.21873565412,-38.38079874067307,-2.087501819873286
98,2025-11-16 19:00:00,56,1839.3809594291647,1801.6383223788928,-37.74263705027215,-2.051920612573115
99,2025-11-16 20:00:00,56,1839.9043829826817,1802.561616303362,-37.34276667931954,-2.0296036590109603
100,2025-11-16 21:00:00,56,1840.5228202610267,1803.6262337085168,-36.89658655250946,-2.0046796565813136
101,2025-11-16 22:00:00,56,1840.864134063857,1804.2022547903011,-36.661879273555314,-1.9915581272487093
102,2025-11-16 23:00:00,56,1841.290126210879,1804.9101708588744,-36.379955352004345,-1.9757861530963223
103,2025-11-17 00:00:00,56,1841.7306271549503,1805.6297512749727,-36.10087587997759,-1.960160478828825
104,2025-11-17 01:00:00,56,1841.762307443464,1805.681025097079,-36.081282346385024,-1.9590629149354877
105,2025-11-17 02:00:00,56,1841.8402297066543,1805.8068709703232,-36.03335873633114,-1.956378091604074
106,2025-11-17 03:00:00,56,1841.7007363658847,1805.581315477178,-36.11942088870683,-1.9611992423904367
107,2025-11-17 04:00:00,56,1840.7861180887417,1804.071292955082,-36.71482513365959,-1.994518796772544
108,2025-11-17 05:00:00,56,1838.4830680355667,1800.002635569013,-38.48043246655379,-2.093053405581289
109,2025-11-17 06:00:00,56,1836.7295538874744,1795.887041431739,-40.84251245573569,-2.223654123128345
110,2025-11-17 07:00:00,56,1836.3192238240877,1794.4484650753288,-41.87075874875859,-2.280145968387992
111,2025-11-17 08:00:00,56,1836.2477412633268,1794.193408632213,-42.054332631113766,-2.290231959777968
112,2025-11-17 09:00:00,56,1836.830087531316,1796.2332839390242,-40.596803592291735,-2.210155629955599
113,2025-11-17 10:00:00,56,1837.1990700211904,1797.4849711775796,-39.7140988436106,-2.161665520718587
114,2025-11-17 11:00:00,56,1837.54084702467,1798.2067468271157,-39.334100197554335,-2.140583718791545
115,2025-11-17 12:00:00,56,1837.4143857610427,1797.9587879029914,-39.455597858051306,-2.147343471554954
116,2025-11-17 13:00:00,56,1836.970932575785,1796.7145234313182,-40.25640914446672,-2.191455968659206
117,2025-11-17 14:00:00,56,1836.2344739853825,1794.1459163724635,-42.08855761291875,-2.2921123750372305
118,2025-11-17 15:00:00,56,1842.0297270839344,1790.8539923596368,-51.1757347242974,-2.7782252355564467
119,2025-11-17 16:00:00,56,1841.3991194865976,1788.214458744282,-53.1846607423156,-2.888274474528046
120,2025-11-17 17:00:00,56,1841.882680097612,1790.2555527486677,-51.62712734894444,-2.802954167863092
121,2025-11-17 18:00:00,56,1842.085580847142,1791.0788566760675,-51.00672417107444,-2.768966040525509
122,2025-11-17 19:00:00,56,1835.9240437118683,1793.020324556629,-42.90371915523929,-2.3369005543658883
123,2025-11-17 20:00:00,56,1836.4718655826805,1794.9885626104683,-41.48330297221196,-2.258858616331159
124,2025-11-17 21:00:00,56,1837.6590422038191,1798.4369409501571,-39.222101253662,-2.1343513868940978
125,2025-11-17 22:00:00,56,1838.4573343954,1799.954721735141,-38.50261266025882,-2.094289159716665
126,2025-11-17 23:00:00,56,1839.959774034354,1802.65810417007,-37.301669864283895,-2.0273089874402563
127,2025-11-18 00:00:00,56,1840.3044013489068,1803.2533706594768,-37.05103068943026,-2.0133098992901712
128,2025-11-18 01:00:00,56,1840.411971628786,1803.437424371998,-36.9745472567879,-2.009036445468511
129,2025-11-18 02:00:00,56,1840.5575367078527,1803.6851898506125,-36.872346857240245,-2.003324868789087
130,2025-11-18 03:00:00,56,1840.8581486937403,1804.1922220162205,-36.66592667751979,-1.99178446767002
131,2025-11-18 04:00:00,56,1839.976775628038,1802.687674235685,-37.2891013923529,-2.026607177127279
132,2025-11-18 05:00:00,56,1837.5334332478835,1798.192258174087,-39.34117507379642,-2.1409773755386845
133,2025-11-18 06:00:00,56,1841.6559513187697,1789.3133315226582,-52.34261979611142,-2.8421497380458067
134,2025-11-18 07:00:00,56,1841.333013742176,1787.925687862357,-53.40732587981847,-2.900470772056477
135,2025-11-18 08:00:00,56,1841.374355299976,1788.1065792627596,-53.26777603721621,-2.892827082331036
136,2025-11-18 09:00:00,56,1835.867302552321,1792.8114708442986,-43.05583170802242,-2.345258377234776
137,2025-11-18 10:00:00,56,1836.2556971601089,1794.2218647865463,-42.03383237356229,-2.289105620669845
138,2025-11-18 11:00:00,56,1836.783755839624,1796.0740045049806,-40.709751334643215,-2.2163605925420504
139,2025-11-18 12:00:00,56,1836.680376038161,1795.7168138490322,-40.96356218912888,-2.2303043427452494
140,2025-11-18 13:00:00,56,1836.1626695021816,1793.8880327484003,-42.27463675378135,-2.30233614134214
141,2025-11-18 14:00:00,56,1841.9309265086235,1790.4529537321623,-51.477972776461,-2.794783020123204
142,2025-11-18 15:00:00,56,1840.9092567565956,1786.0086488585953,-54.90060789800009,-2.982254975170622
143,2025-11-18 16:00:00,56,1840.0141843525405,1781.4522305419623,-58.56195381057796,-3.182690346008642
144,2025-11-18 17:00:00,56,1840.3380469293304,1783.2000058652234,-57.13804106410703,-3.1047579089854653
145,2025-11-18 18:00:00,56,1841.00761639503,1786.464551757082,-54.54306463794797,-2.962674578432842
146,2025-11-18 19:00:00,56,1841.5115485744896,1788.699871161614,-52.81167741287573,-2.8678439434038374
147,2025-11-18 20:00:00,56,1835.8456428183435,1792.731479245332,-43.11416357301141,-2.3484634310989048
148,2025-11-18 21:00:00,56,1837.332072612054,1797.796447118258,-39.535625493795806,-2.1517953168688635
149,2025-11-18 22:00:00,56,1838.142996905612,1799.36448669036,-38.77851021525203,-2.109656880913672
150,2025-11-18 23:00:00,56,1839.292318841961,1801.4798423423813,-37.81247649957959,-2.055816582944616
151,2025-11-19 00:00:00,56,1839.5436112887207,1801.9275029269315,-37.61610836178943,-2.044860917183523
152,2025-11-19 01:00:00,56,1839.572007375752,1801.9777757605589,-37.59423161519271,-2.043640121966354
153,2025-11-19 02:00:00,56,1839.4383041215867,1801.74051450486,-37.69778961672682,-2.049418538923445
154,2025-11-19 03:00:00,56,1839.56109207581,1801.958458588423,-37.60263348738704,-2.044108980634898
155,2025-11-19 04:00:00,56,1838.804809529085,1800.5966802103485,-38.20812931873684,-2.0778784741444025
156,2025-11-19 05:00:00,56,1836.3429911814087,1794.5329642364386,-41.81002694497056,-2.2768092423775435
157,2025-11-19 06:00:00,56,1840.4966968984425,1784.0109578908623,-56.48573900757992,-3.069048648811391
158,2025-11-19 07:00:00,56,1840.271345886534,1782.8508001102716,-57.42054577626232,-3.120221694730594
159,2025-11-19 08:00:00,56,1840.306172749585,1783.0337728466884,-57.272399902896495,-3.1121125794696605
160,2025-11-19 09:00:00,56,1840.7877666671031,1785.4353837620258,-55.35238290507732,-3.0069942829583955
161,2025-11-19 10:00:00,56,1841.00761639503,1786.464551757082,-54.54306463794797,-2.962674578432842
162,2025-11-19 11:00:00,56,1841.0412311693217,1786.6187570972188,-54.42247407210289,-2.956070355770192
163,2025-11-19 12:00:00,56,1841.3164533154336,1787.8529436408037,-53.463509674629904,-2.903548142328533
164,2025-11-19 13:00:00,56,1841.4156119901504,1788.2861090834967,-53.12950290665344,-2.8852532019771773
165,2025-11-19 14:00:00,56,1840.98798221838,1786.3741099541912,-54.61387226418856,-2.96655235078608
166,2025-11-19 15:00:00,56,1840.4333807774765,1783.6904920770146,-56.74288870046189,-3.083126468641386
167,2025-11-19 16:00:00,56,1839.8607540993405,1780.5722248335894,-59.28852926575087,-3.22244654295994
