hour_index,timestamp,bus,SCL_intact_MVA,SCL_contingency_MVA,rank_intact,rank_contingency,rank_shift,rank_changed
0,2025-11-12 17:00:00,1,3250.982749740668,3105.968620932701,6,5,-1,True
1,2025-11-12 18:00:00,1,3250.633185513449,3106.762782351345,6,5,-1,True
2,2025-11-12 19:00:00,1,3250.2837892674806,3107.500015502771,6,5,-1,True
3,2025-11-12 20:00:00,1,3249.6214509477268,3108.4663879011664,6,5,-1,True
4,2025-11-12 21:00:00,1,3210.4993783409413,3071.9329632938566,6,5,-1,True
5,2025-11-12 22:00:00,1,3121.85914128675,3027.633953680905,6,5,-1,True
6,2025-11-12 23:00:00,1,3121.563215114956,3027.619668139765,6,5,-1,True
7,2025-11-13 00:00:00,1,3120.242380049955,3027.576301477145,6,5,-1,True
8,2025-11-13 01:00:00,1,3080.8607167177856,2990.194330751614,6,5,-1,True
9,2025-11-13 02:00:00,1,3080.0765265561604,2990.1067863248995,6,5,-1,True
10,2025-11-13 03:00:00,1,3080.6263235870906,2990.1678494835382,6,5,-1,True
11,2025-11-13 04:00:00,1,3120.3860444365496,3027.580058187409,6,5,-1,True
12,2025-11-13 05:00:00,1,3210.820517743972,3072.26700284208,6,5,-1,True
13,2025-11-13 06:00:00,1,3249.9288852524523,3108.1915895124057,6,5,-1,True
14,2025-11-13 07:00:00,1,3249.965384334286,3108.123099707312,6,5,-1,True
15,2025-11-13 08:00:00,1,3250.165509180102,3107.7368655259825,6,5,-1,True
16,2025-11-13 09:00:00,1,3250.5289693912146,3106.9885823659324,6,5,-1,True
17,2025-11-13 10:00:00,1,3250.8392921966056,3106.3013938504946,6,5,-1,True
18,2025-11-13 11:00:00,1,3250.940294834888,3106.068095634489,6,5,-1,True
19,2025-11-13 12:00:00,1,3250.9799197688862,3105.97527771276,6,5,-1,True
20,2025-11-13 13:00:00,1,3250.9723729398816,3105.993011555792,6,5,-1,True
21,2025-11-13 14:00:00,1,3251.030852431097,3105.854904814108,6,5,-1,True
22,2025-11-13 15:00:00,1,3251.24109356597,3105.345354191792,6,5,-1,True
23,2025-11-13 16:00:00,1,3251.0478270901217,3105.81452076993,6,5,-1,True
24,2025-11-13 17:00:00,1,3251.1110006734684,3105.6630563569,6,5,-1,True
25,2025-11-13 18:00:00,1,3251.168507557104,3105.5235779043733,6,5,-1,True
26,2025-11-13 19:00:00,1,3250.920478331235,3106.114241191871,6,5,-1,True
27,2025-11-13 20:00:00,1,3250.520435017765,3107.0068506447465,6,5,-1,True
28,2025-11-13 21:00:00,1,3250.170284731616,3107.727426584604,6,5,-1,True
29,2025-11-13 22:00:00,1,3249.694279478218,3108.4096262832413,6,5,-1,True
30,2025-11-13 23:00:00,1,3249.4927345591536,3108.560168330544,6,5,-1,True
31,2025-11-14 00:00:00,1,3249.486010094181,3108.5648456562585,6,5,-1,True
32,2025-11-14 01:00:00,1,3211.4871887529,3072.6803897172863,6,5,-1,True
33,2025-11-14 02:00:00,1,3211.4069335951094,3072.7351390878707,6,5,-1,True
34,2025-11-14 03:00:00,1,3211.527355677635,3072.6527683316613,6,5,-1,True
35,2025-11-14 04:00:00,1,3249.9202353642013,3108.2077330608204,6,5,-1,True
36,2025-11-14 05:00:00,1,3250.923309436404,3106.1076597022416,6,5,-1,True
37,2025-11-14 06:00:00,1,3251.737629327927,3104.0620211163173,6,5,-1,True
38,2025-11-14 07:00:00,1,3251.862690300084,3103.7214913940143,6,5,-1,True
39,2025-11-14 08:00:00,1,3251.814338611924,3103.85395693786,6,5,-1,True
40,2025-11-14 09:00:00,1,3251.5948602752387,3104.442360500342,6,5,-1,True
41,2025-11-14 10:00:00,1,3251.298599435782,3105.202441830857,6,5,-1,True
42,2025-11-14 11:00:00,1,3251.176049059065,3105.505173635206,6,5,-1,True
43,2025-11-14 12:00:00,1,3251.000671811108,3105.926377794008,6,5,-1,True
44,2025-11-14 13:00:00,1,3251.176049059065,3105.505173635206,6,5,-1,True
45,2025-11-14 14:00:00,1,3251.306141674376,3105.183585789972,6,5,-1,True
46,2025-11-14 15:00:00,1,3251.5145985775757,3104.6521919120823,6,5,-1,True
47,2025-11-14 16:00:00,1,3251.638324812311,3104.3275274804137,6,5,-1,True
48,2025-11-14 17:00:00,1,3251.4768486306843,3104.7498824028776,6,5,-1,True
49,2025-11-14 18:00:00,1,3251.24486429967,3105.3360296493584,6,5,-1,True
50,2025-11-14 19:00:00,1,3250.8591219919404,3106.255963755425,6,5,-1,True
51,2025-11-14 20:00:00,1,3250.693747741126,3106.629252821421,6,5,-1,True
52,2025-11-14 21:00:00,1,3250.4559129018908,3107.1438740514595,6,5,-1,True
53,2025-11-14 22:00:00,1,3250.245668624074,3107.577049357482,6,5,-1,True
54,2025-11-14 23:00:00,1,3249.7520315665697,3108.362632269544,6,5,-1,True
55,2025-11-15 00:00:00,1,3249.567445997668,3108.5067312674446,6,5,-1,True
56,2025-11-15 01:00:00,1,3249.514193343693,3108.545097381265,6,5,-1,True
57,2025-11-15 02:00:00,1,3211.4949111045057,3072.6750906789025,6,5,-1,True
58,2025-11-15 03:00:00,1,3249.6709870404834,3108.428079445569,6,5,-1,True
59,2025-11-15 04:00:00,1,3249.869250721664,3108.261629731903,6,5,-1,True
60,2025-11-15 05:00:00,1,3250.165509180102,3107.7368655259825,6,5,-1,True
61,2025-11-15 06:00:00,1,3250.6085674742244,3106.816574903244,6,5,-1,True
62,2025-11-15 07:00:00,1,3250.8553451668336,3106.2646305301955,6,5,-1,True
63,2025-11-15 08:00:00,1,3250.8081234825845,3106.3724327161967,6,5,-1,True
64,2025-11-15 09:00:00,1,3250.7013145984074,3106.6124496306325,6,5,-1,True
65,2025-11-15 10:00:00,1,3250.4635075239457,3107.127845491481,6,5,-1,True
66,2025-11-15 11:00:00,1,3250.390365191105,3107.281107322204,6,5,-1,True
67,2025-11-15 12:00:00,1,3250.406522123016,3107.247464530663,6,5,-1,True
68,2025-11-15 13:00:00,1,3250.3694487122943,3107.324482068078,6,5,-1,True
69,2025-11-15 14:00:00,1,3250.803400101256,3106.3831587871514,6,5,-1,True
70,2025-11-15 15:00:00,1,3251.3051988865486,3105.1859442366253,6,5,-1,True
71,2025-11-15 16:00:00,1,3251.3872327524714,3104.9792140212835,6,5,-1,True
72,2025-11-15 17:00:00,1,3251.2146986854505,3105.4104427330167,6,5,-1,True
73,2025-11-15 18:00:00,1,3250.860066178095,3106.25379607412,6,5,-1,True
74,2025-11-15 19:00:00,1,3250.507156907866,3107.0352061643785,6,5,-1,True
75,2025-11-15 20:00:00,1,3250.0890257017145,3107.8866208443587,6,5,-1,True
76,2025-11-15 21:00:00,1,3249.655397468712,3108.440271974568,6,5,-1,True
77,2025-11-15 22:00:00,1,3211.1063152373704,3072.5615218457933,6,5,-1,True
78,2025-11-15 23:00:00,1,3210.855803722605,3072.303505484824,6,5,-1,True
79,2025-11-16 00:00:00,1,3210.5064371414023,3071.940341220424,6,5,-1,True
80,2025-11-16 01:00:00,1,3210.601727258668,3072.0397823715903,6,5,-1,True
81,2025-11-16 02:00:00,1,3210.693481942942,3072.1352585946383,6,5,-1,True
82,2025-11-16 03:00:00,1,3210.1640370378227,3071.5806007784345,6,5,-1,True
83,2025-11-16 04:00:00,1,3209.931000031233,3071.3335703118278,6,5,-1,True
84,2025-11-16 05:00:00,1,3210.584081447654,3072.0213899008318,6,5,-1,True
85,2025-11-16 06:00:00,1,3211.5026344329717,3072.669785560347,6,5,-1,True
86,2025-11-16 07:00:00,1,3250.021982918958,3108.0157062361964,6,5,-1,True
87,2025-11-16 08:00:00,1,3250.217057073145,3107.634430102244,6,5,-1,True
88,2025-11-16 09:00:00,1,3250.290457151766,3107.486472635723,6,5,-1,True
89,2025-11-16 10:00:00,1,3250.402720941616,3107.255390368034,6,5,-1,True
90,2025-11-16 11:00:00,1,3250.423624056503,3107.211722907975,6,5,-1,True
91,2025-11-16 12:00:00,1,3250.4995680781567,3107.051375564706,6,5,-1,True
92,2025-11-16 13:00:00,1,3250.717391768164,3106.5766600155143,6,5,-1,True
93,2025-11-16 14:00:00,1,3250.957278208562,3106.0284026299546,6,5,-1,True
94,2025-11-16 15:00:00,1,3251.400436305928,3104.945654113953,6,5,-1,True
95,2025-11-16 16:00:00,1,3251.62320418174,3104.3675715304503,6,5,-1,True
96,2025-11-16 17:00:00,1,3251.6128103385363,3104.3950385810936,6,5,-1,True
97,2025-11-16 18:00:00,1,3251.5891925842325,3104.457272416774,6,5,-1,True
98,2025-11-16 19:00:00,1,3251.263718200704,3105.2893086076297,6,5,-1,True
99,2025-11-16 20:00:00,1,3251.036510796136,3105.8414579214277,6,5,-1,True
100,2025-11-16 21:00:00,1,3250.757098371596,3106.4877547686315,6,5,-1,True
101,2025-11-16 22:00:00,1,3250.597202302401,3106.841314035244,6,5,-1,True
102,2025-11-16 23:00:00,1,3250.391315737784,3107.279131375533,6,5,-1,True
103,2025-11-17 00:00:00,1,3250.170284731616,3107.727426584604,6,5,-1,True
104,2025-11-17 01:00:00,1,3250.154045655231,3107.7594808924364,6,5,-1,True
105,2025-11-17 02:00:00,1,3250.1138984747336,3107.838211757184,6,5,-1,True
106,2025-11-17 03:00:00,1,3250.1855629018414,3107.6971591822125,6,5,-1,True
107,2025-11-17 04:00:00,1,3250.6341321868254,3106.760708179356,6,5,-1,True
108,2025-11-17 05:00:00,1,3251.6364345805227,3104.3325389531783,6,5,-1,True
109,2025-11-17 06:00:00,1,3252.31477098465,3102.1169706190835,6,5,-1,True
110,2025-11-17 07:00:00,1,3252.4659297703565,3101.406213010952,6,5,-1,True
111,2025-11-17 08:00:00,1,3252.492014162395,3101.281866237999,6,5,-1,True
112,2025-11-17 09:00:00,1,3252.277349214698,3102.2903719305705,6,5,-1,True
113,2025-11-17 10:00:00,1,3252.138611354276,3102.924518914703,6,5,-1,True
114,2025-11-17 11:00:00,1,3252.008033957953,3103.317245017929,6,5,-1,True
115,2025-11-17 12:00:00,1,3252.056590821298,3103.180191241307,6,5,-1,True
116,2025-11-17 13:00:00,1,3252.224653830912,3102.5328456554694,6,5,-1,True
117,2025-11-17 14:00:00,1,3252.496847643307,3101.258769105116,6,5,-1,True
118,2025-11-17 15:00:00,1,3257.6400319920053,3099.7028394793124,6,5,-1,True
119,2025-11-17 16:00:00,1,3257.8358068278,3098.5236546423303,6,5,-1,True
120,2025-11-17 17:00:00,1,3257.68610333484,3099.42993785313,6,5,-1,True
121,2025-11-17 18:00:00,1,3257.622462005031,3099.806199654416,6,5,-1,True
122,2025-11-17 19:00:00,1,3252.6092631595984,3100.716638730243,6,5,-1,True
123,2025-11-17 20:00:00,1,3252.4099876669907,3101.671200873785,6,5,-1,True
124,2025-11-17 21:00:00,1,3251.9623855896853,3103.4451798625128,6,5,-1,True
125,2025-11-17 22:00:00,1,3251.646831407012,3104.304954739093,6,5,-1,True
126,2025-11-17 23:00:00,1,3251.011990093526,3105.899623504993,6,5,-1,True
127,2025-11-18 00:00:00,1,3250.857233595529,3106.2602979328326,6,5,-1,True
128,2025-11-18 01:00:00,1,3250.8081234825845,3106.3724327161967,6,5,-1,True
129,2025-11-18 02:00:00,1,3250.7410289017266,3106.523823303463,6,5,-1,True
130,2025-11-18 03:00:00,1,3250.600043775971,3106.835134469819,6,5,-1,True
131,2025-11-18 04:00:00,1,3251.004444648433,3105.9174661029338,6,5,-1,True
132,2025-11-18 05:00:00,1,3252.0108886256594,3103.3092151217106,6,5,-1,True
133,2025-11-18 06:00:00,1,3257.7566296955097,3099.00679043284,6,5,-1,True
134,2025-11-18 07:00:00,1,3257.856068599493,3098.398588539729,6,5,-1,True
135,2025-11-18 08:00:00,1,3257.843402704153,3098.476838753971,6,5,-1,True
136,2025-11-18 09:00:00,1,3252.629673828461,3100.61717861496,6,5,-1,True
137,2025-11-18 10:00:00,1,3252.4891145329016,3101.295713987521,6,5,-1,True
138,2025-11-18 11:00:00,1,3252.294614881996,3102.210493028421,6,5,-1,True
139,2025-11-18 12:00:00,1,3252.3330196000684,3102.0320462787354,6,5,-1,True
140,2025-11-18 13:00:00,1,3252.522965143537,3101.1336635030384,6,5,-1,True
141,2025-11-18 14:00:00,1,3257.6710165181544,3099.51960534735,6,5,-1,True
142,2025-11-18 15:00:00,1,3257.984872660518,3097.5890239390706,6,5,-1,True
143,2025-11-18 16:00:00,1,3258.251421275563,3095.8196628087426,6,5,-1,True
144,2025-11-18 17:00:00,1,3258.1557733844684,3096.4713406010505,6,5,-1,True
145,2025-11-18 18:00:00,1,3257.95513701797,3097.778231795528,6,5,-1,True
146,2025-11-18 19:00:00,1,3257.801237371563,3098.735675411952,6,5,-1,True
147,2025-11-18 20:00:00,1,3252.6374543302504,3100.5791804035016,6,5,-1,True
148,2025-11-18 21:00:00,1,3252.088042242945,3103.0908897209265,6,5,-1,True
149,2025-11-18 22:00:00,1,3251.7726572046045,3103.967331853125,6,5,-1,True
150,2025-11-18 23:00:00,1,3251.3014277583407,3105.195373904159,6,5,-1,True
151,2025-11-19 00:00:00,1,3251.193959937833,3105.4613591211632,6,5,-1,True
152,2025-11-19 01:00:00,1,3251.181705150585,3105.4913533494314,6,5,-1,True
153,2025-11-19 02:00:00,1,3251.2392082037286,3105.3500140067376,6,5,-1,True
154,2025-11-19 03:00:00,1,3251.186418541224,3105.479825252321,6,5,-1,True
155,2025-11-19 04:00:00,1,3251.5051599946537,3104.6766775583046,6,5,-1,True
156,2025-11-19 05:00:00,1,3252.457241047528,3101.447521132207,6,5,-1,True
157,2025-11-19 06:00:00,1,3258.108599914457,3096.785367974252,6,5,-1,True
158,2025-11-19 07:00:00,1,3258.175542583841,3096.338359601876,6,5,-1,True
159,2025-11-19 08:00:00,1,3258.1652250633274,3096.407867346511,6,5,-1,True
160,2025-11-19 09:00:00,1,3258.0214718770244,3097.3541242409824,6,5,-1,True
161,2025-11-19 10:00:00,1,3257.95513701797,3097.778231795528,6,5,-1,True
162,2025-11-19 11:00:00,1,3257.944952873961,3097.842704882756,6,5,-1,True
163,2025-11-19 12:00:00,1,3257.861137114929,3098.3672094857666,6,5,-1,True
164,2025-11-19 13:00:00,1,3257.830744420064,3098.554809764293,6,5,-1,True
165,2025-11-19 14:00:00,1,3257.961080324398,3097.74052949684,6,5,-1,True
166,2025-11-19 15:00:00,1,3258.1274525258577,3096.6604102407578,6,5,-1,True
167,2025-11-19 16:00:00,1,3258.296445574038,3095.504997131735,6,5,-1,True
0,2025-11-12 17:00:00,3,2033.037027789054,1980.1737011144835,20,20,0,False
1,2025-11-12 18:00:00,3,2036.5276127831876,1987.3429748977735,20,20,0,False
2,2025-11-12 19:00:00,3,2039.8733899307229,1994.01936148038,20,20,0,False
3,2025-11-12 20:00:00,3,2045.3347339248676,2004.257574475459,20,20,0,False
4,2025-11-12 21:00:00,3,1984.5161289315145,1945.839155392436,19,19,0,False
5,2025-11-12 22:00:00,3,1931.8280442165983,1909.4016800012744,18,14,-4,True
6,2025-11-12 23:00:00,3,1932.9983330683483,1911.212786990321,18,15,-3,True
7,2025-11-13 00:00:00,3,1938.1784661981824,1919.185510639904,18,16,-2,True
8,2025-11-13 01:00:00,3,1887.1127703526995,1869.2806751216183,16,15,-1,True
9,2025-11-13 02:00:00,3,1887.1779574027137,1871.3294061486308,16,15,-1,True
10,2025-11-13 03:00:00,3,1887.132632544762,1869.8962091054611,16,15,-1,True
11,2025-11-13 04:00:00,3,1937.625576161993,1918.3353943972636,18,16,-2,True
12,2025-11-13 05:00:00,3,1984.280065982236,1945.7961469606496,19,19,0,False
13,2025-11-13 06:00:00,3,2043.1248368219535,2000.341387224897,20,20,0,False
14,2025-11-13 07:00:00,3,2042.797266120799,1999.7114785929537,20,20,0,False
15,2025-11-13 08:00:00,3,2040.9734519534104,1996.175888308985,20,20,0,False
16,2025-11-13 09:00:00,3,2037.540611997113,1989.3836541776063,20,20,0,False
17,2025-11-13 10:00:00,3,2034.486738836644,1983.1779813143007,20,20,0,False
18,2025-11-13 11:00:00,3,2033.468537475597,1981.0720374335967,20,20,0,False
19,2025-11-13 12:00:00,3,2033.065856171476,1980.2338275808868,20,20,0,False
20,2025-11-13 13:00:00,3,2033.1426891434585,1980.3939983532016,20,20,0,False
21,2025-11-13 14:00:00,3,2032.5456049344252,1979.1463017432536,20,20,0,False
22,2025-11-13 15:00:00,3,2030.3667343550803,1974.5333467398343,20,20,0,False
23,2025-11-13 16:00:00,3,2032.3715552135368,1978.7813017528972,20,20,0,False
24,2025-11-13 17:00:00,3,2031.7209066049943,1977.411551991736,20,20,0,False
25,2025-11-13 18:00:00,3,2031.124665850944,1976.1489102151031,20,20,0,False
26,2025-11-13 19:00:00,3,2033.6692387079013,1981.4886696411445,20,20,0,False
27,2025-11-13 20:00:00,3,2037.623001938206,1989.5488757367552,20,20,0,False
28,2025-11-13 21:00:00,3,2040.9293559832647,1996.0897967893025,20,20,0,False
29,2025-11-13 22:00:00,3,2044.844719905996,2003.3914432542729,20,20,0,False
30,2025-11-13 23:00:00,3,2046.1609154082496,2005.723215930905,20,20,0,False
31,2025-11-14 00:00:00,3,2046.2027247261544,2005.797582414683,20,20,0,False
32,2025-11-14 01:00:00,3,1983.1222264755045,1944.1952118666,19,19,0,False
33,2025-11-14 02:00:00,3,1983.51233132299,1944.954021336932,19,19,0,False
34,2025-11-14 03:00:00,3,1982.926423464064,1943.813478085692,19,19,0,False
35,2025-11-14 04:00:00,3,2043.2022393990087,2000.4900069417777,20,20,0,False
36,2025-11-14 05:00:00,3,2033.6405931349764,1981.429250956448,20,20,0,False
37,2025-11-14 06:00:00,3,2025.0261342132817,1962.785234057306,20,20,0,False
38,2025-11-14 07:00:00,3,2023.639706869698,1959.619611951474,20,20,0,False
39,2025-11-14 08:00:00,3,2024.1776333383905,1960.8540512864347,20,20,0,False
40,2025-11-14 09:00:00,3,2026.588990171846,1966.2933640464728,20,20,0,False
41,2025-11-14 10:00:00,3,2029.7620592821345,1973.2358073052428,20,20,0,False
42,2025-11-14 11:00:00,3,2031.0461958737317,1975.9821988064025,20,20,0,False
43,2025-11-14 12:00:00,3,2032.854244877275,1979.79210652597,20,20,0,False
44,2025-11-14 13:00:00,3,2031.0461958737317,1975.9821988064025,20,20,0,False
45,2025-11-14 14:00:00,3,2029.6824780512327,1973.0644561625636,20,20,0,False
46,2025-11-14 15:00:00,3,2027.458073379205,1968.218040711305,20,20,0,False
47,2025-11-14 16:00:00,3,2026.1154734218744,1965.236970119115,20,20,0,False
48,2025-11-14 17:00:00,3,2027.8644284889551,1969.1117999251533,20,20,0,False
49,2025-11-14 18:00:00,3,2030.327198673216,1974.4487461519864,20,20,0,False
50,2025-11-14 19:00:00,3,2034.287769849008,1982.7679560107736,20,20,0,False
51,2025-11-14 20:00:00,3,2035.933079284138,1986.137186213128,20,20,0,False
52,2025-11-14 21:00:00,3,2038.243117451399,1990.788860971043,20,20,0,False
53,2025-11-14 22:00:00,3,2040.2297291462528,1994.7199383136197,20,20,0,False
54,2025-11-14 23:00:00,3,2044.4440489211747,2002.6847514876724,20,20,0,False
55,2025-11-15 00:00:00,3,2045.6874424740745,2004.882406962391,20,20,0,False
56,2025-11-15 01:00:00,3,2046.0266130888972,2005.4844669287145,20,20,0,False
57,2025-11-15 02:00:00,3,1983.08461099546,1944.1219226756816,19,19,0,False
58,2025-11-15 03:00:00,3,2045.0032646820528,2003.671447389894,20,20,0,False
59,2025-11-15 04:00:00,3,2043.596503387784,2001.193788886825,20,20,0,False
60,2025-11-15 05:00:00,3,2040.9734519534104,1996.175888308985,20,20,0,False
61,2025-11-15 06:00:00,3,2036.7680556775483,1987.8289072260104,20,20,0,False
62,2025-11-15 07:00:00,3,2034.3257011458063,1982.846178668511,20,20,0,False
63,2025-11-15 08:00:00,3,2034.7985560110783,1983.8191125227888,20,20,0,False
64,2025-11-15 09:00:00,3,2035.8584941081008,1985.9854874681516,20,20,0,False
65,2025-11-15 10:00:00,3,2038.1703808339955,1990.643740844112,20,20,0,False
66,2025-11-15 11:00:00,3,2038.8680693647195,1992.0322222377797,20,20,0,False
67,2025-11-15 12:00:00,3,2038.71449430584,1991.7272593796315,20,20,0,False
68,2025-11-15 13:00:00,3,2039.066428080396,1992.4255601340035,20,20,0,False
69,2025-11-15 14:00:00,3,2034.845710806896,1983.9159153518624,20,20,0,False
70,2025-11-15 15:00:00,3,2029.69242926139,1973.085890183721,20,20,0,False
71,2025-11-15 16:00:00,3,2028.822856579868,1971.20474918577,20,20,0,False
72,2025-11-15 17:00:00,3,2030.64303343904,1975.1236715025432,20,20,0,False
73,2025-11-15 18:00:00,3,2034.278284637142,1982.7483913085011,20,20,0,False
74,2025-11-15 19:00:00,3,2037.7510170002488,1989.8053703176615,20,20,0,False
75,2025-11-15 20:00:00,3,2041.6760238335976,1997.5436542924535,20,20,0,False
76,2025-11-15 21:00:00,3,2045.108413780044,2003.8572712159696,20,20,0,False
77,2025-11-15 22:00:00,3,1984.0646323110648,1945.7438245355645,19,19,0,False
78,2025-11-15 23:00:00,3,1984.253740201359,1945.7904018763911,19,19,0,False
79,2025-11-16 00:00:00,3,1984.5110084854248,1945.8383899921885,19,19,0,False
80,2025-11-16 01:00:00,3,1984.4415846136556,1945.8272652162425,19,19,0,False
81,2025-11-16 02:00:00,3,1984.3742075374128,1945.815160087294,19,19,0,False
82,2025-11-16 03:00:00,3,1984.755848783088,1945.8661727879933,19,19,0,False
83,2025-11-16 04:00:00,3,1984.9183593585053,1945.8741416427752,19,19,0,False
84,2025-11-16 05:00:00,3,1984.45448273918,1945.829436562921,19,19,0,False
85,2025-11-16 06:00:00,3,1983.04697698126,1944.0485758696168,19,19,0,False
86,2025-11-16 07:00:00,3,2042.2862250607889,1998.72568856366,20,20,0,False
87,2025-11-16 08:00:00,3,2040.4960563053617,1995.242278076824,20,20,0,False
88,2025-11-16 09:00:00,3,2039.810884861358,1993.896272351226,20,20,0,False
89,2025-11-16 10:00:00,3,2038.7506530086264,1991.799095624349,20,20,0,False
90,2025-11-16 11:00:00,3,2038.5516017344028,1991.4033827572732,20,20,0,False
91,2025-11-16 12:00:00,3,2037.8240881795807,1989.9516571266267,20,20,0,False
92,2025-11-16 13:00:00,3,2035.6998017750725,1985.6624010190217,20,20,0,False
93,2025-11-16 14:00:00,3,2033.2961689135548,1980.7136158521316,20,20,0,False
94,2025-11-16 15:00:00,3,2028.6822006184848,1970.898897669652,20,20,0,False
95,2025-11-16 16:00:00,3,2026.280430326711,1965.605611559345,20,20,0,False
96,2025-11-16 17:00:00,3,2026.393680011676,1965.858307825186,20,20,0,False
97,2025-11-16 18:00:00,3,2026.6505874808715,1966.430378823496,20,20,0,False
98,2025-11-16 19:00:00,3,2030.1292782609744,1974.0247294089463,20,20,0,False
99,2025-11-16 20:00:00,3,2032.4876235990864,1979.0247745167976,20,20,0,False
100,2025-11-16 21:00:00,3,2035.3065758125056,1984.8599190345149,20,20,0,False
101,2025-11-16 22:00:00,3,2036.878818509458,1988.052428344876,20,20,0,False
102,2025-11-16 23:00:00,3,2038.859042732695,1992.01430791713,20,20,0,False
103,2025-11-17 00:00:00,3,2040.9293559832647,1996.0897967893025,20,20,0,False
104,2025-11-17 01:00:00,3,2041.0791931400563,1996.3822151442864,20,20,0,False
105,2025-11-17 02:00:00,3,2041.4482984930032,1997.1011217129544,20,20,0,False
106,2025-11-17 03:00:00,3,2040.7881018702303,1995.8138201387965,20,20,0,False
107,2025-11-17 04:00:00,3,2036.5183524773263,1987.3242402798664,20,20,0,False
108,2025-11-17 05:00:00,3,2026.136107965896,1965.2831207816216,20,20,0,False
109,2025-11-17 06:00:00,3,2018.4997576127128,1945.5058909231848,20,20,0,False
110,2025-11-17 07:00:00,3,2016.7394137370352,1939.5054170535825,20,19,-1,True
111,2025-11-17 08:00:00,3,2016.4336763255155,1938.4422195250352,20,19,-1,True
112,2025-11-17 09:00:00,3,2018.9324741610933,1946.95119428376,20,20,0,False
113,2025-11-17 10:00:00,3,2020.525636489524,1952.180166093642,20,20,0,False
114,2025-11-17 11:00:00,3,2022.0086012439915,1955.8261690744985,20,20,0,False
115,2025-11-17 12:00:00,3,2021.459050491312,1954.5302539833772,20,20,0,False
116,2025-11-17 13:00:00,3,2019.5396675688155,1948.9607968938867,20,20,0,False
117,2025-11-17 14:00:00,3,2016.37696058532,1938.2442690621328,20,19,-1,True
118,2025-11-17 15:00:00,3,2038.3462841585865,1924.5351236606389,20,18,-2,True
119,2025-11-17 16:00:00,3,2035.6994226329284,1913.551621248876,20,18,-2,True
120,2025-11-17 17:00:00,3,2037.7273707700929,1922.0446346645092,20,18,-2,True
121,2025-11-17 18:00:00,3,2038.5816505439248,1925.47101460784,20,18,-2,True
122,2025-11-17 19:00:00,3,2015.0525154828777,1933.554406974854,20,18,-2,True
123,2025-11-17 20:00:00,3,2017.3931871029151,1941.757435335973,20,19,-1,True
124,2025-11-17 21:00:00,3,2022.5231400465625,1957.0312245063203,20,20,0,False
125,2025-11-17 22:00:00,3,2026.0225651196856,1965.0290419599844,20,20,0,False
126,2025-11-17 23:00:00,3,2032.7386219730336,1979.5503901790223,20,20,0,False
127,2025-11-18 00:00:00,3,2034.306737407298,1982.8070745673767,20,20,0,False
128,2025-11-18 01:00:00,3,2034.7985560110783,1983.8191125227888,20,20,0,False
129,2025-11-18 02:00:00,3,2035.4659384391684,1985.18546868886,20,20,0,False
130,2025-11-18 03:00:00,3,2036.8511402658733,1987.9965926206853,20,20,0,False
131,2025-11-18 04:00:00,3,2032.81571950019,1979.7115955920176,20,20,0,False
132,2025-11-18 05:00:00,3,2021.9763563140157,1955.7503862469296,20,20,0,False
133,2025-11-18 06:00:00,3,2036.7751412847128,1918.1239242534568,20,18,-2,True
134,2025-11-18 07:00:00,3,2035.423037872048,1912.3500456518404,20,18,-2,True
135,2025-11-18 08:00:00,3,2035.595861433403,1913.1027379410395,20,18,-2,True
136,2025-11-18 09:00:00,3,2014.8109605243103,1932.684519993025,20,18,-2,True
137,2025-11-18 10:00:00,3,2016.4676910955056,1938.5608293779817,20,19,-1,True
138,2025-11-18 11:00:00,3,2018.7329825244456,1946.286264838803,20,20,0,False
139,2025-11-18 12:00:00,3,2018.288293473213,1944.7954833253875,20,20,0,False
140,2025-11-18 13:00:00,3,2016.070166318692,1937.1695011026225,20,19,-1,True
141,2025-11-18 14:00:00,3,2037.9303202153435,1922.8661129368384,20,18,-2,True
142,2025-11-18 15:00:00,3,2033.655983726721,1904.3718728720603,20,17,-3,True
143,2025-11-18 16:00:00,3,2029.948561914872,1885.384852386587,20,17,-3,True
144,2025-11-18 17:00:00,3,2031.286250189525,1892.6737801032004,20,17,-3,True
145,2025-11-18 18:00:00,3,2034.0654348092123,1906.2695166456524,20,17,-3,True
146,2025-11-18 19:00:00,3,2036.1699442369493,1915.571377973699,20,18,-2,True
147,2025-11-18 20:00:00,3,2014.7187945207156,1932.3513740815283,20,18,-2,True
148,2025-11-18 21:00:00,3,2021.1018818951595,1953.6829754178736,20,20,0,False
149,2025-11-18 22:00:00,3,2024.6394344752996,1961.9074943390544,20,20,0,False
150,2025-11-18 23:00:00,3,2029.7322239397956,1973.1715830268715,20,20,0,False
151,2025-11-19 00:00:00,3,2030.8595736066795,1975.5852073106892,20,20,0,False
152,2025-11-19 01:00:00,3,2030.98730148522,1975.856993301181,20,20,0,False
153,2025-11-19 02:00:00,3,2030.3864961529812,1974.5756217766952,20,20,0,False
154,2025-11-19 03:00:00,3,2030.9381953668023,1975.7525425154497,20,20,0,False
155,2025-11-19 04:00:00,3,2027.559818973093,1968.4421886557088,20,20,0,False
156,2025-11-19 05:00:00,3,2016.841128799468,1939.857691121163,20,19,-1,True
157,2025-11-19 06:00:00,3,2031.9430719380332,1896.0530297317464,20,17,-3,True
158,2025-11-19 07:00:00,3,2031.0104069779115,1891.218138968492,20,17,-3,True
159,2025-11-19 08:00:00,3,2031.154411761704,1891.9808880873843,20,17,-3,True
160,2025-11-19 09:00:00,3,2033.1508210982488,1901.985341463165,20,17,-3,True
161,2025-11-19 10:00:00,3,2034.0654348092123,1906.2695166456524,20,17,-3,True
162,2025-11-19 11:00:00,3,2034.2054628856151,1906.911326371146,20,17,-3,True
163,2025-11-19 12:00:00,3,2035.3538307729743,1912.0473521296483,20,18,-2,True
164,2025-11-19 13:00:00,3,2035.768408133095,1913.84975442618,20,18,-2,True
165,2025-11-19 14:00:00,3,2033.983668145628,1905.8930819820207,20,17,-3,True
166,2025-11-19 15:00:00,3,2031.6808161110732,1894.717826326876,20,17,-3,True
167,2025-11-19 16:00:00,3,2029.3162584490808,1881.7112378179384,20,17,-3,True
0,2025-11-12 17:00:00,5,1182.226886842859,1154.804554445558,31,31,0,False
1,2025-11-12 18:00:00,5,1185.8165353484371,1161.7611502475036,31,31,0,False
2,2025-11-12 19:00:00,5,1189.2844039884487,1168.274784798779,30,31,1,True
3,2025-11-12 20:00:00,5,1194.8979031155209,1178.3609851528413,30,31,1,True
4,2025-11-12 21:00:00,5,1148.7477588132294,1133.8560782931468,29,29,0,False
5,2025-11-12 22:00:00,5,1132.9340762114928,1121.31163460241,29,28,-1,True
6,2025-11-12 23:00:00,5,1134.2014540217835,1123.201509574041,29,28,-1,True
7,2025-11-13 00:00:00,5,1139.829213750966,1131.5305863890503,29,28,-1,True
8,2025-11-13 01:00:00,5,1116.5668148378943,1109.1147121212844,27,26,-1,True
9,2025-11-13 02:00:00,5,1117.075469852012,1111.3190905183037,27,26,-1,True
10,2025-11-13 03:00:00,5,1116.7190249132614,1109.77662064295,27,26,-1,True
11,2025-11-13 04:00:00,5,1139.2261488652678,1130.6411616865012,29,28,-1,True
12,2025-11-13 05:00:00,5,1148.3021179221555,1133.5560506548743,29,29,0,False
13,2025-11-13 06:00:00,5,1192.682096358898,1174.4796156790994,30,31,1,True
14,2025-11-13 07:00:00,5,1192.3384946685949,1173.8596083677671,30,31,1,True
15,2025-11-13 08:00:00,5,1190.4307883762483,1170.3870103829297,30,31,1,True
16,2025-11-13 09:00:00,5,1186.8635962307392,1163.7481964911228,31,31,0,False
17,2025-11-13 10:00:00,5,1183.7143767072323,1157.7153463943469,31,31,0,False
18,2025-11-13 11:00:00,5,1182.669153519441,1155.6743098271545,31,31,0,False
19,2025-11-13 12:00:00,5,1182.256421126369,1154.8627516915851,31,31,0,False
20,2025-11-13 13:00:00,5,1182.3351443526003,1155.0177945450368,31,31,0,False
21,2025-11-13 14:00:00,5,1181.7237097864363,1153.8104751788446,31,31,0,False
22,2025-11-13 15:00:00,5,1179.498944815357,1149.3550001137085,31,31,0,False
23,2025-11-13 16:00:00,5,1181.5456227310067,1153.4574721486986,31,31,0,False
24,2025-11-13 17:00:00,5,1180.880458054926,1152.1334720363457,31,31,0,False
25,2025-11-13 18:00:00,5,1180.2717056355043,1150.9139951837649,31,31,0,False
26,2025-11-13 19:00:00,5,1182.874998022386,1156.0778654801472,31,31,0,False
27,2025-11-13 20:00:00,5,1186.9488654103611,1163.9092200799569,31,31,0,False
28,2025-11-13 21:00:00,5,1190.3847745988144,1170.3026045176182,30,31,1,True
29,2025-11-13 22:00:00,5,1194.4092563957058,1177.5035208696418,30,31,1,True
30,2025-11-13 23:00:00,5,1195.720178706225,1179.8097816085167,30,30,0,False
31,2025-11-14 00:00:00,5,1195.7617339310814,1179.8832171241963,30,30,0,False
32,2025-11-14 01:00:00,5,1146.7440860796396,1131.5506853585252,29,29,0,False
33,2025-11-14 02:00:00,5,1147.1695391707258,1132.309802865925,29,29,0,False
34,2025-11-14 03:00:00,5,1146.5307488458031,1131.1690844602654,29,29,0,False
35,2025-11-14 04:00:00,5,1192.763330606528,1174.6259595957752,30,31,1,True
36,2025-11-14 05:00:00,5,1182.845612898955,1156.0203047304396,31,31,0,False
37,2025-11-14 06:00:00,5,1174.0863665551597,1138.057952950025,31,31,0,False
38,2025-11-14 07:00:00,5,1172.6900806342558,1135.024075735448,31,31,0,False
39,2025-11-14 08:00:00,5,1173.2313196062366,1136.2066945302213,31,31,0,False
40,2025-11-14 09:00:00,5,1175.6645817605663,1141.424728519759,31,31,0,False
41,2025-11-14 10:00:00,5,1178.8832898090725,1148.1039423028449,31,31,0,False
42,2025-11-14 11:00:00,5,1180.1916447716983,1150.7530524626138,31,31,0,False
43,2025-11-14 12:00:00,5,1182.0396705477583,1154.4352575539915,31,31,0,False
44,2025-11-14 13:00:00,5,1180.1916447716983,1150.7530524626138,31,31,0,False
45,2025-11-14 14:00:00,5,1178.8023191512264,1147.938797391119,31,31,0,False
46,2025-11-14 15:00:00,5,1176.5442057567102,1143.274116560964,31,31,0,False
47,2025-11-14 16:00:00,5,1175.1859280100043,1140.410356235403,31,31,0,False
48,2025-11-14 17:00:00,5,1176.9559896831802,1144.133493885205,31,31,0,False
49,2025-11-14 18:00:00,5,1179.4586682905792,1149.2734021222411,31,31,0,False
50,2025-11-14 19:00:00,5,1183.5099445632432,1157.317723283481,31,31,0,False
51,2025-11-14 20:00:00,5,1185.203149002181,1160.5885604821513,31,31,0,False
52,2025-11-14 21:00:00,5,1187.5911847169034,1165.118409301935,30,31,1,True
53,2025-11-14 22:00:00,5,1189.6554032030208,1168.9605004837083,30,31,1,True
54,2025-11-14 23:00:00,5,1194.0092122835376,1176.8032287004455,30,31,1,True
55,2025-11-15 00:00:00,5,1195.249198363313,1178.978980239728,30,31,1,True
56,2025-11-15 01:00:00,5,1195.5866547501114,1179.5739705154897,30,30,0,False
57,2025-11-15 02:00:00,5,1146.703091381578,1131.4774068412698,29,29,0,False
58,2025-11-15 03:00:00,5,1194.567432642982,1177.7808240359586,30,31,1,True
59,2025-11-15 04:00:00,5,1193.1616267122808,1175.3238856565324,30,31,1,True
60,2025-11-15 05:00:00,5,1190.4307883762483,1170.3870103829297,30,31,1,True
61,2025-11-15 06:00:00,5,1186.064840378364,1162.234016193241,31,31,0,False
62,2025-11-15 07:00:00,5,1183.5489104582384,1157.393571001489,31,31,0,False
63,2025-11-15 08:00:00,5,1184.034935952736,1158.337318268781,31,31,0,False
64,2025-11-15 09:00:00,5,1185.1262573532565,1160.4411156311237,31,31,0,False
65,2025-11-15 10:00:00,5,1187.515794746236,1164.976827973473,30,31,1,True
66,2025-11-15 11:00:00,5,1188.2394756920255,1166.3321754912142,30,31,1,True
67,2025-11-15 12:00:00,5,1188.0800750181254,1166.0343503296194,30,31,1,True
68,2025-11-15 13:00:00,5,1188.4454464731411,1166.7164250994051,30,31,1,True
69,2025-11-15 14:00:00,5,1184.08343203075,1158.4312532322826,31,31,0,False
70,2025-11-15 15:00:00,5,1178.812443397309,1147.9594542293637,31,31,0,False
71,2025-11-15 16:00:00,5,1177.9285050929052,1146.1474372492655,31,31,0,False
72,2025-11-15 17:00:00,5,1179.7805115228357,1149.924484121353,31,31,0,False
73,2025-11-15 18:00:00,5,1183.50020114348,1157.2987532449065,31,31,0,False
74,2025-11-15 19:00:00,5,1187.0813869701458,1164.1592413213357,31,31,0,False
75,2025-11-15 20:00:00,5,1191.1646135884246,1171.728947115903,30,31,1,True
76,2025-11-15 21:00:00,5,1194.6722986970433,1177.964802528394,30,31,1,True
77,2025-11-15 22:00:00,5,1147.9008049491256,1133.2763084339824,29,29,0,False
78,2025-11-15 23:00:00,5,1148.2528101203477,1133.5221605252518,29,29,0,False
79,2025-11-16 00:00:00,5,1148.7380236850945,1133.84964656465,29,29,0,False
80,2025-11-16 01:00:00,5,1148.6063393801544,1133.7620864693183,29,29,0,False
81,2025-11-16 02:00:00,5,1148.479074196433,1133.67654726596,29,29,0,False
82,2025-11-16 03:00:00,5,1149.207122077081,1134.1531687355375,29,29,0,False
83,2025-11-16 04:00:00,5,1149.5227435666404,1134.3498451134983,29,29,0,False
84,2025-11-16 05:00:00,5,1148.6307619121062,1133.7784158754173,29,29,0,False
85,2025-11-16 06:00:00,5,1146.6620816015889,1131.4040777913722,29,29,0,False
86,2025-11-16 07:00:00,5,1191.8030360992836,1172.8901321470146,30,31,1,True
87,2025-11-16 08:00:00,5,1189.9329022695874,1169.4720516924378,30,31,1,True
88,2025-11-16 09:00:00,5,1189.2193611846376,1168.1543525278214,30,31,1,True
89,2025-11-16 10:00:00,5,1188.1176000238434,1166.1044980886852,30,31,1,True
90,2025-11-16 11:00:00,5,1187.911067848018,1165.7181407460785,30,31,1,True
91,2025-11-16 12:00:00,5,1187.1570484102876,1164.301860101904,31,31,0,False
92,2025-11-16 13:00:00,5,1184.9627008387426,1160.1271457881858,31,31,0,False
93,2025-11-16 14:00:00,5,1182.4924388670845,1155.327228840603,31,31,0,False
94,2025-11-16 15:00:00,5,1177.7856679101938,1145.8529960500869,31,31,0,False
95,2025-11-16 16:00:00,5,1175.3526263448591,1140.7642789432757,31,31,0,False
96,2025-11-16 17:00:00,5,1175.4671013409113,1141.0069195880892,31,31,0,False
97,2025-11-16 18:00:00,5,1175.7268785608503,1141.556328684514,31,31,0,False
98,2025-11-16 19:00:00,5,1179.2570875074168,1148.8644936912929,31,31,0,False
99,2025-11-16 20:00:00,5,1181.6643762162837,1153.6929331628728,31,31,0,False
100,2025-11-16 21:00:00,5,1184.557674013104,1159.3476380578309,31,31,0,False
101,2025-11-16 22:00:00,5,1186.1792713791035,1162.4515882637857,31,31,0,False
102,2025-11-16 23:00:00,5,1188.230105014076,1166.3146782587771,30,31,1,True
103,2025-11-17 00:00:00,5,1190.3847745988144,1170.3026045176182,30,31,1,True
104,2025-11-17 01:00:00,5,1190.5411493793326,1170.5893259778395,30,31,1,True
105,2025-11-17 02:00:00,5,1190.9266137116297,1171.2945739706463,30,31,1,True
106,2025-11-17 03:00:00,5,1190.2374116537912,1170.032078580268,30,31,1,True
107,2025-11-17 04:00:00,5,1185.8069749932893,1161.742923022476,31,31,0,False
108,2025-11-17 05:00:00,5,1175.2067775837215,1140.454661059114,31,31,0,False
109,2025-11-17 06:00:00,5,1167.5428266183696,1121.632829732829,31,31,0,False
110,2025-11-17 07:00:00,5,1165.7899979461813,1115.986859862036,31,31,0,False
111,2025-11-17 08:00:00,5,1165.4860623408383,1114.986551113826,31,31,0,False
112,2025-11-17 09:00:00,5,1167.9744540840866,1122.992927604228,31,31,0,False
113,2025-11-17 10:00:00,5,1169.566250619922,1127.9145844859609,31,31,0,False
114,2025-11-17 11:00:00,5,1171.0517694117725,1131.393186944706,31,31,0,False
115,2025-11-17 12:00:00,5,1170.5008347344942,1130.1538674342426,31,31,0,False
116,2025-11-17 13:00:00,5,1168.5806331519266,1124.884228102656,31,31,0,False
117,2025-11-17 14:00:00,5,1165.42969678205,1114.8003106171382,31,31,0,False
118,2025-11-17 15:00:00,5,1190.236535989634,1101.900730587664,30,31,1,True
119,2025-11-17 16:00:00,5,1187.6495911276616,1091.558615237643,30,31,1,True
120,2025-11-17 17:00:00,5,1189.6306890113606,1099.5565006620006,30,31,1,True
121,2025-11-17 18:00:00,5,1190.4670873043126,1102.7815633915393,30,31,1,True
122,2025-11-17 19:00:00,5,1164.1148321543744,1110.387873514018,31,31,0,False
123,2025-11-17 20:00:00,5,1166.440407989464,1118.1057228796435,31,31,0,False
124,2025-11-17 21:00:00,5,1171.568077230262,1132.5460861366205,31,31,0,False
125,2025-11-17 22:00:00,5,1175.0920614475292,1140.2107555910172,31,31,0,False
126,2025-11-17 23:00:00,5,1181.921280858205,1154.201378873915,31,31,0,False
127,2025-11-18 00:00:00,5,1183.5294290673369,1157.355653627318,31,31,0,False
128,2025-11-18 01:00:00,5,1184.034935952736,1158.337318268781,31,31,0,False
129,2025-11-18 02:00:00,5,1184.7217760037229,1159.663811124149,31,31,0,False
130,2025-11-18 03:00:00,5,1186.1506737570685,1162.397234978513,31,31,0,False
131,2025-11-18 04:00:00,5,1182.0002200472534,1154.3573530865538,31,31,0,False
132,2025-11-18 05:00:00,5,1171.0194289149886,1131.320699490419,31,31,0,False
133,2025-11-18 06:00:00,5,1188.699695454172,1095.865148245475,30,31,1,True
134,2025-11-18 07:00:00,5,1187.380061779261,1090.42652665199,30,31,1,True
135,2025-11-18 08:00:00,5,1187.5485856047187,1091.1357094316193,30,31,1,True
136,2025-11-18 09:00:00,5,1163.8753116025275,1109.56942032279,31,31,0,False
137,2025-11-18 10:00:00,5,1165.5198694811122,1115.0981446109042,31,31,0,False
138,2025-11-18 11:00:00,5,1167.7754268744598,1122.367186359361,31,31,0,False
139,2025-11-18 12:00:00,5,1167.332004652654,1120.9643355019757,31,31,0,False
140,2025-11-18 13:00:00,5,1165.1248828540272,1113.78912504837,31,31,0,False
141,2025-11-18 14:00:00,5,1189.8292894445892,1100.329779727957,30,31,1,True
142,2025-11-18 15:00:00,5,1185.6594375708642,1082.905208581731,30,31,1,True
143,2025-11-18 16:00:00,5,1182.0635443171348,1064.9627790832135,31,31,0,False
144,2025-11-18 17:00:00,5,1183.358841708741,1071.8591001810642,31,31,0,False
145,2025-11-18 18:00:00,5,1186.0577339062283,1084.694963899477,30,31,1,True
146,2025-11-18 19:00:00,5,1188.1086989775508,1093.461223262561,30,31,1,True
147,2025-11-18 20:00:00,5,1163.7839449298826,1109.2559685180452,31,31,0,False
148,2025-11-18 21:00:00,5,1170.143043942314,1129.3438640448182,31,31,0,False
149,2025-11-18 22:00:00,5,1173.6965657637684,1137.2163621449508,31,31,0,False
150,2025-11-18 23:00:00,5,1178.85293205513,1148.0420423531284,31,31,0,False
151,2025-11-19 00:00:00,5,1180.0012907170683,1150.369862195446,31,31,0,False
152,2025-11-19 01:00:00,5,1180.1315648406928,1150.6321899328404,31,31,0,False
153,2025-11-19 02:00:00,5,1179.5190781300148,1149.3957762320726,31,31,0,False
154,2025-11-19 03:00:00,5,1180.081475763703,1150.5313690820365,31,31,0,False
155,2025-11-19 04:00:00,5,1176.6472805262963,1143.4896065319615,31,31,0,False
156,2025-11-19 05:00:00,5,1165.8911457984843,1116.3182994906012,31,31,0,False
157,2025-11-19 06:00:00,5,1183.9957283127087,1075.0525461487723,31,31,0,False
158,2025-11-19 07:00:00,5,1183.0915443704678,1070.4827887779352,31,31,0,False
159,2025-11-19 08:00:00,5,1183.2310749916585,1071.2040242497385,31,31,0,False
160,2025-11-19 09:00:00,5,1185.1683620152023,1080.6535919194323,30,31,1,True
161,2025-11-19 10:00:00,5,1186.0577339062283,1084.694963899477,30,31,1,True
162,2025-11-19 11:00:00,5,1186.1940016178874,1085.3001678052028,30,31,1,True
163,2025-11-19 12:00:00,5,1187.3125886870473,1090.1413124118278,30,31,1,True
164,2025-11-19 13:00:00,5,1187.716882900576,1091.83948301365,30,31,1,True
165,2025-11-19 14:00:00,5,1185.9781758925487,1084.3399723683783,30,31,1,True
166,2025-11-19 15:00:00,5,1183.7413620142715,1073.791023812982,31,31,0,False
167,2025-11-19 16:00:00,5,1181.4521014206375,1061.4823519540437,31,31,0,False
0,2025-11-12 17:00:00,10,1831.7355822139784,1703.5022947684024,24,24,0,False
1,2025-11-12 18:00:00,10,1834.7635064186943,1708.3270451838523,24,24,0,False
2,2025-11-12 19:00:00,10,1837.6539592153256,1712.7667299839568,24,24,0,False
3,2025-11-12 20:00:00,10,1842.889556188645,1720.060375331516,23,25,2,True
4,2025-11-12 21:00:00,10,1827.162522568702,1706.422969755765,22,23,1,True
5,2025-11-12 22:00:00,10,1747.4869281270155,1669.032070159894,21,20,-1,True
6,2025-11-12 23:00:00,10,1748.3547397909444,1670.2262436477074,21,20,-1,True
7,2025-11-13 00:00:00,10,1752.2675227934185,1675.5399954982422,21,20,-1,True
8,2025-11-13 01:00:00,10,1736.3309057104634,1661.9669814386689,21,20,-1,True
9,2025-11-13 02:00:00,10,1735.8802573737255,1663.1860091829544,21,20,-1,True
10,2025-11-13 03:00:00,10,1736.1965069008734,1662.33376162039,21,20,-1,True
11,2025-11-13 04:00:00,10,1751.8436132333804,1674.9685269315382,21,20,-1,True
12,2025-11-13 05:00:00,10,1827.038837208391,1706.3441978363169,22,23,1,True
13,2025-11-13 06:00:00,10,1840.4510087476797,1716.9187128009576,24,24,0,False
14,2025-11-13 07:00:00,10,1840.169772713038,1716.5074324871978,24,24,0,False
15,2025-11-13 08:00:00,10,1838.6016405008795,1714.1889616521728,24,24,0,False
16,2025-11-13 09:00:00,10,1835.6399091440887,1709.6897497029854,24,24,0,False
17,2025-11-13 10:00:00,10,1832.9946209808877,1705.530988704142,24,24,0,False
18,2025-11-13 11:00:00,10,1832.110553424476,1704.109926060006,24,24,0,False
19,2025-11-13 12:00:00,10,1831.7606390074768,1703.542990758467,24,24,0,False
20,2025-11-13 13:00:00,10,1831.8274160579372,1703.6513821000435,24,24,0,False
21,2025-11-13 14:00:00,10,1831.3083281280915,1702.8063231561405,24,24,0,False
22,2025-11-13 15:00:00,10,1829.4112022834977,1699.6681011729277,24,24,0,False
23,2025-11-13 16:00:00,10,1831.156949629488,1702.5588028368784,24,24,0,False
24,2025-11-13 17:00:00,10,1830.590796443515,1701.6286968881927,24,24,0,False
25,2025-11-13 18:00:00,10,1830.0716335989769,1700.769625239641,24,24,0,False
26,2025-11-13 19:00:00,10,1832.284895886353,1704.3914430336115,24,24,0,False
27,2025-11-13 20:00:00,10,1835.7111418692064,1709.7998650820866,24,24,0,False
28,2025-11-13 21:00:00,10,1838.5636789599464,1714.132299504731,24,24,0,False
29,2025-11-13 22:00:00,10,1842.3314833761435,1719.349165659489,24,25,1,True
30,2025-11-13 23:00:00,10,1843.8442812295027,1721.2735511552237,23,25,2,True
31,2025-11-14 00:00:00,10,1843.893083995464,1721.3354483974676,23,25,2,True
32,2025-11-14 01:00:00,10,1826.1151471126773,1705.173361540872,22,23,1,True
33,2025-11-14 02:00:00,10,1826.4758949641755,1705.6891147096596,22,23,1,True
34,2025-11-14 03:00:00,10,1825.934011259948,1704.9135586050895,22,23,1,True
35,2025-11-14 04:00:00,10,1840.5174441395825,1717.0156692777343,24,24,0,False
36,2025-11-14 05:00:00,10,1832.2600148478584,1704.351305380386,24,24,0,False
37,2025-11-14 06:00:00,10,1824.742966923156,1691.5834171266572,24,23,-1,True
38,2025-11-14 07:00:00,10,1823.5270657856456,1689.3837972176857,24,23,-1,True
39,2025-11-14 08:00:00,10,1823.9990191067727,1690.242560230144,24,23,-1,True
40,2025-11-14 09:00:00,10,1826.111651259008,1694.0108468991596,24,23,-1,True
41,2025-11-14 10:00:00,10,1828.8839316738947,1698.7815464789714,24,24,0,False
42,2025-11-14 11:00:00,10,1830.0032828199528,1700.6560785098889,24,24,0,False
43,2025-11-14 12:00:00,10,1831.5766938757424,1703.2439275851427,24,24,0,False
44,2025-11-14 13:00:00,10,1830.0032828199528,1700.6560785098889,24,24,0,False
45,2025-11-14 14:00:00,10,1828.8145126823465,1698.6643465878817,24,24,0,False
46,2025-11-14 15:00:00,10,1826.8718473545237,1695.3379328948567,24,23,-1,True
47,2025-11-14 16:00:00,10,1825.697185604589,1693.2810292196175,24,23,-1,True
48,2025-11-14 17:00:00,10,1827.2270634519332,1695.9530364188076,24,23,-1,True
49,2025-11-14 18:00:00,10,1829.3767378431803,1699.610347436448,24,24,0,False
50,2025-11-14 19:00:00,10,1832.8219439776217,1705.2546857481595,24,24,0,False
51,2025-11-14 20:00:00,10,1834.2486450170784,1707.5195852268755,24,24,0,False
52,2025-11-14 21:00:00,10,1836.2470498302616,1710.6252370250018,24,24,0,False
53,2025-11-14 22:00:00,10,1837.961086934372,1713.2294165270828,24,24,0,False
54,2025-11-14 23:00:00,10,1841.8793718354143,1718.77184384028,24,25,1,True
55,2025-11-15 00:00:00,10,1843.2949454766408,1720.5760423613008,23,25,2,True
56,2025-11-15 01:00:00,10,1843.6878424452796,1721.0750620286276,23,25,2,True
57,2025-11-15 02:00:00,10,1826.080352826625,1705.123499629511,22,23,1,True
58,2025-11-15 03:00:00,10,1842.511414515139,1719.5786400803338,24,25,1,True
59,2025-11-15 04:00:00,10,1840.9346565376095,1717.5620757229665,24,24,0,False
60,2025-11-15 05:00:00,10,1838.6016405008795,1714.1889616521728,24,24,0,False
61,2025-11-15 06:00:00,10,1834.971624244132,1708.6519777245894,24,24,0,False
62,2025-11-15 07:00:00,10,1832.8548660273343,1705.3074116605503,24,24,0,False
63,2025-11-15 08:00:00,10,1833.265154862056,1705.9626573096698,24,24,0,False
64,2025-11-15 09:00:00,10,1834.184029169848,1707.4178820664329,24,24,0,False
65,2025-11-15 10:00:00,10,1836.1842116301875,1710.5287362387362,24,24,0,False
66,2025-11-15 11:00:00,10,1836.786719776756,1711.45098654063,24,24,0,False
67,2025-11-15 12:00:00,10,1836.654140971168,1711.2486275743445,24,24,0,False
68,2025-11-15 13:00:00,10,1836.9579216063144,1711.7118177291425,24,24,0,False
69,2025-11-15 14:00:00,10,1833.3060580884064,1706.0277945650037,24,24,0,False
70,2025-11-15 15:00:00,10,1828.823193474738,1698.6790084806407,24,24,0,False
71,2025-11-15 16:00:00,10,1828.064295151964,1697.3905339412163,24,23,-1,True
72,2025-11-15 17:00:00,10,1829.652020132052,1700.0708975510393,24,24,0,False
73,2025-11-15 18:00:00,10,1832.8137111695432,1705.2414971361025,24,24,0,False
74,2025-11-15 19:00:00,10,1835.8218068976007,1709.9707468722393,24,24,0,False
75,2025-11-15 20:00:00,10,1839.2061742437277,1715.0878642262078,24,24,0,False
76,2025-11-15 21:00:00,10,1842.63107877229,1719.7311636561735,24,25,1,True
77,2025-11-15 22:00:00,10,1826.9227006792405,1706.2623660440352,22,23,1,True
78,2025-11-15 23:00:00,10,1827.024807527074,1706.3346912540926,22,23,1,True
79,2025-11-16 00:00:00,10,1827.159881333794,1706.4213886181512,22,23,1,True
80,2025-11-16 01:00:00,10,1827.1238855268875,1706.3993822124576,22,23,1,True
81,2025-11-16 02:00:00,10,1827.0886258592047,1706.3770286174347,22,23,1,True
82,2025-11-16 03:00:00,10,1827.283992781966,1706.4902759773363,22,23,1,True
83,2025-11-16 04:00:00,10,1827.363787405849,1706.528015100737,22,23,1,True
84,2025-11-16 05:00:00,10,1827.130599067348,1706.4035503002965,22,23,1,True
85,2025-11-16 06:00:00,10,1826.0455397270368,1705.0735900690456,22,23,1,True
86,2025-11-16 07:00:00,10,1839.730764958744,1715.8626931809592,24,24,0,False
87,2025-11-16 08:00:00,10,1838.1905408199243,1713.5739802146643,24,24,0,False
88,2025-11-16 09:00:00,10,1837.60007171523,1712.6853729962602,24,24,0,False
89,2025-11-16 10:00:00,10,1836.685358484555,1711.2963050087717,24,24,0,False
90,2025-11-16 11:00:00,10,1836.513490575005,1711.0335934011082,24,24,0,False
91,2025-11-16 12:00:00,10,1835.884966847946,1710.068170875708,24,24,0,False
92,2025-11-16 13:00:00,10,1834.046529304261,1707.2011887144708,24,24,0,False
93,2025-11-16 14:00:00,10,1831.960791171188,1703.867593685028,24,24,0,False
94,2025-11-16 15:00:00,10,1827.941476966776,1697.180723595951,24,23,-1,True
95,2025-11-16 16:00:00,10,1825.841593068064,1693.5358213871596,24,23,-1,True
96,2025-11-16 17:00:00,10,1825.9407211620016,1693.7104061175628,24,23,-1,True
97,2025-11-16 18:00:00,10,1826.165552694103,1694.105431201124,24,23,-1,True
98,2025-11-16 19:00:00,10,1829.2041830133576,1699.3207805841162,24,24,0,False
99,2025-11-16 20:00:00,10,1831.2579025053828,1702.7239263154854,24,24,0,False
100,2025-11-16 21:00:00,10,1833.7057059095744,1706.6624564602123,24,24,0,False
101,2025-11-16 22:00:00,10,1835.0674759051835,1708.8013493958424,24,24,0,False
102,2025-11-16 23:00:00,10,1836.778927943373,1711.439102605735,24,24,0,False
103,2025-11-17 00:00:00,10,1838.5636789599464,1714.132299504731,24,24,0,False
104,2025-11-17 01:00:00,10,1838.6926624496948,1714.3247186088977,24,24,0,False
105,2025-11-17 02:00:00,10,1839.010288084204,1714.7973004460885,24,24,0,False
106,2025-11-17 03:00:00,10,1838.4420606160472,1713.9505970205726,24,24,0,False
107,2025-11-17 04:00:00,10,1834.755489864701,1708.3145122718513,24,24,0,False
108,2025-11-17 05:00:00,10,1825.715250887933,1693.3129335926085,24,23,-1,True
109,2025-11-17 06:00:00,10,1819.005748318356,1679.9809261587757,24,23,-1,True
110,2025-11-17 07:00:00,10,1817.4525656394155,1676.1541041211565,24,23,-1,True
111,2025-11-17 08:00:00,10,1817.1825717453064,1675.474169760199,24,23,-1,True
112,2025-11-17 09:00:00,10,1819.387182457892,1680.8999406094738,24,23,-1,True
113,2025-11-17 10:00:00,10,1820.7902897212448,1684.2157657379844,24,23,-1,True
114,2025-11-17 11:00:00,10,1822.094554338993,1686.736850764204,24,23,-1,True
115,2025-11-17 12:00:00,10,1821.611429500211,1685.8299038498487,24,23,-1,True
116,2025-11-17 13:00:00,10,1819.922173338543,1682.1759765006125,24,23,-1,True
117,2025-11-17 14:00:00,10,1817.132478983361,1675.3475152523492,24,23,-1,True
118,2025-11-17 15:00:00,10,1827.146416189416,1666.5302092478837,24,22,-2,True
119,2025-11-17 16:00:00,10,1824.7801540194416,1659.403406883952,24,22,-2,True
120,2025-11-17 17:00:00,10,1826.593584062562,1664.9189746261418,24,22,-2,True
121,2025-11-17 18:00:00,10,1827.3565764640207,1667.1349548062412,24,23,-1,True
122,2025-11-17 19:00:00,10,1815.962023724763,1672.3412123651794,24,23,-1,True
123,2025-11-17 20:00:00,10,1818.0296734187168,1677.5924586421334,24,23,-1,True
124,2025-11-17 21:00:00,10,1822.5466792644725,1687.5789868458685,24,23,-1,True
125,2025-11-17 22:00:00,10,1825.615841030545,1693.1372630788771,24,23,-1,True
126,2025-11-17 23:00:00,10,1831.4761692728985,1703.080188998699,24,24,0,False
127,2025-11-18 00:00:00,10,1832.8384068387709,1705.281054409557,24,24,0,False
128,2025-11-18 01:00:00,10,1833.265154862056,1705.9626573096698,24,24,0,False
129,2025-11-18 02:00:00,10,1833.8438502902995,1706.881095790788,24,24,0,False
130,2025-11-18 03:00:00,10,1835.0435249759787,1708.7640417074952,24,24,0,False
131,2025-11-18 04:00:00,10,1831.5432006636852,1703.189396302547,24,24,0,False
132,2025-11-18 05:00:00,10,1822.0662136368203,1686.6838514707397,24,23,-1,True
133,2025-11-18 06:00:00,10,1825.7424623109148,1662.3767624363954,24,22,-2,True
134,2025-11-18 07:00:00,10,1824.532770539163,1658.6205020338489,24,22,-2,True
135,2025-11-18 08:00:00,10,1824.68746612348,1659.1110038304687,24,22,-2,True
136,2025-11-18 09:00:00,10,1815.7484157908088,1671.7824282020356,24,23,-1,True
137,2025-11-18 10:00:00,10,1817.2126133003344,1675.550050579249,24,23,-1,True
138,2025-11-18 11:00:00,10,1819.2113509047235,1680.477270276564,24,23,-1,True
139,2025-11-18 12:00:00,10,1818.819293393588,1679.5288116874,24,23,-1,True
140,2025-11-18 13:00:00,10,1816.8614694293617,1674.659511391862,24,23,-1,True
141,2025-11-18 14:00:00,10,1826.774896488576,1665.4507467180083,24,22,-2,True
142,2025-11-18 15:00:00,10,1822.949825878654,1653.4064105328664,24,22,-2,True
143,2025-11-18 16:00:00,10,1819.621495728593,1640.890737142079,24,22,-2,True
144,2025-11-18 17:00:00,10,1820.8235059640635,1645.712794039476,24,22,-2,True
145,2025-11-18 18:00:00,10,1823.3168163492023,1654.6490701928558,24,22,-2,True
146,2025-11-18 19:00:00,10,1825.2011746383664,1660.7179862374423,24,22,-2,True
147,2025-11-18 20:00:00,10,1815.6669019254248,1671.5683314411767,24,23,-1,True
148,2025-11-18 21:00:00,10,1821.2973038270052,1685.2362064054244,24,23,-1,True
149,2025-11-18 22:00:00,10,1824.403991466496,1690.974383518808,24,23,-1,True
150,2025-11-18 23:00:00,10,1828.857906875989,1698.7376220197507,24,24,0,False
151,2025-11-19 00:00:00,10,1829.8407035600108,1700.3855764792036,24,24,0,False
152,2025-11-19 01:00:00,10,1829.951979451984,1700.5707830205135,24,24,0,False
153,2025-11-19 02:00:00,10,1829.428428694693,1699.6969581551575,24,24,0,False
154,2025-11-19 03:00:00,10,1829.9092002469524,1700.4996145472578,24,24,0,False
155,2025-11-19 04:00:00,10,1826.960802105107,1695.492265386157,24,23,-1,True
156,2025-11-19 05:00:00,10,1817.5423738911315,1676.3792665649753,24,23,-1,True
157,2025-11-19 06:00:00,10,1821.413255226371,1647.9410652950808,24,22,-2,True
158,2025-11-19 07:00:00,10,1820.575741649253,1644.7515136375937,24,22,-2,True
159,2025-11-19 08:00:00,10,1820.7050943298857,1645.2553272615453,24,22,-2,True
160,2025-11-19 09:00:00,10,1822.4968845071185,1651.841449482913,24,22,-2,True
161,2025-11-19 10:00:00,10,1823.3168163492023,1654.6490701928558,24,22,-2,True
162,2025-11-19 11:00:00,10,1823.4422957719328,1655.06900930832,24,22,-2,True
163,2025-11-19 12:00:00,10,1824.4708166652904,1658.4231782986233,24,22,-2,True
164,2025-11-19 13:00:00,10,1824.841892099648,1659.5975624726052,24,22,-2,True
165,2025-11-19 14:00:00,10,1823.2435385835051,1654.4026857505771,24,22,-2,True
166,2025-11-19 15:00:00,10,1821.1778161230095,1647.061192187391,24,22,-2,True
167,2025-11-19 16:00:00,10,1819.052898884653,1638.4523667959293,24,22,-2,True
0,2025-11-12 17:00:00,12,2292.762472490394,2223.3812339268434,16,13,-3,True
1,2025-11-12 18:00:00,12,2296.368339169885,2232.483908807917,16,14,-2,True
2,2025-11-12 19:00:00,12,2299.814734300766,2240.9463102772884,16,14,-2,True
3,2025-11-12 20:00:00,12,2305.8664260809096,2254.3292248988623,16,14,-2,True
4,2025-11-12 21:00:00,12,2252.8440660320475,2204.1708993008438,16,14,-2,True
5,2025-11-12 22:00:00,12,2139.4364527806624,2115.019875958249,15,11,-4,True
6,2025-11-12 23:00:00,12,2140.496035348241,2117.0226273037047,15,11,-4,True
7,2025-11-13 00:00:00,12,2145.232949339279,2125.8952204188536,15,11,-4,True
8,2025-11-13 01:00:00,12,2104.8667377716783,2087.747884813259,15,11,-4,True
9,2025-11-13 02:00:00,12,2104.3396753005213,2089.93951492978,15,11,-4,True
10,2025-11-13 03:00:00,12,2104.7094971599904,2088.4064493490464,15,11,-4,True
11,2025-11-13 04:00:00,12,2144.723894054271,2124.9441901122404,15,11,-4,True
12,2025-11-13 05:00:00,12,2252.757722463725,2204.371857951924,16,14,-2,True
13,2025-11-13 06:00:00,12,2303.154051151992,2248.9458974883964,16,14,-2,True
14,2025-11-13 07:00:00,12,2302.8180901154365,2248.149461502196,16,14,-2,True
15,2025-11-13 08:00:00,12,2300.945652729659,2243.6766107815856,16,14,-2,True
16,2025-11-13 09:00:00,12,2297.412853276605,2235.072014114182,16,14,-2,True
17,2025-11-13 10:00:00,12,2294.2612969451675,2227.197604164136,16,13,-3,True
18,2025-11-13 11:00:00,12,2293.208780769095,2224.522682880663,16,13,-3,True
19,2025-11-13 12:00:00,12,2292.79229425162,2223.457639609886,16,13,-3,True
20,2025-11-13 13:00:00,12,2292.871771473413,2223.6611713357056,16,13,-3,True
21,2025-11-13 14:00:00,12,2292.254012820334,2222.075501853103,16,13,-3,True
22,2025-11-13 15:00:00,12,2289.997293401688,2216.209068962032,16,13,-3,True
23,2025-11-13 16:00:00,12,2292.0738825300823,2221.611545078711,16,13,-3,True
24,2025-11-13 17:00:00,12,2291.400288994422,2219.8700896483647,16,13,-3,True
25,2025-11-13 18:00:00,12,2290.7827279921758,2218.264326466896,16,13,-3,True
26,2025-11-13 19:00:00,12,2293.416313346901,2225.051984918909,16,13,-3,True
27,2025-11-13 20:00:00,12,2297.497766873249,2235.2814997103037,16,14,-2,True
28,2025-11-13 21:00:00,12,2300.900341718152,2243.567643462611,16,14,-2,True
29,2025-11-13 22:00:00,12,2305.2534457538272,2253.125064794201,16,14,-2,True
30,2025-11-13 23:00:00,12,2306.906906291017,2256.3763196441178,16,14,-2,True
31,2025-11-14 00:00:00,12,2306.95980694236,2256.480521152978,16,14,-2,True
32,2025-11-14 01:00:00,12,2251.805905843601,2202.715824952079,16,14,-2,True
33,2025-11-14 02:00:00,12,2252.209469859388,2203.6894220181302,16,14,-2,True
34,2025-11-14 03:00:00,12,2251.603291967751,2202.225971817372,16,14,-2,True
35,2025-11-14 04:00:00,12,2303.233420810987,2249.1337869688687,16,14,-2,True
36,2025-11-14 05:00:00,12,2293.386694768646,2224.9765008067666,16,13,-3,True
37,2025-11-14 06:00:00,12,2284.450639338881,2201.2418013732754,16,13,-3,True
38,2025-11-14 07:00:00,12,2283.0073497664275,2197.202433363636,16,13,-3,True
39,2025-11-14 08:00:00,12,2283.567498084305,2198.777901536491,16,13,-3,True
40,2025-11-14 09:00:00,12,2286.0759613919995,2205.715133108739,16,13,-3,True
41,2025-11-14 10:00:00,12,2289.37035806074,2214.557852840141,16,13,-3,True
42,2025-11-14 11:00:00,12,2290.701431327933,2218.052277153507,16,13,-3,True
43,2025-11-14 12:00:00,12,2292.573375538699,2222.8962978643917,16,13,-3,True
44,2025-11-14 13:00:00,12,2290.701431327933,2218.052277153507,16,13,-3,True
45,2025-11-14 14:00:00,12,2289.2878262884656,2214.3397602050973,16,13,-3,True
46,2025-11-14 15:00:00,12,2286.9790176097786,2208.167951690614,16,13,-3,True
47,2025-11-14 16:00:00,12,2285.5837035750164,2204.368435120636,16,13,-3,True
48,2025-11-14 17:00:00,12,2287.4010672947884,2209.306621653774,16,13,-3,True
49,2025-11-14 18:00:00,12,2289.9563108635407,2216.1014228847785,16,13,-3,True
50,2025-11-14 19:00:00,12,2294.055689670592,2226.676904004951,16,13,-3,True
51,2025-11-14 20:00:00,12,2295.754895344762,2230.954044760766,16,14,-2,True
52,2025-11-14 21:00:00,12,2298.136683912801,2236.8534068990884,16,14,-2,True
53,2025-11-14 22:00:00,12,2300.1811924046824,2241.833456348782,16,14,-2,True
54,2025-11-14 23:00:00,12,2304.7543594690287,2252.1454673279404,16,14,-2,True
55,2025-11-15 00:00:00,12,2306.3095122604686,2255.200446879117,16,14,-2,True
56,2025-11-15 01:00:00,12,2306.737141430453,2256.0420093540306,16,14,-2,True
57,2025-11-15 02:00:00,12,2251.7669847988045,2202.621781322916,16,14,-2,True
58,2025-11-15 03:00:00,12,2305.451455574977,2253.513911460073,16,14,-2,True
59,2025-11-15 04:00:00,12,2303.704537148152,2250.086807181532,16,14,-2,True
60,2025-11-15 05:00:00,12,2300.945652729659,2243.6766107815856,16,14,-2,True
61,2025-11-15 06:00:00,12,2296.616343278639,2233.1003149190315,16,14,-2,True
62,2025-11-15 07:00:00,12,2294.0948890187533,2226.7762445990907,16,13,-3,True
63,2025-11-15 08:00:00,12,2294.583451158064,2228.0116887739096,16,13,-3,True
64,2025-11-15 09:00:00,12,2295.677916448177,2230.7615424944943,16,14,-2,True
65,2025-11-15 10:00:00,12,2298.061759678155,2236.669466231853,16,14,-2,True
66,2025-11-15 11:00:00,12,2298.780236202708,2238.429095581618,16,14,-2,True
67,2025-11-15 12:00:00,12,2298.622122899141,2238.042668286852,16,14,-2,True
68,2025-11-15 13:00:00,12,2298.9844249446305,2238.92746061888,16,14,-2,True
69,2025-11-15 14:00:00,12,2294.632162115077,2228.134594565465,16,13,-3,True
70,2025-11-15 15:00:00,12,2289.298146712684,2214.36704149087,16,13,-3,True
71,2025-11-15 16:00:00,12,2288.3960268979763,2211.972230527056,16,13,-3,True
72,2025-11-15 17:00:00,12,2290.283670248579,2216.960143631246,16,13,-3,True
73,2025-11-15 18:00:00,12,2294.0458871797737,2226.652057090056,16,13,-3,True
74,2025-11-15 19:00:00,12,2297.6296912226217,2235.606693756393,16,14,-2,True
75,2025-11-15 20:00:00,12,2301.6673344610376,2245.4074736082907,16,14,-2,True
76,2025-11-15 21:00:00,12,2305.5829461741323,2253.772196436149,16,14,-2,True
77,2025-11-15 22:00:00,12,2252.673822230923,2204.529795809451,16,14,-2,True
78,2025-11-15 23:00:00,12,2252.747723617392,2204.392421417446,16,14,-2,True
79,2025-11-16 00:00:00,12,2252.842258306029,2204.175584369741,16,14,-2,True
80,2025-11-16 01:00:00,12,2252.817458504553,2204.2376506651394,16,14,-2,True
81,2025-11-16 02:00:00,12,2252.7928810022227,2204.2953401364307,16,14,-2,True
82,2025-11-16 03:00:00,12,2252.925280865192,2203.934408866582,16,14,-2,True
83,2025-11-16 04:00:00,12,2252.9763426610243,2203.753964811201,16,14,-2,True
84,2025-11-16 05:00:00,12,2252.822106628258,2204.2263228961506,16,14,-2,True
85,2025-11-16 06:00:00,12,2251.728043212972,2202.527662128872,16,14,-2,True
86,2025-11-16 07:00:00,12,2302.293748927943,2246.9027807944644,16,14,-2,True
87,2025-11-16 08:00:00,12,2300.455005263438,2242.4947925450933,16,14,-2,True
88,2025-11-16 09:00:00,12,2299.750442168586,2240.7904246393123,16,14,-2,True
89,2025-11-16 10:00:00,12,2298.6593520335937,2238.1336968073438,16,14,-2,True
90,2025-11-16 11:00:00,12,2298.4543934865637,2237.632241670498,16,14,-2,True
91,2025-11-16 12:00:00,12,2297.704987327988,2235.7921525781303,16,14,-2,True
92,2025-11-16 13:00:00,12,2295.5141152948545,2230.351529385848,16,14,-2,True
93,2025-11-16 14:00:00,12,2293.030518994854,2224.067292018186,16,13,-3,True
94,2025-11-16 15:00:00,12,2288.2500526812114,2211.5827692204884,16,13,-3,True
95,2025-11-16 16:00:00,12,2285.755207599213,2204.838415602287,16,13,-3,True
96,2025-11-16 17:00:00,12,2285.8729407860847,2205.1605567434867,16,13,-3,True
97,2025-11-16 18:00:00,12,2286.1399847032367,2205.889778536816,16,13,-3,True
98,2025-11-16 19:00:00,12,2289.7511291973287,2215.561871984983,16,13,-3,True
99,2025-11-16 20:00:00,12,2292.194008555658,2221.9210311694246,16,13,-3,True
100,2025-11-16 21:00:00,12,2295.108137954345,2229.332999742375,16,13,-3,True
101,2025-11-16 22:00:00,12,2296.730572399194,2233.3838269833554,16,14,-2,True
102,2025-11-16 23:00:00,12,2298.770943417626,2238.406396663966,16,14,-2,True
103,2025-11-17 00:00:00,12,2300.900341718152,2243.567643462611,16,14,-2,True
104,2025-11-17 01:00:00,12,2301.054300066038,2243.937751485921,16,14,-2,True
105,2025-11-17 02:00:00,12,2301.4334665713386,2244.847533222031,16,14,-2,True
106,2025-11-17 03:00:00,12,2300.755183065022,2243.218318769294,16,14,-2,True
107,2025-11-17 04:00:00,12,2296.3587866542885,2232.4601424260686,16,14,-2,True
108,2025-11-17 05:00:00,12,2285.605158174248,2204.427274526345,16,13,-3,True
109,2025-11-17 06:00:00,12,2277.6451879442457,2179.784179359529,16,13,-3,True
110,2025-11-17 07:00:00,12,2275.804771548705,2172.622254505981,16,13,-3,True
111,2025-11-17 08:00:00,12,2275.484927513127,2171.352537974075,16,13,-3,True
112,2025-11-17 09:00:00,12,2278.097284169027,2181.508179699666,16,13,-3,True
113,2025-11-17 10:00:00,12,2279.7607485125263,2187.741954568827,16,13,-3,True
114,2025-11-17 11:00:00,12,2281.307644445921,2192.3585566709985,16,13,-3,True
115,2025-11-17 12:00:00,12,2280.7345739894968,2190.7029556705743,16,13,-3,True
116,2025-11-17 13:00:00,12,2278.731467016435,2183.904600935276,16,13,-3,True
117,2025-11-17 14:00:00,12,2275.42558849326,2171.116113087932,16,13,-3,True
118,2025-11-17 15:00:00,12,2296.394500254049,2154.7246019792,16,13,-3,True
119,2025-11-17 16:00:00,12,2293.606355984646,2141.5676806183083,16,11,-5,True
120,2025-11-17 17:00:00,12,2295.742944776416,2151.743146318867,16,13,-3,True
121,2025-11-17 18:00:00,12,2296.6422162268377,2155.844705335169,16,13,-3,True
122,2025-11-17 19:00:00,12,2274.039315353235,2165.512540019911,16,13,-3,True
123,2025-11-17 20:00:00,12,2276.488512580189,2175.310994318463,16,13,-3,True
124,2025-11-17 21:00:00,12,2281.844019516675,2193.897698971631,16,13,-3,True
125,2025-11-17 22:00:00,12,2285.4870991293287,2204.1033317862207,16,13,-3,True
126,2025-11-17 23:00:00,12,2292.4537446409604,2222.589098934455,16,13,-3,True
127,2025-11-18 00:00:00,12,2294.0752914674235,2226.7265837118007,16,13,-3,True
128,2025-11-18 01:00:00,12,2294.583451158064,2228.0116887739096,16,13,-3,True
129,2025-11-18 02:00:00,12,2295.2726841168305,2229.746219163476,16,13,-3,True
130,2025-11-18 03:00:00,12,2296.702028973088,2233.3130069547674,16,14,-2,True
131,2025-11-18 04:00:00,12,2292.533515901316,2222.7939778884515,16,13,-3,True
132,2025-11-18 05:00:00,12,2281.2740251164664,2192.261751696216,16,13,-3,True
133,2025-11-18 06:00:00,12,2294.740022158413,2147.047303672164,16,11,-5,True
134,2025-11-18 07:00:00,12,2293.3149672904137,2140.1270738464686,16,11,-5,True
135,2025-11-18 08:00:00,12,2293.497178324152,2141.029528938416,16,11,-5,True
136,2025-11-18 09:00:00,12,2273.786367373432,2164.4727218333865,16,13,-3,True
137,2025-11-18 10:00:00,12,2275.520514607424,2171.4941977154017,16,13,-3,True
138,2025-11-18 11:00:00,12,2277.888873087568,2180.71508378504,16,13,-3,True
139,2025-11-18 12:00:00,12,2277.42420931951,2178.936632741182,16,13,-3,True
140,2025-11-18 13:00:00,12,2275.104569233693,2169.8323187353344,16,13,-3,True
141,2025-11-18 14:00:00,12,2295.9566247113903,2152.726689855593,16,13,-3,True
142,2025-11-18 15:00:00,12,2291.450884207293,2130.5556672006423,16,11,-5,True
143,2025-11-18 16:00:00,12,2287.5338281371373,2107.735952493269,16,11,-5,True
144,2025-11-18 17:00:00,12,2288.948087211959,2116.5028353356847,16,11,-5,True
145,2025-11-18 18:00:00,12,2291.88298680552,2132.8332228526574,16,11,-5,True
146,2025-11-18 19:00:00,12,2294.102312197623,2143.9886769586897,16,11,-5,True
147,2025-11-18 20:00:00,12,2273.689844907801,2164.074459072468,16,13,-3,True
148,2025-11-18 21:00:00,12,2280.362010606901,2189.6202839492626,16,13,-3,True
149,2025-11-18 22:00:00,12,2284.048215199171,2200.122057891246,16,13,-3,True
150,2025-11-18 23:00:00,12,2289.339417114639,2214.476110306868,16,13,-3,True
151,2025-11-19 00:00:00,12,2290.5080671401897,2217.547290015096,16,13,-3,True
152,2025-11-19 01:00:00,12,2290.640412253803,2217.893016219595,16,13,-3,True
153,2025-11-19 02:00:00,12,2290.0177779542046,2216.2628591028147,16,13,-3,True
154,2025-11-19 03:00:00,12,2290.589532503482,2217.7601517767,16,13,-3,True
155,2025-11-19 04:00:00,12,2287.084704332053,2208.45354182386,16,13,-3,True
156,2025-11-19 05:00:00,12,2275.9111667127813,2173.0429076502064,16,13,-3,True
157,2025-11-19 06:00:00,12,2289.642123479166,2120.5645224360096,16,11,-5,True
158,2025-11-19 07:00:00,12,2288.656539699386,2114.752683926001,16,11,-5,True
159,2025-11-19 08:00:00,12,2288.8087485126234,2115.6697956676217,16,11,-5,True
160,2025-11-19 09:00:00,12,2290.917636259832,2127.690515644252,16,11,-5,True
161,2025-11-19 10:00:00,12,2291.88298680552,2132.8332228526574,16,11,-5,True
162,2025-11-19 11:00:00,12,2292.0307382467336,2133.603390456144,16,11,-5,True
163,2025-11-19 12:00:00,12,2293.2419958395635,2139.7641265359925,16,11,-5,True
164,2025-11-19 13:00:00,12,2293.6790791277604,2141.9250839237834,16,11,-5,True
165,2025-11-19 14:00:00,12,2291.7967047534885,2132.381472137828,16,11,-5,True
166,2025-11-19 15:00:00,12,2289.365039056252,2118.9598877617177,16,11,-5,True
167,2025-11-19 16:00:00,12,2286.864970414983,2103.3144315222034,16,11,-5,True
0,2025-11-12 17:00:00,13,1044.3500211713176,1009.5572080175602,36,36,0,False
1,2025-11-12 18:00:00,13,1047.6297030297608,1016.2574714111616,37,36,-1,True
2,2025-11-12 19:00:00,13,1050.787124020611,1022.5045649986248,36,36,0,False
3,2025-11-12 20:00:00,13,1056.279557129342,1032.473995379199,36,36,0,False
4,2025-11-12 21:00:00,13,1052.4727633429827,1029.6497998119924,34,34,0,False
5,2025-11-12 22:00:00,13,1014.4885807140416,1000.5101188950164,34,34,0,False
6,2025-11-12 23:00:00,13,1015.4273724708346,1002.066590560784,34,34,0,False
7,2025-11-13 00:00:00,13,1019.6521145455342,1008.9713938352664,34,34,0,False
8,2025-11-13 01:00:00,13,1014.6761407790292,1005.6401241959502,31,31,0,False
9,2025-11-13 02:00:00,13,1014.7311476625016,1007.4869569231832,31,31,0,False
10,2025-11-13 03:00:00,13,1014.692742318937,1006.1949681268596,31,31,0,False
11,2025-11-13 04:00:00,13,1019.194017063519,1008.22910766532,34,34,0,False
12,2025-11-13 05:00:00,13,1052.2333395432129,1029.5950881641306,34,34,0,False
13,2025-11-13 06:00:00,13,1053.8697458177437,1028.4301186501534,36,36,0,False
14,2025-11-13 07:00:00,13,1053.5585098402566,1027.8391758499902,36,36,0,False
15,2025-11-13 08:00:00,13,1051.8284316556485,1024.5245778805308,36,36,0,False
16,2025-11-13 09:00:00,13,1048.584188364871,1018.166000515972,37,36,-1,True
17,2025-11-13 10:00:00,13,1045.7104424575875,1012.3641948300786,37,36,-1,True
18,2025-11-13 11:00:00,13,1044.7547084736443,1010.3964570403508,36,36,0,False
19,2025-11-13 12:00:00,13,1044.3770512061988,1009.6133775024076,36,36,0,False
20,2025-11-13 13:00:00,13,1044.4490957066116,1009.763008789114,36,36,0,False
21,2025-11-13 14:00:00,13,1043.889393453045,1008.5974682172102,36,36,0,False
22,2025-11-13 15:00:00,13,1041.850163655115,1004.2891089133952,36,36,0,False
23,2025-11-13 16:00:00,13,1043.726313457357,1008.2565247667134,36,36,0,False
24,2025-11-13 17:00:00,13,1043.116960641075,1006.9771325631737,36,36,0,False
25,2025-11-13 18:00:00,13,1042.5589561215206,1005.7978776487948,36,36,0,False
26,2025-11-13 19:00:00,13,1044.943004492408,1010.7857108941328,36,36,0,False
27,2025-11-13 20:00:00,13,1048.661874754563,1018.3205553571822,37,36,-1,True
28,2025-11-13 21:00:00,13,1051.786659345895,1024.4439126909442,36,36,0,False
29,2025-11-13 22:00:00,13,1055.7308340921618,1031.5642045500222,36,36,0,False
30,2025-11-13 23:00:00,13,1057.219719704515,1034.02769984548,36,37,1,True
31,2025-11-14 00:00:00,13,1057.2678282990914,1034.107034122805,36,37,1,True
32,2025-11-14 01:00:00,13,1051.0241966140477,1027.963520643193,34,34,0,False
33,2025-11-14 02:00:00,13,1051.437181193375,1028.728035814662,34,34,0,False
34,2025-11-14 03:00:00,13,1050.817034895732,1027.579042437054,34,34,0,False
35,2025-11-14 04:00:00,13,1053.9433113858172,1028.5695639722412,36,36,0,False
36,2025-11-14 05:00:00,13,1044.9161267399531,1010.7301957928108,36,36,0,False
37,2025-11-14 06:00:00,13,1036.8717791612412,993.3174062906052,36,36,0,False
38,2025-11-14 07:00:00,13,1035.583664063368,990.3597844740124,36,36,0,False
39,2025-11-14 08:00:00,13,1036.0832476347657,991.513221201818,36,36,0,False
40,2025-11-14 09:00:00,13,1038.325857361965,996.594153471583,36,36,0,False
41,2025-11-14 10:00:00,13,1041.2851125658915,1003.0773978933568,36,36,0,False
42,2025-11-14 11:00:00,13,1042.4855460345682,1005.6421818284568,36,36,0,False
43,2025-11-14 12:00:00,13,1044.1786616482116,1009.2007335792088,36,36,0,False
44,2025-11-14 13:00:00,13,1042.4855460345682,1005.6421818284568,36,36,0,False
45,2025-11-14 14:00:00,13,1041.210773714191,1002.9173836404102,36,36,0,False
46,2025-11-14 15:00:00,13,1039.135420409749,998.3916212551962,36,36,0,False
47,2025-11-14 16:00:00,13,1037.8850644138197,995.6075118644546,36,36,0,False
48,2025-11-14 17:00:00,13,1039.5141896086477,999.2262680478632,36,36,0,False
49,2025-11-14 18:00:00,13,1041.8132073856664,1004.2101031559856,36,36,0,False
50,2025-11-14 19:00:00,13,1045.5235883935916,1011.9810408156948,37,36,-1,True
51,2025-11-14 20:00:00,13,1047.070090597443,1015.1300921255024,37,36,-1,True
52,2025-11-14 21:00:00,13,1049.246860953618,1019.480655293037,37,36,-1,True
53,2025-11-14 22:00:00,13,1051.1242529975125,1023.160662115001,36,36,0,False
54,2025-11-14 23:00:00,13,1055.2867318169426,1030.8262279336643,36,36,0,False
55,2025-11-15 00:00:00,13,1056.6785375620868,1033.134123319629,36,37,1,True
56,2025-11-15 01:00:00,13,1057.065539599354,1033.7733365548404,36,37,1,True
57,2025-11-15 02:00:00,13,1050.9843925615464,1027.8896980793477,34,34,0,False
58,2025-11-15 03:00:00,13,1055.9076851076877,1031.8576699703003,36,36,0,False
59,2025-11-15 04:00:00,13,1054.359959316802,1029.281312120583,36,36,0,False
60,2025-11-15 05:00:00,13,1051.8284316556485,1024.5245778805308,36,36,0,False
61,2025-11-15 06:00:00,13,1047.8561438104948,1016.7118705608746,37,36,-1,True
62,2025-11-15 07:00:00,13,1045.5592066372776,1012.0541356235896,37,36,-1,True
63,2025-11-15 08:00:00,13,1046.003364506376,1012.9633485280178,37,36,-1,True
64,2025-11-15 09:00:00,13,1046.9999160930183,1014.9882737195954,37,36,-1,True
65,2025-11-15 10:00:00,13,1049.1782197960413,1019.3448686946808,37,36,-1,True
66,2025-11-15 11:00:00,13,1049.8369022034774,1020.6442285796932,36,36,0,False
67,2025-11-15 12:00:00,13,1049.6918597536612,1020.3588050908212,36,36,0,False
68,2025-11-15 13:00:00,13,1050.024285133458,1021.0123949780782,36,36,0,False
69,2025-11-15 14:00:00,13,1046.04767158802,1013.0538176066216,37,36,-1,True
70,2025-11-15 15:00:00,13,1041.220069045223,1002.9373995246058,36,36,0,False
71,2025-11-15 16:00:00,13,1040.4081811695626,1001.1807362693204,36,36,0,False
72,2025-11-15 17:00:00,13,1042.108480881487,1004.8404001923803,36,36,0,False
73,2025-11-15 18:00:00,13,1045.5146818458531,1011.9627587755622,37,36,-1,True
74,2025-11-15 19:00:00,13,1048.7825983421308,1018.560500856542,37,36,-1,True
75,2025-11-15 20:00:00,13,1052.494342278981,1025.806411885111,36,36,0,False
76,2025-11-15 21:00:00,13,1056.0253352972304,1032.0527690181975,36,36,0,False
77,2025-11-15 22:00:00,13,1052.0147483204294,1029.5321315511237,34,34,0,False
78,2025-11-15 23:00:00,13,1052.2066324182215,1029.5880414055905,34,34,0,False
79,2025-11-16 00:00:00,13,1052.4675711465284,1029.6487799177223,34,34,0,False
80,2025-11-16 01:00:00,13,1052.397169354061,1029.6342075944256,34,34,0,False
81,2025-11-16 02:00:00,13,1052.3288342091832,1029.6187615689407,34,34,0,False
82,2025-11-16 03:00:00,13,1052.7157822384206,1029.6887678482065,34,34,0,False
83,2025-11-16 04:00:00,13,1052.8804593366126,1029.7048832593964,34,34,0,False
84,2025-11-16 05:00:00,13,1052.4102498817988,1029.637019049075,34,34,0,False
85,2025-11-16 06:00:00,13,1050.9445719771247,1027.815820568489,34,34,0,False
86,2025-11-16 07:00:00,13,1053.0732610034552,1026.9146229245252,36,36,0,False
87,2025-11-16 08:00:00,13,1051.376333426486,1023.649919367053,36,36,0,False
88,2025-11-16 09:00:00,13,1050.7280060016,1022.38930335598,36,36,0,False
89,2025-11-16 10:00:00,13,1049.7260067554157,1020.4260368755104,36,36,0,False
90,2025-11-16 11:00:00,13,1049.5380505384824,1020.0557016067532,37,36,-1,True
91,2025-11-16 12:00:00,13,1048.851516707367,1018.697354851392,37,36,-1,True
92,2025-11-16 13:00:00,13,1046.8506301087468,1014.6862415622948,37,36,-1,True
93,2025-11-16 14:00:00,13,1044.593029589916,1010.0616016633808,36,36,0,False
94,2025-11-16 15:00:00,13,1040.2769259329696,1000.8951242050556,36,36,0,False
95,2025-11-16 16:00:00,13,1038.0385981427485,995.9518188692758,36,36,0,False
96,2025-11-16 17:00:00,13,1038.1440197664415,996.1878302593605,36,36,0,False
97,2025-11-16 18:00:00,13,1038.3832129620896,996.7221173552692,36,36,0,False
98,2025-11-16 19:00:00,13,1041.6282237478229,1003.8141305049372,36,36,0,False
99,2025-11-16 20:00:00,13,1043.8350628378066,1008.483949575514,36,36,0,False
100,2025-11-16 21:00:00,13,1046.4808400011186,1013.936118277494,37,36,-1,True
101,2025-11-16 22:00:00,13,1047.9604800092786,1016.9209001943184,37,36,-1,True
102,2025-11-16 23:00:00,13,1049.8283762504934,1020.6274614925048,36,36,0,False
103,2025-11-17 00:00:00,13,1051.786659345895,1024.4439126909442,36,36,0,False
104,2025-11-17 01:00:00,13,1051.9286115997268,1024.7179082537414,36,36,0,False
105,2025-11-17 02:00:00,13,1052.2784251752717,1025.391623887979,36,36,0,False
106,2025-11-17 03:00:00,13,1051.6528665638962,1024.185344363901,36,36,0,False
107,2025-11-17 04:00:00,13,1047.6209833932107,1016.2399533003762,37,36,-1,True
108,2025-11-17 05:00:00,13,1037.9042686672085,995.6506164719192,36,36,0,False
109,2025-11-17 06:00:00,13,1030.8220676787828,978.0806982152336,36,36,0,False
110,2025-11-17 07:00:00,13,1029.1959786797863,973.22675106826,36,36,0,False
111,2025-11-17 08:00:00,13,1028.913786960101,972.365600166732,36,36,0,False
112,2025-11-17 09:00:00,13,1031.2221329540896,979.2483149467504,36,36,0,False
113,2025-11-17 10:00:00,13,1032.696312443063,983.4679231252744,36,36,0,False
114,2025-11-17 11:00:00,13,1034.0703190432357,986.8142229736771,36,36,0,False
115,2025-11-17 12:00:00,13,1033.5609392633403,985.60257341252,36,36,0,False
116,2025-11-17 13:00:00,13,1031.783748556294,980.8708610479932,36,36,0,False
117,2025-11-17 14:00:00,13,1028.8614463487493,972.2052299720528,36,36,0,False
118,2025-11-17 15:00:00,13,1035.8819100117416,961.0684286909684,36,36,0,False
119,2025-11-17 16:00:00,13,1033.4262477245452,952.0989148163104,36,36,0,False
120,2025-11-17 17:00:00,13,1035.307290979182,959.0384653099328,36,36,0,False
121,2025-11-17 18:00:00,13,1036.100499690515,961.8306981352988,36,36,0,False
122,2025-11-17 19:00:00,13,1027.639810131811,968.4021959818314,36,36,0,False
123,2025-11-17 20:00:00,13,1029.799627607934,975.049692942682,36,36,0,False
124,2025-11-17 21:00:00,13,1034.5474701997405,987.9407206152006,36,36,0,False
125,2025-11-17 22:00:00,13,1037.798600888626,995.4133059947656,36,36,0,False
126,2025-11-17 23:00:00,13,1044.0702836700684,1008.9749353927896,36,36,0,False
127,2025-11-18 00:00:00,13,1045.5413991046682,1012.017594887686,37,36,-1,True
128,2025-11-18 01:00:00,13,1046.003364506376,1012.9633485280178,37,36,-1,True
129,2025-11-18 02:00:00,13,1046.6306829268651,1014.2404163554992,37,36,-1,True
130,2025-11-18 03:00:00,13,1047.9344063012024,1016.8686836572308,37,36,-1,True
131,2025-11-18 04:00:00,13,1044.1425486510773,1009.125524153246,36,36,0,False
132,2025-11-18 05:00:00,13,1034.0404243552537,986.743374147862,36,36,0,False
133,2025-11-18 06:00:00,13,1034.423708328462,955.8382319441124,36,36,0,False
134,2025-11-18 07:00:00,13,1033.1700887654556,951.1149112996202,36,36,0,False
135,2025-11-18 08:00:00,13,1033.3302594844404,951.7313777482568,36,36,0,False
136,2025-11-18 09:00:00,13,1027.4171360334235,967.696040443204,36,36,0,False
137,2025-11-18 10:00:00,13,1028.9451788768235,972.4616866405177,36,36,0,False
138,2025-11-18 11:00:00,13,1031.0376767780444,978.7112104330864,36,36,0,False
139,2025-11-18 12:00:00,13,1030.6266108588068,977.5065683097116,36,36,0,False
140,2025-11-18 13:00:00,13,1028.5783579331437,971.3342955393272,36,36,0,False
141,2025-11-18 14:00:00,13,1035.4956873751544,959.708283501838,36,36,0,False
142,2025-11-18 15:00:00,13,1031.5334648868911,944.566683430641,36,36,0,False
143,2025-11-18 16:00:00,13,1028.105661259771,928.8707259117303,36,36,0,False
144,2025-11-18 17:00:00,13,1029.341562476377,934.9160368056092,36,36,0,False
145,2025-11-18 18:00:00,13,1031.912523948945,946.1265742761092,36,36,0,False
146,2025-11-18 19:00:00,13,1033.8624478576069,953.7516903296048,36,36,0,False
147,2025-11-18 20:00:00,13,1027.3321845255507,967.4255355024025,36,36,0,False
148,2025-11-18 21:00:00,13,1033.2300098017824,984.810259553554,36,36,0,False
149,2025-11-18 22:00:00,13,1036.5123318818482,992.4974268986148,36,36,0,False
150,2025-11-18 23:00:00,13,1041.2572418693378,1003.0174227509032,36,36,0,False
151,2025-11-19 00:00:00,13,1042.310983203654,1005.2714265515004,36,36,0,False
152,2025-11-19 01:00:00,13,1042.4304534708472,1005.5252501584188,36,36,0,False
153,2025-11-19 02:00:00,13,1041.8686367389396,1004.3285882820228,36,36,0,False
154,2025-11-19 03:00:00,13,1042.3845200644776,1005.4277021916932,36,36,0,False
155,2025-11-19 04:00:00,13,1039.2302441771403,998.6009462043312,36,36,0,False
156,2025-11-19 05:00:00,13,1029.2898751404846,973.5120054496684,36,36,0,False
157,2025-11-19 06:00:00,13,1029.948770393387,937.7101524227988,36,36,0,False
158,2025-11-19 07:00:00,13,1029.0866277737844,933.710802390582,36,36,0,False
159,2025-11-19 08:00:00,13,1029.2197119060502,934.3424645992512,36,36,0,False
160,2025-11-19 09:00:00,13,1031.0659366124746,942.6027557178834,36,36,0,False
161,2025-11-19 10:00:00,13,1031.912523948945,946.1265742761092,36,36,0,False
162,2025-11-19 11:00:00,13,1032.0421814711813,946.6538114309471,36,36,0,False
163,2025-11-19 12:00:00,13,1033.1059537483902,950.8669380929468,36,36,0,False
164,2025-11-19 13:00:00,13,1033.4901923888872,952.34297732764,36,36,0,False
165,2025-11-19 14:00:00,13,1031.8368184539188,945.817259253848,36,36,0,False
166,2025-11-19 15:00:00,13,1029.7062950988684,936.6067773366084,36,36,0,False
167,2025-11-19 16:00:00,13,1027.5218095617413,925.8138922283846,36,36,0,False
0,2025-11-12 17:00:00,14,2056.2687096718223,2022.6447916669515,19,19,0,False
1,2025-11-12 18:00:00,14,2061.9214485282814,2032.5729668680428,19,19,0,False
2,2025-11-12 19:00:00,14,2067.408448087141,2041.926170555776,19,19,0,False
3,2025-11-12 20:00:00,14,2066.141197765233,2046.274881279185,19,19,0,False
4,2025-11-12 21:00:00,14,1025.6209789788056,1016.5977650376258,35,35,0,False
5,2025-11-12 22:00:00,14,1019.432321611453,1011.7235076811628,33,33,0,False
6,2025-11-12 23:00:00,14,1020.26573971033,1012.9770827707084,33,33,0,False
7,2025-11-13 00:00:00,14,1023.8016072078568,1018.339243736566,33,33,0,False
8,2025-11-13 01:00:00,14,906.6546122300977,900.8868537431164,34,34,0,False
9,2025-11-13 02:00:00,14,907.1411548469528,902.674095554018,34,34,0,False
10,2025-11-13 03:00:00,14,906.8001803157144,901.4234867121564,34,34,0,False
11,2025-11-13 04:00:00,14,1023.436881853786,1017.7807327316248,33,33,0,False
12,2025-11-13 05:00:00,14,1025.3595420229262,1016.426125539644,35,35,0,False
13,2025-11-13 06:00:00,14,2072.8101106315285,2050.8904834858195,19,19,0,False
14,2025-11-13 07:00:00,14,2072.2626688861,2049.9922547368574,19,19,0,False
15,2025-11-13 08:00:00,14,2069.228084866804,2044.9716344861947,19,19,0,False
16,2025-11-13 09:00:00,14,2063.575412686091,2035.42023587923,19,19,0,False
17,2025-11-13 10:00:00,14,2058.607843410219,2026.791504873897,19,19,0,False
18,2025-11-13 11:00:00,14,2056.963712617857,2023.8827397935504,19,19,0,False
19,2025-11-13 12:00:00,14,2056.315108972308,2022.7275963182797,19,19,0,False
20,2025-11-13 13:00:00,14,2056.43879443302,2022.94821597042,19,19,0,False
21,2025-11-13 14:00:00,14,2055.4784776049805,2021.2310313644184,19,19,0,False
22,2025-11-13 15:00:00,14,2051.990694314464,2014.9092624316468,19,19,0,False
23,2025-11-13 16:00:00,14,2055.198918792439,2020.7292886062728,19,19,0,False
24,2025-11-13 17:00:00,14,2054.1553237520825,2018.848764912344,19,19,0,False
25,2025-11-13 18:00:00,14,2053.2010229035945,2017.1185727702416,19,19,0,False
26,2025-11-13 19:00:00,14,2057.28732594485,2024.457450785112,19,19,0,False
27,2025-11-13 20:00:00,14,2063.710209513994,2035.6511973876643,19,19,0,False
28,2025-11-13 21:00:00,14,2069.154991750584,2044.8498159826536,19,19,0,False
29,2025-11-13 22:00:00,14,2067.880021294313,2047.5596426198583,19,19,0,False
30,2025-11-13 23:00:00,14,2063.0599255567786,2043.965724590598,19,19,0,False
31,2025-11-14 00:00:00,14,2062.898698656453,2043.8438148750151,19,19,0,False
32,2025-11-14 01:00:00,14,1024.4467532699057,1015.2210854442494,35,35,0,False
33,2025-11-14 02:00:00,14,1024.695500305436,1015.6836286952388,35,35,0,False
34,2025-11-14 03:00:00,14,1024.3220169601427,1014.9885554462588,35,35,0,False
35,2025-11-14 04:00:00,14,2072.9395760879274,2051.102579778537,19,19,0,False
36,2025-11-14 05:00:00,14,2057.2411234939354,2024.375465084277,19,19,0,False
37,2025-11-14 06:00:00,14,2043.546420851268,1998.983794730164,19,19,0,False
38,2025-11-14 07:00:00,14,2041.3772517672908,1994.731201580857,19,19,0,False
39,2025-11-14 08:00:00,14,2042.217795195964,1996.3876931160944,19,19,0,False
40,2025-11-14 09:00:00,14,2046.002718659107,2003.7148342438757,19,19,0,False
41,2025-11-14 10:00:00,14,2051.027288558553,2013.1384227661024,19,19,0,False
42,2025-11-14 11:00:00,14,2053.075572558409,2016.8903607399368,19,19,0,False
43,2025-11-14 12:00:00,14,2055.9746285975443,2022.119443061884,19,19,0,False
44,2025-11-14 13:00:00,14,2053.075572558409,2016.8903607399368,19,19,0,False
45,2025-11-14 14:00:00,14,2050.9006382236034,2012.9048019226225,19,19,0,False
46,2025-11-14 15:00:00,14,2047.3738381776147,2006.3190052496184,19,19,0,False
47,2025-11-14 16:00:00,14,2045.2572453966347,2002.2881004024832,19,19,0,False
48,2025-11-14 17:00:00,14,2048.016227972893,2007.5304335409448,19,19,0,False
49,2025-11-14 18:00:00,14,2051.927644532892,2014.7937063368745,19,19,0,False
50,2025-11-14 19:00:00,14,2058.2860942181705,2026.224426331033,19,19,0,False
51,2025-11-14 20:00:00,14,2060.9536127616457,2030.8951676940108,19,19,0,False
52,2025-11-14 21:00:00,14,2064.726116489489,2037.386682356348,19,19,0,False
53,2025-11-14 22:00:00,14,2067.997010358619,2042.9141719145125,19,19,0,False
54,2025-11-14 23:00:00,14,2069.2561950508784,2048.566404332914,19,19,0,False
55,2025-11-15 00:00:00,14,2064.849576912156,2045.3118112303684,19,19,0,False
56,2025-11-15 01:00:00,14,2063.574266576679,2044.3539365684223,19,19,0,False
57,2025-11-15 02:00:00,14,1024.4227843470303,1015.176433627338,35,35,0,False
58,2025-11-15 03:00:00,14,2067.324295572483,2047.1505421923027,19,19,0,False
59,2025-11-15 04:00:00,14,2072.041119411192,2050.5746641799424,19,19,0,False
60,2025-11-15 05:00:00,14,2069.228084866804,2044.9716344861947,19,19,0,False
61,2025-11-15 06:00:00,14,2062.313465622906,2033.2500733335544,19,19,0,False
62,2025-11-15 07:00:00,14,2058.347414677184,2026.3325827804551,19,19,0,False
63,2025-11-15 08:00:00,14,2059.1125368076696,2027.6789433769388,19,19,0,False
64,2025-11-15 09:00:00,14,2060.83234497852,2030.684322420699,19,19,0,False
65,2025-11-15 10:00:00,14,2064.6068318139173,2037.1833770789665,19,19,0,False
66,2025-11-15 11:00:00,14,2065.752374331868,2039.1307119201124,19,19,0,False
67,2025-11-15 12:00:00,14,2065.499955111065,2038.702590166161,19,19,0,False
68,2025-11-15 13:00:00,14,2066.078621761465,2039.683246279408,19,19,0,False
69,2025-11-15 14:00:00,14,2059.188908474421,2027.8130137206745,19,19,0,False
70,2025-11-15 15:00:00,14,2050.916473358222,2012.934022194542,19,19,0,False
71,2025-11-15 16:00:00,14,2049.5346905625497,2010.3727139278683,19,19,0,False
72,2025-11-15 17:00:00,14,2052.4315561267185,2015.715964477943,19,19,0,False
73,2025-11-15 18:00:00,14,2058.270761534772,2026.1973767865225,19,19,0,False
74,2025-11-15 19:00:00,14,2063.919735791744,2036.0098795168803,19,19,0,False
75,2025-11-15 20:00:00,14,2070.394409480604,2046.9097354289595,19,19,0,False
76,2025-11-15 21:00:00,14,2066.952138674488,2046.875777895371,19,19,0,False
77,2025-11-15 22:00:00,14,1025.123923380614,1016.2652746243418,35,35,0,False
78,2025-11-15 23:00:00,14,1025.3306018967924,1016.4066785740788,35,35,0,False
79,2025-11-16 00:00:00,14,1025.6152702020638,1016.594095994053,35,35,0,False
80,2025-11-16 01:00:00,14,1025.538038720328,1016.5441095053784,35,35,0,False
81,2025-11-16 02:00:00,14,1025.4633805586484,1016.4951749963594,35,35,0,False
82,2025-11-16 03:00:00,14,1025.8902312940156,1016.7666913016458,35,35,0,False
83,2025-11-16 04:00:00,14,1026.0750885167768,1016.8778680000704,35,35,0,False
84,2025-11-16 05:00:00,14,1025.5523637537322,1016.553430087456,35,35,0,False
85,2025-11-16 06:00:00,14,1024.398806464054,1015.1317506700472,35,35,0,False
86,2025-11-16 07:00:00,14,2071.4100873410084,2048.588859170568,19,19,0,False
87,2025-11-16 08:00:00,14,2068.437440648588,2043.6516572837984,19,19,0,False
88,2025-11-16 09:00:00,14,2067.3052938620085,2041.7527150665017,19,19,0,False
89,2025-11-16 10:00:00,14,2065.5593729209745,2038.803416290389,19,19,0,False
90,2025-11-16 11:00:00,14,2065.2323838977863,2038.2481724121708,19,19,0,False
91,2025-11-16 12:00:00,14,2064.0393790261337,2036.214518649552,19,19,0,False
92,2025-11-16 13:00:00,14,2060.574437364437,2030.235440799556,19,19,0,False
93,2025-11-16 14:00:00,14,2056.685964845779,2023.388617112157,19,19,0,False
94,2025-11-16 15:00:00,14,2049.311551141038,2009.956877568001,19,19,0,False
95,2025-11-16 16:00:00,14,2045.5168172923948,2002.7857689595712,19,19,0,False
96,2025-11-16 17:00:00,14,2045.6951015073969,2003.1270389015472,19,19,0,False
97,2025-11-16 18:00:00,14,2046.0997746760693,2003.9000166709272,19,19,0,False
98,2025-11-16 19:00:00,14,2051.612134265784,2014.2147436398527,19,19,0,False
99,2025-11-16 20:00:00,14,2055.385329311521,2021.0639454797924,19,19,0,False
100,2025-11-16 21:00:00,14,2059.936004842129,2029.1215289701288,19,19,0,False
101,2025-11-16 22:00:00,14,2062.49417035687,2033.5617175756904,19,19,0,False
102,2025-11-16 23:00:00,14,2065.737533846763,2039.1055564334315,19,19,0,False
103,2025-11-17 00:00:00,14,2069.154991750584,2044.8498159826536,19,19,0,False
104,2025-11-17 01:00:00,14,2069.4034131190638,2045.263666755264,19,19,0,False
105,2025-11-17 02:00:00,14,2070.0160059072487,2046.282109218536,19,19,0,False
106,2025-11-17 03:00:00,14,2068.920936718248,2044.4594478651384,19,19,0,False
107,2025-11-17 04:00:00,14,2061.906357529268,2032.5468727769503,19,19,0,False
108,2025-11-17 05:00:00,14,2045.2897080688635,2002.3503920092317,19,19,0,False
109,2025-11-17 06:00:00,14,2033.4124209403808,1972.774903879085,19,17,-2,True
110,2025-11-17 07:00:00,14,2030.7112023935804,1962.2015438096337,19,17,-2,True
111,2025-11-17 08:00:00,14,2030.2433820598908,1960.331742638171,19,17,-2,True
112,2025-11-17 09:00:00,14,2034.0784408326435,1975.3270263951451,19,17,-2,True
113,2025-11-17 10:00:00,14,2036.537599986773,1984.5785234132584,19,18,-1,True
114,2025-11-17 11:00:00,14,2038.836792663501,1989.6547833910304,19,18,-1,True
115,2025-11-17 12:00:00,14,2037.9836120142932,1987.9252606954708,19,18,-1,True
116,2025-11-17 13:00:00,14,2035.0143758095503,1978.879164864684,19,17,-2,True
117,2025-11-17 14:00:00,14,2030.15664191162,1959.9837337580368,19,17,-2,True
118,2025-11-17 15:00:00,14,2067.424534856872,1935.968356460295,19,17,-2,True
119,2025-11-17 16:00:00,14,2063.460416301943,1916.8407751229072,19,17,-2,True
120,2025-11-17 17:00:00,14,2066.4950764743576,1931.622854706091,19,17,-2,True
121,2025-11-17 18:00:00,14,2067.7784100502213,1937.602652214318,19,17,-2,True
122,2025-11-17 19:00:00,14,2028.1348259921583,1951.7493318481688,19,17,-2,True
123,2025-11-17 20:00:00,14,2031.7128771686428,1966.1656545944927,19,17,-2,True
124,2025-11-17 21:00:00,14,2039.636864763511,1991.26515575437,19,18,-1,True
125,2025-11-17 22:00:00,14,2045.1111060729695,2002.0074933687124,19,19,0,False
126,2025-11-17 23:00:00,14,2055.7886981200127,2021.7868223113385,19,19,0,False
127,2025-11-18 00:00:00,14,2058.3167565023123,2026.2785128983385,19,19,0,False
128,2025-11-18 01:00:00,14,2059.1125368076696,2027.6789433769388,19,19,0,False
129,2025-11-18 02:00:00,14,2060.1946326250195,2029.573244435043,19,19,0,False
130,2025-11-18 03:00:00,14,2062.449007548068,2033.4838576095171,19,19,0,False
131,2025-11-18 04:00:00,14,2055.9126685691385,2022.00864036884,19,19,0,False
132,2025-11-18 05:00:00,14,2038.786694335104,1989.5535796353693,19,18,-1,True
133,2025-11-18 06:00:00,14,2065.068092670338,1924.791926881475,19,17,-2,True
134,2025-11-18 07:00:00,14,2063.048094331003,1914.7538574518844,19,17,-2,True
135,2025-11-18 08:00:00,14,2063.3058843401,1916.0610221147915,19,17,-2,True
136,2025-11-18 09:00:00,14,2027.7668558752976,1950.2242022095156,19,17,-2,True
137,2025-11-18 10:00:00,14,2030.2954101140333,1960.540283674689,19,17,-2,True
138,2025-11-18 11:00:00,14,2033.7712910357093,1974.1526265167208,19,17,-2,True
139,2025-11-18 12:00:00,14,2033.0872367902905,1971.5212409203,19,17,-2,True
140,2025-11-18 13:00:00,14,2029.687666705208,1958.0948702588455,19,17,-2,True
141,2025-11-18 14:00:00,14,2066.799685226826,1933.0556435331928,19,17,-2,True
142,2025-11-18 15:00:00,14,2060.418958310669,1900.923470238234,19,18,-1,True
143,2025-11-18 16:00:00,14,2054.9412027676303,1868.176296290936,19,18,-1,True
144,2025-11-18 17:00:00,14,2056.911778165328,1880.7215279870125,19,18,-1,True
145,2025-11-18 18:00:00,14,2061.0270929406183,1904.2090525233104,19,18,-1,True
146,2025-11-18 19:00:00,14,2064.1630521587267,1920.3511425064005,19,17,-2,True
147,2025-11-18 20:00:00,14,2027.6265180764865,1949.640293453967,19,17,-2,True
148,2025-11-18 21:00:00,14,2037.4298377498455,1986.7957359922575,19,18,-1,True
149,2025-11-18 22:00:00,14,2042.9404806880684,1997.8031314956183,19,19,0,False
150,2025-11-18 23:00:00,14,2050.979802915823,2013.0508527846216,19,19,0,False
151,2025-11-19 00:00:00,14,2052.777351627364,2016.347132793269,19,19,0,False
152,2025-11-19 01:00:00,14,2052.981439575306,2016.719001596518,19,19,0,False
153,2025-11-19 02:00:00,14,2052.0222126794038,2014.967011032473,19,19,0,False
154,2025-11-19 03:00:00,14,2052.902965784921,2016.5760709332983,19,19,0,False
155,2025-11-19 04:00:00,14,2047.534605397617,2006.622693598154,19,19,0,False
156,2025-11-19 05:00:00,14,2030.8669268322635,1962.8213111553985,19,17,-2,True
157,2025-11-19 06:00:00,14,2057.881762389038,1886.5483925564463,19,18,-1,True
158,2025-11-19 07:00:00,14,2056.5048922825586,1878.2136890144843,19,18,-1,True
159,2025-11-19 08:00:00,14,2056.7172733624207,1879.5276268263688,19,18,-1,True
160,2025-11-19 09:00:00,14,2059.669550319408,1896.7948836155704,19,18,-1,True
161,2025-11-19 10:00:00,14,2061.0270929406183,1904.2090525233104,19,18,-1,True
162,2025-11-19 11:00:00,14,2061.2352163465152,1905.320842488225,19,18,-1,True
163,2025-11-19 12:00:00,14,2062.944895325438,1914.228301304654,19,17,-2,True
164,2025-11-19 13:00:00,14,2063.5633785269706,1917.35874332824,19,17,-2,True
165,2025-11-19 14:00:00,14,2060.9055981822685,1903.5570970952356,19,18,-1,True
166,2025-11-19 15:00:00,14,2057.494275307602,1884.245254540736,19,18,-1,True
167,2025-11-19 16:00:00,14,2054.0120036601343,1861.8649150844883,19,18,-1,True
0,2025-11-12 17:00:00,15,2609.2926294940044,2321.495938706355,13,12,-1,True
1,2025-11-12 18:00:00,15,2616.936557394929,2344.434253364196,13,12,-1,True
2,2025-11-12 19:00:00,15,2624.31278284408,2365.994502302675,13,11,-2,True
3,2025-11-12 20:00:00,15,2637.185916245587,2400.2928738096853,13,11,-2,True
4,2025-11-12 21:00:00,15,2587.4034193290327,2363.703900657324,12,11,-1,True
5,2025-11-12 22:00:00,15,2159.141067712032,1908.376920780363,14,15,1,True
6,2025-11-12 23:00:00,15,2160.7324588999786,1912.0683821053908,14,14,0,False
7,2025-11-13 00:00:00,15,2167.87436388498,1928.4444252409423,14,14,0,False
8,2025-11-13 01:00:00,15,2135.094831107608,1908.2959441433936,14,12,-2,True
9,2025-11-13 02:00:00,15,2133.8107598674487,1912.6663840766664,14,12,-2,True
10,2025-11-13 03:00:00,15,2134.710762136277,1909.607624426577,14,12,-2,True
11,2025-11-13 04:00:00,15,2167.1033597425303,1926.684916334972,14,14,0,False
12,2025-11-13 05:00:00,15,2587.639059212947,2364.9292541566697,12,11,-1,True
13,2025-11-13 06:00:00,15,2631.531525023981,2386.6145136569403,13,11,-2,True
14,2025-11-13 07:00:00,15,2630.801885011712,2384.5502728285182,13,11,-2,True
15,2025-11-13 08:00:00,15,2626.7493138785558,2373.0045211592965,13,11,-2,True
16,2025-11-13 09:00:00,15,2619.164555095472,2351.0025744889035,13,12,-1,True
17,2025-11-13 10:00:00,15,2612.461199871666,2331.083321754727,13,12,-1,True
18,2025-11-13 11:00:00,15,2610.2348768513407,2324.359146397602,13,12,-1,True
19,2025-11-13 12:00:00,15,2609.355556233476,2321.6874818808,13,12,-1,True
20,2025-11-13 13:00:00,15,2609.523283749311,2322.197798793998,13,12,-1,True
21,2025-11-13 14:00:00,15,2608.220454241268,2318.2250355897663,13,12,-1,True
22,2025-11-13 15:00:00,15,2603.477892119476,2303.5848342426552,13,12,-1,True
23,2025-11-13 16:00:00,15,2607.8409440327805,2317.0639197706428,13,12,-1,True
24,2025-11-13 17:00:00,15,2606.423267212899,2312.71079368241,13,12,-1,True
25,2025-11-13 18:00:00,15,2605.12556663394,2308.703865276854,13,12,-1,True
26,2025-11-13 19:00:00,15,2610.673383135734,2325.6880806611425,13,12,-1,True
27,2025-11-13 20:00:00,15,2619.345962617827,2351.535181771665,13,12,-1,True
28,2025-11-13 21:00:00,15,2626.651533917693,2372.7242148466294,13,11,-2,True
29,2025-11-13 22:00:00,15,2635.9039661684915,2397.2269242858483,13,11,-2,True
30,2025-11-13 23:00:00,15,2639.373542635319,2405.522283551893,13,11,-2,True
31,2025-11-14 00:00:00,15,2639.4851768550006,2405.789076568256,13,11,-2,True
32,2025-11-14 01:00:00,15,2586.1291019195496,2361.541272083989,12,11,-1,True
33,2025-11-14 02:00:00,15,2587.0590356644893,2364.16723470542,12,11,-1,True
34,2025-11-14 03:00:00,15,2585.6627575394587,2360.22183300943,12,11,-1,True
35,2025-11-14 04:00:00,15,2631.7040138634543,2387.1018762365507,13,11,-2,True
36,2025-11-14 05:00:00,15,2610.6107863512198,2325.4985122595194,13,12,-1,True
37,2025-11-14 06:00:00,15,2591.926386271828,2266.599692677095,13,12,-1,True
38,2025-11-14 07:00:00,15,2588.9434033885336,2256.6975233250846,13,12,-1,True
39,2025-11-14 08:00:00,15,2590.1000476078448,2260.555994656316,13,12,-1,True
40,2025-11-14 09:00:00,15,2595.296550250041,2277.602898073259,13,12,-1,True
41,2025-11-14 10:00:00,15,2602.164917568248,2299.4796986973074,13,12,-1,True
42,2025-11-14 11:00:00,15,2604.954879699253,2308.175223054189,13,12,-1,True
43,2025-11-14 12:00:00,15,2608.89372662473,2320.280614940478,13,12,-1,True
44,2025-11-14 13:00:00,15,2604.954879699253,2308.175223054189,13,12,-1,True
45,2025-11-14 14:00:00,15,2601.9922173654086,2298.937985145907,13,12,-1,True
46,2025-11-14 15:00:00,15,2597.1742335275403,2283.653760303704,13,12,-1,True
47,2025-11-14 16:00:00,15,2594.2745874275583,2274.28610817592,13,12,-1,True
48,2025-11-14 17:00:00,15,2598.053074586114,2286.4671602343046,13,12,-1,True
49,2025-11-14 18:00:00,15,2603.392004098667,2303.3170095816395,13,12,-1,True
50,2025-11-14 19:00:00,15,2612.0258176163347,2329.7727832540218,13,12,-1,True
51,2025-11-14 20:00:00,15,2615.63100872037,2340.5616787106096,13,12,-1,True
52,2025-11-14 21:00:00,15,2620.712315218953,2355.5363579935697,13,12,-1,True
53,2025-11-14 22:00:00,15,2625.1014081675644,2368.269213592112,13,11,-2,True
54,2025-11-14 23:00:00,15,2634.8637476503445,2394.738006054693,13,11,-2,True
55,2025-11-15 00:00:00,15,2638.115670863804,2402.51573488968,13,11,-2,True
56,2025-11-15 01:00:00,15,2639.0155687185943,2404.666733994692,13,11,-2,True
57,2025-11-15 02:00:00,15,2586.039491797193,2361.2878699078283,12,11,-1,True
58,2025-11-15 03:00:00,15,2636.317538174989,2398.216185867587,13,11,-2,True
59,2025-11-15 04:00:00,15,2632.685472516817,2389.522105746176,13,11,-2,True
60,2025-11-15 05:00:00,15,2626.7493138785558,2373.0045211592965,13,11,-2,True
61,2025-11-15 06:00:00,15,2617.4649835785926,2345.996662460096,13,12,-1,True
62,2025-11-15 07:00:00,15,2612.1088060480824,2330.0227505509392,13,12,-1,True
63,2025-11-15 08:00:00,15,2613.1438430568446,2333.13386168921,13,12,-1,True
64,2025-11-15 09:00:00,15,2615.46733226866,2340.074910948308,13,12,-1,True
65,2025-11-15 10:00:00,15,2620.551959200332,2355.0677203470423,13,12,-1,True
66,2025-11-15 11:00:00,15,2622.091080270681,2359.55559123505,13,11,-2,True
67,2025-11-15 12:00:00,15,2621.7520990313337,2358.569107883547,13,11,-2,True
68,2025-11-15 13:00:00,15,2622.529071152887,2360.828601825417,13,11,-2,True
69,2025-11-15 14:00:00,15,2613.247111269796,2333.443610018494,13,12,-1,True
70,2025-11-15 15:00:00,15,2602.01381133934,2299.0057420555167,13,12,-1,True
71,2025-11-15 16:00:00,15,2600.1282108490896,2293.06459063279,13,12,-1,True
72,2025-11-15 17:00:00,15,2604.0782917909783,2305.4543130465017,13,12,-1,True
73,2025-11-15 18:00:00,15,2612.00506620412,2329.710266292297,13,12,-1,True
74,2025-11-15 19:00:00,15,2619.6278881335184,2352.3622607878915,13,12,-1,True
75,2025-11-15 20:00:00,15,2628.3084993864486,2377.4630708911045,13,11,-2,True
76,2025-11-15 21:00:00,15,2636.5924545497955,2398.873701846145,13,11,-2,True
77,2025-11-15 22:00:00,15,2587.8315844374383,2365.964669371175,12,11,-1,True
78,2025-11-15 23:00:00,15,2587.663705733745,2365.059895009012,12,11,-1,True
79,2025-11-16 00:00:00,15,2587.408818075407,2363.7315402563795,12,11,-1,True
80,2025-11-16 01:00:00,15,2587.4807343122634,2364.1015530558834,12,11,-1,True
81,2025-11-16 02:00:00,15,2587.54828507205,2364.452374077857,12,11,-1,True
82,2025-11-16 03:00:00,15,2587.1356055294177,2362.354178466828,12,11,-1,True
83,2025-11-16 04:00:00,15,2586.9364376983644,2361.373831847,12,11,-1,True
84,2025-11-16 05:00:00,15,2587.467552330172,2364.0334705063437,12,11,-1,True
85,2025-11-16 06:00:00,15,2585.94984765497,2361.034307917,12,11,-1,True
86,2025-11-16 07:00:00,15,2629.6646656864555,2381.3242577376486,13,11,-2,True
87,2025-11-16 08:00:00,15,2625.6912185997253,2369.966814622284,13,11,-2,True
88,2025-11-16 09:00:00,15,2624.1745127090194,2365.5950957899204,13,11,-2,True
89,2025-11-16 10:00:00,15,2621.831901249013,2358.801441553357,13,11,-2,True
90,2025-11-16 11:00:00,15,2621.3926692783857,2357.521924884545,13,11,-2,True
91,2025-11-16 12:00:00,15,2619.788844348643,2352.834103327566,13,12,-1,True
92,2025-11-16 13:00:00,15,2615.119162083487,2339.038518788941,13,12,-1,True
93,2025-11-16 14:00:00,15,2609.858402673706,2323.21641123926,13,12,-1,True
94,2025-11-16 15:00:00,15,2599.8234656847094,2292.099661020733,13,12,-1,True
95,2025-11-16 16:00:00,15,2594.630517871775,2275.44319981831,13,12,-1,True
96,2025-11-16 17:00:00,15,2594.874931980992,2276.23657407918,13,12,-1,True
97,2025-11-16 18:00:00,15,2595.429547983376,2278.033309390876,13,12,-1,True
98,2025-11-16 19:00:00,15,2602.9621254842223,2301.9750289671365,13,12,-1,True
99,2025-11-16 20:00:00,15,2608.0940145126933,2317.8383871613623,13,12,-1,True
100,2025-11-16 21:00:00,15,2614.256884783811,2336.46620087077,13,12,-1,True
101,2025-11-16 22:00:00,15,2617.708493757343,2346.715690474054,13,12,-1,True
102,2025-11-16 23:00:00,15,2622.0711530913272,2359.4976303861063,13,11,-2,True
103,2025-11-17 00:00:00,15,2626.651533917693,2372.7242148466294,13,11,-2,True
104,2025-11-17 01:00:00,15,2626.9838265102185,2373.6764601657696,13,11,-2,True
105,2025-11-17 02:00:00,15,2627.802854393563,2376.019449710735,13,11,-2,True
106,2025-11-17 03:00:00,15,2626.3383753399244,2371.82591880599,13,11,-2,True
107,2025-11-17 04:00:00,15,2616.9162108408395,2344.374036748011,13,12,-1,True
108,2025-11-17 05:00:00,15,2594.3191059263386,2274.4309459190235,13,12,-1,True
109,2025-11-17 06:00:00,15,2577.936447485663,2215.5446649166647,13,12,-1,True
110,2025-11-17 07:00:00,15,2574.1844485303845,2199.2397386811645,13,12,-1,True
111,2025-11-17 08:00:00,15,2573.533671789087,2196.3525852320445,13,12,-1,True
112,2025-11-17 09:00:00,15,2578.860074644997,2219.474881695111,13,12,-1,True
113,2025-11-17 10:00:00,15,2582.2653232100456,2233.70497944942,13,12,-1,True
114,2025-11-17 11:00:00,15,2585.4418031726823,2244.8623426403065,13,12,-1,True
115,2025-11-17 12:00:00,15,2584.263901274444,2240.826421700439,13,12,-1,True
116,2025-11-17 13:00:00,15,2580.1570264870284,2224.941702172576,13,12,-1,True
117,2025-11-17 14:00:00,15,2573.4129775684387,2195.815098858284,13,12,-1,True
118,2025-11-17 15:00:00,15,2601.3124849137967,2158.6251117400448,13,12,-1,True
119,2025-11-17 16:00:00,15,2595.681587036388,2128.857602736435,13,13,0,False
120,2025-11-17 17:00:00,15,2599.9941908044043,2151.87415473579,13,12,-1,True
121,2025-11-17 18:00:00,15,2601.8140845479093,2161.1623216757494,13,12,-1,True
122,2025-11-17 19:00:00,15,2570.5969425794037,2183.0856108548187,13,12,-1,True
123,2025-11-17 20:00:00,15,2575.576895789106,2205.356926191881,13,12,-1,True
124,2025-11-17 21:00:00,15,2586.545500920028,2248.61852161659,13,12,-1,True
125,2025-11-17 22:00:00,15,2594.074157911284,2273.6336236641746,13,12,-1,True
126,2025-11-17 23:00:00,15,2608.6414609635717,2319.5110600860403,13,12,-1,True
127,2025-11-18 00:00:00,15,2612.0673152751456,2329.8977870047847,13,12,-1,True
128,2025-11-18 01:00:00,15,2613.1438430568446,2333.13386168921,13,12,-1,True
129,2025-11-18 02:00:00,15,2614.606261295837,2337.5094147852124,13,12,-1,True
130,2025-11-18 03:00:00,15,2617.647638608023,2346.536056348211,13,12,-1,True
131,2025-11-18 04:00:00,15,2608.8096662312814,2320.0242676680155,13,12,-1,True
132,2025-11-18 05:00:00,15,2585.3726642030374,2244.6262311663054,13,12,-1,True
133,2025-11-18 06:00:00,15,2597.9678820216163,2141.248087138696,13,13,0,False
134,2025-11-18 07:00:00,15,2595.0946392287537,2125.60154367539,13,13,0,False
135,2025-11-18 08:00:00,15,2595.4616357002888,2127.6412079891543,13,13,0,False
136,2025-11-18 09:00:00,15,2570.083850653022,2180.72542011564,13,12,-1,True
137,2025-11-18 10:00:00,15,2573.606061282266,2196.6746497236268,13,12,-1,True
138,2025-11-18 11:00:00,15,2578.4341962661024,2217.6665848271477,13,12,-1,True
139,2025-11-18 12:00:00,15,2577.485274114418,2213.613295143946,13,12,-1,True
140,2025-11-18 13:00:00,15,2572.7602533703453,2192.897122798673,13,12,-1,True
141,2025-11-18 14:00:00,15,2600.426364801014,2154.100816319509,13,12,-1,True
142,2025-11-18 15:00:00,15,2591.346461262714,2103.980290700787,13,13,0,False
143,2025-11-18 16:00:00,15,2583.5064792584617,2052.4731299445443,13,14,1,True
144,2025-11-18 17:00:00,15,2586.331613336106,2072.259232907164,13,14,1,True
145,2025-11-18 18:00:00,15,2592.2142896506407,2109.123514385744,13,13,0,False
146,2025-11-18 19:00:00,15,2596.6812566402773,2134.330828288295,13,13,0,False
147,2025-11-18 20:00:00,15,2569.8881192685576,2179.8215914352268,13,12,-1,True
148,2025-11-18 21:00:00,15,2583.498841175202,2238.1895986897216,13,12,-1,True
149,2025-11-18 22:00:00,15,2591.093751516869,2263.851635265247,13,12,-1,True
150,2025-11-18 23:00:00,15,2602.100168807838,2299.2766475952417,13,12,-1,True
151,2025-11-19 00:00:00,15,2604.5490346585943,2306.9167401994714,13,12,-1,True
152,2025-11-19 01:00:00,15,2604.826788639777,2307.7782579947952,13,12,-1,True
153,2025-11-19 02:00:00,15,2603.520825181068,2303.7186754084246,13,12,-1,True
154,2025-11-19 03:00:00,15,2604.719996375187,2307.447136422204,13,12,-1,True
155,2025-11-19 04:00:00,15,2597.3942288864714,2284.35912327011,13,12,-1,True
156,2025-11-19 05:00:00,15,2574.401010461901,2200.1964660132567,13,12,-1,True
157,2025-11-19 06:00:00,15,2587.72027479234,2081.4260528663845,13,14,1,True
158,2025-11-19 07:00:00,15,2585.748715735452,2068.309424432692,13,14,1,True
159,2025-11-19 08:00:00,15,2586.0529976287776,2070.3791953885416,13,14,1,True
160,2025-11-19 09:00:00,15,2590.276326356532,2097.5112842163576,13,13,0,False
161,2025-11-19 10:00:00,15,2592.2142896506407,2109.123514385744,13,13,0,False
162,2025-11-19 11:00:00,15,2592.5111709211,2110.862928304901,13,13,0,False
163,2025-11-19 12:00:00,15,2594.9476965648537,2124.7812956592134,13,13,0,False
164,2025-11-19 13:00:00,15,2595.8281187151883,2129.6654919116745,13,13,0,False
165,2025-11-19 14:00:00,15,2592.040953560589,2108.1032910804265,13,13,0,False
166,2025-11-19 15:00:00,15,2587.165691202081,2077.8044840219386,13,14,1,True
167,2025-11-19 16:00:00,15,2582.172470320813,2042.492396838936,13,14,1,True
0,2025-11-12 17:00:00,16,1912.6180930318235,1783.242715830848,21,22,1,True
1,2025-11-12 18:00:00,16,1918.4687333687984,1799.6649494686935,21,22,1,True
2,2025-11-12 19:00:00,16,1924.1106516837,1815.067889437896,21,21,0,False
3,2025-11-12 20:00:00,16,1933.883425325787,1839.525698729421,21,21,0,False
4,2025-11-12 21:00:00,16,1906.2266991590689,1817.5371958062065,20,20,0,False
5,2025-11-12 22:00:00,16,1708.7907613937325,1600.7256544794436,22,21,-1,True
6,2025-11-12 23:00:00,16,1710.1832684135068,1603.7401704355614,22,21,-1,True
7,2025-11-13 00:00:00,16,1716.428993190406,1617.103308745426,22,21,-1,True
8,2025-11-13 01:00:00,16,1695.1086285521574,1602.308999082205,22,21,-1,True
9,2025-11-13 02:00:00,16,1694.4914543129976,1605.8808751779627,22,21,-1,True
10,2025-11-13 03:00:00,16,1694.924128749887,1603.3813175089165,22,21,-1,True
11,2025-11-13 04:00:00,16,1715.7544993093595,1615.668131545483,22,21,-1,True
12,2025-11-13 05:00:00,16,1906.1417255705144,1818.1018460028724,20,20,0,False
13,2025-11-13 06:00:00,16,1929.628447927303,1829.768384040094,21,21,0,False
14,2025-11-13 07:00:00,16,1929.0708981231155,1828.298124515669,21,21,0,False
15,2025-11-13 08:00:00,16,1925.973472215453,1820.0689264943576,21,21,0,False
16,2025-11-13 09:00:00,16,1920.173278711328,1804.360856252661,21,22,1,True
17,2025-11-13 10:00:00,16,1915.0437950967323,1790.110899609019,21,22,1,True
18,2025-11-13 11:00:00,16,1913.3395033592824,1785.2944916069405,21,22,1,True
19,2025-11-13 12:00:00,16,1912.6662733599571,1783.3799926534507,21,22,1,True
20,2025-11-13 13:00:00,16,1912.7946938595276,1783.745719179855,21,22,1,True
21,2025-11-13 14:00:00,16,1911.7971323461784,1780.8981234375597,21,22,1,True
22,2025-11-13 15:00:00,16,1908.164826441148,1770.395409286046,21,22,1,True
23,2025-11-13 16:00:00,16,1911.5065238949971,1780.0656631639995,21,22,1,True
24,2025-11-13 17:00:00,16,1910.4208562514168,1776.9439092339862,21,22,1,True
25,2025-11-13 18:00:00,16,1909.4269468281132,1774.0693302327743,21,22,1,True
26,2025-11-13 19:00:00,16,1913.6752149931333,1786.2466220493177,21,22,1,True
27,2025-11-13 20:00:00,16,1920.3120507078063,1804.7415047220647,21,21,0,False
28,2025-11-13 21:00:00,16,1925.8987236948592,1819.869019587757,21,21,0,False
29,2025-11-13 22:00:00,16,1932.919202200262,1837.3385010549332,21,21,0,False
30,2025-11-13 23:00:00,16,1935.5296047380136,1843.256088216536,21,21,0,False
31,2025-11-14 00:00:00,16,1935.6136353360264,1843.446398474984,21,21,0,False
32,2025-11-14 01:00:00,16,1904.5602676886372,1815.1980823105264,20,20,0,False
33,2025-11-14 02:00:00,16,1905.276527950336,1817.0712630160212,20,20,0,False
34,2025-11-14 03:00:00,16,1904.2010473175176,1814.256680662392,20,20,0,False
35,2025-11-14 04:00:00,16,1929.760248716684,1830.11546334044,21,21,0,False
36,2025-11-14 05:00:00,16,1913.6272929550491,1786.1108107194225,21,22,1,True
37,2025-11-14 06:00:00,16,1899.311167674898,1743.8014314156014,21,22,1,True
38,2025-11-14 07:00:00,16,1897.023385751979,1736.6666946412686,21,22,1,True
39,2025-11-14 08:00:00,16,1897.9105391555663,1739.4475380651115,21,22,1,True
40,2025-11-14 09:00:00,16,1901.8951694514035,1751.7222869390796,21,22,1,True
41,2025-11-14 10:00:00,16,1907.1589539104837,1767.4479358552364,21,22,1,True
42,2025-11-14 11:00:00,16,1909.2962090680064,1773.6900031707005,21,22,1,True
43,2025-11-14 12:00:00,16,1912.3126637576756,1782.3716506688531,21,22,1,True
44,2025-11-14 13:00:00,16,1909.2962090680064,1773.6900031707005,21,22,1,True
45,2025-11-14 14:00:00,16,1907.0266391758785,1767.0589062872114,21,22,1,True
46,2025-11-14 15:00:00,16,1903.334508582176,1756.0748579880126,21,22,1,True
47,2025-11-14 16:00:00,16,1901.111682606465,1749.3354373592715,21,22,1,True
48,2025-11-14 17:00:00,16,1904.008102306726,1758.097833225349,21,22,1,True
49,2025-11-14 18:00:00,16,1908.0990310454529,1770.2031452354468,21,22,1,True
50,2025-11-14 19:00:00,16,1914.7105286425444,1789.1724202838443,21,22,1,True
51,2025-11-14 20:00:00,16,1917.4697549141329,1796.8949396137823,21,22,1,True
52,2025-11-14 21:00:00,16,1921.357201416364,1807.6004741628883,21,21,0,False
53,2025-11-14 22:00:00,16,1924.713630984807,1816.6910802253276,21,21,0,False
54,2025-11-14 23:00:00,16,1932.1370252709376,1835.5628864707217,21,21,0,False
55,2025-11-15 00:00:00,16,1934.582943498706,1841.111400326762,21,21,0,False
56,2025-11-15 01:00:00,16,1935.2601640756304,1842.6457990356723,21,21,0,False
57,2025-11-15 02:00:00,16,1904.4912434303956,1815.017293944066,20,20,0,False
58,2025-11-15 03:00:00,16,1933.2302375273157,1838.0442329191585,21,21,0,False
59,2025-11-15 04:00:00,16,1930.499731971351,1831.8416346372296,21,21,0,False
60,2025-11-15 05:00:00,16,1925.973472215453,1820.0689264943576,21,21,0,False
61,2025-11-15 06:00:00,16,1918.873040565049,1800.782234345867,21,22,1,True
62,2025-11-15 07:00:00,16,1914.7740537344373,1789.351431231654,21,22,1,True
63,2025-11-15 08:00:00,16,1915.5663029681505,1791.579065066882,21,22,1,True
64,2025-11-15 09:00:00,16,1917.3445048368303,1796.5466879905637,21,22,1,True
65,2025-11-15 10:00:00,16,1921.234548554792,1807.2656747496785,21,21,0,False
66,2025-11-15 11:00:00,16,1922.411715519744,1810.4712274194464,21,21,0,False
67,2025-11-15 12:00:00,16,1922.1524663868136,1809.766731995117,21,21,0,False
68,2025-11-15 13:00:00,16,1922.746674331052,1811.380245291953,21,21,0,False
69,2025-11-15 14:00:00,16,1915.6453436014108,1791.8008171933257,21,22,1,True
70,2025-11-15 15:00:00,16,1907.0431835695508,1767.107566691951,21,22,1,True
71,2025-11-15 16:00:00,16,1905.598396075383,1762.8397407565565,21,22,1,True
72,2025-11-15 17:00:00,16,1908.624754679963,1771.7373281927707,21,22,1,True
73,2025-11-15 18:00:00,16,1914.6946440008371,1789.1276488932128,21,22,1,True
74,2025-11-15 19:00:00,16,1920.5277118135327,1805.332570077907,21,21,0,False
75,2025-11-15 20:00:00,16,1927.1653113724983,1823.2478859571297,21,21,0,False
76,2025-11-15 21:00:00,16,1933.437011983133,1838.51329515622,21,21,0,False
77,2025-11-15 22:00:00,16,1906.053968312366,1818.5657091050668,20,20,0,False
78,2025-11-15 23:00:00,16,1906.131509508372,1818.1610838105216,20,20,0,False
79,2025-11-16 00:00:00,16,1906.2249862958208,1817.550102106666,20,20,0,False
80,2025-11-16 01:00:00,16,1906.201182463585,1817.72215103274,20,20,0,False
81,2025-11-16 02:00:00,16,1906.1770627846709,1817.8839843655385,20,20,0,False
82,2025-11-16 03:00:00,16,1906.3000613753188,1816.8983555713185,20,20,0,False
83,2025-11-16 04:00:00,16,1906.341813958927,1816.4246884422157,20,20,0,False
84,2025-11-16 05:00:00,16,1906.205686150421,1817.690597100408,20,20,0,False
85,2025-11-16 06:00:00,16,1904.4221922462848,1814.8363865097635,20,20,0,False
86,2025-11-16 07:00:00,16,1928.2018246457155,1825.9997650654848,21,21,0,False
87,2025-11-16 08:00:00,16,1925.164569016224,1817.9022169583557,21,21,0,False
88,2025-11-16 09:00:00,16,1924.0049265124285,1814.7828427580787,21,21,0,False
89,2025-11-16 10:00:00,16,1922.2134989649971,1809.932658808908,21,21,0,False
90,2025-11-16 11:00:00,16,1921.8775697469775,1809.018813753012,21,21,0,False
91,2025-11-16 12:00:00,16,1920.6508340495664,1805.669747397788,21,21,0,False
92,2025-11-16 13:00:00,16,1917.0780685404304,1795.8051613539465,21,22,1,True
93,2025-11-16 14:00:00,16,1913.051271742287,1784.47567213431,21,22,1,True
94,2025-11-16 15:00:00,16,1905.3648710619389,1762.146370260312,21,22,1,True
95,2025-11-16 16:00:00,16,1901.3845644017567,1750.168189768804,21,22,1,True
96,2025-11-16 17:00:00,16,1901.5719447963168,1750.7391280788063,21,22,1,True
97,2025-11-16 18:00:00,16,1901.997126821572,1752.031971451829,21,22,1,True
98,2025-11-16 19:00:00,16,1907.7697105765108,1769.239704054019,21,22,1,True
99,2025-11-16 20:00:00,16,1911.7003127162209,1780.620926250478,21,22,1,True
100,2025-11-16 21:00:00,16,1916.4181772137945,1793.9643839755156,21,22,1,True
101,2025-11-16 22:00:00,16,1919.059347548944,1801.2963580788412,21,22,1,True
102,2025-11-16 23:00:00,16,1922.3964756522016,1810.4298366556911,21,21,0,False
103,2025-11-17 00:00:00,16,1925.8987236948592,1819.869019587757,21,21,0,False
104,2025-11-17 01:00:00,16,1926.152744186157,1820.548112380156,21,21,0,False
105,2025-11-17 02:00:00,16,1926.7788156856177,1822.21873615832,21,21,0,False
106,2025-11-17 03:00:00,16,1925.659323112804,1819.228341214036,21,21,0,False
107,2025-11-17 04:00:00,16,1918.4531655144292,1799.6218849972752,21,22,1,True
108,2025-11-17 05:00:00,16,1901.14581415001,1749.4396808906754,21,22,1,True
109,2025-11-17 06:00:00,16,1888.576446516576,1706.9549767109731,21,22,1,True
110,2025-11-17 07:00:00,16,1885.6952199006528,1695.1598093262878,21,22,1,True
111,2025-11-17 08:00:00,16,1885.1953799586752,1693.0698202466413,21,22,1,True
112,2025-11-17 09:00:00,16,1889.2855701141152,1709.7961528236333,21,22,1,True
113,2025-11-17 10:00:00,16,1891.8994835349629,1720.0767435100008,21,22,1,True
114,2025-11-17 11:00:00,16,1894.337083552045,1728.1311733762195,21,22,1,True
115,2025-11-17 12:00:00,16,1893.433252724139,1725.2184852139198,21,22,1,True
116,2025-11-17 13:00:00,16,1890.2812198706883,1713.7468695162884,21,22,1,True
117,2025-11-17 14:00:00,16,1885.1026755974103,1692.6806914869082,21,22,1,True
118,2025-11-17 15:00:00,16,1904.7127909196604,1665.720244699301,21,23,2,True
119,2025-11-17 16:00:00,16,1900.382343212009,1644.0888181253338,21,23,2,True
120,2025-11-17 17:00:00,16,1903.699149154313,1660.8185716203068,21,23,2,True
121,2025-11-17 18:00:00,16,1905.0984418570383,1667.561824352454,21,22,1,True
122,2025-11-17 19:00:00,16,1882.9394196341727,1683.4605445797208,21,22,1,True
123,2025-11-17 20:00:00,16,1886.7646160213344,1699.5866122129744,21,22,1,True
124,2025-11-17 21:00:00,16,1895.183890571807,1730.8410678585549,21,22,1,True
125,2025-11-17 22:00:00,16,1900.958015183465,1748.865810735806,21,22,1,True
126,2025-11-17 23:00:00,16,1912.1195050501876,1781.820033387014,21,22,1,True
127,2025-11-18 00:00:00,16,1914.7422938830928,1789.261940674981,21,22,1,True
128,2025-11-18 01:00:00,16,1915.5663029681505,1791.579065066882,21,22,1,True
129,2025-11-18 02:00:00,16,1916.68555738262,1794.7109724895167,21,22,1,True
130,2025-11-18 03:00:00,16,1919.0127883212483,1801.1679183189551,21,22,1,True
131,2025-11-18 04:00:00,16,1912.248299568379,1782.1879051555431,21,22,1,True
132,2025-11-18 05:00:00,16,1894.2840342492564,1727.9608016015677,21,22,1,True
133,2025-11-18 06:00:00,16,1902.1408811733256,1653.0984403634016,21,23,2,True
134,2025-11-18 07:00:00,16,1899.930826062724,1641.7198324907056,21,23,2,True
135,2025-11-18 08:00:00,16,1900.2131455693352,1643.2038825749196,21,23,2,True
136,2025-11-18 09:00:00,16,1882.5452086540072,1681.7501220210063,21,22,1,True
137,2025-11-18 10:00:00,16,1885.2509813339725,1693.302981149718,21,22,1,True
138,2025-11-18 11:00:00,16,1888.9586050817509,1708.4890203227346,21,22,1,True
139,2025-11-18 12:00:00,16,1888.230032854699,1705.5584962473904,21,22,1,True
140,2025-11-18 13:00:00,16,1884.60130576562,1690.5678843912756,21,22,1,True
141,2025-11-18 14:00:00,16,1904.031462560254,1662.4355490932398,21,23,2,True
142,2025-11-18 15:00:00,16,1897.0469379775927,1625.974236471551,21,23,2,True
143,2025-11-18 16:00:00,16,1891.011671325506,1588.3555944097134,21,23,2,True
144,2025-11-18 17:00:00,16,1893.1869610305785,1602.825331521041,21,23,2,True
145,2025-11-18 18:00:00,16,1897.7147396367516,1629.7221260157978,21,23,2,True
146,2025-11-18 19:00:00,16,1901.1512978561195,1648.0696380014067,21,23,2,True
147,2025-11-18 20:00:00,16,1882.3948226011385,1681.0950451799006,21,22,1,True
148,2025-11-18 21:00:00,16,1892.8461544364584,1723.3149692942263,21,22,1,True
149,2025-11-18 22:00:00,16,1898.67264386071,1741.822007789532,21,22,1,True
150,2025-11-18 23:00:00,16,1907.109346708224,1767.3021176744203,21,22,1,True
151,2025-11-19 00:00:00,16,1908.9853438233963,1772.786906184983,21,22,1,True
152,2025-11-19 01:00:00,16,1909.1980963368076,1773.4051490851762,21,22,1,True
153,2025-11-19 02:00:00,16,1908.197715562808,1770.4914884874738,21,22,1,True
154,2025-11-19 03:00:00,16,1909.1162967909688,1773.1675351274628,21,22,1,True
155,2025-11-19 04:00:00,16,1903.5031304553147,1756.582096408572,21,22,1,True
156,2025-11-19 05:00:00,16,1885.8615475538493,1695.8522846843898,21,22,1,True
157,2025-11-19 06:00:00,16,1894.255999130647,1609.521012363046,21,23,2,True
158,2025-11-19 07:00:00,16,1892.7381876676563,1599.9387310209609,21,23,2,True
159,2025-11-19 08:00:00,16,1892.9724574557088,1601.451479898098,21,23,2,True
160,2025-11-19 09:00:00,16,1896.223388898516,1621.2581190985577,21,23,2,True
161,2025-11-19 10:00:00,16,1897.7147396367516,1629.7221260157978,21,23,2,True
162,2025-11-19 11:00:00,16,1897.9431806187629,1630.989308803776,21,23,2,True
163,2025-11-19 12:00:00,16,1899.8177848531557,1641.1229601172777,21,23,2,True
164,2025-11-19 13:00:00,16,1900.4950609272537,1644.6765187649394,21,23,2,True
165,2025-11-19 14:00:00,16,1897.581360080989,1628.978802998832,21,23,2,True
166,2025-11-19 15:00:00,16,1893.829077910363,1606.876325295577,21,23,2,True
167,2025-11-19 16:00:00,16,1889.9843246813552,1581.0472499835012,21,23,2,True
0,2025-11-12 17:00:00,17,1212.960114765346,1175.125420174253,29,29,0,False
1,2025-11-12 18:00:00,17,1215.9005031742745,1180.7048025708025,29,29,0,False
2,2025-11-12 19:00:00,17,1218.7255631117105,1185.8976269978295,28,29,1,True
3,2025-11-12 20:00:00,17,1223.547164064947,1194.0833751032992,28,29,1,True
4,2025-11-12 21:00:00,17,1213.0507237501456,1184.4776833690653,26,26,0,False
5,2025-11-12 22:00:00,17,1181.2432525678605,1164.0301716243343,26,26,0,False
6,2025-11-12 23:00:00,17,1182.1224216092855,1165.3784481559271,26,26,0,False
7,2025-11-13 00:00:00,17,1186.0613006678352,1171.346267009745,26,25,-1,True
8,2025-11-13 01:00:00,17,1176.068710105074,1162.5057116867094,26,25,-1,True
9,2025-11-13 02:00:00,17,1176.163207095247,1164.0969911344391,26,25,-1,True
10,2025-11-13 03:00:00,17,1176.0971811686431,1162.9838642925315,26,25,-1,True
11,2025-11-13 04:00:00,17,1185.6359342362873,1170.7061791460578,26,25,-1,True
12,2025-11-13 05:00:00,17,1212.77844279097,1184.3535879197211,26,26,0,False
13,2025-11-13 06:00:00,17,1221.4778858918517,1190.81324873491,28,29,1,True
14,2025-11-13 07:00:00,17,1221.2002710605498,1190.3235087005326,28,29,1,True
15,2025-11-13 08:00:00,17,1219.6559588426785,1187.5745300088083,28,29,1,True
16,2025-11-13 09:00:00,17,1216.755126209854,1182.2922728127442,29,29,0,False
17,2025-11-13 10:00:00,17,1214.1805030393332,1177.463941709876,29,29,0,False
18,2025-11-13 11:00:00,17,1213.323248666507,1175.8247622187332,29,29,0,False
19,2025-11-13 12:00:00,17,1212.984372028004,1175.1722299906598,29,29,0,False
20,2025-11-13 13:00:00,17,1213.0490242512196,1175.296924999881,29,29,0,False
21,2025-11-13 14:00:00,17,1212.546680190937,1174.3255161159766,29,29,0,False
22,2025-11-13 15:00:00,17,1210.7150723614825,1170.7327454025751,29,29,0,False
23,2025-11-13 16:00:00,17,1212.4002819903676,1174.041314137198,29,29,0,False
24,2025-11-13 17:00:00,17,1211.8531400816034,1172.9746655753167,29,29,0,False
25,2025-11-13 18:00:00,17,1211.35193820765,1171.9912608708478,29,29,0,False
26,2025-11-13 19:00:00,17,1213.4921809741477,1176.1490807450095,29,29,0,False
27,2025-11-13 20:00:00,17,1216.824661823924,1182.4207900510012,29,29,0,False
28,2025-11-13 21:00:00,17,1219.6186486040006,1187.507588632645,28,29,1,True
29,2025-11-13 22:00:00,17,1223.079000245155,1193.3509336348693,28,29,1,True
30,2025-11-13 23:00:00,17,1224.3463544948816,1195.3311145309349,28,29,1,True
31,2025-11-14 00:00:00,17,1224.3871468348004,1195.394717863902,28,29,1,True
32,2025-11-14 01:00:00,17,1211.6216366622346,1182.8961356562847,26,26,0,False
33,2025-11-14 02:00:00,17,1211.9830246508636,1183.520825026942,26,26,0,False
34,2025-11-14 03:00:00,17,1211.4403150098883,1182.58189726181,26,26,0,False
35,2025-11-14 04:00:00,17,1221.5434954012987,1190.9287965834292,28,29,1,True
36,2025-11-14 05:00:00,17,1213.4680683848796,1176.1028284310844,29,29,0,False
37,2025-11-14 06:00:00,17,1206.23507861771,1161.5717643945904,29,29,0,False
38,2025-11-14 07:00:00,17,1205.0740724082495,1159.1000844350426,29,30,1,True
39,2025-11-14 08:00:00,17,1205.5244443814067,1160.0640967120005,29,29,0,False
40,2025-11-14 09:00:00,17,1207.5447822634444,1164.3091966886468,29,29,0,False
41,2025-11-14 10:00:00,17,1210.2071828527737,1169.7217664690218,29,29,0,False
42,2025-11-14 11:00:00,17,1211.2859892743045,1171.8614061469664,29,29,0,False
43,2025-11-14 12:00:00,17,1212.806324615799,1174.8283326031567,29,29,0,False
44,2025-11-14 13:00:00,17,1211.2859892743045,1171.8614061469664,29,29,0,False
45,2025-11-14 14:00:00,17,1210.1403525797557,1169.58824418674,29,29,0,False
46,2025-11-14 15:00:00,17,1208.273545394141,1165.8103399187592,29,29,0,False
47,2025-11-14 16:00:00,17,1207.1478565703253,1163.4850589175892,29,29,0,False
48,2025-11-14 17:00:00,17,1208.6144060036695,1166.5072621540012,29,29,0,False
49,2025-11-14 18:00:00,17,1210.6818594681752,1170.6668343745837,29,29,0,False
50,2025-11-14 19:00:00,17,1214.0129409762433,1177.1448234083805,29,29,0,False
51,2025-11-14 20:00:00,17,1215.3992006810556,1179.7666810886772,29,29,0,False
52,2025-11-14 21:00:00,17,1217.3481598353465,1183.3852625168288,29,29,0,False
53,2025-11-14 22:00:00,17,1219.026856244223,1186.4424091225187,28,29,1,True
54,2025-11-14 23:00:00,17,1222.6991992575788,1192.7558668940558,28,29,1,True
55,2025-11-15 00:00:00,17,1223.886781083822,1194.6139924195045,28,29,1,True
56,2025-11-15 01:00:00,17,1224.2155535445545,1195.1271163123977,28,29,1,True
57,2025-11-15 02:00:00,17,1211.5867996838392,1182.8358037206776,26,26,0,False
58,2025-11-15 03:00:00,17,1223.2300227357546,1193.587335153053,28,29,1,True
59,2025-11-15 04:00:00,17,1221.904103903332,1191.5074776885049,28,29,1,True
60,2025-11-15 05:00:00,17,1219.6559588426785,1187.5745300088083,28,29,1,True
61,2025-11-15 06:00:00,17,1216.1032995523633,1181.0828384739907,29,29,0,False
62,2025-11-15 07:00:00,17,1214.0448832146435,1177.2057042990064,29,29,0,False
63,2025-11-15 08:00:00,17,1214.4431440394214,1177.962900791496,29,29,0,False
64,2025-11-15 09:00:00,17,1215.336325825919,1179.648650307484,29,29,0,False
65,2025-11-15 10:00:00,17,1217.2867438731782,1183.272390879704,29,29,0,False
66,2025-11-15 11:00:00,17,1217.8759792757098,1184.3522820927349,28,29,1,True
67,2025-11-15 12:00:00,17,1217.7462510119187,1184.1151052727007,28,29,1,True
68,2025-11-15 13:00:00,17,1218.0435591120397,1184.658183935202,28,29,1,True
69,2025-11-15 14:00:00,17,1214.4828667947486,1178.0382346416238,29,29,0,False
70,2025-11-15 15:00:00,17,1210.14870918581,1169.6049464403511,29,29,0,False
71,2025-11-15 16:00:00,17,1209.4186546552191,1168.1388859979406,29,29,0,False
72,2025-11-15 17:00:00,17,1210.94720518228,1171.1926371151771,29,29,0,False
73,2025-11-15 18:00:00,17,1214.0049535283931,1177.1295960748569,29,29,0,False
74,2025-11-15 19:00:00,17,1216.932712318837,1182.6203008046052,29,29,0,False
75,2025-11-15 20:00:00,17,1220.2505911242088,1188.6380235095476,28,29,1,True
76,2025-11-15 21:00:00,17,1223.3304194793875,1193.7444227353517,28,29,1,True
77,2025-11-15 22:00:00,17,1212.5314555662626,1184.2319015300511,26,26,0,False
78,2025-11-15 23:00:00,17,1212.7481866342605,1184.3391364357851,26,26,0,False
79,2025-11-16 00:00:00,17,1213.0447985563417,1184.475099741503,26,26,0,False
80,2025-11-16 01:00:00,17,1212.9645490744583,1184.439587944746,26,26,0,False
81,2025-11-16 02:00:00,17,1212.8868150567498,1184.4042785007514,26,26,0,False
82,2025-11-16 03:00:00,17,1213.3291221641468,1184.592945003252,26,26,0,False
83,2025-11-16 04:00:00,17,1213.5190268094727,1184.6643969299298,26,26,0,False
84,2025-11-16 05:00:00,17,1212.9794465364346,1184.4462530774092,26,26,0,False
85,2025-11-16 06:00:00,17,1211.5519472056587,1182.7754249328202,26,26,0,False
86,2025-11-16 07:00:00,17,1220.7673167322262,1189.557067075987,28,29,1,True
87,2025-11-16 08:00:00,17,1219.2520960528675,1186.848579241613,28,29,1,True
88,2025-11-16 09:00:00,17,1218.672722076224,1185.801908602326,28,29,1,True
89,2025-11-16 10:00:00,17,1217.7767937484457,1184.1709744104269,28,29,1,True
90,2025-11-16 11:00:00,17,1217.6086680691244,1183.8632139400177,28,29,1,True
91,2025-11-16 12:00:00,17,1216.9943921302877,1182.7340863520112,29,29,0,False
92,2025-11-16 13:00:00,17,1215.2025596937422,1179.3972642458125,29,29,0,False
93,2025-11-16 14:00:00,17,1213.1781813416017,1175.5457445796874,29,29,0,False
94,2025-11-16 15:00:00,17,1209.300599274792,1167.9004828222337,29,29,0,False
95,2025-11-16 16:00:00,17,1207.286120857204,1163.7726688313353,29,29,0,False
96,2025-11-16 17:00:00,17,1207.3810517204083,1163.9698090169568,29,29,0,False
97,2025-11-16 18:00:00,17,1207.5964233512996,1164.4160767944647,29,29,0,False
98,2025-11-16 19:00:00,17,1210.5156030501016,1170.3364777357635,29,29,0,False
99,2025-11-16 20:00:00,17,1212.4979086961494,1174.2308920702833,29,29,0,False
100,2025-11-16 21:00:00,17,1214.8711601827065,1178.7728397536248,29,29,0,False
101,2025-11-16 22:00:00,17,1216.1967314660278,1181.2567240019252,29,29,0,False
102,2025-11-16 23:00:00,17,1217.8683538720968,1184.3383498222504,28,29,1,True
103,2025-11-17 00:00:00,17,1219.6186486040006,1187.507588632645,28,29,1,True
104,2025-11-17 01:00:00,17,1219.7454332757288,1187.7349607495978,28,29,1,True
105,2025-11-17 02:00:00,17,1220.0578158731637,1188.2939418543283,28,29,1,True
106,2025-11-17 03:00:00,17,1219.4991401601608,1187.292998552769,28,29,1,True
107,2025-11-17 04:00:00,17,1215.892693443423,1180.690227488127,29,29,0,False
108,2025-11-17 05:00:00,17,1207.1651514841012,1163.5210661559222,29,29,0,False
109,2025-11-17 06:00:00,17,1200.7762509635268,1148.6398371413466,29,29,0,False
110,2025-11-17 07:00:00,17,1199.3064604733531,1144.41967991181,29,29,0,False
111,2025-11-17 08:00:00,17,1199.0512898897823,1143.6711137231848,29,29,0,False
112,2025-11-17 09:00:00,17,1201.1377047944125,1149.6551746160717,29,30,1,True
113,2025-11-17 10:00:00,17,1202.4690569978125,1153.32492416315,29,30,1,True
114,2025-11-17 11:00:00,17,1203.7091446666475,1156.1361876388212,29,30,1,True
115,2025-11-17 12:00:00,17,1203.2495032722327,1155.1231305238268,29,30,1,True
116,2025-11-17 13:00:00,17,1201.645010442902,1151.066207431037,29,30,1,True
117,2025-11-17 14:00:00,17,1199.0039578279911,1143.5317151537822,29,29,0,False
118,2025-11-17 15:00:00,17,1208.4297809153784,1133.856045835754,29,29,0,False
119,2025-11-17 16:00:00,17,1206.210956050968,1126.071931616022,29,29,0,False
120,2025-11-17 17:00:00,17,1207.9107718349514,1132.0935980771287,29,29,0,False
121,2025-11-17 18:00:00,17,1208.6271849698,1134.5179659949663,29,29,0,False
122,2025-11-17 19:00:00,17,1197.8989315022484,1140.22652150285,29,29,0,False
123,2025-11-17 20:00:00,17,1199.8522058008482,1146.0044440687468,29,29,0,False
124,2025-11-17 21:00:00,17,1204.1396056781955,1157.0779703806963,29,30,1,True
125,2025-11-17 22:00:00,17,1207.0699874090496,1163.3228275552378,29,29,0,False
126,2025-11-17 23:00:00,17,1212.7090506516006,1174.6401393802794,29,29,0,False
127,2025-11-18 00:00:00,17,1214.028913605839,1177.1752695403295,29,29,0,False
128,2025-11-18 01:00:00,17,1214.4431440394214,1177.962900791496,29,29,0,False
129,2025-11-18 02:00:00,17,1215.0054558985623,1179.026160876301,29,29,0,False
130,2025-11-18 03:00:00,17,1216.1733833262026,1181.2132875702694,29,29,0,False
131,2025-11-18 04:00:00,17,1212.7739123046213,1174.765649751845,29,29,0,False
132,2025-11-18 05:00:00,17,1203.6821720407927,1156.076953467507,29,30,1,True
133,2025-11-18 06:00:00,17,1207.1124709672065,1129.3159779807231,29,29,0,False
134,2025-11-18 07:00:00,17,1205.9793818212763,1125.2185391825512,29,29,0,False
135,2025-11-18 08:00:00,17,1206.1241828565169,1125.7531652453408,29,29,0,False
136,2025-11-18 09:00:00,17,1197.6974531465912,1139.6129226628302,29,29,0,False
137,2025-11-18 10:00:00,17,1199.0796773734276,1143.7546357556232,29,29,0,False
138,2025-11-18 11:00:00,17,1200.9710588368507,1149.188111005391,29,30,1,True
139,2025-11-18 12:00:00,17,1200.5996354038095,1148.1406078568436,29,29,0,False
140,2025-11-18 13:00:00,17,1198.747940730764,1142.7747024095356,29,29,0,False
141,2025-11-18 14:00:00,17,1208.0809487953989,1132.6750993346302,29,29,0,False
142,2025-11-18 15:00:00,17,1204.4993105278168,1119.5427222419316,29,29,0,False
143,2025-11-18 16:00:00,17,1201.3965812122813,1105.9646321831212,29,29,0,False
144,2025-11-18 17:00:00,17,1202.5157036667802,1111.189335157074,29,29,0,False
145,2025-11-18 18:00:00,17,1204.842189790515,1120.8942587370484,29,29,0,False
146,2025-11-18 19:00:00,17,1206.6052403960878,1127.5055941225355,29,29,0,False
147,2025-11-18 20:00:00,17,1197.6205831699076,1139.3778834456832,29,29,0,False
148,2025-11-18 21:00:00,17,1202.950829632815,1154.460635071954,29,30,1,True
149,2025-11-18 22:00:00,17,1205.9111743971646,1160.886583579756,29,29,0,False
150,2025-11-18 23:00:00,17,1210.1821275462282,1169.6717212451697,29,29,0,False
151,2025-11-19 00:00:00,17,1211.1291575564103,1171.5521702953015,29,29,0,False
152,2025-11-19 01:00:00,17,1211.2364943545335,1171.763879290923,29,29,0,False
153,2025-11-19 02:00:00,17,1210.7316740152296,1170.765680950759,29,29,0,False
154,2025-11-19 03:00:00,17,1211.1952268177,1171.682517758397,29,29,0,False
155,2025-11-19 04:00:00,17,1208.3588851683571,1165.9851321146948,29,29,0,False
156,2025-11-19 05:00:00,17,1199.3913592446106,1144.667651070287,29,29,0,False
157,2025-11-19 06:00:00,17,1203.0653626897515,1113.6063279197122,29,29,0,False
158,2025-11-19 07:00:00,17,1202.284896196246,1110.1471818620298,29,29,0,False
159,2025-11-19 08:00:00,17,1202.405387669735,1110.6933420033415,29,29,0,False
160,2025-11-19 09:00:00,17,1204.0763411657206,1117.8416171158349,29,29,0,False
161,2025-11-19 10:00:00,17,1204.842189790515,1120.8942587370484,29,29,0,False
162,2025-11-19 11:00:00,17,1204.9594610782012,1121.3511505038075,29,29,0,False
163,2025-11-19 12:00:00,17,1205.921398633316,1125.0034996813858,29,29,0,False
164,2025-11-19 13:00:00,17,1206.2687601632765,1126.2836172137484,29,29,0,False
165,2025-11-19 14:00:00,17,1204.7737138969735,1120.6262314430778,29,29,0,False
166,2025-11-19 15:00:00,17,1202.8458822498064,1112.6517196003745,29,29,0,False
167,2025-11-19 16:00:00,17,1200.867734045452,1103.3253313631185,29,29,0,False
0,2025-11-12 17:00:00,18,1129.7417449634374,1102.782453340033,32,32,0,False
1,2025-11-12 18:00:00,18,1132.6446672075824,1108.7609680099072,32,32,0,False
2,2025-11-12 19:00:00,18,1135.4395293473578,1114.3383016053665,32,32,0,False
3,2025-11-12 20:00:00,18,1140.1806766886928,1123.140045141606,32,32,0,False
4,2025-11-12 21:00:00,18,1114.4914807373923,1098.705238455483,31,31,0,False
5,2025-11-12 22:00:00,18,1094.5578922656885,1083.3722883129672,31,31,0,False
6,2025-11-12 23:00:00,18,1095.5881704126375,1084.9698394174357,31,31,0,False
7,2025-11-13 00:00:00,18,1100.180392707775,1092.0252174292827,31,30,-1,True
8,2025-11-13 01:00:00,18,1084.5961976333583,1077.3764198628064,29,29,0,False
9,2025-11-13 02:00:00,18,1084.8557272770895,1079.2090894869636,29,29,0,False
10,2025-11-13 03:00:00,18,1084.673960513186,1077.9269134293036,29,29,0,False
11,2025-11-13 04:00:00,18,1099.68697021076,1091.270513588972,31,30,-1,True
12,2025-11-13 05:00:00,18,1114.1880639790563,1098.5475166411454,31,31,0,False
13,2025-11-13 06:00:00,18,1138.1682685071032,1119.6313714009614,32,32,0,False
14,2025-11-13 07:00:00,18,1137.892760049214,1119.1033831617729,32,32,0,False
15,2025-11-13 08:00:00,18,1136.3612890892346,1116.1423964410108,32,32,0,False
16,2025-11-13 09:00:00,18,1133.4895380721698,1110.4645573373682,32,32,0,False
17,2025-11-13 10:00:00,18,1130.945861118072,1105.2866423658988,32,32,0,False
18,2025-11-13 11:00:00,18,1130.0999319387183,1103.531104908573,32,32,0,False
19,2025-11-13 12:00:00,18,1129.7656690225006,1102.8325575547512,32,32,0,False
20,2025-11-13 13:00:00,18,1129.8294350864464,1102.9660326355868,32,32,0,False
21,2025-11-13 14:00:00,18,1129.3340496246,1101.92638634586,32,32,0,False
22,2025-11-13 15:00:00,18,1127.529213775751,1098.0843233970672,32,32,0,False
23,2025-11-13 16:00:00,18,1129.189710851667,1101.622289770619,32,32,0,False
24,2025-11-13 17:00:00,18,1128.6503904594022,1100.4812478107085,32,32,0,False
25,2025-11-13 18:00:00,18,1128.1565245845193,1099.4296295317372,32,32,0,False
26,2025-11-13 19:00:00,18,1130.2665930851592,1103.8783574677093,32,32,0,False
27,2025-11-13 20:00:00,18,1133.5583034070949,1110.6025284109944,32,32,0,False
28,2025-11-13 21:00:00,18,1136.3243123127002,1116.070347442159,32,32,0,False
29,2025-11-13 22:00:00,18,1139.730094550934,1122.3584783473968,32,32,0,False
30,2025-11-13 23:00:00,18,1140.943410658137,1124.465182874373,32,32,0,False
31,2025-11-14 00:00:00,18,1140.9821167867285,1124.5325117099128,32,32,0,False
32,2025-11-14 01:00:00,18,1113.0090980671716,1096.9683008138595,31,31,0,False
33,2025-11-14 02:00:00,18,1113.3572047883097,1097.626961549214,31,31,0,False
34,2025-11-14 03:00:00,18,1112.8344809239604,1096.6370690371778,31,31,0,False
35,2025-11-14 04:00:00,18,1138.233389346071,1119.755965193536,32,32,0,False
36,2025-11-14 05:00:00,18,1130.242803493663,1103.828831828469,32,32,0,False
37,2025-11-14 06:00:00,18,1123.1235327977115,1088.306771381302,32,32,0,False
38,2025-11-14 07:00:00,18,1121.9837279995177,1085.6727020689398,32,32,0,False
39,2025-11-14 08:00:00,18,1122.4257839455388,1086.699873826259,32,32,0,False
40,2025-11-14 09:00:00,18,1124.4102590933155,1091.2258731086235,32,32,0,False
41,2025-11-14 10:00:00,18,1127.0291292652364,1097.004022284005,32,32,0,False
42,2025-11-14 11:00:00,18,1128.0915530242464,1099.290793695688,32,32,0,False
43,2025-11-14 12:00:00,18,1129.5900764386272,1102.4644773964355,32,32,0,False
44,2025-11-14 13:00:00,18,1128.0915530242464,1099.290793695688,32,32,0,False
45,2025-11-14 14:00:00,18,1126.9633381262447,1096.861370289866,32,32,0,False
46,2025-11-14 15:00:00,18,1125.1266774775436,1092.8275183612311,32,32,0,False
47,2025-11-14 16:00:00,18,1124.02019038985,1090.3468295567795,32,32,0,False
48,2025-11-14 17:00:00,18,1125.461874034895,1093.571323521744,32,32,0,False
49,2025-11-14 18:00:00,18,1127.4965062886497,1098.013882244721,32,32,0,False
50,2025-11-14 19:00:00,18,1130.7804734151712,1104.9447836197498,32,32,0,False
51,2025-11-14 20:00:00,18,1132.14932784425,1107.7547820804602,32,32,0,False
52,2025-11-14 21:00:00,18,1134.0761156956291,1111.6382090081934,32,32,0,False
53,2025-11-14 22:00:00,18,1135.737953085128,1114.9242341422907,32,32,0,False
54,2025-11-14 23:00:00,18,1139.3625913208743,1121.72157565186,32,32,0,False
55,2025-11-15 00:00:00,18,1140.5058149160016,1123.7045666207368,32,32,0,False
56,2025-11-15 01:00:00,18,1140.8191489401322,1124.2490891332684,32,32,0,False
57,2025-11-15 02:00:00,18,1112.9755471043554,1096.904701335355,31,31,0,False
58,2025-11-15 03:00:00,18,1139.8757416123556,1122.6110251339228,32,32,0,False
59,2025-11-15 04:00:00,18,1138.587762842319,1120.380046199463,32,32,0,False
60,2025-11-15 05:00:00,18,1136.3612890892346,1116.1423964410108,32,32,0,False
61,2025-11-15 06:00:00,18,1132.845102004573,1109.1665474257018,32,32,0,False
62,2025-11-15 07:00:00,18,1130.8119996757048,1105.0099995797846,32,32,0,False
63,2025-11-15 08:00:00,18,1131.2051327158222,1105.8212441580508,32,32,0,False
64,2025-11-15 09:00:00,18,1132.0872134344556,1107.6282162331192,32,32,0,False
65,2025-11-15 10:00:00,18,1134.0153563727563,1111.5169799258329,32,32,0,False
66,2025-11-15 11:00:00,18,1134.5984067758832,1112.6770960305446,32,32,0,False
67,2025-11-15 12:00:00,18,1134.4700181314934,1112.4222481930435,32,32,0,False
68,2025-11-15 13:00:00,18,1134.7642746984725,1113.0058324217346,32,32,0,False
69,2025-11-15 14:00:00,18,1131.2443500036782,1105.901968694795,32,32,0,False
70,2025-11-15 15:00:00,18,1126.9715646430996,1096.8792142499829,32,32,0,False
71,2025-11-15 16:00:00,18,1126.2530397183266,1095.3132880562257,32,32,0,False
72,2025-11-15 17:00:00,18,1127.757833802924,1098.5758658564991,32,32,0,False
73,2025-11-15 18:00:00,18,1130.7725900952807,1104.9284722562472,32,32,0,False
74,2025-11-15 19:00:00,18,1133.6651639564936,1110.8167314097036,32,32,0,False
75,2025-11-15 20:00:00,18,1136.9507535454304,1117.2873799163924,32,32,0,False
76,2025-11-15 21:00:00,18,1139.9724096454752,1122.77868934951,32,32,0,False
77,2025-11-15 22:00:00,18,1113.9137299752142,1098.39538638827,31,31,0,False
78,2025-11-15 23:00:00,18,1114.1544129486683,1098.529332824346,31,31,0,False
79,2025-11-16 00:00:00,18,1114.4848665445595,1098.7019223209552,31,31,0,False
80,2025-11-16 01:00:00,18,1114.395336232854,1098.656492962721,31,31,0,False
81,2025-11-16 02:00:00,18,1114.30870147229,1098.6115826962443,31,31,0,False
82,2025-11-16 03:00:00,18,1114.8028497501407,1098.8549567406228,31,31,0,False
83,2025-11-16 04:00:00,18,1115.0159407326316,1098.949958625557,31,31,0,False
84,2025-11-16 05:00:00,18,1114.411949465077,1098.6649987165415,31,31,0,False
85,2025-11-16 06:00:00,18,1112.9419822186237,1096.841054809109,31,31,0,False
86,2025-11-16 07:00:00,18,1137.463214721734,1118.277379030653,32,32,0,False
87,2025-11-16 08:00:00,18,1135.9610931881637,1115.3611908218,32,32,0,False
88,2025-11-16 09:00:00,18,1135.3871986774782,1114.2353697701042,32,32,0,False
89,2025-11-16 10:00:00,18,1134.5002443460128,1112.4822772808618,32,32,0,False
90,2025-11-16 11:00:00,18,1134.3338695828054,1112.151621265747,32,32,0,False
91,2025-11-16 12:00:00,18,1133.7261683124484,1110.9389050701716,32,32,0,False
92,2025-11-16 13:00:00,18,1131.9550743922991,1107.358672879784,32,32,0,False
93,2025-11-16 14:00:00,18,1129.956830248968,1103.2323907003172,32,32,0,False
94,2025-11-16 15:00:00,18,1126.1368798753913,1095.0587107578035,32,32,0,False
95,2025-11-16 16:00:00,18,1124.1560555252113,1090.6535793664982,32,32,0,False
96,2025-11-16 17:00:00,18,1124.249345710349,1090.8638519842016,32,32,0,False
97,2025-11-16 18:00:00,18,1124.4610149498185,1091.339887613448,32,32,0,False
98,2025-11-16 19:00:00,18,1127.3327903489762,1097.6608424173685,32,32,0,False
99,2025-11-16 20:00:00,18,1129.2859626410964,1101.8251350131368,32,32,0,False
100,2025-11-16 21:00:00,18,1131.627759884432,1106.6892694175651,32,32,0,False
101,2025-11-16 22:00:00,18,1132.9374557896158,1109.3531247722728,32,32,0,False
102,2025-11-16 23:00:00,18,1134.5908597682103,1112.662124921977,32,32,0,False
103,2025-11-17 00:00:00,18,1136.3243123127002,1116.070347442159,32,32,0,False
104,2025-11-17 01:00:00,18,1136.4499682516534,1116.3150784292247,32,32,0,False
105,2025-11-17 02:00:00,18,1136.7596233076958,1116.9168613998024,32,32,0,False
106,2025-11-17 03:00:00,18,1136.20587925563,1115.839401291889,32,32,0,False
107,2025-11-17 04:00:00,18,1132.6369490083332,1108.745332334117,32,32,0,False
108,2025-11-17 05:00:00,18,1124.0371845849693,1090.3852317708863,32,32,0,False
109,2025-11-17 06:00:00,18,1117.7709077040306,1074.1910788604296,32,32,0,False
110,2025-11-17 07:00:00,18,1116.3324394368965,1069.412944443318,32,32,0,False
111,2025-11-17 08:00:00,18,1116.082819344174,1068.5657253422037,32,32,0,False
112,2025-11-17 09:00:00,18,1118.124830290698,1075.3411500610075,32,32,0,False
113,2025-11-17 10:00:00,18,1119.429038328156,1079.49960176039,32,32,0,False
114,2025-11-17 11:00:00,18,1120.6447014645748,1082.515936121962,32,32,0,False
115,2025-11-17 12:00:00,18,1120.1940151542285,1081.4373837441617,32,32,0,False
116,2025-11-17 13:00:00,18,1118.6216816488609,1076.9397619016754,32,32,0,False
117,2025-11-17 14:00:00,18,1116.036520477267,1068.40796560924,32,32,0,False
118,2025-11-17 15:00:00,18,1133.386634063883,1057.464628068474,32,32,0,False
119,2025-11-17 16:00:00,18,1131.2401972320552,1048.668208232527,32,32,0,False
120,2025-11-17 17:00:00,18,1132.8843344140964,1055.4724978139302,32,32,0,False
121,2025-11-17 18:00:00,18,1133.5777189628382,1058.2128943725825,32,32,0,False
122,2025-11-17 19:00:00,18,1114.9559349408928,1064.6683018350095,32,32,0,False
123,2025-11-17 20:00:00,18,1116.8664248814357,1071.2068724944338,32,32,0,False
124,2025-11-17 21:00:00,18,1121.066881629274,1083.518796084206,32,32,0,False
125,2025-11-17 22:00:00,18,1123.9436773815796,1090.1738119525637,32,32,0,False
126,2025-11-17 23:00:00,18,1129.4941525489571,1102.2630701448395,32,32,0,False
127,2025-11-18 00:00:00,18,1130.7962379490518,1104.977397496379,32,32,0,False
128,2025-11-18 01:00:00,18,1131.2051327158222,1105.8212441580508,32,32,0,False
129,2025-11-18 02:00:00,18,1131.7603909583795,1106.9608170259285,32,32,0,False
130,2025-11-18 03:00:00,18,1132.9143764822602,1109.3065165958385,32,32,0,False
131,2025-11-18 04:00:00,18,1129.558113282622,1102.3973917159751,32,32,0,False
132,2025-11-18 05:00:00,18,1120.6182511293453,1082.4528666471103,32,32,0,False
133,2025-11-18 06:00:00,18,1132.1120019007524,1052.3335044718358,32,32,0,False
134,2025-11-18 07:00:00,18,1131.016319841156,1047.7041234046376,32,32,0,False
135,2025-11-18 08:00:00,18,1131.15630502072,1048.3080896154231,32,32,0,False
136,2025-11-18 09:00:00,18,1114.7589783679907,1063.9742217567025,32,32,0,False
137,2025-11-18 10:00:00,18,1116.1105877107627,1068.660250148577,32,32,0,False
138,2025-11-18 11:00:00,18,1117.9616480620805,1074.8120830872151,32,32,0,False
139,2025-11-18 12:00:00,18,1117.5979969343684,1073.6256748770002,32,32,0,False
140,2025-11-18 13:00:00,18,1115.786111477436,1067.5512954869314,32,32,0,False
141,2025-11-18 14:00:00,18,1133.0490173835651,1056.129745339165,32,32,0,False
142,2025-11-18 15:00:00,18,1129.5860610425796,1041.2930981247591,32,32,0,False
143,2025-11-18 16:00:00,18,1126.5911403686748,1025.9586928328004,32,33,1,True
144,2025-11-18 17:00:00,18,1127.67085891903,1031.8593144611648,32,33,1,True
145,2025-11-18 18:00:00,18,1129.917305948355,1042.8195730887182,32,32,0,False
146,2025-11-18 19:00:00,18,1131.6214377830345,1050.2879397117565,32,32,0,False
147,2025-11-18 20:00:00,18,1114.683838866824,1063.7083680738851,32,32,0,False
148,2025-11-18 21:00:00,18,1119.9012225205004,1080.7321676729518,32,32,0,False
149,2025-11-18 22:00:00,18,1122.8054656033926,1087.5764243514625,32,32,0,False
150,2025-11-18 23:00:00,18,1127.00446321092,1096.9505544727049,32,32,0,False
151,2025-11-19 00:00:00,18,1127.9370568122026,1098.9601945063494,32,32,0,False
152,2025-11-19 01:00:00,18,1128.0427934655684,1099.1865255847113,32,32,0,False
153,2025-11-19 02:00:00,18,1127.545563062232,1098.1195231977547,32,32,0,False
154,2025-11-19 03:00:00,18,1128.0021402572252,1099.099542776227,32,32,0,False
155,2025-11-19 04:00:00,18,1125.2105925587955,1093.0140554886548,32,32,0,False
156,2025-11-19 05:00:00,18,1116.4154988084697,1069.6936158582616,32,32,0,False
157,2025-11-19 06:00:00,18,1128.2013771849752,1034.58885340074,32,33,1,True
158,2025-11-19 07:00:00,18,1127.4481307903131,1030.6823839689976,32,33,1,True
159,2025-11-19 08:00:00,18,1127.564401414531,1031.2991783994391,32,33,1,True
160,2025-11-19 09:00:00,18,1129.1775213585818,1039.3718908113756,32,33,1,True
161,2025-11-19 10:00:00,18,1129.917305948355,1042.8195730887182,32,32,0,False
162,2025-11-19 11:00:00,18,1130.0306110794552,1043.3356191741232,32,32,0,False
163,2025-11-19 12:00:00,18,1130.9602679792963,1047.4611986630412,32,32,0,False
164,2025-11-19 13:00:00,18,1131.2960842376683,1048.907358647666,32,32,0,False
165,2025-11-19 14:00:00,18,1129.8511490066403,1042.5168478654334,32,32,0,False
166,2025-11-19 15:00:00,18,1127.9895227805755,1033.5108052881233,32,33,1,True
167,2025-11-19 16:00:00,18,1126.0811132840215,1022.977604861739,32,33,1,True
0,2025-11-12 17:00:00,19,1127.7982892519751,1089.973560702074,33,33,0,False
1,2025-11-12 18:00:00,19,1130.6313794711716,1094.876961355896,33,33,0,False
2,2025-11-12 19:00:00,19,1133.3544889178993,1099.435079644604,33,33,0,False
3,2025-11-12 20:00:00,19,1138.0817283738616,1106.736594074027,33,33,0,False
4,2025-11-12 21:00:00,19,1130.8554329732149,1100.2258546027292,30,30,0,False
5,2025-11-12 22:00:00,19,1103.1502642508308,1084.3461337246297,30,30,0,False
6,2025-11-12 23:00:00,19,1104.0162224443238,1085.579764631569,30,30,0,False
7,2025-11-13 00:00:00,19,1107.9062309567285,1091.051315185782,30,31,1,True
8,2025-11-13 01:00:00,19,1100.365308643566,1084.5687232738958,28,28,0,False
9,2025-11-13 02:00:00,19,1100.4820623614055,1085.9888974846367,28,28,0,False
10,2025-11-13 03:00:00,19,1100.400412866283,1084.9955094276206,28,28,0,False
11,2025-11-13 04:00:00,19,1107.4852279665122,1090.4636283159998,30,31,1,True
12,2025-11-13 05:00:00,19,1130.5756793515304,1100.0520719870551,30,30,0,False
13,2025-11-13 06:00:00,19,1136.0086146055191,1103.744371678917,33,33,0,False
14,2025-11-13 07:00:00,19,1135.7408523234008,1103.315297022135,33,33,0,False
15,2025-11-13 08:00:00,19,1134.2515626174186,1100.905772360247,33,33,0,False
16,2025-11-13 09:00:00,19,1131.4550406215574,1096.2709957569402,33,33,0,False
17,2025-11-13 10:00:00,19,1128.9740010274313,1092.0294647332196,33,33,0,False
18,2025-11-13 11:00:00,19,1128.1481084620966,1090.588489217757,33,33,0,False
19,2025-11-13 12:00:00,19,1127.8216565471257,1090.0147231090982,33,33,0,False
20,2025-11-13 13:00:00,19,1127.883937147574,1090.1243722782465,33,33,0,False
21,2025-11-13 14:00:00,19,1127.4000350952851,1089.270101734771,33,33,0,False
22,2025-11-13 15:00:00,19,1125.635950304705,1086.1091554224008,33,33,0,False
23,2025-11-13 16:00:00,19,1127.2590177541897,1089.0201391264266,33,33,0,False
24,2025-11-13 17:00:00,19,1126.732011047137,1088.0818705932606,33,33,0,False
25,2025-11-13 18:00:00,19,1126.2492881878916,1087.216654570211,33,33,0,False
26,2025-11-13 19:00:00,19,1128.310852707643,1090.87363124302,33,33,0,False
27,2025-11-13 20:00:00,19,1131.5220615917508,1096.3838305175998,33,33,0,False
28,2025-11-13 21:00:00,19,1134.2155861645022,1100.8470750585327,33,33,0,False
29,2025-11-13 22:00:00,19,1137.610603514701,1106.0634903765158,33,33,0,False
30,2025-11-13 23:00:00,19,1138.8874749320664,1107.8845299373577,33,33,0,False
31,2025-11-14 00:00:00,19,1138.928654386475,1107.943090382056,33,33,0,False
32,2025-11-14 01:00:00,19,1129.426203853635,1098.6662953793295,30,30,0,False
33,2025-11-14 02:00:00,19,1129.7782148788262,1099.2166544852264,30,30,0,False
34,2025-11-14 03:00:00,19,1129.249596428027,1098.389411152452,30,30,0,False
35,2025-11-14 04:00:00,19,1136.0718973742964,1103.8455977047392,33,33,0,False
36,2025-11-14 05:00:00,19,1128.2876231382045,1090.8329672060845,33,33,0,False
37,2025-11-14 06:00:00,19,1121.3229117488356,1078.0400101559828,33,33,0,False
38,2025-11-14 07:00:00,19,1120.205574489746,1075.8608419051889,33,33,0,False
39,2025-11-14 08:00:00,19,1120.6389874341917,1076.710865914756,33,33,0,False
40,2025-11-14 09:00:00,19,1122.5835491574524,1080.4524931938074,33,33,0,False
41,2025-11-14 10:00:00,19,1125.1468614089429,1085.2193014847785,33,33,0,False
42,2025-11-14 11:00:00,19,1126.1857731899966,1087.102394016321,33,33,0,False
43,2025-11-14 12:00:00,19,1127.6501432878104,1089.7123064283398,33,33,0,False
44,2025-11-14 13:00:00,19,1126.1857731899966,1087.102394016321,33,33,0,False
45,2025-11-14 14:00:00,19,1125.082507461294,1085.1017641208066,33,33,0,False
46,2025-11-14 15:00:00,19,1123.285101333801,1081.7749833185103,33,33,0,False
47,2025-11-14 16:00:00,19,1122.2014716223102,1079.7262974566595,33,33,0,False
48,2025-11-14 17:00:00,19,1123.6132573233356,1082.3888501107454,33,33,0,False
49,2025-11-14 18:00:00,19,1125.6039658448526,1086.051146231331,33,33,0,False
50,2025-11-14 19:00:00,19,1128.8125612439069,1091.7489718900106,33,33,0,False
51,2025-11-14 20:00:00,19,1130.148286165416,1094.0529147199852,33,33,0,False
52,2025-11-14 21:00:00,19,1132.0266502607265,1097.2305027499667,33,33,0,False
53,2025-11-14 22:00:00,19,1133.644977228707,1099.9129388825083,33,33,0,False
54,2025-11-14 23:00:00,19,1137.228858892656,1105.5170260935845,33,33,0,False
55,2025-11-15 00:00:00,19,1138.4238954056102,1107.2245676636408,33,33,0,False
56,2025-11-15 01:00:00,19,1138.7554676541151,1107.6967356834252,33,33,0,False
57,2025-11-15 02:00:00,19,1129.392272121067,1098.6131370996434,30,30,0,False
58,2025-11-15 03:00:00,19,1137.7625121275566,1106.2806809490492,33,33,0,False
59,2025-11-15 04:00:00,19,1136.4309740288495,1104.371705530388,33,33,0,False
60,2025-11-15 05:00:00,19,1134.2515626174186,1100.905772360247,33,33,0,False
61,2025-11-15 06:00:00,19,1130.8268194961283,1095.208979069903,33,33,0,False
62,2025-11-15 07:00:00,19,1128.8433361024215,1091.8024853360337,33,33,0,False
63,2025-11-15 08:00:00,19,1129.2270534979127,1092.4679926830374,33,33,0,False
64,2025-11-15 09:00:00,19,1130.0876976276384,1093.9492241540952,33,33,0,False
65,2025-11-15 10:00:00,19,1131.9674506842723,1097.1314272350028,33,33,0,False
66,2025-11-15 11:00:00,19,1132.5354440657532,1098.0792145967978,33,33,0,False
67,2025-11-15 12:00:00,19,1132.4103882271925,1097.8710730319458,33,33,0,False
68,2025-11-15 13:00:00,19,1132.6969917838585,1098.3476500142274,33,33,0,False
69,2025-11-15 14:00:00,19,1129.2653268691258,1092.5341984571166,33,33,0,False
70,2025-11-15 15:00:00,19,1125.0905543908998,1085.116466983192,33,33,0,False
71,2025-11-15 16:00:00,19,1124.387587514334,1083.8257368929435,33,33,0,False
72,2025-11-15 17:00:00,19,1125.8595012823966,1086.51389253169,33,33,0,False
73,2025-11-15 18:00:00,19,1128.8048657316629,1091.7355871707682,33,33,0,False
74,2025-11-15 19:00:00,19,1131.6262059780158,1096.5589889727707,33,33,0,False
75,2025-11-15 20:00:00,19,1134.8249658706716,1101.8381535874116,33,33,0,False
76,2025-11-15 21:00:00,19,1137.8635341537615,1106.4250340016135,33,33,0,False
77,2025-11-15 22:00:00,19,1130.3222939567236,1099.8875214095272,30,30,0,False
78,2025-11-15 23:00:00,19,1130.544620379574,1100.032259307431,30,30,0,False
79,2025-11-16 00:00:00,19,1130.849340311829,1100.222161479421,30,30,0,False
80,2025-11-16 01:00:00,19,1130.7668442352358,1100.1717484361802,30,30,0,False
81,2025-11-16 02:00:00,19,1130.6869718592968,1100.1222249074494,30,30,0,False
82,2025-11-16 03:00:00,19,1131.141953312767,1100.3947252740372,30,30,0,False
83,2025-11-16 04:00:00,19,1131.3376932245378,1100.5044722799803,30,30,0,False
84,2025-11-16 05:00:00,19,1130.7821557356358,1100.1811622545392,30,30,0,False
85,2025-11-16 06:00:00,19,1129.3583255245733,1098.5599366455892,30,30,0,False
86,2025-11-16 07:00:00,19,1135.3232872029898,1102.6436792168035,33,33,0,False
87,2025-11-16 08:00:00,19,1133.862148363109,1100.2691704057838,33,33,0,False
88,2025-11-16 09:00:00,19,1133.3035442184769,1099.3511128036323,33,33,0,False
89,2025-11-16 10:00:00,19,1132.4398306864068,1097.920103737226,33,33,0,False
90,2025-11-16 11:00:00,19,1132.27776326805,1097.6500051590494,33,33,0,False
91,2025-11-16 12:00:00,19,1131.68565676201,1096.6588821603896,33,33,0,False
92,2025-11-16 13:00:00,19,1129.958797453207,1093.7283713460429,33,33,0,False
93,2025-11-16 14:00:00,19,1128.0083580695928,1090.3431606994352,33,33,0,False
94,2025-11-16 15:00:00,19,1124.273918758818,1083.6158131241718,33,33,0,False
95,2025-11-16 16:00:00,19,1122.3345615386145,1079.9797383965183,33,33,0,False
96,2025-11-16 17:00:00,19,1122.425941087958,1080.1534508326358,33,33,0,False
97,2025-11-16 18:00:00,19,1122.633259883267,1080.5466642793858,33,33,0,False
98,2025-11-16 19:00:00,19,1125.443860827004,1085.7603841862556,33,33,0,False
99,2025-11-16 20:00:00,19,1127.3530558796049,1089.1868791350958,33,33,0,False
100,2025-11-16 21:00:00,19,1129.6394637779551,1093.1797363551989,33,33,0,False
101,2025-11-16 22:00:00,19,1130.9168641481774,1095.361687959401,33,33,0,False
102,2025-11-16 23:00:00,19,1132.5280932390865,1098.0669882520333,33,33,0,False
103,2025-11-17 00:00:00,19,1134.2155861645022,1100.8470750585327,33,33,0,False
104,2025-11-17 01:00:00,19,1134.337839320527,1101.0464412754288,33,33,0,False
105,2025-11-17 02:00:00,19,1134.63906708027,1101.5365206896972,33,33,0,False
106,2025-11-17 03:00:00,19,1134.1003513701337,1100.6589056031908,33,33,0,False
107,2025-11-17 04:00:00,19,1130.6238531502083,1094.8641599226237,33,33,0,False
108,2025-11-17 05:00:00,19,1122.2181191671552,1079.758027569653,33,33,0,False
109,2025-11-17 06:00:00,19,1116.0707846529297,1066.6568136411283,33,33,0,False
110,2025-11-17 07:00:00,19,1114.657232174914,1062.9519564395516,33,33,0,False
111,2025-11-17 08:00:00,19,1114.411849598343,1062.2946264558425,33,33,0,False
112,2025-11-17 09:00:00,19,1116.41844548547,1067.5479286650975,33,33,0,False
113,2025-11-17 10:00:00,19,1117.6991217255304,1070.7678738079012,33,33,0,False
114,2025-11-17 11:00:00,19,1118.8921907692682,1073.2466464067336,33,33,0,False
115,2025-11-17 12:00:00,19,1118.4499561163263,1072.3528612642542,33,33,0,False
116,2025-11-17 13:00:00,19,1116.9064174384257,1068.7861646203264,33,33,0,False
117,2025-11-17 14:00:00,19,1114.3663339240914,1062.1722125275662,33,33,0,False
118,2025-11-17 15:00:00,19,1122.3144575488498,1053.6714668960356,33,33,0,False
119,2025-11-17 16:00:00,19,1120.1791825164314,1046.8273038382365,33,33,0,False
120,2025-11-17 17:00:00,19,1121.8149459948252,1052.1222309485272,33,33,0,False
121,2025-11-17 18:00:00,19,1122.504453161108,1054.2532499194713,33,33,0,False
122,2025-11-17 19:00:00,19,1113.3037835151547,1059.269240502627,33,33,0,False
123,2025-11-17 20:00:00,19,1115.1820676901564,1064.343403364165,33,33,0,False
124,2025-11-17 21:00:00,19,1119.3063725046277,1074.0774332389872,33,33,0,False
125,2025-11-17 22:00:00,19,1122.1265176484371,1079.5833344730272,33,33,0,False
126,2025-11-17 23:00:00,19,1127.5564409577594,1089.5468040925612,33,33,0,False
127,2025-11-18 00:00:00,19,1128.8279501110587,1091.7757336973775,33,33,0,False
128,2025-11-18 01:00:00,19,1129.2270534979127,1092.4679926830374,33,33,0,False
129,2025-11-18 02:00:00,19,1129.7688681323598,1093.4023196832668,33,33,0,False
130,2025-11-18 03:00:00,19,1130.8943623520988,1095.3235420002204,33,33,0,False
131,2025-11-18 04:00:00,19,1127.6189209284012,1089.6571820869185,33,33,0,False
132,2025-11-18 05:00:00,19,1118.8662389230676,1073.1943896733746,33,33,0,False
133,2025-11-18 06:00:00,19,1121.0466894875349,1049.6801607922023,33,33,0,False
134,2025-11-18 07:00:00,19,1119.9563574312758,1046.076696501695,33,33,0,False
135,2025-11-18 08:00:00,19,1120.095687073023,1046.546936521488,33,33,0,False
136,2025-11-18 09:00:00,19,1113.1100641637024,1058.7302110354196,33,33,0,False
137,2025-11-18 10:00:00,19,1114.439147819318,1062.3679711573584,33,33,0,False
138,2025-11-18 11:00:00,19,1116.2581568660369,1067.13802047157,33,33,0,False
139,2025-11-18 12:00:00,19,1115.9009140670655,1066.2186275898696,33,33,0,False
140,2025-11-18 13:00:00,19,1114.120145876608,1061.5074063714317,33,33,0,False
141,2025-11-18 14:00:00,19,1121.978726845467,1052.633411282385,33,33,0,False
142,2025-11-18 15:00:00,19,1118.5323335345763,1041.0832440131965,33,33,0,False
143,2025-11-18 16:00:00,19,1115.5478080626178,1029.1294844192223,33,32,-1,True
144,2025-11-18 17:00:00,19,1116.6241861492044,1033.7304281775398,33,32,-1,True
145,2025-11-18 18:00:00,19,1118.8622089395155,1042.2724869287454,33,33,0,False
146,2025-11-18 19:00:00,19,1120.5585829593465,1048.0881775450937,33,33,0,False
147,2025-11-18 20:00:00,19,1113.0361556430892,1058.5237273465466,33,33,0,False
148,2025-11-18 21:00:00,19,1118.1626064995532,1071.7682959933757,33,33,0,False
149,2025-11-18 22:00:00,19,1121.0111742688025,1077.4360002616345,33,33,0,False
150,2025-11-18 23:00:00,19,1125.1227344335198,1085.1752478716598,33,33,0,False
151,2025-11-19 00:00:00,19,1126.034731829422,1086.8302827609582,33,33,0,False
152,2025-11-19 01:00:00,19,1126.138105319037,1087.0165772433552,33,33,0,False
153,2025-11-19 02:00:00,19,1125.651937972256,1086.1381421794415,33,33,0,False
154,2025-11-19 03:00:00,19,1126.098361369641,1086.9449836034355,33,33,0,False
155,2025-11-19 04:00:00,19,1123.367258950075,1081.928951569001,33,33,0,False
156,2025-11-19 05:00:00,19,1114.738875940831,1063.169693651248,33,33,0,False
157,2025-11-19 06:00:00,19,1117.152896207852,1035.858343026018,33,32,-1,True
158,2025-11-19 07:00:00,19,1116.4021842294774,1032.812815143386,33,32,-1,True
159,2025-11-19 08:00:00,19,1116.518078172209,1033.2937152965628,33,32,-1,True
160,2025-11-19 09:00:00,19,1118.125421734758,1039.5862434623075,33,32,-1,True
161,2025-11-19 10:00:00,19,1118.8622089395155,1042.2724869287454,33,33,0,False
162,2025-11-19 11:00:00,19,1118.9750353737309,1042.6744880308074,33,33,0,False
163,2025-11-19 12:00:00,19,1119.9005657723071,1045.887549071088,33,33,0,False
164,2025-11-19 13:00:00,19,1120.2348035763682,1047.0134855839697,33,33,0,False
165,2025-11-19 14:00:00,19,1118.796329081629,1042.0366539336194,33,33,0,False
166,2025-11-19 15:00:00,19,1116.9417771767887,1035.01794866123,33,32,-1,True
167,2025-11-19 16:00:00,19,1115.0392024253483,1026.8047208319283,33,32,-1,True
0,2025-11-12 17:00:00,20,1047.8866955396074,1040.8911790039003,35,35,0,False
1,2025-11-12 18:00:00,20,1048.9780652692148,1042.8407318739207,35,35,0,False
2,2025-11-12 19:00:00,20,1050.038668966444,1044.678895076839,37,35,-2,True
3,2025-11-12 20:00:00,20,1049.4302451299295,1045.1886442335544,37,35,-2,True
4,2025-11-12 21:00:00,20,874.4759058680934,871.2239407131376,36,36,0,False
5,2025-11-12 22:00:00,20,871.3133399520492,868.670529931252,36,36,0,False
6,2025-11-12 23:00:00,20,871.7615388148934,869.2603536568265,36,36,0,False
7,2025-11-13 00:00:00,20,873.6666092597432,871.7843444160067,36,36,0,False
8,2025-11-13 01:00:00,20,647.536301982653,643.896381468714,37,37,0,False
9,2025-11-13 02:00:00,20,647.9499552903798,645.1256451984199,37,37,0,False
10,2025-11-13 03:00:00,20,647.6600738669587,644.2654477130576,37,37,0,False
11,2025-11-13 04:00:00,20,873.4706207927154,871.5224305279874,36,36,0,False
12,2025-11-13 05:00:00,20,874.4398662456085,871.2222514756551,36,36,0,False
13,2025-11-13 06:00:00,20,1051.0840427236456,1046.4421881771573,37,35,-2,True
14,2025-11-13 07:00:00,20,1050.978037857925,1046.2654313653816,37,35,-2,True
15,2025-11-13 08:00:00,20,1050.3906757197096,1045.2777620652937,37,35,-2,True
16,2025-11-13 09:00:00,20,1049.2976349471912,1043.4001346333112,36,35,-1,True
17,2025-11-13 10:00:00,20,1048.3381591443913,1041.7052628593206,35,35,0,False
18,2025-11-13 11:00:00,20,1048.020812474901,1041.1341861103645,35,35,0,False
19,2025-11-13 12:00:00,20,1047.895648790567,1040.9074327062324,35,35,0,False
20,2025-11-13 13:00:00,20,1047.9195156465223,1040.9507385718175,35,35,0,False
21,2025-11-13 14:00:00,20,1047.7342240959774,1040.6136878897369,35,35,0,False
22,2025-11-13 15:00:00,20,1047.0615494879517,1039.3732049708888,35,35,0,False
23,2025-11-13 16:00:00,20,1047.6802901866686,1040.5152134265015,35,35,0,False
24,2025-11-13 17:00:00,20,1047.4789801940967,1040.1461647277908,35,35,0,False
25,2025-11-13 18:00:00,20,1047.29493022962,1039.8066620490404,35,35,0,False
26,2025-11-13 19:00:00,20,1048.0832674386354,1041.2470086860526,35,35,0,False
27,2025-11-13 20:00:00,20,1049.3236845658766,1043.4455177635175,36,35,-1,True
28,2025-11-13 21:00:00,20,1050.3765331517295,1045.2538039284111,37,35,-2,True
29,2025-11-13 22:00:00,20,1049.8568765102511,1045.527016260551,37,35,-2,True
30,2025-11-13 23:00:00,20,1048.6760130560858,1044.5845108447295,37,35,-2,True
31,2025-11-14 00:00:00,20,1048.6366082023872,1044.552749903583,37,35,-2,True
32,2025-11-14 01:00:00,20,874.266022339388,870.9591449721072,36,36,0,False
33,2025-11-14 02:00:00,20,874.3241458577681,871.0879563189881,36,36,0,False
34,2025-11-14 03:00:00,20,874.2368793492179,870.8943814710299,36,36,0,False
35,2025-11-14 04:00:00,20,1051.10911400337,1046.4839277757442,37,35,-2,True
36,2025-11-14 05:00:00,20,1048.074350464817,1041.230913617428,35,35,0,False
37,2025-11-14 06:00:00,20,1045.434711218571,1036.2504949505137,35,35,0,False
38,2025-11-14 07:00:00,20,1045.0171914176142,1035.4171138611655,35,34,-1,True
39,2025-11-14 08:00:00,20,1045.1789606306138,1035.741714821257,35,34,-1,True
40,2025-11-14 09:00:00,20,1045.9076818636436,1037.1778613998224,35,35,0,False
41,2025-11-14 10:00:00,20,1046.875819102249,1039.0258207677075,35,35,0,False
42,2025-11-14 11:00:00,20,1047.270737890913,1039.761884784452,35,35,0,False
43,2025-11-14 12:00:00,20,1047.8299512789724,1040.7880608213015,35,35,0,False
44,2025-11-14 13:00:00,20,1047.270737890913,1039.761884784452,35,35,0,False
45,2025-11-14 14:00:00,20,1046.8514052488845,1038.97999460456,35,35,0,False
46,2025-11-14 15:00:00,20,1046.1717841197744,1037.6884312084294,35,35,0,False
47,2025-11-14 16:00:00,20,1045.7641167563695,1036.8981708006004,35,35,0,False
48,2025-11-14 17:00:00,20,1046.2955418509152,1037.9259689368814,35,35,0,False
49,2025-11-14 18:00:00,20,1047.049393407152,1039.3505351667072,35,35,0,False
50,2025-11-14 19:00:00,20,1048.2760475950156,1041.593918349927,35,35,0,False
51,2025-11-14 20:00:00,20,1048.7911168169842,1042.5111589815992,35,35,0,False
52,2025-11-14 21:00:00,20,1049.520033752881,1043.7865645823852,36,35,-1,True
53,2025-11-14 22:00:00,20,1050.1525099647813,1044.873158291025,37,35,-2,True
54,2025-11-14 23:00:00,20,1050.1950687027254,1045.793407373371,37,35,-2,True
55,2025-11-15 00:00:00,20,1049.1138128148982,1044.9360790323185,37,35,-2,True
56,2025-11-15 01:00:00,20,1048.801760403011,1044.6857370971445,37,35,-2,True
57,2025-11-15 02:00:00,20,874.2604221357544,870.946709078683,36,36,0,False
58,2025-11-15 03:00:00,20,1049.7204442857703,1045.419083972827,37,35,-2,True
59,2025-11-15 04:00:00,20,1050.8809909268773,1046.3283813983733,37,35,-2,True
60,2025-11-15 05:00:00,20,1050.3906757197096,1045.2777620652937,37,35,-2,True
61,2025-11-15 06:00:00,20,1049.053798550094,1042.9737503838655,35,35,0,False
62,2025-11-15 07:00:00,20,1048.2878847939555,1041.615154223732,35,35,0,False
63,2025-11-15 08:00:00,20,1048.4355949634069,1041.8795193539754,35,35,0,False
64,2025-11-15 09:00:00,20,1048.7676952137726,1042.4697455911123,35,35,0,False
65,2025-11-15 10:00:00,20,1049.496976814318,1043.7466095146776,36,35,-1,True
66,2025-11-15 11:00:00,20,1049.7184272034908,1044.129344883096,37,35,-2,True
67,2025-11-15 12:00:00,20,1049.6696260861695,1044.045194578302,37,35,-2,True
68,2025-11-15 13:00:00,20,1049.781505779269,1044.2379543152276,37,35,-2,True
69,2025-11-15 14:00:00,20,1048.450340098933,1041.905846342906,35,35,0,False
70,2025-11-15 15:00:00,20,1046.8544576901877,1038.9857263017864,35,35,0,False
71,2025-11-15 16:00:00,20,1046.5881332103083,1038.483354662796,35,35,0,False
72,2025-11-15 17:00:00,20,1047.1465522198137,1039.53146879422,35,35,0,False
73,2025-11-15 18:00:00,20,1048.2730878221696,1041.588607361491,35,35,0,False
74,2025-11-15 19:00:00,20,1049.3641772108158,1043.5159994029607,36,35,-1,True
75,2025-11-15 20:00:00,20,1050.6163762662925,1045.6589695395485,37,35,-2,True
76,2025-11-15 21:00:00,20,1049.6291217537623,1045.3466922391815,37,35,-2,True
77,2025-11-15 22:00:00,20,874.4070448224053,871.2183177911594,36,36,0,False
78,2025-11-15 23:00:00,20,874.4358520960363,871.2218895432768,36,36,0,False
79,2025-11-16 00:00:00,20,874.475123248547,871.2239346942375,36,36,0,False
80,2025-11-16 01:00:00,20,874.4645163063215,871.2237164987569,36,36,0,False
81,2025-11-16 02:00:00,20,874.4542289853235,871.2232655484506,36,36,0,False
82,2025-11-16 03:00:00,20,874.5125917743798,871.22261230181,36,36,0,False
83,2025-11-16 04:00:00,20,874.5375166856447,871.2198234717041,36,36,0,False
84,2025-11-16 05:00:00,20,874.4664863979301,871.2237761375949,36,36,0,False
85,2025-11-16 06:00:00,20,874.2548199253465,870.9342643291241,36,36,0,False
86,2025-11-16 07:00:00,20,1050.8129738275045,1045.9892998297312,37,35,-2,True
87,2025-11-16 08:00:00,20,1050.2377087621564,1045.0181766664366,37,35,-2,True
88,2025-11-16 09:00:00,20,1050.018718188997,1044.644791758583,37,35,-2,True
89,2025-11-16 10:00:00,20,1049.6811133038489,1044.0650123521582,37,35,-2,True
90,2025-11-16 11:00:00,20,1049.617898506748,1043.9558792646476,36,35,-1,True
91,2025-11-16 12:00:00,20,1049.3873000451226,1043.556212348964,36,35,-1,True
92,2025-11-16 13:00:00,20,1048.7178850047364,1042.3815804753656,35,35,0,False
93,2025-11-16 14:00:00,20,1047.9672124030128,1041.0371879360175,35,35,0,False
94,2025-11-16 15:00:00,20,1046.5451316459612,1038.4018008452465,35,35,0,False
95,2025-11-16 16:00:00,20,1045.8141036643387,1036.9957289649335,35,35,0,False
96,2025-11-16 17:00:00,20,1045.848437940759,1037.0626298403452,35,35,0,False
97,2025-11-16 18:00:00,20,1045.9263745175233,1037.2141654201905,35,35,0,False
98,2025-11-16 19:00:00,20,1046.9885647535132,1039.2369568735778,35,35,0,False
99,2025-11-16 20:00:00,20,1047.7162531285685,1040.5808944016828,35,35,0,False
100,2025-11-16 21:00:00,20,1048.5945946168488,1042.162810528854,35,35,0,False
101,2025-11-16 22:00:00,20,1049.088710762866,1043.0349759413602,35,35,0,False
102,2025-11-16 23:00:00,20,1049.7155579647192,1044.124400304776,37,35,-2,True
103,2025-11-17 00:00:00,20,1050.3765331517295,1045.2538039284111,37,35,-2,True
104,2025-11-17 01:00:00,20,1050.4246004150075,1045.3351974652076,37,35,-2,True
105,2025-11-17 02:00:00,20,1050.543143145839,1045.5355127342968,37,35,-2,True
106,2025-11-17 03:00:00,20,1050.3312481221092,1045.177031904375,37,35,-2,True
107,2025-11-17 04:00:00,20,1048.9751499825932,1042.8356058081304,35,35,0,False
108,2025-11-17 05:00:00,20,1045.770368114472,1036.910381698572,35,35,0,False
109,2025-11-17 06:00:00,20,1043.4853735183538,1027.8332666309768,35,34,-1,True
110,2025-11-17 07:00:00,20,1042.966289614726,1023.0288733745028,35,34,-1,True
111,2025-11-17 08:00:00,20,1042.8764108954265,1022.1798426899716,35,34,-1,True
112,2025-11-17 09:00:00,20,1043.6133921141231,1028.993740344586,35,34,-1,True
113,2025-11-17 10:00:00,20,1044.0861896413958,1033.203097535825,35,34,-1,True
114,2025-11-17 11:00:00,20,1044.5283948121505,1034.4225200558726,35,34,-1,True
115,2025-11-17 12:00:00,20,1044.3642833894692,1034.0837189484712,35,34,-1,True
116,2025-11-17 13:00:00,20,1043.7933139397712,1030.6094533781386,35,34,-1,True
117,2025-11-17 14:00:00,20,1042.859746841237,1022.02184001757,35,34,-1,True
118,2025-11-17 15:00:00,20,1050.0758953056954,1011.1337225519444,35,34,-1,True
119,2025-11-17 16:00:00,20,1049.3150746630697,1002.4844089773352,35,34,-1,True
120,2025-11-17 17:00:00,20,1049.8974708716603,1009.166893860645,35,34,-1,True
121,2025-11-17 18:00:00,20,1050.143833305883,1011.8736972897276,35,34,-1,True
122,2025-11-17 19:00:00,20,1042.4713844591226,1018.2850806135144,35,34,-1,True
123,2025-11-17 20:00:00,20,1043.1587540924631,1024.8294613725611,35,34,-1,True
124,2025-11-17 21:00:00,20,1044.682310928211,1034.7380048860691,35,34,-1,True
125,2025-11-17 22:00:00,20,1045.7359750430007,1036.843164501442,35,35,0,False
126,2025-11-17 23:00:00,20,1047.794076840952,1040.7227743652152,35,35,0,False
127,2025-11-18 00:00:00,20,1048.281966572923,1041.6045379022055,35,35,0,False
128,2025-11-18 01:00:00,20,1048.4355949634069,1041.8795193539754,35,35,0,False
129,2025-11-18 02:00:00,20,1048.6445373714423,1042.2515240769196,35,35,0,False
130,2025-11-18 03:00:00,20,1049.079985169413,1043.019679435108,35,35,0,False
131,2025-11-18 04:00:00,20,1047.8179962295242,1040.7663124039868,35,35,0,False
132,2025-11-18 05:00:00,20,1044.5187576599697,1034.4026942238213,35,34,-1,True
133,2025-11-18 06:00:00,20,1049.6235822296935,1006.0772878848372,35,34,-1,True
134,2025-11-18 07:00:00,20,1049.2359619740914,1001.5420144308794,35,34,-1,True
135,2025-11-18 08:00:00,20,1049.2854239413489,1002.1322635565438,35,34,-1,True
136,2025-11-18 09:00:00,20,1042.4007144370664,1017.593366134954,35,34,-1,True
137,2025-11-18 10:00:00,20,1042.8864063467145,1022.274527252114,35,34,-1,True
138,2025-11-18 11:00:00,20,1043.5543519236362,1028.4596906324873,35,34,-1,True
139,2025-11-18 12:00:00,20,1043.4228730724212,1027.2633305064553,35,34,-1,True
140,2025-11-18 13:00:00,20,1042.7696534035551,1021.164367720925,35,34,-1,True
141,2025-11-18 14:00:00,20,1049.955942906871,1009.8152753155656,35,34,-1,True
142,2025-11-18 15:00:00,20,1048.7316050982763,995.3032928456774,35,34,-1,True
143,2025-11-18 16:00:00,20,1047.6813124408689,980.5808849385536,35,34,-1,True
144,2025-11-18 17:00:00,20,1048.0590667770782,986.2123577494788,35,34,-1,True
145,2025-11-18 18:00:00,20,1048.8482508482543,996.7843081510404,35,34,-1,True
146,2025-11-18 19:00:00,20,1049.4499000255164,1004.0701778278708,35,34,-1,True
147,2025-11-18 20:00:00,20,1042.373762995296,1017.3285698269364,35,34,-1,True
148,2025-11-18 21:00:00,20,1044.2577753538287,1033.8624674585856,35,34,-1,True
149,2025-11-18 22:00:00,20,1045.3180651805192,1036.0191017036227,35,34,-1,True
150,2025-11-18 23:00:00,20,1046.8666654275753,1039.0086432954506,35,35,0,False
151,2025-11-19 00:00:00,20,1047.2132300882697,1039.6553014000192,35,35,0,False
152,2025-11-19 01:00:00,20,1047.2525852916494,1039.7282630373572,35,35,0,False
153,2025-11-19 02:00:00,20,1047.0676263236678,1039.3845341625004,35,35,0,False
154,2025-11-19 03:00:00,20,1047.2374526563358,1039.7002194432878,35,35,0,False
155,2025-11-19 04:00:00,20,1046.202754939464,1037.7479770082723,35,35,0,False
156,2025-11-19 05:00:00,20,1042.996209094188,1023.3103335098704,35,34,-1,True
157,2025-11-19 06:00:00,20,1048.245042678986,988.8316953763608,35,34,-1,True
158,2025-11-19 07:00:00,20,1047.9810606061928,985.0857263375972,35,34,-1,True
159,2025-11-19 08:00:00,20,1048.0217767980944,985.6759509788028,35,34,-1,True
160,2025-11-19 09:00:00,20,1048.5878740237918,993.4432517555636,35,34,-1,True
161,2025-11-19 10:00:00,20,1048.8482508482543,996.7843081510404,35,34,-1,True
162,2025-11-19 11:00:00,20,1048.888172860009,997.2856137046808,35,34,-1,True
163,2025-11-19 12:00:00,20,1049.2161617254742,1001.304728842294,35,34,-1,True
164,2025-11-19 13:00:00,20,1049.3348308060492,1002.7183493794812,35,34,-1,True
165,2025-11-19 14:00:00,20,1048.8249463366287,996.490377630787,35,34,-1,True
166,2025-11-19 15:00:00,20,1048.1707468573256,987.7960965984108,35,34,-1,True
167,2025-11-19 16:00:00,20,1047.503217325688,977.7519959492936,35,34,-1,True
0,2025-11-12 17:00:00,21,1604.8038951771869,1380.0572310862638,26,26,0,False
1,2025-11-12 18:00:00,21,1611.9651169834394,1399.296768899571,26,26,0,False
2,2025-11-12 19:00:00,21,1618.8910388657102,1417.406826177336,26,26,0,False
3,2025-11-12 20:00:00,21,1630.8492170786735,1446.2127696199443,26,26,0,False
4,2025-11-12 21:00:00,21,1623.7152163110618,1444.844863018922,25,25,0,False
5,2025-11-12 22:00:00,21,1269.9277225233914,1089.2071275816766,25,29,4,True
6,2025-11-12 23:00:00,21,1271.2856233267444,1092.1495910828912,25,29,4,True
7,2025-11-13 00:00:00,21,1277.395710447131,1105.2010865207171,25,29,4,True
8,2025-11-13 01:00:00,21,1269.1584554702474,1103.465748650391,25,27,2,True
9,2025-11-13 02:00:00,21,1268.7047725035063,1107.080621392372,25,27,2,True
10,2025-11-13 03:00:00,21,1269.02271092027,1104.550614423962,25,27,2,True
11,2025-11-13 04:00:00,21,1276.7333869711392,1103.797751482109,25,29,4,True
12,2025-11-13 05:00:00,21,1623.9968889088093,1445.8815935549833,25,25,0,False
13,2025-11-13 06:00:00,21,1625.684837192124,1434.7558854943568,26,26,0,False
14,2025-11-13 07:00:00,21,1624.997411118552,1433.0176913047897,26,26,0,False
15,2025-11-13 08:00:00,21,1621.182346224305,1423.3014486582658,26,26,0,False
16,2025-11-13 09:00:00,21,1614.0554484395973,1404.8110381489334,26,26,0,False
17,2025-11-13 10:00:00,21,1607.7704587137944,1388.0955152095396,26,26,0,False
18,2025-11-13 11:00:00,21,1605.6857933984393,1382.4573696476612,26,26,0,False
19,2025-11-13 12:00:00,21,1604.862784319598,1380.2177844805578,26,26,0,False
20,2025-11-13 13:00:00,21,1605.0197549239208,1380.6455450620963,26,26,0,False
21,2025-11-13 14:00:00,21,1603.800673142818,1377.3157726879049,26,26,0,False
22,2025-11-13 15:00:00,21,1599.3666487999856,1365.0505990462625,26,26,0,False
23,2025-11-13 16:00:00,21,1603.4456413592225,1376.342710328351,26,26,0,False
24,2025-11-13 17:00:00,21,1602.1197328852911,1372.6951067860336,26,26,0,False
25,2025-11-13 18:00:00,21,1600.9064841709098,1369.338254646136,26,26,0,False
26,2025-11-13 19:00:00,21,1606.0962939445103,1383.571499373873,26,26,0,False
27,2025-11-13 20:00:00,21,1614.2257089375562,1405.2582839449278,26,26,0,False
28,2025-11-13 21:00:00,21,1621.0903595348193,1423.065678353043,26,26,0,False
29,2025-11-13 22:00:00,21,1629.6752193172413,1443.6412316108133,26,26,0,False
30,2025-11-13 23:00:00,21,1632.8612059074594,1450.6060508021626,26,26,0,False
31,2025-11-14 00:00:00,21,1632.9641778544428,1450.8304370302567,26,26,0,False
32,2025-11-14 01:00:00,21,1622.5986484416112,1442.941794528329,25,25,0,False
33,2025-11-14 02:00:00,21,1623.5131724894331,1445.206670158189,25,25,0,False
34,2025-11-14 03:00:00,21,1622.1401359049296,1441.804012042423,25,25,0,False
35,2025-11-14 04:00:00,21,1625.847371333285,1435.166317170545,26,26,0,False
36,2025-11-14 05:00:00,21,1606.037691868692,1383.4125672574992,26,26,0,False
37,2025-11-14 06:00:00,21,1588.5896171102963,1334.0955772028365,26,26,0,False
38,2025-11-14 07:00:00,21,1585.811634442162,1325.8129450388358,26,26,0,False
39,2025-11-14 08:00:00,21,1586.888555678881,1329.0401731431425,26,26,0,False
40,2025-11-14 09:00:00,21,1591.7305865295305,1343.301208099462,26,26,0,False
41,2025-11-14 10:00:00,21,1598.1400914476244,1361.6128415776525,26,26,0,False
42,2025-11-14 11:00:00,21,1600.746936938062,1368.8954240398868,26,26,0,False
43,2025-11-14 12:00:00,21,1604.4306113718908,1379.038571909423,26,26,0,False
44,2025-11-14 13:00:00,21,1600.746936938062,1368.8954240398868,26,26,0,False
45,2025-11-14 14:00:00,21,1597.9787896596042,1361.15923766819,26,26,0,False
46,2025-11-14 15:00:00,21,1593.481711620534,1348.3646861704135,26,26,0,False
47,2025-11-14 16:00:00,21,1590.7778495872983,1340.526014872038,26,26,0,False
48,2025-11-14 17:00:00,21,1594.3016022384786,1350.7193066966588,26,26,0,False
49,2025-11-14 18:00:00,21,1599.2864006916031,1364.8262973529454,26,26,0,False
50,2025-11-14 19:00:00,21,1607.362675131515,1386.9964760185646,26,26,0,False
51,2025-11-14 20:00:00,21,1610.7408844329138,1396.046770674159,26,26,0,False
52,2025-11-14 21:00:00,21,1615.5084060783652,1408.6187263521135,26,26,0,False
53,2025-11-14 22:00:00,21,1619.6324639195282,1419.3192318029792,26,26,0,False
54,2025-11-14 23:00:00,21,1628.7252126556314,1441.5558575238117,26,26,0,False
55,2025-11-15 00:00:00,21,1631.7029739571594,1448.0790911409397,26,26,0,False
56,2025-11-15 01:00:00,21,1632.5312094006729,1449.886658085704,26,26,0,False
57,2025-11-15 02:00:00,21,1622.5105378570572,1442.7232684318128,25,25,0,False
58,2025-11-15 03:00:00,21,1630.05357044064,1444.4706369119515,26,26,0,False
59,2025-11-15 04:00:00,21,1626.743128641721,1437.191725909226,26,26,0,False
60,2025-11-15 05:00:00,21,1621.182346224305,1423.3014486582658,26,26,0,False
61,2025-11-15 06:00:00,21,1612.4607654273448,1400.6082291227349,26,26,0,False
62,2025-11-15 07:00:00,21,1607.4403990416918,1387.2060963370866,26,26,0,False
63,2025-11-15 08:00:00,21,1608.4099322061,1389.815299362995,26,26,0,False
64,2025-11-15 09:00:00,21,1610.5874359468778,1395.6383154517896,26,26,0,False
65,2025-11-15 10:00:00,21,1615.3578400604802,1408.2250849077686,26,26,0,False
66,2025-11-15 11:00:00,21,1616.8033034350235,1411.995314921977,26,26,0,False
67,2025-11-15 12:00:00,21,1616.484890416214,1411.166469885847,26,26,0,False
68,2025-11-15 13:00:00,21,1617.2147684009583,1413.0649912128908,26,26,0,False
69,2025-11-15 14:00:00,21,1608.506680801111,1390.0751027255835,26,26,0,False
70,2025-11-15 15:00:00,21,1597.9989580052124,1361.2159733949848,26,26,0,False
71,2025-11-15 16:00:00,21,1596.2382736189095,1356.241753917697,26,26,0,False
72,2025-11-15 17:00:00,21,1599.927674021541,1366.6163480397013,26,26,0,False
73,2025-11-15 18:00:00,21,1607.3432404112516,1386.9440503265944,26,26,0,False
74,2025-11-15 19:00:00,21,1614.49032953631,1405.952839286562,26,26,0,False
75,2025-11-15 20:00:00,21,1622.6495494916787,1427.0523566775423,26,26,0,False
76,2025-11-15 21:00:00,21,1630.305280803343,1445.0220763384975,26,26,0,False
77,2025-11-15 22:00:00,21,1624.2339762978286,1446.7627895934247,25,25,0,False
78,2025-11-15 23:00:00,21,1624.0268539402684,1445.9924992003382,25,25,0,False
79,2025-11-16 00:00:00,21,1623.7215809818383,1444.868181825283,25,25,0,False
80,2025-11-16 01:00:00,21,1623.806738505309,1445.1806356032118,25,25,0,False
81,2025-11-16 02:00:00,21,1623.8873945516248,1445.477386151005,25,25,0,False
82,2025-11-16 03:00:00,21,1623.4038882632371,1443.7094816128758,25,25,0,False
83,2025-11-16 04:00:00,21,1623.1772162505245,1442.888576880213,25,25,0,False
84,2025-11-16 05:00:00,21,1623.791076147641,1445.1231037694542,25,25,0,False
85,2025-11-16 06:00:00,21,1622.4223963873462,1442.504610048853,25,25,0,False
86,2025-11-16 07:00:00,21,1623.9263226925852,1430.3018742312152,26,26,0,False
87,2025-11-16 08:00:00,21,1620.1870957183587,1420.7466739068968,26,26,0,False
88,2025-11-16 09:00:00,21,1618.761063573005,1417.0710708967135,26,26,0,False
89,2025-11-16 10:00:00,21,1616.559847483965,1411.3616715551052,26,26,0,False
90,2025-11-16 11:00:00,21,1616.147306292131,1410.2866913453076,26,26,0,False
91,2025-11-16 12:00:00,21,1614.6414162835629,1406.3490961635282,26,26,0,False
92,2025-11-16 13:00:00,21,1610.2610471432986,1394.7687026661786,26,26,0,False
93,2025-11-16 14:00:00,21,1605.333403681755,1381.4994062829894,26,26,0,False
94,2025-11-16 15:00:00,21,1595.9537980414798,1355.4339710812012,26,26,0,False
95,2025-11-16 16:00:00,21,1591.1096426135691,1341.4941383273865,26,26,0,False
96,2025-11-16 17:00:00,21,1591.337498688653,1342.157960987338,26,26,0,False
97,2025-11-16 18:00:00,21,1591.8545930002406,1343.6613558025415,26,26,0,False
98,2025-11-16 19:00:00,21,1598.8847779615903,1363.7024335236558,26,26,0,False
99,2025-11-16 20:00:00,21,1603.6823846412103,1376.9917392729835,26,26,0,False
100,2025-11-16 21:00:00,21,1609.4528570521138,1392.6105722647785,26,26,0,False
101,2025-11-16 22:00:00,21,1612.6891973207012,1401.211815072473,26,26,0,False
102,2025-11-16 23:00:00,21,1616.7845844382246,1411.9466144270357,26,26,0,False
103,2025-11-17 00:00:00,21,1621.0903595348193,1423.065678353043,26,26,0,False
104,2025-11-17 01:00:00,21,1621.402976351699,1423.8666501649734,26,26,0,False
105,2025-11-17 02:00:00,21,1622.1736523739182,1425.837705505152,26,26,0,False
106,2025-11-17 03:00:00,21,1620.7957746206798,1422.3101435305873,26,26,0,False
107,2025-11-17 04:00:00,21,1611.9460340701587,1399.2462267808728,26,26,0,False
108,2025-11-17 05:00:00,21,1590.8193474700288,1340.6471971494502,26,26,0,False
109,2025-11-17 06:00:00,21,1575.5776429979232,1291.847213783547,26,26,0,False
110,2025-11-17 07:00:00,21,1572.094782631346,1278.5822174820487,26,26,0,False
111,2025-11-17 08:00:00,21,1571.490967471692,1276.23270277085,26,26,0,False
112,2025-11-17 09:00:00,21,1576.435444929709,1295.0438574158102,26,26,0,False
113,2025-11-17 10:00:00,21,1579.599503753249,1306.6158304224523,26,26,0,False
114,2025-11-17 11:00:00,21,1582.5531648134795,1315.915073113759,26,26,0,False
115,2025-11-17 12:00:00,21,1581.4576407948166,1312.54006814735,26,26,0,False
116,2025-11-17 13:00:00,21,1577.640255938005,1299.4898560761922,26,26,0,False
117,2025-11-17 14:00:00,21,1571.3789918149782,1275.795281898772,26,26,0,False
118,2025-11-17 15:00:00,21,1585.4704241286622,1245.5070566515064,26,27,1,True
119,2025-11-17 16:00:00,21,1580.2355147289184,1221.2232764260905,26,27,1,True
120,2025-11-17 17:00:00,21,1584.2443190036695,1240.0033973190557,26,27,1,True
121,2025-11-17 18:00:00,21,1585.9370314535688,1247.5749972499827,26,27,1,True
122,2025-11-17 19:00:00,21,1568.7671681832874,1265.433309165105,26,27,1,True
123,2025-11-17 20:00:00,21,1573.3870238314637,1283.5595957064525,26,26,0,False
124,2025-11-17 21:00:00,21,1583.5799425252856,1319.0562524546062,26,26,0,False
125,2025-11-17 22:00:00,21,1590.591025013696,1339.980102172933,26,26,0,False
126,2025-11-17 23:00:00,21,1604.1945685982646,1378.3935800362149,26,26,0,False
127,2025-11-18 00:00:00,21,1607.4015400803405,1387.1013026611877,26,26,0,False
128,2025-11-18 01:00:00,21,1608.4099322061,1389.815299362995,26,26,0,False
129,2025-11-18 02:00:00,21,1609.7802939974365,1393.4857694624689,26,26,0,False
130,2025-11-18 03:00:00,21,1612.6321087913727,1401.061019012634,26,26,0,False
131,2025-11-18 04:00:00,21,1604.3519549551384,1378.8237151194994,26,26,0,False
132,2025-11-18 05:00:00,21,1582.4888530143078,1315.7176239042683,26,26,0,False
133,2025-11-18 06:00:00,21,1582.3603337788074,1231.3364227207076,26,27,1,True
134,2025-11-18 07:00:00,21,1579.6901720952171,1218.5643118430842,26,27,1,True
135,2025-11-18 08:00:00,21,1580.0311472653775,1220.2300123663783,26,27,1,True
136,2025-11-18 09:00:00,21,1568.2914459183348,1263.5115452155364,26,27,1,True
137,2025-11-18 10:00:00,21,1571.5581291262815,1276.4948038767532,26,26,0,False
138,2025-11-18 11:00:00,21,1576.0398968449765,1293.5731131121252,26,26,0,False
139,2025-11-18 12:00:00,21,1575.158686042539,1290.276227750504,26,26,0,False
140,2025-11-18 13:00:00,21,1570.7734668410635,1273.4204193118082,26,26,0,False
141,2025-11-18 14:00:00,21,1584.646235413236,1241.8188818176031,26,27,1,True
142,2025-11-18 15:00:00,21,1576.209101177136,1200.8920352107125,26,27,1,True
143,2025-11-18 16:00:00,21,1568.9354968131458,1158.6569118891284,26,28,2,True
144,2025-11-18 17:00:00,21,1571.5553699215457,1174.9067081667622,26,27,1,True
145,2025-11-18 18:00:00,21,1577.0148688648198,1205.0985246112468,26,27,1,True
146,2025-11-18 19:00:00,21,1581.164464696525,1225.6915236558905,26,27,1,True
147,2025-11-18 20:00:00,21,1568.109983095326,1262.775563238255,26,27,1,True
148,2025-11-18 21:00:00,21,1580.7462430382177,1310.3350964293948,26,26,0,False
149,2025-11-18 22:00:00,21,1587.8140042498408,1331.7968217578475,26,26,0,False
150,2025-11-18 23:00:00,21,1598.07961532202,1361.4428155760502,26,26,0,False
151,2025-11-19 00:00:00,21,1600.3676083992173,1367.8412657110496,26,26,0,False
152,2025-11-19 01:00:00,21,1600.627210427469,1368.5629030217126,26,26,0,False
153,2025-11-19 02:00:00,21,1599.4067633120942,1365.1626912364602,26,26,0,False
154,2025-11-19 03:00:00,21,1600.527395023315,1368.2855408154014,26,26,0,False
155,2025-11-19 04:00:00,21,1593.6869331193516,1348.9550065585106,26,26,0,False
156,2025-11-19 05:00:00,21,1572.295735119399,1279.3607386374954,26,26,0,False
157,2025-11-19 06:00:00,21,1572.8436147313937,1182.4238557699878,26,27,1,True
158,2025-11-19 07:00:00,21,1571.014716991384,1171.6655798678544,26,27,1,True
159,2025-11-19 08:00:00,21,1571.2969395677007,1173.3641537188012,26,27,1,True
160,2025-11-19 09:00:00,21,1575.2156715939052,1195.5987151253505,26,27,1,True
161,2025-11-19 10:00:00,21,1577.0148688648198,1205.0985246112468,26,27,1,True
162,2025-11-19 11:00:00,21,1577.2905490978867,1206.5207521727816,26,27,1,True
163,2025-11-19 12:00:00,21,1579.5536548378282,1217.8943870023152,26,27,1,True
164,2025-11-19 13:00:00,21,1580.3716691882012,1221.8829247171996,26,27,1,True
165,2025-11-19 14:00:00,21,1576.8539181613774,1204.2642513812957,26,27,1,True
166,2025-11-19 15:00:00,21,1572.3290959901467,1179.4548381136049,26,27,1,True
167,2025-11-19 16:00:00,21,1567.698855775661,1150.446228665263,26,28,2,True
0,2025-11-12 17:00:00,24,1855.6576663829053,1718.0466948946762,22,23,1,True
1,2025-11-12 18:00:00,24,1863.0079472662,1736.104843932177,22,23,1,True
2,2025-11-12 19:00:00,24,1870.1232183690224,1753.077951835047,22,23,1,True
3,2025-11-12 20:00:00,24,1881.8479298162329,1779.6847107335814,22,23,1,True
4,2025-11-12 21:00:00,24,1834.7900393623231,1740.5010274222357,21,22,1,True
5,2025-11-12 22:00:00,24,1668.7259012264597,1552.8731755843594,23,22,-1,True
6,2025-11-12 23:00:00,24,1670.5462032147625,1556.374878640854,23,22,-1,True
7,2025-11-13 00:00:00,24,1678.671981862768,1571.8558054949,23,22,-1,True
8,2025-11-13 01:00:00,24,1650.6465446070802,1551.324088811837,23,22,-1,True
9,2025-11-13 02:00:00,24,1650.6436790904204,1555.5612860733406,23,22,-1,True
10,2025-11-13 03:00:00,24,1650.645566864083,1552.5958321717917,23,22,-1,True
11,2025-11-13 04:00:00,24,1677.796642885698,1570.1962655578436,23,22,-1,True
12,2025-11-13 05:00:00,24,1834.320323455388,1740.6426759552123,21,22,1,True
13,2025-11-13 06:00:00,24,1877.1092122909483,1769.312872260462,22,23,1,True
14,2025-11-13 07:00:00,24,1876.4020408740123,1767.687469660686,22,23,1,True
15,2025-11-13 08:00:00,24,1872.478619087467,1758.5968825528398,22,23,1,True
16,2025-11-13 09:00:00,24,1865.154741591932,1741.2756008414224,22,23,1,True
17,2025-11-13 10:00:00,24,1858.701735845464,1725.5945366378758,22,23,1,True
18,2025-11-13 11:00:00,24,1856.5624868303764,1720.3008506003475,22,23,1,True
19,2025-11-13 12:00:00,24,1855.718083054417,1718.1974949792518,22,23,1,True
20,2025-11-13 13:00:00,24,1855.879127502452,1718.5992615745952,22,23,1,True
21,2025-11-13 14:00:00,24,1854.628489912834,1715.4715123890535,22,23,1,True
22,2025-11-13 15:00:00,24,1850.0812808168089,1703.9443534362945,22,23,1,True
23,2025-11-13 16:00:00,24,1854.2643038625845,1714.557350202398,22,23,1,True
24,2025-11-13 17:00:00,24,1852.9043493138784,1711.1299946819977,22,23,1,True
25,2025-11-13 18:00:00,24,1851.6601421071125,1707.9750871896697,22,23,1,True
26,2025-11-13 19:00:00,24,1856.9836912205496,1721.3470847151073,22,23,1,True
27,2025-11-13 20:00:00,24,1865.329626934173,1741.6948849644464,22,23,1,True
28,2025-11-13 21:00:00,24,1872.3840451710596,1758.3761942735073,22,23,1,True
29,2025-11-13 22:00:00,24,1880.7873617711405,1777.371175908906,22,23,1,True
30,2025-11-13 23:00:00,24,1883.6526606374853,1783.6235461787644,22,23,1,True
31,2025-11-14 00:00:00,24,1883.7445775516808,1783.824246418023,22,23,1,True
32,2025-11-14 01:00:00,24,1831.763962604203,1736.725104487972,21,22,1,True
33,2025-11-14 02:00:00,24,1832.6645845411329,1738.772261499641,21,22,1,True
34,2025-11-14 03:00:00,24,1831.3124667510128,1735.6965145543593,21,22,1,True
35,2025-11-14 04:00:00,24,1877.276424941148,1769.6966319202606,22,23,1,True
36,2025-11-14 05:00:00,24,1856.923559759296,1721.1978431214757,22,23,1,True
37,2025-11-14 06:00:00,24,1839.039253155988,1674.8128209173892,22,24,2,True
38,2025-11-14 07:00:00,24,1836.1952131162584,1667.0095847982982,23,24,1,True
39,2025-11-14 08:00:00,24,1837.2976351664684,1670.050415572031,23,24,1,True
40,2025-11-14 09:00:00,24,1842.256008041271,1683.4816181721333,22,24,2,True
41,2025-11-14 10:00:00,24,1848.823848833187,1700.7117832249885,22,23,1,True
42,2025-11-14 11:00:00,24,1851.496537485292,1707.558844095248,22,23,1,True
43,2025-11-14 12:00:00,24,1855.274710283504,1717.0898775485075,22,23,1,True
44,2025-11-14 13:00:00,24,1851.496537485292,1707.558844095248,22,23,1,True
45,2025-11-14 14:00:00,24,1848.6585006750784,1700.2852004876693,22,23,1,True
46,2025-11-14 15:00:00,24,1844.0498962585807,1688.2479199236116,22,24,2,True
47,2025-11-14 16:00:00,24,1841.2801594077575,1680.8687226242778,22,24,2,True
48,2025-11-14 17:00:00,24,1844.889936093552,1690.4638722267748,22,24,2,True
49,2025-11-14 18:00:00,24,1849.9990070030228,1703.733461216332,22,23,1,True
50,2025-11-14 19:00:00,24,1858.2832307394576,1724.5628135568393,22,23,1,True
51,2025-11-14 20:00:00,24,1861.750917344216,1733.0562497007145,22,23,1,True
52,2025-11-14 21:00:00,24,1866.6472924729608,1744.8447435245423,22,23,1,True
53,2025-11-14 22:00:00,24,1870.8853027734267,1754.8687844747767,22,23,1,True
54,2025-11-14 23:00:00,24,1879.9252140319816,1775.490831741563,22,23,1,True
55,2025-11-15 00:00:00,24,1882.6157538356636,1781.3601189308715,22,23,1,True
56,2025-11-15 01:00:00,24,1883.357794998732,1782.979776158412,22,23,1,True
57,2025-11-15 02:00:00,24,1831.6771979783985,1736.5275595902474,21,22,1,True
58,2025-11-15 03:00:00,24,1881.1297490076536,1778.11799767329,22,23,1,True
59,2025-11-15 04:00:00,24,1878.1154447930596,1771.5439966841468,22,23,1,True
60,2025-11-15 05:00:00,24,1872.478619087467,1758.5968825528398,22,23,1,True
61,2025-11-15 06:00:00,24,1863.5169309520984,1737.3348123860064,22,23,1,True
62,2025-11-15 07:00:00,24,1858.362996512477,1724.75960108214,22,23,1,True
63,2025-11-15 08:00:00,24,1859.358066143752,1727.2088157151156,22,23,1,True
64,2025-11-15 09:00:00,24,1861.5933719750203,1732.673052205196,22,23,1,True
65,2025-11-15 10:00:00,24,1866.4926102245545,1744.4758148172805,22,23,1,True
66,2025-11-15 11:00:00,24,1867.9777177386395,1748.0088541399982,22,23,1,True
67,2025-11-15 12:00:00,24,1867.6505472410245,1747.2322484396177,22,23,1,True
68,2025-11-15 13:00:00,24,1868.4005200084807,1749.0110320908834,22,23,1,True
69,2025-11-15 14:00:00,24,1859.4573697266896,1727.4526627336954,22,23,1,True
70,2025-11-15 15:00:00,24,1848.6791747818777,1700.3385571370973,22,23,1,True
71,2025-11-15 16:00:00,24,1846.8745267201505,1695.65987512148,22,24,2,True
72,2025-11-15 17:00:00,24,1850.656490446536,1705.4164116306365,22,23,1,True
73,2025-11-15 18:00:00,24,1858.263285577924,1724.5135968512664,22,23,1,True
74,2025-11-15 19:00:00,24,1865.6014432818463,1742.345986689263,22,23,1,True
75,2025-11-15 20:00:00,24,1873.987250091949,1762.1072181802888,22,23,1,True
76,2025-11-15 21:00:00,24,1881.3572226903807,1778.614199451016,22,23,1,True
77,2025-11-15 22:00:00,24,1833.8895972313835,1740.729817453687,21,22,1,True
78,2025-11-15 23:00:00,24,1834.2677915605343,1740.6554159864413,21,22,1,True
79,2025-11-16 00:00:00,24,1834.7798769934948,1740.5046392952393,21,22,1,True
80,2025-11-16 01:00:00,24,1834.6419769698316,1740.5512037429678,21,22,1,True
81,2025-11-16 02:00:00,24,1834.50793760462,1740.592182361206,21,22,1,True
82,2025-11-16 03:00:00,24,1835.2644287223616,1740.3035691752802,21,22,1,True
83,2025-11-16 04:00:00,24,1835.584421000048,1740.1364438266353,21,22,1,True
84,2025-11-16 05:00:00,24,1834.6676135040784,1740.5428890660442,21,22,1,True
85,2025-11-16 06:00:00,24,1831.590404087392,1736.329890661489,21,22,1,True
86,2025-11-16 07:00:00,24,1875.3003220345504,1765.147350759154,22,23,1,True
87,2025-11-16 08:00:00,24,1871.4554390469823,1756.2052876585212,22,23,1,True
88,2025-11-16 09:00:00,24,1869.989629252345,1752.763510013449,22,23,1,True
89,2025-11-16 10:00:00,24,1867.7275646436487,1747.4151520702271,22,23,1,True
90,2025-11-16 11:00:00,24,1867.3036935024477,1746.4078603176936,22,23,1,True
91,2025-11-16 12:00:00,24,1865.756642730629,1742.7174359419355,22,23,1,True
92,2025-11-16 13:00:00,24,1861.258279354974,1731.8571736767017,22,23,1,True
93,2025-11-16 14:00:00,24,1856.2009258353835,1719.401199266339,22,23,1,True
94,2025-11-16 15:00:00,24,1846.5829836377457,1694.8999502577017,22,24,2,True
95,2025-11-16 16:00:00,24,1841.6199888316776,1681.7802745442357,22,24,2,True
96,2025-11-16 17:00:00,24,1841.8533714475795,1682.4052789261088,22,24,2,True
97,2025-11-16 18:00:00,24,1842.3830306727425,1683.8206741320923,22,24,2,True
98,2025-11-16 19:00:00,24,1849.5872581431595,1702.6767397152892,22,23,1,True
99,2025-11-16 20:00:00,24,1854.5071496337323,1715.1670997980125,22,23,1,True
100,2025-11-16 21:00:00,24,1860.428611474833,1729.8321617034271,22,23,1,True
101,2025-11-16 22:00:00,24,1863.7515197729613,1737.9008497011582,22,23,1,True
102,2025-11-16 23:00:00,24,1867.9584835196176,1747.9632245724226,22,23,1,True
103,2025-11-17 00:00:00,24,1872.3840451710596,1758.3761942735073,22,23,1,True
104,2025-11-17 01:00:00,24,1872.7054595235616,1759.1259096313415,22,23,1,True
105,2025-11-17 02:00:00,24,1873.497882335957,1760.9706016265804,22,23,1,True
106,2025-11-17 03:00:00,24,1872.0811827194004,1757.6689590731871,22,23,1,True
107,2025-11-17 04:00:00,24,1862.9883515893648,1736.0574398639606,22,23,1,True
108,2025-11-17 05:00:00,24,1841.3226616970628,1680.982826384453,22,24,2,True
109,2025-11-17 06:00:00,24,1825.725517132177,1634.3641833356778,23,24,1,True
110,2025-11-17 07:00:00,24,1822.1651124578027,1621.3312340106552,23,24,1,True
111,2025-11-17 08:00:00,24,1821.5479884592469,1619.0224283109242,23,24,1,True
112,2025-11-17 09:00:00,24,1826.602622695012,1637.5042996222212,23,24,1,True
113,2025-11-17 10:00:00,24,1829.8385935318229,1648.8694419619908,23,24,1,True
114,2025-11-17 11:00:00,24,1832.86040334608,1657.6803906646624,23,24,1,True
115,2025-11-17 12:00:00,24,1831.739487007892,1654.4983017229708,23,24,1,True
116,2025-11-17 13:00:00,24,1827.8346843652012,1641.871252272293,23,24,1,True
117,2025-11-17 14:00:00,24,1821.433549069901,1618.5925743448631,23,24,1,True
118,2025-11-17 15:00:00,24,1847.9182617302256,1588.8205042603124,22,24,2,True
119,2025-11-17 16:00:00,24,1842.610509959961,1564.9428414120648,22,24,2,True
120,2025-11-17 17:00:00,24,1846.67480538176,1583.4093165898469,22,24,2,True
121,2025-11-17 18:00:00,24,1848.3915192551092,1590.8536153617176,22,24,2,True
122,2025-11-17 19:00:00,24,1818.764643181924,1608.4088109779875,23,24,1,True
123,2025-11-17 20:00:00,24,1823.4859696784995,1626.221996372929,23,24,1,True
124,2025-11-17 21:00:00,24,1833.9111046119865,1660.6415733113984,23,24,1,True
125,2025-11-17 22:00:00,24,1841.08881551088,1680.3546884022226,22,24,2,True
126,2025-11-17 23:00:00,24,1855.032560524096,1716.4840071305275,22,23,1,True
127,2025-11-18 00:00:00,24,1858.3231166001665,1724.6612231727077,22,23,1,True
128,2025-11-18 01:00:00,24,1859.358066143752,1727.2088157151156,22,23,1,True
129,2025-11-18 02:00:00,24,1860.7647315730856,1730.6534148935818,22,23,1,True
130,2025-11-18 03:00:00,24,1863.69289188154,1737.7594370942531,22,23,1,True
131,2025-11-18 04:00:00,24,1855.1940180472093,1716.8880557623854,22,23,1,True
132,2025-11-18 05:00:00,24,1832.7945971256652,1657.4942412559153,23,24,1,True
133,2025-11-18 06:00:00,24,1844.7645059940503,1574.8873950001848,22,24,2,True
134,2025-11-18 07:00:00,24,1842.057764066681,1562.3281187611192,22,24,2,True
135,2025-11-18 08:00:00,24,1842.4033640598443,1563.9661073257553,22,24,2,True
136,2025-11-18 09:00:00,24,1818.2786027613663,1606.5198925771203,23,24,1,True
137,2025-11-18 10:00:00,24,1821.616628483559,1619.2799935513476,23,24,1,True
138,2025-11-18 11:00:00,24,1826.1981632213503,1636.0595941031036,23,24,1,True
139,2025-11-18 12:00:00,24,1825.2971617403232,1632.8208869565294,23,24,1,True
140,2025-11-18 13:00:00,24,1820.8147246290416,1616.2587296534205,23,24,1,True
141,2025-11-18 14:00:00,24,1847.0823898292613,1585.1943318329486,22,24,2,True
142,2025-11-18 15:00:00,24,1838.5302487891984,1544.9495029985894,23,24,1,True
143,2025-11-18 16:00:00,24,1831.1640691392568,1503.4209807058187,23,24,1,True
144,2025-11-18 17:00:00,24,1833.8165976729904,1519.397239387606,23,24,1,True
145,2025-11-18 18:00:00,24,1839.346642552976,1549.0861107061346,23,24,1,True
146,2025-11-18 19:00:00,24,1843.552150751036,1569.3366713908013,22,24,2,True
147,2025-11-18 20:00:00,24,1818.0932104829728,1605.7964736682216,23,24,1,True
148,2025-11-18 21:00:00,24,1831.0116734938188,1652.419104407415,23,24,1,True
149,2025-11-18 22:00:00,24,1838.2451060618805,1672.6474506741035,22,24,2,True
150,2025-11-18 23:00:00,24,1848.76185524366,1700.5518870991932,22,23,1,True
151,2025-11-19 00:00:00,24,1851.1075751991832,1706.567928383682,22,23,1,True
152,2025-11-19 01:00:00,24,1851.3737683506708,1707.246279600416,22,23,1,True
153,2025-11-19 02:00:00,24,1850.1224082415135,1704.0497432520865,22,23,1,True
154,2025-11-19 03:00:00,24,1851.2714177000764,1706.985558271181,22,23,1,True
155,2025-11-19 04:00:00,24,1844.2601535409035,1688.8035038648509,22,24,2,True
156,2025-11-19 05:00:00,24,1822.370502979805,1622.0962415071906,23,24,1,True
157,2025-11-19 06:00:00,24,1835.1211831702203,1526.7887158365795,23,24,1,True
158,2025-11-19 07:00:00,24,1833.2691426525173,1516.2104434173373,23,24,1,True
159,2025-11-19 08:00:00,24,1833.5549118343536,1517.8805311809865,23,24,1,True
160,2025-11-19 09:00:00,24,1837.5238209218903,1539.7441586346329,23,24,1,True
161,2025-11-19 10:00:00,24,1839.346642552976,1549.0861107061346,23,24,1,True
162,2025-11-19 11:00:00,24,1839.6259754822324,1550.484713077409,23,24,1,True
163,2025-11-19 12:00:00,24,1841.9193989501969,1561.6693364907665,22,24,2,True
164,2025-11-19 13:00:00,24,1842.7485181839656,1565.5915094641457,22,24,2,True
165,2025-11-19 14:00:00,24,1839.1835633397095,1548.2656961013397,23,24,1,True
166,2025-11-19 15:00:00,24,1834.600115534324,1523.8692819926912,23,24,1,True
167,2025-11-19 16:00:00,24,1829.9122806258413,1495.349796506301,23,24,1,True
0,2025-11-12 17:00:00,27,1769.8751619744787,1672.4265619868245,25,25,0,False
1,2025-11-12 18:00:00,27,1775.3844105060884,1687.201630025011,25,25,0,False
2,2025-11-12 19:00:00,27,1780.6956868622656,1701.0472252893703,25,25,0,False
3,2025-11-12 20:00:00,27,1789.8638391487186,1723.0156309065812,25,24,-1,True
4,2025-11-12 21:00:00,27,1765.6973948039986,1703.2106220945434,24,24,0,False
5,2025-11-12 22:00:00,27,1613.6282034218905,1538.1276255474763,24,23,-1,True
6,2025-11-12 23:00:00,27,1614.9885842579763,1540.9596364331908,24,23,-1,True
7,2025-11-13 00:00:00,27,1621.088731265766,1553.5107208842803,24,23,-1,True
8,2025-11-13 01:00:00,27,1601.723558666863,1539.3407034692025,24,23,-1,True
9,2025-11-13 02:00:00,27,1601.311608139362,1542.6932298343777,24,23,-1,True
10,2025-11-13 03:00:00,27,1601.6004807099137,1540.3472923850431,24,23,-1,True
11,2025-11-13 04:00:00,27,1620.4298972645297,1552.162952457135,24,23,-1,True
12,2025-11-13 05:00:00,27,1765.5063133667018,1703.5686071414443,24,24,0,False
13,2025-11-13 06:00:00,27,1785.888740336636,1714.2494197133565,25,25,0,False
14,2025-11-13 07:00:00,27,1785.3640666969454,1712.9295606508626,25,25,0,False
15,2025-11-13 08:00:00,27,1782.4490264473325,1705.5399002452607,25,25,0,False
16,2025-11-13 09:00:00,27,1776.989210523618,1691.4240591950768,25,25,0,False
17,2025-11-13 10:00:00,27,1772.1595034264606,1678.6074652755794,25,25,0,False
18,2025-11-13 11:00:00,27,1770.5545581155616,1674.2732591243637,25,25,0,False
19,2025-11-13 12:00:00,27,1769.9205370374962,1672.550123992526,25,25,0,False
20,2025-11-13 13:00:00,27,1770.041479851239,1672.879307778906,25,25,0,False
21,2025-11-13 14:00:00,27,1769.101985598855,1670.3160716279704,25,25,0,False
22,2025-11-13 15:00:00,27,1765.6807480737846,1660.8588952710622,25,25,0,False
23,2025-11-13 16:00:00,27,1768.8282850869862,1669.5666683471404,25,25,0,False
24,2025-11-13 17:00:00,27,1767.8057503849643,1666.756093001789,25,25,0,False
25,2025-11-13 18:00:00,27,1766.869593194145,1664.167655581493,25,25,0,False
26,2025-11-13 19:00:00,27,1770.870710512747,1675.1301542036988,25,25,0,False
27,2025-11-13 20:00:00,27,1777.119856309578,1691.7662780850087,25,25,0,False
28,2025-11-13 21:00:00,27,1782.37867401011,1705.3603405081628,25,25,0,False
29,2025-11-13 22:00:00,27,1788.9632595077835,1721.0505082691714,25,24,-1,True
30,2025-11-13 23:00:00,27,1791.4016717193983,1726.3672099925234,25,24,-1,True
31,2025-11-14 00:00:00,27,1791.480182523365,1726.5381931751278,25,24,-1,True
32,2025-11-14 01:00:00,27,1763.8427305193306,1700.7305737774243,24,24,0,False
33,2025-11-14 02:00:00,27,1764.5173190093751,1702.4109029279127,24,24,0,False
34,2025-11-14 03:00:00,27,1763.5043981662832,1699.886009465588,24,24,0,False
35,2025-11-14 04:00:00,27,1786.0127673791617,1714.5609762647168,25,25,0,False
36,2025-11-14 05:00:00,27,1770.82558081023,1675.007929845394,25,25,0,False
37,2025-11-14 06:00:00,27,1757.3391807434089,1636.8905511469486,25,25,0,False
38,2025-11-14 07:00:00,27,1755.1831778587327,1630.4552058130855,25,25,0,False
39,2025-11-14 08:00:00,27,1756.0192565875204,1632.9636968379698,25,25,0,False
40,2025-11-14 09:00:00,27,1759.7740724250282,1644.0325230217773,25,25,0,False
41,2025-11-14 10:00:00,27,1764.7332244432137,1658.203938995252,25,25,0,False
42,2025-11-14 11:00:00,27,1766.746448913119,1663.826059232745,25,25,0,False
43,2025-11-14 12:00:00,27,1769.5875137484884,1671.6425009147206,25,25,0,False
44,2025-11-14 13:00:00,27,1766.746448913119,1663.826059232745,25,25,0,False
45,2025-11-14 14:00:00,27,1764.60858180307,1657.853489031109,25,25,0,False
46,2025-11-14 15:00:00,27,1761.13023048627,1647.9559758209157,25,25,0,False
47,2025-11-14 16:00:00,27,1759.0358269090782,1641.8806537407213,25,25,0,False
48,2025-11-14 17:00:00,27,1761.764865941294,1649.7792325456303,25,25,0,False
49,2025-11-14 18:00:00,27,1765.6187706895778,1660.685724031851,25,25,0,False
50,2025-11-14 19:00:00,27,1771.8456736998626,1677.7630311826154,25,25,0,False
51,2025-11-14 20:00:00,27,1774.4438299682165,1684.7103883366951,25,25,0,False
52,2025-11-14 21:00:00,27,1778.1037776783596,1694.336370449434,25,25,0,False
53,2025-11-14 22:00:00,27,1781.2632450991848,1702.505566476339,25,25,0,False
54,2025-11-14 23:00:00,27,1788.232803875076,1719.455162996944,25,24,-1,True
55,2025-11-15 00:00:00,27,1790.5172682789405,1724.4403164514338,25,24,-1,True
56,2025-11-15 01:00:00,27,1791.1499373038382,1725.818898063499,25,24,-1,True
57,2025-11-15 02:00:00,27,1763.7777204826314,1700.5683865513297,24,24,0,False
58,2025-11-15 03:00:00,27,1789.2537508151356,1721.6845866789895,25,24,-1,True
59,2025-11-15 04:00:00,27,1786.704036098743,1716.111663439193,25,25,0,False
60,2025-11-15 05:00:00,27,1782.4490264473325,1705.5399002452607,25,25,0,False
61,2025-11-15 06:00:00,27,1775.7650703585991,1688.2063637846747,25,25,0,False
62,2025-11-15 07:00:00,27,1771.9054942636255,1677.924106706254,25,25,0,False
63,2025-11-15 08:00:00,27,1772.6515278652337,1679.928419381706,25,25,0,False
64,2025-11-15 09:00:00,27,1774.3258986146952,1684.3971567488184,25,25,0,False
65,2025-11-15 10:00:00,27,1777.9883128470265,1694.0354220192664,25,25,0,False
66,2025-11-15 11:00:00,27,1779.0964647746027,1696.9166247457338,25,25,0,False
67,2025-11-15 12:00:00,27,1778.852420206431,1696.2834593361936,25,25,0,False
68,2025-11-15 13:00:00,27,1779.4117743379502,1697.733565808392,25,25,0,False
69,2025-11-15 14:00:00,27,1772.7259561774804,1680.127927494263,25,25,0,False
70,2025-11-15 15:00:00,27,1764.624166933329,1657.8973242092693,25,25,0,False
71,2025-11-15 16:00:00,27,1763.2631054378326,1654.0523030421778,25,25,0,False
72,2025-11-15 17:00:00,27,1766.1139821160134,1662.0675082775424,25,25,0,False
73,2025-11-15 18:00:00,27,1771.8307153590438,1677.7227452737598,25,25,0,False
74,2025-11-15 19:00:00,27,1777.3228870404942,1692.2976556756787,25,25,0,False
75,2025-11-15 20:00:00,27,1783.5707376934995,1708.3949963099933,25,25,0,False
76,2025-11-15 21:00:00,27,1789.446875140667,1722.106023447595,25,24,-1,True
77,2025-11-15 22:00:00,27,1765.32539552795,1703.853079872877,24,24,0,False
78,2025-11-15 23:00:00,27,1765.4845304240976,1703.6054659863312,24,24,0,False
79,2025-11-16 00:00:00,27,1765.6933334484263,1703.2189277274724,24,24,0,False
80,2025-11-16 01:00:00,27,1765.637897352461,1703.3291257460114,24,24,0,False
81,2025-11-16 02:00:00,27,1765.5834443392837,1703.4318524986656,24,24,0,False
82,2025-11-16 03:00:00,27,1765.8831626241358,1702.79336184584,24,24,0,False
83,2025-11-16 04:00:00,27,1766.0039908383012,1702.4771664870834,24,24,0,False
84,2025-11-16 05:00:00,27,1765.6482486979992,1703.308989449618,24,24,0,False
85,2025-11-16 06:00:00,27,1763.7126848073813,1700.4060904438493,24,24,0,False
86,2025-11-16 07:00:00,27,1784.5462104873388,1710.8660637943076,25,25,0,False
87,2025-11-16 08:00:00,27,1781.687682864614,1703.5936078394304,25,25,0,False
88,2025-11-16 09:00:00,27,1780.5961706751252,1700.7911129023057,25,25,0,False
89,2025-11-16 10:00:00,27,1778.9098735862776,1696.432588462249,25,25,0,False
90,2025-11-16 11:00:00,27,1778.5936425703078,1695.611238918136,25,25,0,False
91,2025-11-16 12:00:00,27,1777.4387975952052,1692.6007755743508,25,25,0,False
92,2025-11-16 13:00:00,27,1774.0750286658165,1683.7301775087744,25,25,0,False
93,2025-11-16 14:00:00,27,1770.2831155300576,1673.5363061417886,25,25,0,False
94,2025-11-16 15:00:00,27,1763.0431048494004,1653.427547747702,25,25,0,False
95,2025-11-16 16:00:00,27,1759.2929545145462,1642.631450449269,25,25,0,False
96,2025-11-16 17:00:00,27,1759.4695150978434,1643.1461829016648,25,25,0,False
97,2025-11-16 18:00:00,27,1759.8701404812416,1644.311702276928,25,25,0,False
98,2025-11-16 19:00:00,27,1765.308557398674,1659.817932493887,25,25,0,False
99,2025-11-16 20:00:00,27,1769.010799456173,1670.0665348214318,25,25,0,False
100,2025-11-16 21:00:00,27,1773.4536775796118,1682.0743393769835,25,25,0,False
101,2025-11-16 22:00:00,27,1775.940478088836,1688.6686752654246,25,25,0,False
102,2025-11-16 23:00:00,27,1779.08211878464,1696.8794255158489,25,25,0,False
103,2025-11-17 00:00:00,27,1782.37867401011,1705.3603405081628,25,25,0,False
104,2025-11-17 01:00:00,27,1782.6177541172306,1705.970304034989,25,25,0,False
105,2025-11-17 02:00:00,27,1783.2069904368093,1707.4707551132665,25,25,0,False
106,2025-11-17 03:00:00,27,1782.1533512834903,1704.784857560253,25,25,0,False
107,2025-11-17 04:00:00,27,1775.3697530488955,1687.162902439547,25,25,0,False
108,2025-11-17 05:00:00,27,1759.067988122286,1641.9746396790763,25,25,0,False
109,2025-11-17 06:00:00,27,1747.2208703925508,1603.6306540715746,25,25,0,False
110,2025-11-17 07:00:00,27,1744.504262073341,1592.9720087190758,25,25,0,False
111,2025-11-17 08:00:00,27,1744.0329449035914,1591.0829987158888,25,25,0,False
112,2025-11-17 09:00:00,27,1747.8894248290264,1606.1974850930203,25,25,0,False
113,2025-11-17 10:00:00,27,1750.3536124951306,1615.4834416358422,25,25,0,False
114,2025-11-17 11:00:00,27,1752.651326007125,1622.753738753427,25,25,0,False
115,2025-11-17 12:00:00,27,1751.799392624043,1620.1250195232444,25,25,0,False
116,2025-11-17 13:00:00,27,1748.82807743761,1609.7663360589129,25,25,0,False
117,2025-11-17 14:00:00,27,1743.9455294545858,1590.7312764573487,25,25,0,False
118,2025-11-17 15:00:00,27,1761.7004602429354,1566.3526723018203,25,25,0,False
119,2025-11-17 16:00:00,27,1757.614905615906,1546.77928792031,25,25,0,False
120,2025-11-17 17:00:00,27,1760.7442118495585,1561.9183750733978,25,25,0,False
121,2025-11-17 18:00:00,27,1762.0642639273335,1568.0184988302988,25,25,0,False
122,2025-11-17 19:00:00,27,1741.9055879925309,1582.3962525631257,25,25,0,False
123,2025-11-17 20:00:00,27,1745.51259916479,1596.9727214355298,25,25,0,False
124,2025-11-17 21:00:00,27,1753.449478457285,1625.199142121858,25,25,0,False
125,2025-11-17 22:00:00,27,1758.891029712874,1641.4572329094583,25,25,0,False
126,2025-11-17 23:00:00,27,1769.4055979834145,1671.1459619596312,25,25,0,False
127,2025-11-18 00:00:00,27,1771.8755865412777,1677.8435825615884,25,25,0,False
128,2025-11-18 01:00:00,27,1772.6515278652337,1679.928419381706,25,25,0,False
129,2025-11-18 02:00:00,27,1773.705444003476,1682.745939919186,25,25,0,False
130,2025-11-18 03:00:00,27,1775.896642793299,1688.5531806434915,25,25,0,False
131,2025-11-18 04:00:00,27,1769.526896103903,1671.4771037659457,25,25,0,False
132,2025-11-18 05:00:00,27,1752.6013237202922,1622.599986127519,25,25,0,False
133,2025-11-18 06:00:00,27,1759.2740904611328,1554.933134726705,25,25,0,False
134,2025-11-18 07:00:00,27,1757.188877210651,1544.6349910011895,25,25,0,False
135,2025-11-18 08:00:00,27,1757.4552604041633,1545.9783008120744,25,25,0,False
136,2025-11-18 09:00:00,27,1741.53382755675,1580.8497778742867,25,25,0,False
137,2025-11-18 10:00:00,27,1744.0853739704928,1591.2937441487195,25,25,0,False
138,2025-11-18 11:00:00,27,1747.581168188503,1605.016598309235,25,25,0,False
139,2025-11-18 12:00:00,27,1746.8942674594568,1602.3689344662944,25,25,0,False
140,2025-11-18 13:00:00,27,1743.472757222587,1588.821499109141,25,25,0,False
141,2025-11-18 14:00:00,27,1761.0577141012304,1563.3812406117502,25,25,0,False
142,2025-11-18 15:00:00,27,1754.4675874872428,1530.3793968053114,25,25,0,False
143,2025-11-18 16:00:00,27,1748.771477127064,1496.2976047057562,25,25,0,False
144,2025-11-18 17:00:00,27,1750.8246995451443,1509.4106458924828,25,25,0,False
145,2025-11-18 18:00:00,27,1755.0977682853006,1533.7731553954056,25,25,0,False
146,2025-11-18 19:00:00,27,1758.340432118467,1550.3822363062125,25,25,0,False
147,2025-11-18 20:00:00,27,1741.392004363925,1580.257471056391,25,25,0,False
148,2025-11-18 21:00:00,27,1751.2459866594352,1618.4069096164958,25,25,0,False
149,2025-11-18 22:00:00,27,1756.7374591039045,1635.1053685775205,25,25,0,False
150,2025-11-18 23:00:00,27,1764.6864937373266,1658.0725822207028,25,25,0,False
151,2025-11-19 00:00:00,27,1766.4536362961296,1663.0127646406183,25,25,0,False
152,2025-11-19 01:00:00,27,1766.654034255675,1663.5695345534143,25,25,0,False
153,2025-11-19 02:00:00,27,1765.7117286172213,1660.9454326886332,25,25,0,False
154,2025-11-19 03:00:00,27,1766.5769850472864,1663.355549031354,25,25,0,False
155,2025-11-19 04:00:00,27,1761.289101695796,1648.4131535019235,25,25,0,False
156,2025-11-19 05:00:00,27,1744.6610961125448,1593.5978673403818,25,25,0,False
157,2025-11-19 06:00:00,27,1751.8336759970869,1515.4769753331568,25,25,0,False
158,2025-11-19 07:00:00,27,1750.4011253946426,1506.7950607926807,25,25,0,False
159,2025-11-19 08:00:00,27,1750.6222416722774,1508.1658045270194,25,25,0,False
160,2025-11-19 09:00:00,27,1753.6904077419265,1526.108432277052,25,25,0,False
161,2025-11-19 10:00:00,27,1755.0977682853006,1533.7731553954056,25,25,0,False
162,2025-11-19 11:00:00,27,1755.3133356852377,1534.9205300651183,25,25,0,False
163,2025-11-19 12:00:00,27,1757.0822159935417,1544.0947081882916,25,25,0,False
164,2025-11-19 13:00:00,27,1757.721258936161,1547.3112264928102,25,25,0,False
165,2025-11-19 14:00:00,27,1754.97190420494,1533.100093673232,25,25,0,False
166,2025-11-19 15:00:00,27,1751.4307461487074,1513.080991412279,25,25,0,False
167,2025-11-19 16:00:00,27,1747.8017121036155,1489.6727832150016,25,25,0,False
0,2025-11-12 17:00:00,28,6362.0139753213625,6241.349519657857,1,1,0,False
1,2025-11-12 18:00:00,28,6359.654920207897,6238.671480943685,1,1,0,False
2,2025-11-12 19:00:00,28,6357.383052271324,6236.171857259427,1,1,0,False
3,2025-11-12 20:00:00,28,6353.708075897138,6232.281637557515,1,1,0,False
4,2025-11-12 21:00:00,28,6275.257539800313,6155.377140569315,1,1,0,False
5,2025-11-12 22:00:00,28,6186.5993258256185,6106.374621373082,1,1,0,False
6,2025-11-12 23:00:00,28,6185.694648483512,6105.485762167462,1,1,0,False
7,2025-11-13 00:00:00,28,6181.673484058867,6101.600950635889,1,1,0,False
8,2025-11-13 01:00:00,28,6070.189699657384,5991.960842106441,1,1,0,False
9,2025-11-13 02:00:00,28,6068.872315632789,5990.535581146779,1,1,0,False
10,2025-11-13 03:00:00,28,6069.7952968491545,5991.532106091556,1,1,0,False
11,2025-11-13 04:00:00,28,6182.107154911041,6102.0149084625655,1,1,0,False
12,2025-11-13 05:00:00,28,6275.81937837847,6155.886908909552,1,1,0,False
13,2025-11-13 06:00:00,28,6355.164012447058,6233.796366235949,1,1,0,False
14,2025-11-13 07:00:00,28,6355.388110037732,6234.033528451402,1,1,0,False
15,2025-11-13 08:00:00,28,6356.633586176642,6235.36265907921,1,1,0,False
16,2025-11-13 09:00:00,28,6358.96822767752,6237.9082114729845,1,1,0,False
17,2025-11-13 10:00:00,28,6361.035510717529,6240.227799044233,1,1,0,False
18,2025-11-13 11:00:00,28,6361.722919527376,6241.014159612404,1,1,0,False
19,2025-11-13 12:00:00,28,6361.994535255282,6241.327074922486,1,1,0,False
20,2025-11-13 13:00:00,28,6361.942720506779,6241.267283626802,1,1,0,False
21,2025-11-13 14:00:00,28,6362.345254677421,6241.73301648401,1,1,0,False
22,2025-11-13 15:00:00,28,6363.811748684799,6243.454601452146,1,1,0,False
23,2025-11-13 16:00:00,28,6362.4625380863545,6241.869250534256,1,1,0,False
24,2025-11-13 17:00:00,28,6362.900760935072,6242.38046905493,1,1,0,False
25,2025-11-13 18:00:00,28,6363.302043629882,6242.851684155809,1,1,0,False
26,2025-11-13 19:00:00,28,6361.58749205523,6240.858611224444,1,1,0,False
27,2025-11-13 20:00:00,28,6358.91233396403,6237.846388366187,1,1,0,False
28,2025-11-13 21:00:00,28,6356.663653483779,6235.394983677694,1,1,0,False
29,2025-11-13 22:00:00,28,6354.036611829476,6232.621228880074,1,1,0,False
30,2025-11-13 23:00:00,28,6353.143579602402,6231.700768938177,1,1,0,False
31,2025-11-14 00:00:00,28,6353.114637478206,6231.671075294858,1,1,0,False
32,2025-11-14 01:00:00,28,6277.416892311403,6157.434247511075,1,1,0,False
33,2025-11-14 02:00:00,28,6277.061995195316,6157.062943473603,1,1,0,False
34,2025-11-14 03:00:00,28,6277.594937049686,6157.620942524751,1,1,0,False
35,2025-11-14 04:00:00,28,6355.1110415297335,6233.740393344438,1,1,0,False
36,2025-11-14 05:00:00,28,6361.606823356824,6240.880795618882,1,1,0,False
37,2025-11-14 06:00:00,28,6367.391521111236,6247.84224306037,1,1,0,False
38,2025-11-14 07:00:00,28,6368.3177413499725,6249.026675154994,1,1,0,False
39,2025-11-14 08:00:00,28,6367.958513781792,6248.564649797324,1,1,0,False
40,2025-11-14 09:00:00,28,6366.3459719986695,6246.530999908603,1,1,0,False
41,2025-11-14 10:00:00,28,6364.218076282644,6243.938853792222,1,1,0,False
42,2025-11-14 11:00:00,28,6363.3548348555805,6242.913899540845,1,1,0,False
43,2025-11-14 12:00:00,28,6362.137216701795,6241.491962210431,1,1,0,False
44,2025-11-14 13:00:00,28,6363.3548348555805,6242.913899540845,1,1,0,False
45,2025-11-14 14:00:00,28,6364.271532647876,6244.002805969838,1,1,0,False
46,2025-11-14 15:00:00,28,6365.763855451256,6245.812081010628,1,1,0,False
47,2025-11-14 16:00:00,28,6366.662922665343,6246.925723052952,1,1,0,False
48,2025-11-14 17:00:00,28,6365.491499227601,6245.478328679778,1,1,0,False
49,2025-11-14 18:00:00,28,6363.838324164169,6243.486174277645,1,1,0,False
50,2025-11-14 19:00:00,28,6361.169908909016,6240.380926339628,1,1,0,False
51,2025-11-14 20:00:00,28,6360.057494390622,6239.122228647359,1,1,0,False
52,2025-11-14 21:00:00,28,6358.491432309982,6237.3822715326205,1,1,0,False
53,2025-11-14 22:00:00,28,6357.140421345065,6235.909091225632,1,1,0,False
54,2025-11-14 23:00:00,28,6354.3020329877145,6232.896419289044,1,1,0,False
55,2025-11-15 00:00:00,28,6353.468771020731,6232.034991208155,1,1,0,False
56,2025-11-15 01:00:00,28,6353.236296396853,6231.79595048274,1,1,0,False
57,2025-11-15 02:00:00,28,6277.451100746153,6157.470096097233,1,1,0,False
58,2025-11-15 03:00:00,28,6353.930798303715,6232.511730292613,1,1,0,False
59,2025-11-15 04:00:00,28,6354.854628207164,6233.471806372232,1,1,0,False
60,2025-11-15 05:00:00,28,6356.633586176642,6235.36265907921,1,1,0,False
61,2025-11-15 06:00:00,28,6359.492016631613,6238.489779835954,1,1,0,False
62,2025-11-15 07:00:00,28,6361.144289992446,6240.351714414791,1,1,0,False
63,2025-11-15 08:00:00,28,6360.824817080782,6239.988337109464,1,1,0,False
64,2025-11-15 09:00:00,28,6360.107974982303,6239.1789248646655,1,1,0,False
65,2025-11-15 10:00:00,28,6358.540821638872,6237.436601627235,1,1,0,False
66,2025-11-15 11:00:00,28,6358.066862753691,6236.916634127292,1,1,0,False
67,2025-11-15 12:00:00,28,6358.171232334693,6237.030867506671,1,1,0,False
68,2025-11-15 13:00:00,28,6357.932022892572,6236.769272031598,1,1,0,False
69,2025-11-15 14:00:00,28,6360.792947334438,6239.9521784060125,1,1,0,False
70,2025-11-15 15:00:00,28,6364.264848470668,6243.994806261818,1,1,0,False
71,2025-11-15 16:00:00,28,6364.848661375064,6244.696948846514,1,1,0,False
72,2025-11-15 17:00:00,28,6363.625990065939,6243.234294980892,1,1,0,False
73,2025-11-15 18:00:00,28,6361.176315055938,6240.388232626344,1,1,0,False
74,2025-11-15 19:00:00,28,6358.825474896842,6237.7504042571545,1,1,0,False
75,2025-11-15 20:00:00,28,6356.154242906768,6234.848864152521,1,1,0,False
76,2025-11-15 21:00:00,28,6353.860368083929,6232.43891296565,1,1,0,False
77,2025-11-15 22:00:00,28,6276.322331433938,6156.343815196053,1,1,0,False
78,2025-11-15 23:00:00,28,6275.881325348312,6155.94315527358,1,1,0,False
79,2025-11-16 00:00:00,28,6275.269851636653,6155.388304343608,1,1,0,False
80,2025-11-16 01:00:00,28,6275.43622061204,6155.539190286083,1,1,0,False
81,2025-11-16 02:00:00,28,6275.596708447978,6155.684796816701,1,1,0,False
82,2025-11-16 03:00:00,28,6274.674593134552,6154.848905928711,1,1,0,False
83,2025-11-16 04:00:00,28,6274.271738034856,6154.484257512726,1,1,0,False
84,2025-11-16 05:00:00,28,6275.405389161124,6155.51122382694,1,1,0,False
85,2025-11-16 06:00:00,28,6277.4853239037975,6157.505970500667,1,1,0,False
86,2025-11-16 07:00:00,28,6355.737475956883,6234.404451493054,1,1,0,False
87,2025-11-16 08:00:00,28,6356.958991774886,6235.713107397826,1,1,0,False
88,2025-11-16 09:00:00,28,6357.425598150956,6236.21801372134,1,1,0,False
89,2025-11-16 10:00:00,28,6358.146661027242,6237.003960500457,1,1,0,False
90,2025-11-16 11:00:00,28,6358.2819081686175,6237.15216747742,1,1,0,False
91,2025-11-16 12:00:00,28,6358.775888469087,6237.695657017861,1,1,0,False
92,2025-11-16 13:00:00,28,6360.215363924833,6239.299667615983,1,1,0,False
93,2025-11-16 14:00:00,28,6361.839201818309,6241.147967652898,1,1,0,False
94,2025-11-16 15:00:00,28,6364.943043221062,6244.811121597586,1,1,0,False
95,2025-11-16 16:00:00,28,6366.552524840288,6246.787968110612,1,1,0,False
96,2025-11-16 17:00:00,28,6366.476721791748,6246.693547113495,1,1,0,False
97,2025-11-16 18:00:00,28,6366.30473058817,6246.479811377188,1,1,0,False
98,2025-11-16 19:00:00,28,6363.9713464492825,6243.644418180835,1,1,0,False
99,2025-11-16 20:00:00,28,6362.3843281434,6241.778376273603,1,1,0,False
100,2025-11-16 21:00:00,28,6360.481366175209,6239.599521869219,1,1,0,False
101,2025-11-16 22:00:00,28,6359.416954902018,6238.406189987849,1,1,0,False
102,2025-11-16 23:00:00,28,6358.07299790963,6236.923344961553,1,1,0,False
103,2025-11-17 00:00:00,28,6356.663653483779,6235.394983677694,1,1,0,False
104,2025-11-17 01:00:00,28,6356.561476808187,6235.285182784503,1,1,0,False
105,2025-11-17 02:00:00,28,6356.309672472038,6235.015150425759,1,1,0,False
106,2025-11-17 03:00:00,28,6356.759954919683,6235.498592248531,1,1,0,False
107,2025-11-17 04:00:00,28,6359.661193117627,6238.678485645057,1,1,0,False
108,2025-11-17 05:00:00,28,6366.649113925832,6246.908476649106,1,1,0,False
109,2025-11-17 06:00:00,28,6371.741830405445,6253.826377359709,1,1,0,False
110,2025-11-17 07:00:00,28,6372.911324399848,6255.679243851883,1,1,0,False
111,2025-11-17 08:00:00,28,6373.114290113543,6256.009040982488,1,1,0,False
112,2025-11-17 09:00:00,28,6371.454116689221,6253.382178792903,1,1,0,False
113,2025-11-17 10:00:00,28,6370.3939816237225,6251.78164435982,1,1,0,False
114,2025-11-17 11:00:00,28,6369.405938679847,6250.447893719113,1,1,0,False
115,2025-11-17 12:00:00,28,6369.772226562817,6250.933952348097,1,1,0,False
116,2025-11-17 13:00:00,28,6371.05023074628,6252.765861454982,1,1,0,False
117,2025-11-17 14:00:00,28,6373.151936375017,6256.070494706911,1,1,0,False
118,2025-11-17 15:00:00,28,6373.483961986662,6260.366863884972,1,1,0,False
119,2025-11-17 16:00:00,28,6375.225298066585,6263.870280615764,1,1,0,False
120,2025-11-17 17:00:00,28,6373.891414152807,6261.156285134697,1,1,0,False
121,2025-11-17 18:00:00,28,6373.328966185372,6260.070942324392,1,1,0,False
122,2025-11-17 19:00:00,28,6374.0306423759175,6257.53119900013,1,1,0,False
123,2025-11-17 20:00:00,28,6372.477163277577,6254.982184915366,1,1,0,False
124,2025-11-17 21:00:00,28,6369.0628307001325,6249.996171697023,1,1,0,False
125,2025-11-17 22:00:00,28,6366.725093897847,6247.003427881849,1,1,0,False
126,2025-11-17 23:00:00,28,6362.215161195914,6241.582187548967,1,1,0,False
127,2025-11-18 00:00:00,28,6361.157098316677,6240.366317733879,1,1,0,False
128,2025-11-18 01:00:00,28,6360.824817080782,6239.988337109464,1,1,0,False
129,2025-11-18 02:00:00,28,6360.373580292716,6239.477885222421,1,1,0,False
130,2025-11-18 03:00:00,28,6359.435712972823,6238.427071404086,1,1,0,False
131,2025-11-18 04:00:00,28,6362.163188913258,6241.522014744863,1,1,0,False
132,2025-11-18 05:00:00,28,6369.427435380946,6250.476309505787,1,1,0,False
133,2025-11-18 06:00:00,28,6374.517965383392,6262.404892672383,1,1,0,False
134,2025-11-18 07:00:00,28,6375.4069546223145,6264.257071590342,1,1,0,False
135,2025-11-18 08:00:00,28,6375.293368379609,6264.014694024683,1,1,0,False
136,2025-11-18 09:00:00,28,6374.190816924405,6257.803148986623,1,1,0,False
137,2025-11-18 10:00:00,28,6373.091711372469,6255.972226204048,1,1,0,False
138,2025-11-18 11:00:00,28,6371.586770752216,6253.586438881538,1,1,0,False
139,2025-11-18 12:00:00,28,6371.882398631081,6254.045006677398,1,1,0,False
140,2025-11-18 13:00:00,28,6373.355551446,6256.40443629051,1,1,0,False
141,2025-11-18 14:00:00,28,6373.75782462607,6260.895582584414,1,1,0,False
142,2025-11-18 15:00:00,28,6376.5676364969295,6266.84375403025,1,1,0,False
143,2025-11-18 16:00:00,28,6378.999012615058,6273.13755102158,1,1,0,False
144,2025-11-18 17:00:00,28,6378.122305827014,6270.697452988128,1,1,0,False
145,2025-11-18 18:00:00,28,6376.298800672441,6266.225538638504,1,1,0,False
146,2025-11-18 19:00:00,28,6374.915969758502,6263.221713999281,1,1,0,False
147,2025-11-18 20:00:00,28,6374.251925170791,6257.907384773956,1,1,0,False
148,2025-11-18 21:00:00,28,6370.010196456958,6251.251904109561,1,1,0,False
149,2025-11-18 22:00:00,28,6367.64998077852,6248.170526394793,1,1,0,False
150,2025-11-18 23:00:00,28,6364.238117852923,6243.962823682525,1,1,0,False
151,2025-11-19 00:00:00,28,6363.480367100756,6243.062053425359,1,1,0,False
152,2025-11-19 01:00:00,28,6363.394453324662,6242.960625198122,1,1,0,False
153,2025-11-19 02:00:00,28,6363.7984645624665,6243.438824496061,1,1,0,False
154,2025-11-19 03:00:00,28,6363.427485133096,6242.999605347768,1,1,0,False
155,2025-11-19 04:00:00,28,6365.695672015964,6245.728373542035,1,1,0,False
156,2025-11-19 05:00:00,28,6372.84379039792,6255.570071576218,1,1,0,False
157,2025-11-19 06:00:00,28,6377.691602725789,6269.576509031995,1,1,0,False
158,2025-11-19 07:00:00,28,6378.303141149499,6271.182298455358,1,1,0,False
159,2025-11-19 08:00:00,28,6378.208738852946,6270.928091004414,1,1,0,False
160,2025-11-19 09:00:00,28,6376.899225101883,6267.623926468768,1,1,0,False
161,2025-11-19 10:00:00,28,6376.298800672441,6266.225538638504,1,1,0,False
162,2025-11-19 11:00:00,28,6376.20684653155,6266.016873076973,1,1,0,False
163,2025-11-19 12:00:00,28,6375.4524367093545,6264.354622457674,1,1,0,False
164,2025-11-19 13:00:00,28,6375.179951725754,6263.774420966654,1,1,0,False
165,2025-11-19 14:00:00,28,6376.352491939112,6266.348024564673,1,1,0,False
166,2025-11-19 15:00:00,28,6377.8635923881575,6270.018649047961,1,1,0,False
167,2025-11-19 16:00:00,28,6379.413207219389,6274.379249973543,1,1,0,False
0,2025-11-12 17:00:00,29,3550.4142855905397,3491.227581496398,4,4,0,False
1,2025-11-12 18:00:00,29,3551.1550448405574,3493.443691729634,4,4,0,False
2,2025-11-12 19:00:00,29,3551.842366136077,3495.4738374410376,4,4,0,False
3,2025-11-12 20:00:00,29,3553.1720930359406,3498.7144099829407,4,4,0,False
4,2025-11-12 21:00:00,29,3468.3349247198166,3415.8058046842143,4,4,0,False
5,2025-11-12 22:00:00,29,3416.8920476669164,3384.6848727935,4,4,0,False
6,2025-11-12 23:00:00,29,3417.4523273624472,3385.50445949406,4,4,0,False
7,2025-11-13 00:00:00,29,3419.8798677387663,3389.083537750635,4,4,0,False
8,2025-11-13 01:00:00,29,3286.5619049062625,3256.641669232544,4,4,0,False
9,2025-11-13 02:00:00,29,3286.252925705945,3257.372782711059,4,4,0,False
10,2025-11-13 03:00:00,29,3286.469667912132,3256.861276118684,4,4,0,False
11,2025-11-13 04:00:00,29,3419.627327765751,3388.7066107871638,4,4,0,False
12,2025-11-13 05:00:00,29,3468.400142078141,3415.926089955265,4,4,0,False
13,2025-11-13 06:00:00,29,3552.4869988595024,3497.3611854593087,4,4,0,False
14,2025-11-13 07:00:00,29,3552.423156560711,3497.1748191077227,4,4,0,False
15,2025-11-13 08:00:00,29,3552.0631418471653,3496.121738361854,4,4,0,False
16,2025-11-13 09:00:00,29,3551.365584854577,3494.067912802322,4,4,0,False
17,2025-11-13 10:00:00,29,3550.724738066933,3492.160406178322,4,4,0,False
18,2025-11-13 11:00:00,29,3550.507097330247,3491.5071119629565,4,4,0,False
19,2025-11-13 12:00:00,29,3550.4204967423384,3491.2463062855886,4,4,0,False
20,2025-11-13 13:00:00,29,3550.437043241569,3491.2961763792764,4,4,0,False
21,2025-11-13 14:00:00,29,3550.308176333781,3490.907285678827,4,4,0,False
22,2025-11-13 15:00:00,29,3549.8325735015,3489.4616300107687,4,4,0,False
23,2025-11-13 16:00:00,29,3550.270491096421,3490.793342842363,4,4,0,False
24,2025-11-13 17:00:00,29,3550.1291363321634,3490.365047424464,4,4,0,False
25,2025-11-13 18:00:00,29,3549.9989497055917,3489.9692906398336,4,4,0,False
26,2025-11-13 19:00:00,29,3550.550149275082,3491.6365822648368,4,4,0,False
27,2025-11-13 20:00:00,29,3551.3826173182365,3494.118314922244,4,4,0,False
28,2025-11-13 21:00:00,29,3552.054343662844,3496.0959519285966,4,4,0,False
29,2025-11-13 22:00:00,29,3553.0191307339137,3498.414256373951,4,4,0,False
30,2025-11-13 23:00:00,29,3553.4251120393174,3499.2182255941307,4,4,0,False
31,2025-11-14 00:00:00,29,3553.437742653246,3499.2436438797185,4,4,0,False
32,2025-11-14 01:00:00,29,3468.427646161711,3415.7384105299648,4,4,0,False
33,2025-11-14 02:00:00,29,3468.4643765423225,3415.9239198719183,4,4,0,False
34,2025-11-14 03:00:00,29,3468.4090389826933,3415.6448185642894,4,4,0,False
35,2025-11-14 04:00:00,29,3552.502047134933,3497.4050993076503,4,4,0,False
36,2025-11-14 05:00:00,29,3550.544009114472,3491.618124334295,4,4,0,False
37,2025-11-14 06:00:00,29,3548.63366639631,3485.7316084108325,4,4,0,False
38,2025-11-14 07:00:00,29,3548.3152739375,3484.7165579362318,4,4,0,False
39,2025-11-14 08:00:00,29,3548.439141213884,3485.112819706688,4,4,0,False
40,2025-11-14 09:00:00,29,3548.989149275379,3486.85191568529,4,4,0,False
41,2025-11-14 10:00:00,29,3549.699140257583,3489.0528934423096,4,4,0,False
42,2025-11-14 11:00:00,29,3549.981770201854,3489.9169706800585,4,4,0,False
43,2025-11-14 12:00:00,29,3550.3748695014165,3491.1086925058767,4,4,0,False
44,2025-11-14 13:00:00,29,3549.981770201854,3489.9169706800585,4,4,0,False
45,2025-11-14 14:00:00,29,3549.6815334869466,3488.9988508408587,4,4,0,False
46,2025-11-14 15:00:00,29,3549.185207796294,3487.4643432511875,4,4,0,False
47,2025-11-14 16:00:00,29,3548.8818356770075,3486.5150930345417,4,4,0,False
48,2025-11-14 17:00:00,29,3549.276471629239,3487.748171543989,4,4,0,False
49,2025-11-14 18:00:00,29,3549.8238680145155,3489.4350070668543,4,4,0,False
50,2025-11-14 19:00:00,29,3550.6823602415084,3492.033434989348,4,4,0,False
51,2025-11-14 20:00:00,29,3551.030525297587,3493.0734188899883,4,4,0,False
52,2025-11-14 21:00:00,29,3551.5103661492794,3494.4959074179983,4,4,0,False
53,2025-11-14 22:00:00,29,3551.9141730746705,3495.6847620943554,4,4,0,False
54,2025-11-14 23:00:00,29,3552.892576029276,3498.168114972346,4,4,0,False
55,2025-11-15 00:00:00,29,3553.2808895328017,3498.9298485849786,4,4,0,False
56,2025-11-15 01:00:00,29,3553.384422371322,3499.136524128246,4,4,0,False
57,2025-11-15 02:00:00,29,3468.424080406327,3415.720455588524,4,4,0,False
58,2025-11-15 03:00:00,29,3553.068845514873,3498.511477825357,4,4,0,False
59,2025-11-15 04:00:00,29,3552.6207961213245,3497.645397390644,4,4,0,False
60,2025-11-15 05:00:00,29,3552.0631418471653,3496.121738361854,4,4,0,False
61,2025-11-15 06:00:00,29,3551.205204616536,3493.592613799463,4,4,0,False
62,2025-11-15 07:00:00,29,3550.690444850083,3492.057666445914,4,4,0,False
63,2025-11-15 08:00:00,29,3550.791001023717,3492.358720643997,4,4,0,False
64,2025-11-15 09:00:00,29,3551.0148551072743,3493.0267618399616,4,4,0,False
65,2025-11-15 10:00:00,29,3551.4954229527248,3494.451778484381,4,4,0,False
66,2025-11-15 11:00:00,29,3551.638302301685,3494.8733071056117,4,4,0,False
67,2025-11-15 12:00:00,29,3551.606939406593,3494.7808562914797,4,4,0,False
68,2025-11-15 13:00:00,29,3551.6787370149414,3494.9924372767277,4,4,0,False
69,2025-11-15 14:00:00,29,3550.8010056638595,3492.3886398526497,4,4,0,False
70,2025-11-15 15:00:00,29,3549.683735697478,3489.005611762731,4,4,0,False
71,2025-11-15 16:00:00,29,3549.490680551661,3488.4113613485224,4,4,0,False
72,2025-11-15 17:00:00,29,3549.893338600224,3489.647292683376,4,4,0,False
73,2025-11-15 18:00:00,29,3550.6803381591744,3492.0273737008906,4,4,0,False
74,2025-11-15 19:00:00,29,3551.409054306056,3494.196519032178,4,4,0,False
75,2025-11-15 20:00:00,29,3552.2027303596324,3496.530514111488,4,4,0,False
76,2025-11-15 21:00:00,29,3553.1017002732506,3498.5759006142844,4,4,0,False
77,2025-11-15 22:00:00,29,3468.456796252952,3416.0281599482487,4,4,0,False
78,2025-11-15 23:00:00,29,3468.40720756058,3415.938945101834,4,4,0,False
79,2025-11-16 00:00:00,29,3468.3363759210606,3415.8085124847644,4,4,0,False
80,2025-11-16 01:00:00,29,3468.3558885864086,3415.8447849886634,4,4,0,False
81,2025-11-16 02:00:00,29,3468.3745403490548,3415.879217203752,4,4,0,False
82,2025-11-16 03:00:00,29,3468.265067694617,3415.673842765988,4,4,0,False
83,2025-11-16 04:00:00,29,3468.215468011539,3415.578290224324,4,4,0,False
84,2025-11-16 05:00:00,29,3468.352286164084,3415.8381075585035,4,4,0,False
85,2025-11-16 06:00:00,29,3468.420508678159,3415.702479948245,4,4,0,False
86,2025-11-16 07:00:00,29,3552.323052387483,3496.8823849369405,4,4,0,False
87,2025-11-16 08:00:00,29,3551.967659607428,3495.8417475977108,4,4,0,False
88,2025-11-16 09:00:00,29,3551.829742035759,3495.436735178382,4,4,0,False
89,2025-11-16 10:00:00,29,3551.61432816703,3494.802640551048,4,4,0,False
90,2025-11-16 11:00:00,29,3551.5736194264696,3494.6825893669343,4,4,0,False
91,2025-11-16 12:00:00,29,3551.4241295079314,3494.2410985222245,4,4,0,False
92,2025-11-16 13:00:00,29,3550.9814780838133,3492.9273381126577,4,4,0,False
93,2025-11-16 14:00:00,29,3550.4700639876687,3491.395643836822,4,4,0,False
94,2025-11-16 15:00:00,29,3549.4593367999164,3488.314577451009,4,4,0,False
95,2025-11-16 16:00:00,29,3548.919259032666,3486.6326848707745,4,4,0,False
96,2025-11-16 17:00:00,29,3548.9449276001283,3486.713258702889,4,4,0,False
97,2025-11-16 18:00:00,29,3549.0030838062594,3486.895566972772,4,4,0,False
98,2025-11-16 19:00:00,29,3549.78024757209,3489.301516187924,4,4,0,False
99,2025-11-16 20:00:00,29,3550.2956282312803,3490.8693570650494,4,4,0,False
100,2025-11-16 21:00:00,29,3550.8985622394325,3492.6800746684157,4,4,0,False
101,2025-11-16 22:00:00,29,3551.2282724685306,3493.6610572633176,4,4,0,False
102,2025-11-16 23:00:00,29,3551.636460272412,3494.867878390076,4,4,0,False
103,2025-11-17 00:00:00,29,3552.054343662844,3496.0959519285966,4,4,0,False
104,2025-11-17 01:00:00,29,3552.0842219485407,3496.183510971817,4,4,0,False
105,2025-11-17 02:00:00,29,3552.1576078270614,3496.39844441572,4,4,0,False
106,2025-11-17 03:00:00,29,3552.0261308803306,3496.0132457129057,4,4,0,False
107,2025-11-17 04:00:00,29,3551.15311070914,3493.437946736757,4,4,0,False
108,2025-11-17 05:00:00,29,3548.886519257137,3486.529817608457,4,4,0,False
109,2025-11-17 06:00:00,29,3547.1115128331576,3479.0070805194746,4,4,0,False
110,2025-11-17 07:00:00,29,3546.691321497913,3476.1063417354203,4,4,0,False
111,2025-11-17 08:00:00,29,3546.6179533639915,3475.592898389129,4,4,0,False
112,2025-11-17 09:00:00,29,3547.214205481627,3479.7064696267057,4,4,0,False
113,2025-11-17 10:00:00,29,3547.590207243085,3482.2388264871256,4,4,0,False
114,2025-11-17 11:00:00,29,3547.937165567718,3483.4955467875966,4,4,0,False
115,2025-11-17 12:00:00,29,3547.808939485483,3483.077357415368,4,4,0,False
116,2025-11-17 13:00:00,29,3547.357899658123,3480.6793428371584,4,4,0,False
117,2025-11-17 14:00:00,29,3546.604330774351,3475.497321873113,4,4,0,False
118,2025-11-17 15:00:00,29,3560.367643391371,3468.89375599856,4,4,0,False
119,2025-11-17 16:00:00,29,3559.714473814308,3463.628874819776,4,4,0,False
120,2025-11-17 17:00:00,29,3560.2156387039217,3467.697766539955,4,4,0,False
121,2025-11-17 18:00:00,29,3560.4253303834744,3469.3435040547924,4,4,0,False
122,2025-11-17 19:00:00,29,3546.2851178171886,3473.234682557639,4,4,0,False
123,2025-11-17 20:00:00,29,3546.8478251519364,3477.1944328625696,4,4,0,False
124,2025-11-17 21:00:00,29,3548.0568446669963,3483.8839411933072,4,4,0,False
125,2025-11-17 22:00:00,29,3548.860739533853,3486.448741645799,4,4,0,False
126,2025-11-17 23:00:00,29,3550.349904928993,3491.0333379744843,4,4,0,False
127,2025-11-18 00:00:00,29,3550.68640328988,3492.045553456257,4,4,0,False
128,2025-11-18 01:00:00,29,3550.791001023717,3492.358720643997,4,4,0,False
129,2025-11-18 02:00:00,29,3550.932201546322,3492.7804378943338,4,4,0,False
130,2025-11-18 03:00:00,29,3551.2225104037816,3493.643963501346,4,4,0,False
131,2025-11-18 04:00:00,29,3550.3665540205125,3491.0835973306557,4,4,0,False
132,2025-11-18 05:00:00,29,3547.929653349224,3483.471106177786,4,4,0,False
133,2025-11-18 06:00:00,29,3559.980899973756,3465.8174926640013,4,4,0,False
134,2025-11-18 07:00:00,29,3559.645811258168,3463.0544929049397,4,4,0,False
135,2025-11-18 08:00:00,29,3559.6887559437805,3463.4142592612534,4,4,0,False
136,2025-11-18 09:00:00,29,3546.226675804463,3472.815390869449,4,4,0,False
137,2025-11-18 10:00:00,29,3546.626121527632,3475.650169637204,4,4,0,False
138,2025-11-18 11:00:00,29,3547.166891648404,3479.384675188216,4,4,0,False
139,2025-11-18 12:00:00,29,3547.061241375444,3478.6634064949967,4,4,0,False
140,2025-11-18 13:00:00,29,3546.530574459733,3474.9784940531554,4,4,0,False
141,2025-11-18 14:00:00,29,3560.265532580016,3468.0921238717888,4,4,0,False
142,2025-11-18 15:00:00,29,3559.204843016694,3459.249423559116,4,4,0,False
143,2025-11-18 16:00:00,29,3558.2690202592507,3450.2618893183217,4,4,0,False
144,2025-11-18 17:00:00,29,3558.6082868437843,3453.6999328312263,4,4,0,False
145,2025-11-18 18:00:00,29,3559.307322064596,3460.153064747332,4,4,0,False
146,2025-11-18 19:00:00,29,3559.8311698075386,3464.5951017839743,4,4,0,False
147,2025-11-18 20:00:00,29,3546.204359158863,3472.654845601553,4,4,0,False
148,2025-11-18 21:00:00,29,3547.7253808487385,3482.803666276887,4,4,0,False
149,2025-11-18 22:00:00,29,3548.545143803466,3485.4505384194267,4,4,0,False
150,2025-11-18 23:00:00,29,3549.6925406414816,3489.03263945396,4,4,0,False
151,2025-11-19 00:00:00,29,3549.9408702229,3489.7923189779576,4,4,0,False
152,2025-11-19 01:00:00,29,3549.968869426601,3489.877666650827,4,4,0,False
153,2025-11-19 02:00:00,29,3549.836923921835,3489.4749321072013,4,4,0,False
154,2025-11-19 03:00:00,29,3549.9581082011155,3489.8448712590807,4,4,0,False
155,2025-11-19 04:00:00,29,3549.2080834933363,3487.5355594469816,4,4,0,False
156,2025-11-19 05:00:00,29,3546.7157049733173,3476.2764996986725,4,4,0,False
157,2025-11-19 06:00:00,29,3558.7742147986296,3455.2991606706355,4,4,0,False
158,2025-11-19 07:00:00,29,3558.538472727148,3453.012065796124,4,4,0,False
159,2025-11-19 08:00:00,29,3558.574928927386,3453.3724276344087,4,4,0,False
160,2025-11-19 09:00:00,29,3559.078163417284,3458.1142826712176,4,4,0,False
161,2025-11-19 10:00:00,29,3559.307322064596,3460.153064747332,4,4,0,False
162,2025-11-19 11:00:00,29,3559.3423276359617,3460.458892716423,4,4,0,False
163,2025-11-19 12:00:00,29,3559.628604798303,3462.9098503960136,4,4,0,False
164,2025-11-19 13:00:00,29,3559.7315986955155,3463.7714405112383,4,4,0,False
165,2025-11-19 14:00:00,29,3559.286871505579,3459.973737971517,4,4,0,False
166,2025-11-19 15:00:00,29,3558.7080155966746,3454.66688800208,4,4,0,False
167,2025-11-19 16:00:00,29,3558.10804294489,3448.5353360766544,4,4,0,False
0,2025-11-12 17:00:00,30,2098.9721018844243,2069.999035509624,18,18,0,False
1,2025-11-12 18:00:00,30,2101.3700997073047,2074.990647437535,18,18,0,False
2,2025-11-12 19:00:00,30,2103.664523041713,2079.6333186886623,18,18,0,False
3,2025-11-12 20:00:00,30,2107.2690745058617,2086.606105839792,18,18,0,False
4,2025-11-12 21:00:00,30,2013.6381007724872,1994.6367876544537,18,18,0,False
5,2025-11-12 22:00:00,30,1987.4799651379883,1975.678606107914,17,13,-4,True
6,2025-11-12 23:00:00,30,1988.602213279284,1977.244138139353,17,13,-4,True
7,2025-11-13 00:00:00,30,1993.444530898228,1984.021747444983,17,13,-4,True
8,2025-11-13 01:00:00,30,1831.350911808769,1821.5905870752697,18,17,-1,True
9,2025-11-13 02:00:00,30,1831.6436704146663,1823.4372343423288,18,17,-1,True
10,2025-11-13 03:00:00,30,1831.43871120526,1822.145260675034,18,17,-1,True
11,2025-11-13 04:00:00,30,1992.9392760211197,1983.3101699549693,17,13,-4,True
12,2025-11-13 05:00:00,30,2013.4737504452144,1994.5955923254005,18,18,0,False
13,2025-11-13 06:00:00,30,2105.8900736484893,2084.02379922568,18,18,0,False
14,2025-11-13 07:00:00,30,2105.66605528973,2083.586615315184,18,18,0,False
15,2025-11-13 08:00:00,30,2104.417973202139,2081.131634505264,18,18,0,False
16,2025-11-13 09:00:00,30,2102.065220131949,2076.410331161,18,18,0,False
17,2025-11-13 10:00:00,30,2099.9685449883127,2072.091500119389,18,18,0,False
18,2025-11-13 11:00:00,30,2099.268768580929,2070.624828573903,18,18,0,False
19,2025-11-13 12:00:00,30,2098.99192356209,2070.0409232044867,18,18,0,False
20,2025-11-13 13:00:00,30,2099.044750666444,2070.152505800094,18,18,0,False
21,2025-11-13 14:00:00,30,2098.6341699856425,2069.2832263131813,18,17,-1,True
22,2025-11-13 15:00:00,30,2097.1349173871795,2066.067908681714,18,17,-1,True
23,2025-11-13 16:00:00,30,2098.5144641114225,2069.028896040859,18,17,-1,True
24,2025-11-13 17:00:00,30,2098.066882384808,2068.074333609279,18,17,-1,True
25,2025-11-13 18:00:00,30,2097.6566097291825,2067.194238505378,18,17,-1,True
26,2025-11-13 19:00:00,30,2099.406731439311,2070.9150295105314,18,18,0,False
27,2025-11-13 20:00:00,30,2102.121739692127,2076.525251089301,18,18,0,False
28,2025-11-13 21:00:00,30,2104.3877804184744,2081.0718325271755,18,18,0,False
29,2025-11-13 22:00:00,30,2106.9694578137514,2086.0412586896264,18,18,0,False
30,2025-11-13 23:00:00,30,2107.767796669042,2087.555738051201,18,18,0,False
31,2025-11-14 00:00:00,30,2107.7928063251884,2087.603704361606,18,18,0,False
32,2025-11-14 01:00:00,30,2012.728494821706,1993.528828100846,18,18,0,False
33,2025-11-14 02:00:00,30,2012.969946345576,1994.0248121895572,18,18,0,False
34,2025-11-14 03:00:00,30,2012.6072595855564,1993.2792461558392,18,18,0,False
35,2025-11-14 04:00:00,30,2105.943000911016,2084.12693865893,18,18,0,False
36,2025-11-14 05:00:00,30,2099.3870411736216,2070.8736432234045,18,18,0,False
37,2025-11-14 06:00:00,30,2093.454099401327,2057.870004455872,18,16,-2,True
38,2025-11-14 07:00:00,30,2092.497252302708,2055.6589889645907,18,16,-2,True
39,2025-11-14 08:00:00,30,2092.8685645077408,2056.5212720623704,18,16,-2,True
40,2025-11-14 09:00:00,30,2094.5320854266806,2060.3192878911304,18,16,-2,True
41,2025-11-14 10:00:00,30,2096.718586307035,2065.1631076038398,18,16,-2,True
42,2025-11-14 11:00:00,30,2097.602606295221,2067.078023850237,18,17,-1,True
43,2025-11-14 12:00:00,30,2098.8464185696125,2069.733184598849,18,18,0,False
44,2025-11-14 13:00:00,30,2097.602606295221,2067.078023850237,18,17,-1,True
45,2025-11-14 14:00:00,30,2096.6637847309853,2065.043608511174,18,16,-2,True
46,2025-11-14 15:00:00,30,2095.131244107356,2061.6625971616854,18,16,-2,True
47,2025-11-14 16:00:00,30,2094.205546586012,2059.5818508905463,18,16,-2,True
48,2025-11-14 17:00:00,30,2095.4113173050387,2062.2862754131424,18,16,-2,True
49,2025-11-14 18:00:00,30,2097.1076996819866,2066.008920037553,18,17,-1,True
50,2025-11-14 19:00:00,30,2099.831827570989,2071.805980375253,18,18,0,False
51,2025-11-14 20:00:00,30,2100.9619589036297,2074.1515443896506,18,18,0,False
52,2025-11-14 21:00:00,30,2102.5470588349526,2077.3876094807747,18,18,0,False
53,2025-11-14 22:00:00,30,2103.908637851902,2080.120139737483,18,18,0,False
54,2025-11-14 23:00:00,30,2106.722506826586,2085.57849930969,18,18,0,False
55,2025-11-15 00:00:00,30,2107.483012657992,2087.0119336124208,18,18,0,False
56,2025-11-15 01:00:00,30,2107.687305568081,2087.4015991975034,18,18,0,False
57,2025-11-15 02:00:00,30,2012.7052067877576,1993.4809142742351,18,18,0,False
58,2025-11-15 03:00:00,30,2107.066695096552,2086.2241479622626,18,18,0,False
59,2025-11-15 04:00:00,30,2106.1947076235865,2084.5969302547933,18,18,0,False
60,2025-11-15 05:00:00,30,2104.417973202139,2081.131634505264,18,18,0,False
61,2025-11-15 06:00:00,30,2101.535125315447,2075.3287544558902,18,18,0,False
62,2025-11-15 07:00:00,30,2099.857892311413,2071.8604519625105,18,18,0,False
63,2025-11-15 08:00:00,30,2100.182776586261,2072.5379104631697,18,18,0,False
64,2025-11-15 09:00:00,30,2100.910748149158,2074.045965222004,18,18,0,False
65,2025-11-15 10:00:00,30,2102.497178312592,2077.286694902712,18,18,0,False
66,2025-11-15 11:00:00,30,2102.9755495976724,2078.252110782626,18,18,0,False
67,2025-11-15 12:00:00,30,2102.870266371684,2078.0400912600817,18,18,0,False
68,2025-11-15 13:00:00,30,2103.111520942289,2078.525552691221,18,18,0,False
69,2025-11-15 14:00:00,30,2100.2151710321164,2072.605308681332,18,18,0,False
70,2025-11-15 15:00:00,30,2096.6706374817354,2065.058556605099,18,16,-2,True
71,2025-11-15 16:00:00,30,2096.0717071730005,2063.746479323096,18,16,-2,True
72,2025-11-15 17:00:00,30,2097.325117618529,2066.4794987934206,18,17,-1,True
73,2025-11-15 18:00:00,30,2099.8253096690546,2071.792356074352,18,18,0,False
74,2025-11-15 19:00:00,30,2102.2095531590217,2076.703648979072,18,18,0,False
75,2025-11-15 20:00:00,30,2104.898922591834,2082.081582934469,18,18,0,False
76,2025-11-15 21:00:00,30,2107.131029630507,2086.345372891486,18,18,0,False
77,2025-11-15 22:00:00,30,2013.3242152889609,1994.5498195679445,18,18,0,False
78,2025-11-15 23:00:00,30,2013.4554549170543,1994.5904047703511,18,18,0,False
79,2025-11-16 00:00:00,30,2013.6345300509188,1994.6359988377328,18,18,0,False
80,2025-11-16 01:00:00,30,2013.5861434531591,1994.6248365756007,18,18,0,False
81,2025-11-16 02:00:00,30,2013.53922868451,1994.613185180326,18,18,0,False
82,2025-11-16 03:00:00,30,2013.8055730119077,1994.6682050848628,18,18,0,False
83,2025-11-16 04:00:00,30,2013.919462596356,1994.6830356630985,18,18,0,False
84,2025-11-16 05:00:00,30,2013.5951294899685,1994.6269757388584,18,18,0,False
85,2025-11-16 06:00:00,30,2012.6819061735011,1993.4329611177704,18,18,0,False
86,2025-11-16 07:00:00,30,2105.316475453872,2082.9023104137614,18,18,0,False
87,2025-11-16 08:00:00,30,2104.0910561093788,2080.4830609129613,18,18,0,False
88,2025-11-16 09:00:00,30,2103.6216980120207,2079.5477786214187,18,18,0,False
89,2025-11-16 10:00:00,30,2102.8950557387143,2078.090035151151,18,18,0,False
90,2025-11-16 11:00:00,30,2102.758585777088,2077.814908564839,18,18,0,False
91,2025-11-16 12:00:00,30,2102.259674498501,2076.805390982992,18,18,0,False
92,2025-11-16 13:00:00,30,2100.801782263592,2073.821094429454,18,18,0,False
93,2025-11-16 14:00:00,30,2099.150271051797,2070.3751580851986,18,18,0,False
94,2025-11-16 15:00:00,30,2095.974807261493,2063.533119020432,18,16,-2,True
95,2025-11-16 16:00:00,30,2094.3193085518205,2059.8391993275163,18,16,-2,True
96,2025-11-16 17:00:00,30,2094.397406424785,2060.015599768942,18,16,-2,True
97,2025-11-16 18:00:00,30,2094.574558542241,2060.4149267605326,18,16,-2,True
98,2025-11-16 19:00:00,30,2096.9714373473653,2065.7132591745067,18,16,-2,True
99,2025-11-16 20:00:00,30,2098.5942933520537,2069.198548314161,18,17,-1,True
100,2025-11-16 21:00:00,30,2100.53173619035,2073.2625057913856,18,18,0,False
101,2025-11-16 22:00:00,30,2101.6111392936195,2075.4842683122847,18,18,0,False
102,2025-11-16 23:00:00,30,2102.9693616468558,2078.2396565463227,18,18,0,False
103,2025-11-17 00:00:00,30,2104.3877804184744,2081.0718325271755,18,18,0,False
104,2025-11-17 01:00:00,30,2104.4903716645945,2081.274951443839,18,18,0,False
105,2025-11-17 02:00:00,30,2104.743053909577,2081.774263086368,18,18,0,False
106,2025-11-17 03:00:00,30,2104.2910576076024,2080.880122860454,18,18,0,False
107,2025-11-17 04:00:00,30,2101.3637435729984,2074.977611479028,18,18,0,False
108,2025-11-17 05:00:00,30,2094.2197775424465,2059.6140692835265,18,16,-2,True
109,2025-11-17 06:00:00,30,2088.945640253706,2044.0651852640292,18,16,-2,True
110,2025-11-17 07:00:00,30,2087.727829349285,2038.431308114589,18,16,-2,True
111,2025-11-17 08:00:00,30,2087.5162483747085,2037.433917101459,18,16,-2,True
112,2025-11-17 09:00:00,30,2089.244886065336,2045.4234188166647,18,16,-2,True
113,2025-11-17 10:00:00,30,2090.346258998386,2050.3414291704144,18,16,-2,True
114,2025-11-17 11:00:00,30,2091.3708973644434,2053.0084636517004,18,16,-2,True
115,2025-11-17 12:00:00,30,2090.9912547488657,2052.10275176724,18,16,-2,True
116,2025-11-17 13:00:00,30,2089.6647176688302,2047.3127587808544,18,16,-2,True
117,2025-11-17 14:00:00,30,2087.4769968293176,2037.248246836171,18,16,-2,True
118,2025-11-17 15:00:00,30,2108.070700160482,2024.410714357568,18,15,-3,True
119,2025-11-17 16:00:00,30,2106.2457397617623,2014.1550133424307,18,15,-3,True
120,2025-11-17 17:00:00,30,2107.644097965015,2022.082980541889,18,15,-3,True
121,2025-11-17 18:00:00,30,2108.2329117996496,2025.2857914113763,18,15,-3,True
122,2025-11-17 19:00:00,30,2086.560182083751,2032.851891124173,18,16,-2,True
123,2025-11-17 20:00:00,30,2088.180193512296,2040.5447804442476,18,16,-2,True
124,2025-11-17 21:00:00,30,2091.7262840465,2053.850566028582,18,16,-2,True
125,2025-11-17 22:00:00,30,2094.141469368096,2059.436691224794,18,16,-2,True
126,2025-11-17 23:00:00,30,2098.7669094936305,2069.5647763801026,18,18,0,False
127,2025-11-18 00:00:00,30,2099.844861314494,2071.8332212903656,18,18,0,False
128,2025-11-18 01:00:00,30,2100.182776586261,2072.5379104631697,18,18,0,False
129,2025-11-18 02:00:00,30,2100.641184221404,2073.489122521195,18,18,0,False
130,2025-11-18 03:00:00,30,2101.592144767965,2075.445421438889,18,18,0,False
131,2025-11-18 04:00:00,30,2098.819926750049,2069.6770918624456,18,18,0,False
132,2025-11-18 05:00:00,30,2091.348623895252,2052.955502503325,18,16,-2,True
133,2025-11-18 06:00:00,30,2106.98759656652,2018.4211995005,18,15,-3,True
134,2025-11-18 07:00:00,30,2106.055097666852,2013.034621884228,18,15,-3,True
135,2025-11-18 08:00:00,30,2106.17430802121,2013.7364228528563,18,15,-3,True
136,2025-11-18 09:00:00,30,2086.392930856652,2032.0369821767592,18,16,-2,True
137,2025-11-18 10:00:00,30,2087.539788806146,2037.5451730060984,18,16,-2,True
138,2025-11-18 11:00:00,30,2089.1069327241244,2044.798487117874,18,16,-2,True
139,2025-11-18 12:00:00,30,2088.7993860962656,2043.3977510809464,18,16,-2,True
140,2025-11-18 13:00:00,30,2087.2646599349314,2036.240307412177,18,16,-2,True
141,2025-11-18 14:00:00,30,2107.78399484244,2022.8506264526409,18,15,-3,True
142,2025-11-18 15:00:00,30,2104.8358910268366,2005.6032357743045,18,15,-3,True
143,2025-11-18 16:00:00,30,2102.2760489290404,1987.971158593886,18,15,-3,True
144,2025-11-18 17:00:00,30,2103.199953811589,1994.731036235325,18,15,-3,True
145,2025-11-18 18:00:00,30,2105.118450546004,2007.3696076062688,18,15,-3,True
146,2025-11-18 19:00:00,30,2106.5702575274904,2016.0389972290252,18,15,-3,True
147,2025-11-18 20:00:00,30,2086.329112392816,2031.724935862707,18,16,-2,True
148,2025-11-18 21:00:00,30,2090.7444739907737,2051.510527188471,18,16,-2,True
149,2025-11-18 22:00:00,30,2093.187268900518,2057.2570306182843,18,16,-2,True
150,2025-11-18 23:00:00,30,2096.698041187357,2065.1183183759454,18,16,-2,True
151,2025-11-19 00:00:00,30,2097.4741641878063,2066.8012692942925,18,17,-1,True
152,2025-11-19 01:00:00,30,2097.5620736159917,2066.990741117105,18,17,-1,True
153,2025-11-19 02:00:00,30,2097.148521899508,2066.0973851246604,18,17,-1,True
154,2025-11-19 03:00:00,30,2097.528276656248,2066.917925597831,18,17,-1,True
155,2025-11-19 04:00:00,30,2095.20137494703,2061.8190176489,18,16,-2,True
156,2025-11-19 05:00:00,30,2087.798215132416,2038.7618343708864,18,16,-2,True
157,2025-11-19 06:00:00,30,2103.6534890491525,1997.8687702737504,18,15,-3,True
158,2025-11-19 07:00:00,30,2103.009461630996,1993.3801641960376,18,15,-3,True
159,2025-11-19 08:00:00,30,2103.10891030158,1994.087959689435,18,15,-3,True
160,2025-11-19 09:00:00,30,2104.487238889198,2003.382869496456,18,15,-3,True
161,2025-11-19 10:00:00,30,2105.118450546004,2007.3696076062688,18,15,-3,True
162,2025-11-19 11:00:00,30,2105.215075834166,2007.9671907671784,18,15,-3,True
163,2025-11-19 12:00:00,30,2106.007358327608,2012.7524280777675,18,15,-3,True
164,2025-11-19 13:00:00,30,2106.293321622022,2014.4330507077725,18,15,-3,True
165,2025-11-19 14:00:00,30,2105.0620263986552,2007.0191530782315,18,15,-3,True
166,2025-11-19 15:00:00,30,2103.4724105798923,1996.628709301318,18,15,-3,True
167,2025-11-19 16:00:00,30,2101.8392283875487,1984.5683846185136,18,15,-3,True
0,2025-11-12 17:00:00,31,5277.4927464553175,4908.001174149572,2,2,0,False
1,2025-11-12 18:00:00,31,5272.861265920668,4903.42115418378,2,2,0,False
2,2025-11-12 19:00:00,31,5268.403233678326,4899.153702420489,2,2,0,False
3,2025-11-12 20:00:00,31,5261.185679005106,4892.518723944063,2,2,0,False
4,2025-11-12 21:00:00,31,5187.018489545644,4826.21245490384,2,2,0,False
5,2025-11-12 22:00:00,31,5004.507286140706,4747.661552137804,2,2,0,False
6,2025-11-12 23:00:00,31,5002.85925336514,4746.266821013536,2,2,0,False
7,2025-11-13 00:00:00,31,4995.525242472566,4740.168288389791,2,2,0,False
8,2025-11-13 01:00:00,31,4917.939154995135,4668.871844784378,2,2,0,False
9,2025-11-13 02:00:00,31,4915.830201140796,4666.893519693444,2,2,0,False
10,2025-11-13 03:00:00,31,4917.307993713945,4668.276760400942,2,2,0,False
11,2025-11-13 04:00:00,31,4996.316950036776,4740.818417439091,2,2,0,False
12,2025-11-13 05:00:00,31,5188.017103581771,4826.992523898677,2,2,0,False
13,2025-11-13 06:00:00,31,5264.050562255164,4895.104335453833,2,2,0,False
14,2025-11-13 07:00:00,31,5264.490069619522,4895.50835735411,2,2,0,False
15,2025-11-13 08:00:00,31,5266.932983374302,4897.773658633253,2,2,0,False
16,2025-11-13 09:00:00,31,5271.513571598606,4902.117334596292,2,2,0,False
17,2025-11-13 10:00:00,31,5275.571425016626,4906.081750552892,2,2,0,False
18,2025-11-13 11:00:00,31,5276.921176351146,4907.427165036191,2,2,0,False
19,2025-11-13 12:00:00,31,5277.454569042859,4907.962752973288,2,2,0,False
20,2025-11-13 13:00:00,31,5277.352813503264,4907.860404514133,2,2,0,False
21,2025-11-13 14:00:00,31,5278.14336048374,4908.6577448007565,2,2,0,False
22,2025-11-13 15:00:00,31,5281.024190200045,4911.607477904816,2,2,0,False
23,2025-11-13 16:00:00,31,5278.373712417527,4908.891029909025,2,2,0,False
24,2025-11-13 17:00:00,31,5279.234475083807,4909.766639326216,2,2,0,False
25,2025-11-13 18:00:00,31,5280.022772163415,4910.574022718488,2,2,0,False
26,2025-11-13 19:00:00,31,5276.655241091399,4907.160971900369,2,2,0,False
27,2025-11-13 20:00:00,31,5271.403883864214,4902.011757002678,2,2,0,False
28,2025-11-13 21:00:00,31,5266.991963861019,4897.828773382068,2,2,0,False
29,2025-11-13 22:00:00,31,5261.832274611111,4893.098332771383,2,2,0,False
30,2025-11-13 23:00:00,31,5260.074732749754,4891.527537178389,2,2,0,False
31,2025-11-14 00:00:00,31,5260.017775215808,4891.476876037849,2,2,0,False
32,2025-11-14 01:00:00,31,5190.873548086069,4829.386978766716,2,2,0,False
33,2025-11-14 02:00:00,31,5190.233957133777,4828.805273288933,2,2,0,False
34,2025-11-14 03:00:00,31,5191.194422317116,4829.679506666472,2,2,0,False
35,2025-11-14 04:00:00,31,5263.9466758037,4895.0089898409215,2,2,0,False
36,2025-11-14 05:00:00,31,5276.693200876777,4907.19893470665,2,2,0,False
37,2025-11-14 06:00:00,31,5288.061877326485,4919.142746570862,2,2,0,False
38,2025-11-14 07:00:00,31,5289.884183504067,4921.181390626219,2,2,0,False
39,2025-11-14 08:00:00,31,5289.177343353807,4920.385917810891,2,2,0,False
40,2025-11-14 09:00:00,31,5286.0055116813965,4916.888114590242,2,2,0,False
41,2025-11-14 10:00:00,31,5281.822610530467,4912.437869352349,2,2,0,False
42,2025-11-14 11:00:00,31,5280.126484250512,4910.680644060898,2,2,0,False
43,2025-11-14 12:00:00,31,5277.734778865657,4908.245023538048,2,2,0,False
44,2025-11-14 13:00:00,31,5280.126484250512,4910.680644060898,2,2,0,False
45,2025-11-14 14:00:00,31,5281.927657796002,4912.54755669551,2,2,0,False
46,2025-11-14 15:00:00,31,5284.860932934989,4915.652960198516,2,2,0,False
47,2025-11-14 16:00:00,31,5286.628805814842,4917.566576655637,2,2,0,False
48,2025-11-14 17:00:00,31,5284.325491716814,4915.079786899948,2,2,0,False
49,2025-11-14 18:00:00,31,5281.076407179577,4911.661609457066,2,2,0,False
50,2025-11-14 19:00:00,31,5275.835302217405,4906.34368342276,2,2,0,False
51,2025-11-14 20:00:00,31,5273.651446988111,4904.191436335426,2,2,0,False
52,2025-11-14 21:00:00,31,5270.577932016888,4901.219303942549,2,2,0,False
53,2025-11-14 22:00:00,31,5267.927237170637,4898.7054937426365,2,2,0,False
54,2025-11-14 23:00:00,31,5262.35466867665,4893.568097077115,2,2,0,False
55,2025-11-15 00:00:00,31,5260.7147127590215,4892.097814549079,2,2,0,False
56,2025-11-15 01:00:00,31,5260.257198516934,4891.689934050774,2,2,0,False
57,2025-11-15 02:00:00,31,5190.935198674792,4829.443146899263,2,2,0,False
58,2025-11-15 03:00:00,31,5261.624019456747,4892.91143144855,2,2,0,False
59,2025-11-15 04:00:00,31,5263.442317467527,4894.55052942249,2,2,0,False
60,2025-11-15 05:00:00,31,5266.932983374302,4897.773658633253,2,2,0,False
61,2025-11-15 06:00:00,31,5272.541535399885,4903.110711566682,2,2,0,False
62,2025-11-15 07:00:00,31,5275.785001397481,4906.293712606912,2,2,0,False
63,2025-11-15 08:00:00,31,5275.157767025821,4905.672193650172,2,2,0,False
64,2025-11-15 09:00:00,31,5273.750536420814,4904.288341096288,2,2,0,False
65,2025-11-15 10:00:00,31,5270.67484703643,4901.312057109582,2,2,0,False
66,2025-11-15 11:00:00,31,5269.74485179414,4900.424493952452,2,2,0,False
67,2025-11-15 12:00:00,31,5269.949637003936,4900.619460213627,2,2,0,False
68,2025-11-15 13:00:00,31,5269.480286307407,4900.173006703562,2,2,0,False
69,2025-11-15 14:00:00,31,5275.095198522745,4905.610356580993,2,2,0,False
70,2025-11-15 15:00:00,31,5281.914522605809,4912.533835734247,2,2,0,False
71,2025-11-15 16:00:00,31,5283.061884948162,4913.738457413048,2,2,0,False
72,2025-11-15 17:00:00,31,5280.659212779164,4911.229798552931,2,2,0,False
73,2025-11-15 18:00:00,31,5275.847880256245,4906.356181941523,2,2,0,False
74,2025-11-15 19:00:00,31,5271.233431156818,4901.847849899864,2,2,0,False
75,2025-11-15 20:00:00,31,5265.992733227772,4896.897761639727,2,2,0,False
76,2025-11-15 21:00:00,31,5261.485404573765,4892.7871465432045,2,2,0,False
77,2025-11-15 22:00:00,31,5188.91089665569,4827.691715506056,2,2,0,False
78,2025-11-15 23:00:00,31,5188.127196812189,4827.078595360529,2,2,0,False
79,2025-11-16 00:00:00,31,5187.040374716697,4826.2295380548885,2,2,0,False
80,2025-11-16 01:00:00,31,5187.336098289446,4826.4604288382525,2,2,0,False
81,2025-11-16 02:00:00,31,5187.62135199758,4826.683241852576,2,2,0,False
82,2025-11-16 03:00:00,31,5185.98214987342,4825.40413744182,2,2,0,False
83,2025-11-16 04:00:00,31,5185.265839470984,4824.846144457393,2,2,0,False
84,2025-11-16 05:00:00,31,5187.281296168091,4826.417633543768,2,2,0,False
85,2025-11-16 06:00:00,31,5190.996875908432,4829.499356503735,2,2,0,False
86,2025-11-16 07:00:00,31,5265.175282841432,4896.140360848868,2,2,0,False
87,2025-11-16 08:00:00,31,5267.571319020753,4898.371245079314,2,2,0,False
88,2025-11-16 09:00:00,31,5268.486702787623,4899.2324405797,2,2,0,False
89,2025-11-16 10:00:00,31,5269.90142488784,4900.573535764984,2,2,0,False
90,2025-11-16 11:00:00,31,5270.166800254334,4900.826502908053,2,2,0,False
91,2025-11-16 12:00:00,31,5271.136123833664,4901.75436548456,2,2,0,False
92,2025-11-16 13:00:00,31,5273.96133628819,4904.4947262109445,2,2,0,False
93,2025-11-16 14:00:00,31,5277.149524186526,4907.656177095455,2,2,0,False
94,2025-11-16 15:00:00,31,5283.247392309043,4913.934397675624,2,2,0,False
95,2025-11-16 16:00:00,31,5286.411697152489,4917.329775062701,2,2,0,False
96,2025-11-16 17:00:00,31,5286.262627404294,4917.167479811276,2,2,0,False
97,2025-11-16 18:00:00,31,5285.924413986726,4916.800145796877,2,2,0,False
98,2025-11-16 19:00:00,31,5281.337782961488,4911.932937719012,2,2,0,False
99,2025-11-16 20:00:00,31,5278.220102394297,4908.735415650478,2,2,0,False
100,2025-11-16 21:00:00,31,5274.483509867825,4905.007339729545,2,2,0,False
101,2025-11-16 22:00:00,31,5272.394215707141,4902.967908107056,2,2,0,False
102,2025-11-16 23:00:00,31,5269.756889569273,4900.4359471835705,2,2,0,False
103,2025-11-17 00:00:00,31,5266.991963861019,4897.828773382068,2,2,0,False
104,2025-11-17 01:00:00,31,5266.79153367607,4897.641562808503,2,2,0,False
105,2025-11-17 02:00:00,31,5266.297606782651,4897.181210263265,2,2,0,False
106,2025-11-17 03:00:00,31,5267.180872113546,4898.005437481952,2,2,0,False
107,2025-11-17 04:00:00,31,5272.8735779761455,4903.433122715869,2,2,0,False
108,2025-11-17 05:00:00,31,5286.601649061833,4917.53692855539,2,2,0,False
109,2025-11-17 06:00:00,31,5296.626523792561,4929.420970508675,2,2,0,False
110,2025-11-17 07:00:00,31,5298.9315071212095,4932.589474915754,2,2,0,False
111,2025-11-17 08:00:00,31,5299.331654169979,4933.153806051586,2,2,0,False
112,2025-11-17 09:00:00,31,5296.059635294135,4928.661864911427,2,2,0,False
113,2025-11-17 10:00:00,31,5293.971402988338,4925.928202581127,2,2,0,False
114,2025-11-17 11:00:00,31,5292.025968430828,4923.63022283637,2,2,0,False
115,2025-11-17 12:00:00,31,5292.74709373524,4924.468395299375,2,2,0,False
116,2025-11-17 13:00:00,31,5295.263963303318,4927.608931022657,2,2,0,False
117,2025-11-17 14:00:00,31,5299.405877665051,4933.258974606864,2,2,0,False
118,2025-11-17 15:00:00,31,5300.135404163768,4940.621437353341,2,2,0,False
119,2025-11-17 16:00:00,31,5303.574682937155,4946.640339946491,2,2,0,False
120,2025-11-17 17:00:00,31,5300.939904621999,4941.976430281531,2,2,0,False
121,2025-11-17 18:00:00,31,5299.829409679933,4940.113687499289,2,2,0,False
122,2025-11-17 19:00:00,31,5301.138684646012,4935.759893446266,2,2,0,False
123,2025-11-17 20:00:00,31,5298.075675352887,4931.397066323552,2,2,0,False
124,2025-11-17 21:00:00,31,5291.350570179248,4922.851568241664,2,2,0,False
125,2025-11-17 22:00:00,31,5286.751075540594,4917.700163227541,2,2,0,False
126,2025-11-17 23:00:00,31,5277.887857317236,4908.399494501662,2,2,0,False
127,2025-11-18 00:00:00,31,5275.810149540713,4906.318693364932,2,2,0,False
128,2025-11-18 01:00:00,31,5275.157767025821,4905.672193650172,2,2,0,False
129,2025-11-18 02:00:00,31,5274.271917744701,4904.799384020283,2,2,0,False
130,2025-11-18 03:00:00,31,5272.431030958174,4903.003580812468,2,2,0,False
131,2025-11-18 04:00:00,31,5277.785786423349,4908.2964740866255,2,2,0,False
132,2025-11-18 05:00:00,31,5292.068287018078,4923.679214334435,2,2,0,False
133,2025-11-18 06:00:00,31,5302.177305232313,4944.121047066404,2,2,0,False
134,2025-11-18 07:00:00,31,5303.9336323300895,4947.305738893817,2,2,0,False
135,2025-11-18 08:00:00,31,5303.7091847242045,4946.888754101175,2,2,0,False
136,2025-11-18 09:00:00,31,5301.454621151052,4936.225754745089,2,2,0,False
137,2025-11-18 10:00:00,31,5299.28713842962,4933.090805092362,2,2,0,False
138,2025-11-18 11:00:00,31,5296.320998055842,4929.010908214152,2,2,0,False
139,2025-11-18 12:00:00,31,5296.903512985375,4929.794663162114,2,2,0,False
140,2025-11-18 13:00:00,31,5299.807346867651,4933.830531665389,2,2,0,False
141,2025-11-18 14:00:00,31,5300.676120013815,4941.528872188209,2,2,0,False
142,2025-11-18 15:00:00,31,5306.227861349691,4951.760349805295,2,2,0,False
143,2025-11-18 16:00:00,31,5311.038088853242,4962.635284368368,2,2,0,False
144,2025-11-18 17:00:00,31,5309.30292671721,4958.412784818655,2,2,0,False
145,2025-11-18 18:00:00,31,5305.696358642286,4950.694942805893,2,2,0,False
146,2025-11-18 19:00:00,31,5302.9635287459,4945.525010337049,2,2,0,False
147,2025-11-18 20:00:00,31,5301.575160149908,4936.404335698433,2,2,0,False
148,2025-11-18 21:00:00,31,5293.215649303562,4925.016866065034,2,2,0,False
149,2025-11-18 22:00:00,31,5288.570326687974,4919.707590269303,2,2,0,False
150,2025-11-18 23:00:00,31,5281.861994081354,4912.478980598193,2,2,0,False
151,2025-11-19 00:00:00,31,5280.373107551715,4910.934561990767,2,2,0,False
152,2025-11-19 01:00:00,31,5280.204318564658,4910.76072319215,2,2,0,False
153,2025-11-19 02:00:00,31,5280.99808897198,4911.580428823327,2,2,0,False
154,2025-11-19 03:00:00,31,5280.269213428208,4910.827530086153,2,2,0,False
155,2025-11-19 04:00:00,31,5284.726882615511,4915.509190175458,2,2,0,False
156,2025-11-19 05:00:00,31,5298.798371556697,4932.402689483805,2,2,0,False
157,2025-11-19 06:00:00,31,5308.4507736013165,4956.475744788182,2,2,0,False
158,2025-11-19 07:00:00,31,5309.660768355709,4959.251142646129,2,2,0,False
159,2025-11-19 08:00:00,31,5309.473958488572,4958.811546783907,2,2,0,False
160,2025-11-19 09:00:00,31,5306.883527116363,4953.105559585704,2,2,0,False
161,2025-11-19 10:00:00,31,5305.696358642286,4950.694942805893,2,2,0,False
162,2025-11-19 11:00:00,31,5305.514576573472,4950.335445708945,2,2,0,False
163,2025-11-19 12:00:00,31,5304.023508848745,4947.47358486111,2,2,0,False
164,2025-11-19 13:00:00,31,5303.485084433992,4946.47545989297,2,2,0,False
165,2025-11-19 14:00:00,31,5305.802503498092,4950.905991742725,2,2,0,False
166,2025-11-19 15:00:00,31,5308.791035497161,4957.239581336075,2,2,0,False
167,2025-11-19 16:00:00,31,5311.858130895388,4964.787180197917,2,2,0,False
0,2025-11-12 17:00:00,32,2177.4769960793,2150.1342107829905,17,15,-2,True
1,2025-11-12 18:00:00,32,2179.4394476348825,2154.319708007847,17,15,-2,True
2,2025-11-12 19:00:00,32,2181.310142895701,2158.20168885169,17,15,-2,True
3,2025-11-12 20:00:00,32,2184.367218560491,2164.128645713629,17,16,-1,True
4,2025-11-12 21:00:00,32,2090.466097029245,2071.7401683558583,17,17,0,False
5,2025-11-12 22:00:00,32,2064.9784157286504,2053.6390369530363,16,12,-4,True
6,2025-11-12 23:00:00,32,2066.0292423330698,2055.060460878807,16,12,-4,True
7,2025-11-13 00:00:00,32,2070.5329435292592,2061.185030095642,16,12,-4,True
8,2025-11-13 01:00:00,32,1872.0429974487924,1862.157664455405,17,16,-1,True
9,2025-11-13 02:00:00,32,1872.2985335935336,1863.8507683947623,17,16,-1,True
10,2025-11-13 03:00:00,32,1872.119659415505,1862.666232324844,17,16,-1,True
11,2025-11-13 04:00:00,32,2070.0661211668985,2060.5450981141425,16,12,-4,True
12,2025-11-13 05:00:00,32,2090.357715116831,2071.735583759449,17,17,0,False
13,2025-11-13 06:00:00,32,2183.11758000648,2161.861778194278,17,16,-1,True
14,2025-11-13 07:00:00,32,2182.935981956004,2161.4978436673264,17,15,-2,True
15,2025-11-13 08:00:00,32,2181.9228558895643,2159.4520223800514,17,15,-2,True
16,2025-11-13 09:00:00,32,2180.006943851013,2155.5079635465263,17,15,-2,True
17,2025-11-13 10:00:00,32,2178.293324480708,2151.890138346445,17,15,-2,True
18,2025-11-13 11:00:00,32,2177.7201640039243,2150.65955698688,17,15,-2,True
19,2025-11-13 12:00:00,32,2177.4932465497723,2150.169380294616,17,15,-2,True
20,2025-11-13 13:00:00,32,2177.536553668765,2150.263062977162,17,15,-2,True
21,2025-11-13 14:00:00,32,2177.1998762213834,2149.5330916956414,17,15,-2,True
22,2025-11-13 15:00:00,32,2175.968811400713,2146.8303493237363,17,15,-2,True
23,2025-11-13 16:00:00,32,2177.1016793689714,2149.319459319052,17,15,-2,True
24,2025-11-13 17:00:00,32,2176.734371139645,2148.517406620589,17,15,-2,True
25,2025-11-13 18:00:00,32,2176.3974763173205,2147.777595021109,17,15,-2,True
26,2025-11-13 19:00:00,32,2177.8332114558625,2150.9031197234967,17,15,-2,True
27,2025-11-13 20:00:00,32,2180.053058327543,2155.604105606922,17,15,-2,True
28,2025-11-13 21:00:00,32,2181.898318532909,2159.402142661821,17,15,-2,True
29,2025-11-13 22:00:00,32,2184.092852907831,2163.6302864887584,17,16,-1,True
30,2025-11-13 23:00:00,32,2184.824815513477,2164.9670605414804,17,17,0,False
31,2025-11-14 00:00:00,32,2184.84779521371,2165.0094288577734,17,17,0,False
32,2025-11-14 01:00:00,32,2089.8092944927,2070.9100160224093,17,17,0,False
33,2025-11-14 02:00:00,32,2089.996683651902,2071.3150145026084,17,17,0,False
34,2025-11-14 03:00:00,32,2089.715150022698,2070.7061348084503,17,17,0,False
35,2025-11-14 04:00:00,32,2183.1604736744093,2161.947619285714,17,16,-1,True
36,2025-11-14 05:00:00,32,2177.8170785653083,2150.8683868790163,17,15,-2,True
37,2025-11-14 06:00:00,32,2172.9359332395925,2139.922009495313,17,15,-2,True
38,2025-11-14 07:00:00,32,2172.1452339255125,2138.055014749369,17,14,-3,True
39,2025-11-14 08:00:00,32,2172.4521783421105,2138.78330723884,17,14,-3,True
40,2025-11-14 09:00:00,32,2173.825636727724,2141.988418181508,17,15,-2,True
41,2025-11-14 10:00:00,32,2175.626499870699,2146.0690544732684,17,15,-2,True
42,2025-11-14 11:00:00,32,2176.3531170641468,2147.6798813341247,17,15,-2,True
43,2025-11-14 12:00:00,32,2177.3739457937586,2149.910981057408,17,15,-2,True
44,2025-11-14 13:00:00,32,2176.3531170641468,2147.6798813341247,17,15,-2,True
45,2025-11-14 14:00:00,32,2175.581427084178,2145.9684853459507,17,15,-2,True
46,2025-11-14 15:00:00,32,2174.3196277105103,2143.12090215876,17,15,-2,True
47,2025-11-14 16:00:00,32,2173.556256844049,2141.3664619662563,17,15,-2,True
48,2025-11-14 17:00:00,32,2174.550411384663,2143.6464878013844,17,15,-2,True
49,2025-11-14 18:00:00,32,2175.946438665167,2146.7807261355747,17,15,-2,True
50,2025-11-14 19:00:00,32,2178.181391578271,2151.6506538574417,17,15,-2,True
51,2025-11-14 20:00:00,32,2179.1059479290216,2153.616924227183,17,15,-2,True
52,2025-11-14 21:00:00,32,2180.3999400765947,2156.32533851665,17,15,-2,True
53,2025-11-14 22:00:00,32,2181.508748338296,2158.608076948049,17,15,-2,True
54,2025-11-14 23:00:00,32,2183.8669922870554,2163.222174368558,17,16,-1,True
55,2025-11-15 00:00:00,32,2184.5633693512927,2164.486855499757,17,17,0,False
56,2025-11-15 01:00:00,32,2184.7508795373183,2164.830923841762,17,17,0,False
57,2025-11-15 02:00:00,32,2089.7912131289595,2070.870879975584,17,17,0,False
58,2025-11-15 03:00:00,32,2184.181853447824,2163.791621617212,17,16,-1,True
59,2025-11-15 04:00:00,32,2183.385035174106,2162.3570163994486,17,16,-1,True
60,2025-11-15 05:00:00,32,2181.9228558895643,2159.4520223800514,17,15,-2,True
61,2025-11-15 06:00:00,32,2179.5742319463934,2154.6027897899994,17,15,-2,True
62,2025-11-15 07:00:00,32,2178.202733009405,2151.696345652319,17,15,-2,True
63,2025-11-15 08:00:00,32,2178.4686730128105,2152.264498494857,17,15,-2,True
64,2025-11-15 09:00:00,32,2179.0640875049758,2153.528473261581,17,15,-2,True
65,2025-11-15 10:00:00,32,2180.35927114558,2156.2409585688665,17,15,-2,True
66,2025-11-15 11:00:00,32,2180.749160538553,2157.047973618511,17,15,-2,True
67,2025-11-15 12:00:00,32,2180.663377865324,2156.8707835253285,17,15,-2,True
68,2025-11-15 13:00:00,32,2180.859924685461,2157.2764604192766,17,15,-2,True
69,2025-11-15 14:00:00,32,2178.495182892201,2152.3210108030758,17,15,-2,True
70,2025-11-15 15:00:00,32,2175.587063465081,2145.981065791932,17,15,-2,True
71,2025-11-15 16:00:00,32,2175.0942485899395,2144.8764940110595,17,15,-2,True
72,2025-11-15 17:00:00,32,2176.125131156135,2147.1765549821366,17,15,-2,True
73,2025-11-15 18:00:00,32,2178.1760546839514,2151.6392253284507,17,15,-2,True
74,2025-11-15 19:00:00,32,2180.124697132132,2155.753339999261,17,15,-2,True
75,2025-11-15 20:00:00,32,2182.313538778755,2160.244076074417,17,15,-2,True
76,2025-11-15 21:00:00,32,2184.2407601462114,2163.8985735521187,17,16,-1,True
77,2025-11-15 22:00:00,32,2090.258526875124,2071.7238018175576,17,17,0,False
78,2025-11-15 23:00:00,32,2090.3456082668717,2071.7345211389206,17,17,0,False
79,2025-11-16 00:00:00,32,2090.4637496414,2071.7401662197544,17,17,0,False
80,2025-11-16 01:00:00,32,2090.43190767834,2071.73970315009,17,17,0,False
81,2025-11-16 02:00:00,32,2090.400976963558,2071.738493655224,17,17,0,False
82,2025-11-16 03:00:00,32,2090.575809053663,2071.735149326677,17,17,0,False
83,2025-11-16 04:00:00,32,2090.6499710934104,2071.7257414040923,17,17,0,False
84,2025-11-16 05:00:00,32,2090.4378257300605,2071.7398498848006,17,17,0,False
85,2025-11-16 06:00:00,32,2089.7731206565263,2070.831709744735,17,17,0,False
86,2025-11-16 07:00:00,32,2182.652446301118,2160.9279544889114,17,15,-2,True
87,2025-11-16 08:00:00,32,2181.6571036661862,2158.9109491653007,17,15,-2,True
88,2025-11-16 09:00:00,32,2181.2752928686987,2158.130268114801,17,15,-2,True
89,2025-11-16 10:00:00,32,2180.683577117984,2156.91252506038,17,15,-2,True
90,2025-11-16 11:00:00,32,2180.572366126591,2156.6825664504327,17,15,-2,True
91,2025-11-16 12:00:00,32,2180.1655818238105,2155.838442482836,17,15,-2,True
92,2025-11-16 13:00:00,32,2178.97500603511,2153.340065755702,17,15,-2,True
93,2025-11-16 14:00:00,32,2177.623048175617,2150.449981709228,17,15,-2,True
94,2025-11-16 15:00:00,32,2175.0144800577555,2144.6968170567843,17,15,-2,True
95,2025-11-16 16:00:00,32,2173.650117822881,2141.5835305740056,17,15,-2,True
96,2025-11-16 17:00:00,32,2173.7145459138555,2141.7323085244125,17,15,-2,True
97,2025-11-16 18:00:00,32,2173.8606670492627,2142.0690670927456,17,15,-2,True
98,2025-11-16 19:00:00,32,2175.8344196094176,2146.531986332909,17,15,-2,True
99,2025-11-16 20:00:00,32,2177.167166590414,2149.46196686617,17,15,-2,True
100,2025-11-16 21:00:00,32,2178.754173695226,2152.871950055013,17,15,-2,True
101,2025-11-16 22:00:00,32,2179.6363042365588,2154.732975616526,17,15,-2,True
102,2025-11-16 23:00:00,32,2180.744119141219,2157.037565960949,17,15,-2,True
103,2025-11-17 00:00:00,32,2181.898318532909,2159.402142661821,17,15,-2,True
104,2025-11-17 01:00:00,32,2181.9816879575114,2159.5715519227865,17,15,-2,True
105,2025-11-17 02:00:00,32,2182.186961338473,2159.987895255716,17,15,-2,True
106,2025-11-17 03:00:00,32,2181.819704025382,2159.2422272461,17,15,-2,True
107,2025-11-17 04:00:00,32,2179.4342555666312,2154.308792463572,17,15,-2,True
108,2025-11-17 05:00:00,32,2173.567999030429,2141.393638763856,17,15,-2,True
109,2025-11-17 06:00:00,32,2169.202732683019,2127.585002058628,17,14,-3,True
110,2025-11-17 07:00:00,32,2168.1911750958525,2122.2642382758368,17,14,-3,True
111,2025-11-17 08:00:00,32,2168.0152990850365,2121.322398242641,17,14,-3,True
112,2025-11-17 09:00:00,32,2169.45109983168,2128.867912099985,17,14,-3,True
113,2025-11-17 10:00:00,32,2170.3645269756967,2133.513674369241,17,14,-3,True
114,2025-11-17 11:00:00,32,2171.213320651843,2135.815009924524,17,14,-3,True
115,2025-11-17 12:00:00,32,2170.898944495859,2135.049129403126,17,14,-3,True
116,2025-11-17 13:00:00,32,2169.799416836988,2130.652574385246,17,14,-3,True
117,2025-11-17 14:00:00,32,2167.9826672138192,2121.1470732372677,17,14,-3,True
118,2025-11-17 15:00:00,32,2185.691160578961,2109.0282089113616,17,14,-3,True
119,2025-11-17 16:00:00,32,2184.1685554762853,2099.352014712157,17,14,-3,True
120,2025-11-17 17:00:00,32,2185.33548027842,2106.8315571087046,17,14,-3,True
121,2025-11-17 18:00:00,32,2185.8263651170496,2109.8540724164486,17,14,-3,True
122,2025-11-17 19:00:00,32,2167.2201055706005,2116.996064966921,17,14,-3,True
123,2025-11-17 20:00:00,32,2168.5670739504776,2124.260118890206,17,14,-3,True
124,2025-11-17 21:00:00,32,2171.507488019861,2136.5269002074983,17,14,-3,True
125,2025-11-17 22:00:00,32,2173.503383151239,2141.2440129730667,17,15,-2,True
126,2025-11-17 23:00:00,32,2177.308744976673,2149.769556469213,17,15,-2,True
127,2025-11-18 00:00:00,32,2178.1920635229203,2151.673504217566,17,15,-2,True
128,2025-11-18 01:00:00,32,2178.4686730128105,2152.264498494857,17,15,-2,True
129,2025-11-18 02:00:00,32,2178.8436868390577,2153.061880038016,17,15,-2,True
130,2025-11-18 03:00:00,32,2179.620794196962,2154.700456727336,17,15,-2,True
131,2025-11-18 04:00:00,32,2177.352222212761,2149.863877256947,17,15,-2,True
132,2025-11-18 05:00:00,32,2171.194880066549,2135.770231487828,17,14,-3,True
133,2025-11-18 06:00:00,32,2184.787829022436,2103.3765055186814,17,14,-3,True
134,2025-11-18 07:00:00,32,2184.0093439962566,2098.295253991922,17,14,-3,True
135,2025-11-18 08:00:00,32,2184.108903847481,2098.957189601101,17,14,-3,True
136,2025-11-18 09:00:00,32,2167.0809193883097,2116.226718150728,17,14,-3,True
137,2025-11-18 10:00:00,32,2168.0348688602226,2121.427455762355,17,14,-3,True
138,2025-11-18 11:00:00,32,2169.336611520725,2128.277629670104,17,14,-3,True
139,2025-11-18 12:00:00,32,2169.0813165006275,2126.9546042186143,17,14,-3,True
140,2025-11-18 13:00:00,32,2167.806117985513,2120.1953174560213,17,14,-3,True
141,2025-11-18 14:00:00,32,2185.452136134229,2107.5559464678413,17,14,-3,True
142,2025-11-18 15:00:00,32,2182.990473167853,2091.2876557447084,17,14,-3,True
143,2025-11-18 16:00:00,32,2180.847608007871,2074.674422237682,17,12,-5,True
144,2025-11-18 17:00:00,32,2181.6215721321205,2081.0413197665107,17,12,-5,True
145,2025-11-18 18:00:00,32,2183.2267058020907,2092.95301656367,17,14,-3,True
146,2025-11-18 19:00:00,32,2184.439504613952,2101.1291490401472,17,14,-3,True
147,2025-11-18 20:00:00,32,2167.027803754155,2115.9321257687784,17,14,-3,True
148,2025-11-18 21:00:00,32,2170.694517194859,2134.548218586322,17,14,-3,True
149,2025-11-18 22:00:00,32,2172.7155264963303,2139.404559461391,17,15,-2,True
150,2025-11-18 23:00:00,32,2175.609602466163,2146.031360979289,17,15,-2,True
151,2025-11-19 00:00:00,32,2176.2475993581443,2147.447163622222,17,15,-2,True
152,2025-11-19 01:00:00,32,2176.3198207067926,2147.6064901880413,17,15,-2,True
153,2025-11-19 02:00:00,32,2175.979993888362,2146.8551453743244,17,15,-2,True
154,2025-11-19 03:00:00,32,2176.292056103559,2147.545261404556,17,15,-2,True
155,2025-11-19 04:00:00,32,2174.377424161114,2143.2527333594494,17,15,-2,True
156,2025-11-19 05:00:00,32,2168.249674664637,2122.576363596941,17,14,-3,True
157,2025-11-19 06:00:00,32,2182.001275741721,2083.9976732688137,17,13,-4,True
158,2025-11-19 07:00:00,32,2181.462045518515,2079.76873366344,17,12,-5,True
159,2025-11-19 08:00:00,32,2181.545331552021,2080.435495891739,17,12,-5,True
160,2025-11-19 09:00:00,32,2182.6989001970715,2089.1945199746497,17,14,-3,True
161,2025-11-19 10:00:00,32,2183.2267058020907,2092.95301656367,17,14,-3,True
162,2025-11-19 11:00:00,32,2183.307474888072,2093.5164669689448,17,14,-3,True
163,2025-11-19 12:00:00,32,2183.96947081353,2098.029097403248,17,14,-3,True
164,2025-11-19 13:00:00,32,2184.208288166746,2099.6142716576137,17,14,-3,True
165,2025-11-19 14:00:00,32,2183.1795375327256,2092.6225887452524,17,14,-3,True
166,2025-11-19 15:00:00,32,2181.849693423549,2082.8292199006023,17,12,-5,True
167,2025-11-19 16:00:00,32,2180.481466318038,2071.470665678913,17,12,-5,True
0,2025-11-12 17:00:00,33,1217.1741632010633,1210.5875672543566,28,28,0,False
1,2025-11-12 18:00:00,33,1217.3650449173315,1211.4162487184308,28,28,0,False
2,2025-11-12 19:00:00,33,1217.5288320600566,1212.152615349136,29,28,-1,True
3,2025-11-12 20:00:00,33,1218.745418859418,1214.190977259074,29,28,-1,True
4,2025-11-12 21:00:00,33,1166.9573144461551,1162.7694956675657,28,28,0,False
5,2025-11-12 22:00:00,33,1160.4284645592106,1157.9254830749696,28,27,-1,True
6,2025-11-12 23:00:00,33,1161.6277054102627,1159.222353898333,28,27,-1,True
7,2025-11-13 00:00:00,33,1166.9520543295105,1164.9727303877182,28,27,-1,True
8,2025-11-13 01:00:00,33,937.9367524478804,933.8968224504011,33,33,0,False
9,2025-11-13 02:00:00,33,938.2316028871004,935.0347676533524,33,33,0,False
10,2025-11-13 03:00:00,33,938.0251040523128,934.2386854483528,33,33,0,False
11,2025-11-13 04:00:00,33,1166.3857935403614,1164.3609799014623,28,27,-1,True
12,2025-11-13 05:00:00,33,1167.008935534356,1162.842464283511,28,28,0,False
13,2025-11-13 06:00:00,33,1217.6687177390208,1212.8156455617489,29,28,-1,True
14,2025-11-13 07:00:00,33,1217.6555253077263,1212.751163579704,29,28,-1,True
15,2025-11-13 08:00:00,33,1217.5783551449372,1212.382678149601,29,28,-1,True
16,2025-11-13 09:00:00,33,1217.416676496107,1211.6450792673238,28,28,0,False
17,2025-11-13 10:00:00,33,1217.2558322503814,1210.939402289314,28,28,0,False
18,2025-11-13 11:00:00,33,1217.1988203375674,1210.6934477397083,28,28,0,False
19,2025-11-13 12:00:00,33,1217.1758196149149,1210.5946717177833,28,28,0,False
20,2025-11-13 13:00:00,33,1217.1802279030678,1210.6135848627837,28,28,0,False
21,2025-11-13 14:00:00,33,1217.1457275854473,1210.465779632215,28,28,0,False
22,2025-11-13 15:00:00,33,1217.0151846924418,1209.9100336208458,28,28,0,False
23,2025-11-13 16:00:00,33,1217.1355663867753,1210.4223355341298,28,28,0,False
24,2025-11-13 17:00:00,33,1217.09716731835,1210.2584815300415,28,28,0,False
25,2025-11-13 18:00:00,33,1217.061411342453,1210.10630610791,28,28,0,False
26,2025-11-13 19:00:00,33,1217.2101887017604,1210.7423589357163,28,28,0,False
27,2025-11-13 20:00:00,33,1217.420799057866,1211.6634643627524,28,28,0,False
28,2025-11-13 21:00:00,33,1217.5764125221804,1212.3735694830916,29,28,-1,True
29,2025-11-13 22:00:00,33,1218.486907745759,1213.8666472753669,29,28,-1,True
30,2025-11-13 23:00:00,33,1219.1875095865894,1214.7446924043825,29,28,-1,True
31,2025-11-14 00:00:00,33,1219.2101022999864,1214.7729588484062,29,28,-1,True
32,2025-11-14 01:00:00,33,1167.1022869522506,1162.8483024875204,28,28,0,False
33,2025-11-14 02:00:00,33,1167.0956715854113,1162.9013849326811,28,28,0,False
34,2025-11-14 03:00:00,33,1167.1054640622126,1162.821351865903,28,28,0,False
35,2025-11-14 04:00:00,33,1217.6718048119008,1212.8308067605485,29,28,-1,True
36,2025-11-14 05:00:00,33,1217.208570024336,1210.735390947595,28,28,0,False
37,2025-11-14 06:00:00,33,1216.665862714051,1208.4325783299366,28,28,0,False
38,2025-11-14 07:00:00,33,1216.5687135664723,1208.0201608197915,28,28,0,False
39,2025-11-14 08:00:00,33,1216.606712103636,1208.181675749517,28,28,0,False
40,2025-11-14 09:00:00,33,1216.7722498433998,1208.8827080765948,28,28,0,False
41,2025-11-14 10:00:00,33,1216.9776911819874,1209.7511459684831,28,28,0,False
42,2025-11-14 11:00:00,33,1217.0566654675383,1210.0861333246255,28,28,0,False
43,2025-11-14 12:00:00,33,1217.1636306555724,1210.5424193440492,28,28,0,False
44,2025-11-14 13:00:00,33,1217.0566654675383,1210.0861333246255,28,28,0,False
45,2025-11-14 14:00:00,33,1216.972716439582,1209.7300810611578,28,28,0,False
46,2025-11-14 15:00:00,33,1216.8299456867155,1209.1264952267538,28,28,0,False
47,2025-11-14 16:00:00,33,1216.7403711495513,1208.747939292636,28,28,0,False
48,2025-11-14 17:00:00,33,1216.8565572489445,1209.2389233926228,28,28,0,False
49,2025-11-14 18:00:00,33,1217.01274981116,1209.8997077931597,28,28,0,False
50,2025-11-14 19:00:00,33,1217.2448216411522,1210.891765818511,28,28,0,False
51,2025-11-14 20:00:00,33,1217.333938361707,1211.2795350683548,28,28,0,False
52,2025-11-14 21:00:00,33,1217.45145294228,1211.800755712907,28,28,0,False
53,2025-11-14 22:00:00,33,1217.5451146263272,1212.2277851745223,29,28,-1,True
54,2025-11-14 23:00:00,33,1218.2774337183168,1213.6035325332914,29,28,-1,True
55,2025-11-15 00:00:00,33,1218.9331618722742,1214.4262654288093,29,28,-1,True
56,2025-11-15 01:00:00,33,1219.115084108788,1214.6540588062526,29,28,-1,True
57,2025-11-15 02:00:00,33,1167.1029047096497,1162.8431409686505,28,28,0,False
58,2025-11-15 03:00:00,33,1218.570262730453,1213.9712702680083,29,28,-1,True
59,2025-11-15 04:00:00,33,1217.8396002257527,1213.0526622502905,29,28,-1,True
60,2025-11-15 05:00:00,33,1217.5783551449372,1212.382678149601,29,28,-1,True
61,2025-11-15 06:00:00,33,1217.3774571578167,1211.4710306257307,28,28,0,False
62,2025-11-15 07:00:00,33,1217.2469256022678,1210.9008630952535,28,28,0,False
63,2025-11-15 08:00:00,33,1217.2729593474544,1211.0136429730796,28,28,0,False
64,2025-11-15 09:00:00,33,1217.3299944972682,1211.2622573197634,28,28,0,False
65,2025-11-15 10:00:00,33,1217.4478918045231,1211.784751110651,28,28,0,False
66,2025-11-15 11:00:00,33,1217.481669997564,1211.9371868844728,29,28,-1,True
67,2025-11-15 12:00:00,33,1217.4743078492793,1211.9038394555964,29,28,-1,True
68,2025-11-15 13:00:00,33,1217.4911175521297,1211.9800864567756,29,28,-1,True
69,2025-11-15 14:00:00,33,1217.275535716254,1211.0248262506357,28,28,0,False
70,2025-11-15 15:00:00,33,1216.9733390144318,1209.7327170815654,28,28,0,False
71,2025-11-15 16:00:00,33,1216.9183893905024,1209.5002364935217,28,28,0,False
72,2025-11-15 17:00:00,33,1217.032136037103,1209.9819530390073,28,28,0,False
73,2025-11-15 18:00:00,33,1217.2442951576322,1210.8894897550338,28,28,0,False
74,2025-11-15 19:00:00,33,1217.4271814678227,1211.691963337224,28,28,0,False
75,2025-11-15 20:00:00,33,1217.6088213603946,1212.5265317849928,29,28,-1,True
76,2025-11-15 21:00:00,33,1218.6256947563684,1214.0408218316068,29,28,-1,True
77,2025-11-15 22:00:00,33,1167.0541755937113,1162.905225690477,28,28,0,False
78,2025-11-15 23:00:00,33,1167.0145568692608,1162.850323961772,28,28,0,False
79,2025-11-16 00:00:00,33,1166.9584580087349,1162.771127416957,28,28,0,False
80,2025-11-16 01:00:00,33,1166.9738563948056,1162.7930325376346,28,28,0,False
81,2025-11-16 02:00:00,33,1166.9886145450353,1162.81390923226,28,28,0,False
82,2025-11-16 03:00:00,33,1166.9025285093778,1162.690530739916,28,28,0,False
83,2025-11-16 04:00:00,33,1166.8639294121808,1162.633985446855,28,28,0,False
84,2025-11-16 05:00:00,33,1166.9710104217754,1162.7889933756076,28,28,0,False
85,2025-11-16 06:00:00,33,1167.103519242906,1162.8379693232357,28,28,0,False
86,2025-11-16 07:00:00,33,1217.6345337556374,1212.6495332881018,29,28,-1,True
87,2025-11-16 08:00:00,33,1217.5571340634524,1212.2835620303404,29,28,-1,True
88,2025-11-16 09:00:00,33,1217.525952369764,1212.139365866344,29,28,-1,True
89,2025-11-16 10:00:00,33,1217.476044970104,1211.9117014731478,29,28,-1,True
90,2025-11-16 11:00:00,33,1217.4664538178745,1211.8683414448678,29,28,-1,True
91,2025-11-16 12:00:00,33,1217.430811927691,1211.7081939446934,28,28,0,False
92,2025-11-16 13:00:00,33,1217.321572659759,1211.225401655059,28,28,0,False
93,2025-11-16 14:00:00,33,1217.1890060540466,1210.6512715663584,28,28,0,False
94,2025-11-16 15:00:00,33,1216.9093978128092,1209.4622229771285,28,28,0,False
95,2025-11-16 16:00:00,33,1216.7515118376446,1208.795045279404,28,28,0,False
96,2025-11-16 17:00:00,33,1216.7591385816822,1208.8272879931378,28,28,0,False
97,2025-11-16 18:00:00,33,1216.7763738983429,1208.9001379961446,28,28,0,False
98,2025-11-16 19:00:00,33,1217.0005255681408,1209.8478837443786,28,28,0,False
99,2025-11-16 20:00:00,33,1217.1423477882422,1210.451325129668,28,28,0,False
100,2025-11-16 21:00:00,33,1217.3005253527945,1211.1335216077018,28,28,0,False
101,2025-11-16 22:00:00,33,1217.383142249405,1211.496168450654,28,28,0,False
102,2025-11-16 23:00:00,33,1217.481238421856,1211.935230054213,29,28,-1,True
103,2025-11-17 00:00:00,33,1217.5764125221804,1212.3735694830916,29,28,-1,True
104,2025-11-17 01:00:00,33,1217.5829989220058,1212.4044820485517,29,28,-1,True
105,2025-11-17 02:00:00,33,1217.5990467058214,1212.4801664795982,29,28,-1,True
106,2025-11-17 03:00:00,33,1217.5701655936164,1212.344327747996,29,28,-1,True
107,2025-11-17 04:00:00,33,1217.364564935951,1211.414133033937,28,28,0,False
108,2025-11-17 05:00:00,33,1216.7417668009934,1208.7538410408808,28,28,0,False
109,2025-11-17 06:00:00,33,1216.1868095787363,1202.682226857455,28,28,0,False
110,2025-11-17 07:00:00,33,1216.048487315416,1198.9917748427763,28,28,0,False
111,2025-11-17 08:00:00,33,1216.0240866945558,1198.3383881001564,28,28,0,False
112,2025-11-17 09:00:00,33,1216.2202377096726,1203.5718676938825,28,28,0,False
113,2025-11-17 10:00:00,33,1216.3413230804058,1206.7929691430709,28,28,0,False
114,2025-11-17 11:00:00,33,1216.4511681545437,1207.5183983285217,28,28,0,False
115,2025-11-17 12:00:00,33,1216.4107887967202,1207.345143637476,28,28,0,False
116,2025-11-17 13:00:00,33,1216.2667573525428,1204.8093438378005,28,28,0,False
117,2025-11-17 14:00:00,33,1216.019548136911,1198.216754539715,28,28,0,False
118,2025-11-17 15:00:00,33,1221.8759356374874,1189.8053391627166,28,28,0,False
119,2025-11-17 16:00:00,33,1221.6594465296018,1183.0831140628989,28,28,0,False
120,2025-11-17 17:00:00,33,1221.8260293094158,1188.2798101047329,28,28,0,False
121,2025-11-17 18:00:00,33,1221.8947982752095,1190.3788091119416,28,28,0,False
122,2025-11-17 19:00:00,33,1215.912492321242,1195.336512188714,28,28,0,False
123,2025-11-17 20:00:00,33,1216.100292374252,1200.376251410561,28,28,0,False
124,2025-11-17 21:00:00,33,1216.4886225587618,1207.6786698248663,28,28,0,False
125,2025-11-17 22:00:00,33,1216.7340798674124,1208.7213335112838,28,28,0,False
126,2025-11-17 23:00:00,33,1217.156941159195,1210.5137681811134,28,28,0,False
127,2025-11-18 00:00:00,33,1217.2458740162574,1210.8963158518395,28,28,0,False
128,2025-11-18 01:00:00,33,1217.2729593474544,1211.0136429730796,28,28,0,False
129,2025-11-18 02:00:00,33,1217.3090858018686,1211.1708532721275,28,28,0,False
130,2025-11-18 03:00:00,33,1217.3817235566764,1211.489892615322,28,28,0,False
131,2025-11-18 04:00:00,33,1217.1614040404263,1210.5328807472647,28,28,0,False
132,2025-11-18 05:00:00,33,1216.448809596153,1207.5082922544711,28,28,0,False
133,2025-11-18 06:00:00,33,1221.7483889167097,1185.8797391613084,28,28,0,False
134,2025-11-18 07:00:00,33,1221.6363856600883,1182.3485847097286,28,28,0,False
135,2025-11-18 08:00:00,33,1221.6508155818124,1182.8086896677237,28,28,0,False
136,2025-11-18 09:00:00,33,1215.8927478358298,1194.802593446077,28,28,0,False
137,2025-11-18 10:00:00,33,1216.0268068368316,1198.4112721614194,28,28,0,False
138,2025-11-18 11:00:00,33,1216.2048550272314,1203.1625413741249,28,28,0,False
139,2025-11-18 12:00:00,33,1216.170390623181,1202.2450496633112,28,28,0,False
140,2025-11-18 13:00:00,33,1215.9949320078897,1197.556438477887,28,28,0,False
141,2025-11-18 14:00:00,33,1221.8424428563249,1188.7829159813189,28,28,0,False
142,2025-11-18 15:00:00,33,1221.486959208223,1177.4757045951833,28,28,0,False
143,2025-11-18 16:00:00,33,1221.1625794171798,1165.9072353080078,28,27,-1,True
144,2025-11-18 17:00:00,33,1221.2812849910056,1170.343653612504,28,28,0,False
145,2025-11-18 18:00:00,33,1221.521886994156,1178.6340833273575,28,28,0,False
146,2025-11-18 19:00:00,33,1221.698509860695,1184.3181828878426,28,28,0,False
147,2025-11-18 20:00:00,33,1215.8851965761728,1194.5981412029528,28,28,0,False
148,2025-11-18 21:00:00,33,1216.3843382923228,1207.2313694687855,28,28,0,False
149,2025-11-18 22:00:00,33,1216.6390252182855,1208.3188111432708,28,28,0,False
150,2025-11-18 23:00:00,33,1216.975827221996,1209.7432528541794,28,28,0,False
151,2025-11-19 00:00:00,33,1217.0453412512468,1210.0380205897477,28,28,0,False
152,2025-11-19 01:00:00,33,1217.053097426437,1210.0709706546977,28,28,0,False
153,2025-11-19 02:00:00,33,1217.0164008885329,1209.9151916784635,28,28,0,False
154,2025-11-19 03:00:00,33,1217.050118400542,1210.0583133828347,28,28,0,False
155,2025-11-19 04:00:00,33,1216.8366308071234,1209.1547380804018,28,28,0,False
156,2025-11-19 05:00:00,33,1216.056580594142,1199.2082978102324,28,28,0,False
157,2025-11-19 06:00:00,33,1221.338888379344,1172.402365143001,28,28,0,False
158,2025-11-19 07:00:00,33,1221.2569587906366,1169.457224215367,28,28,0,False
159,2025-11-19 08:00:00,33,1221.269668260981,1169.9216807749654,28,28,0,False
160,2025-11-19 09:00:00,33,1221.4436172529372,1176.0194680805994,28,28,0,False
161,2025-11-19 10:00:00,33,1221.521886994156,1178.6340833273575,28,28,0,False
162,2025-11-19 11:00:00,33,1221.5337901628236,1179.025955377907,28,28,0,False
163,2025-11-19 12:00:00,33,1221.6305979135595,1182.1635731278122,28,28,0,False
164,2025-11-19 13:00:00,33,1221.6651892602622,1183.2653905315278,28,28,0,False
165,2025-11-19 14:00:00,33,1221.5149265088085,1178.404263986582,28,28,0,False
166,2025-11-19 15:00:00,33,1221.3159428427216,1171.5887831214864,28,28,0,False
167,2025-11-19 16:00:00,33,1221.1058280706286,1163.6733998290215,28,27,-1,True
0,2025-11-12 17:00:00,34,1184.0186778366606,1170.5545473774273,30,30,0,False
1,2025-11-12 18:00:00,34,1186.3213877000042,1174.5567547967726,30,30,0,False
2,2025-11-12 19:00:00,34,1188.5580010063452,1178.330236320993,31,30,-1,True
3,2025-11-12 20:00:00,34,1187.9713621695944,1179.9648115269515,31,30,-1,True
4,2025-11-12 21:00:00,34,862.257922454652,856.9344264171716,37,37,0,False
5,2025-11-12 22:00:00,34,858.9599446163716,854.4713959944982,37,37,0,False
6,2025-11-12 23:00:00,34,859.5652212765506,855.322894741289,37,37,0,False
7,2025-11-13 00:00:00,34,862.1181869139333,858.9473420114934,37,37,0,False
8,2025-11-13 01:00:00,34,709.4261826332415,705.1951535298211,35,35,0,False
9,2025-11-13 02:00:00,34,709.8623779889712,706.5882707294287,35,35,0,False
10,2025-11-13 03:00:00,34,709.5566922130345,705.613425277769,35,35,0,False
11,2025-11-13 04:00:00,34,861.8566161876347,858.5719889243098,37,37,0,False
12,2025-11-13 05:00:00,34,862.1206031404076,856.8514544739561,37,37,0,False
13,2025-11-13 06:00:00,34,1190.7612544971955,1181.9497751898257,31,30,-1,True
14,2025-11-13 07:00:00,34,1190.537895425233,1181.5869601728289,31,30,-1,True
15,2025-11-13 08:00:00,34,1189.3000413459304,1179.5595765030787,31,30,-1,True
16,2025-11-13 09:00:00,34,1186.9954273740634,1175.7051425824948,30,30,0,False
17,2025-11-13 10:00:00,34,1184.971375578545,1172.225760643445,30,30,0,False
18,2025-11-13 11:00:00,34,1184.3017175753885,1171.053408576915,30,30,0,False
19,2025-11-13 12:00:00,34,1184.037573266711,1170.5879139867166,30,30,0,False
20,2025-11-13 13:00:00,34,1184.08794281283,1170.6768150112716,30,30,0,False
21,2025-11-13 14:00:00,34,1183.696882181163,1169.9848982633637,30,30,0,False
22,2025-11-13 15:00:00,34,1182.276926686202,1167.438423738134,30,30,0,False
23,2025-11-13 16:00:00,34,1183.5830478029447,1169.7827453590523,30,30,0,False
24,2025-11-13 17:00:00,34,1183.1581336869622,1169.025150161097,30,30,0,False
25,2025-11-13 18:00:00,34,1182.7696187137287,1168.3282158207764,30,30,0,False
26,2025-11-13 19:00:00,34,1184.4335163718283,1171.2850190374138,30,30,0,False
27,2025-11-13 20:00:00,34,1187.0503667470446,1175.798308385029,30,30,0,False
28,2025-11-13 21:00:00,34,1189.2702311533878,1179.5103964271643,31,30,-1,True
29,2025-11-13 22:00:00,34,1188.6982071671907,1180.5139179725977,31,30,-1,True
30,2025-11-13 23:00:00,34,1186.683274936926,1178.9788955172703,31,31,0,False
31,2025-11-14 00:00:00,34,1186.61587339853,1178.9268788093732,31,31,0,False
32,2025-11-14 01:00:00,34,861.6251274289899,856.1916043414234,37,37,0,False
33,2025-11-14 02:00:00,34,861.7637850725972,856.453509708326,37,37,0,False
34,2025-11-14 03:00:00,34,861.5556039450225,856.0599485492531,37,37,0,False
35,2025-11-14 04:00:00,34,1190.814079289247,1182.0354501980353,31,30,-1,True
36,2025-11-14 05:00:00,34,1184.414699098741,1171.2519778732883,30,30,0,False
37,2025-11-14 06:00:00,34,1178.8412192433225,1161.0288112840306,30,30,0,False
38,2025-11-14 07:00:00,34,1177.9591274277698,1159.3184806867473,30,29,-1,True
39,2025-11-14 08:00:00,34,1178.3009116200649,1159.984637254194,30,30,0,False
40,2025-11-14 09:00:00,34,1179.8403026461583,1162.9321662082575,30,30,0,False
41,2025-11-14 10:00:00,34,1181.8847954505572,1166.7253321131711,30,30,0,False
42,2025-11-14 11:00:00,34,1182.7185483205508,1168.236297247013,30,30,0,False
43,2025-11-14 12:00:00,34,1183.8989198881452,1170.3428602422157,30,30,0,False
44,2025-11-14 13:00:00,34,1182.7185483205508,1168.236297247013,30,30,0,False
45,2025-11-14 14:00:00,34,1181.833248427685,1166.6312634802828,30,30,0,False
46,2025-11-14 15:00:00,34,1180.398104845217,1163.9801308076655,30,30,0,False
47,2025-11-14 16:00:00,34,1179.5370600267645,1162.3581063943516,30,30,0,False
48,2025-11-14 17:00:00,34,1180.6594703652545,1164.4676984848895,30,30,0,False
49,2025-11-14 18:00:00,34,1182.2512625618313,1167.3918880469998,30,30,0,False
50,2025-11-14 19:00:00,34,1184.840316852754,1171.9971830639613,30,30,0,False
51,2025-11-14 20:00:00,34,1185.9270248235048,1173.8801777490844,30,30,0,False
52,2025-11-14 21:00:00,34,1187.46444927249,1176.4984315781337,31,30,-1,True
53,2025-11-14 22:00:00,34,1188.7979965930176,1178.7290187280296,31,30,-1,True
54,2025-11-14 23:00:00,34,1189.2734322479914,1180.9445176012475,31,30,-1,True
55,2025-11-15 00:00:00,34,1187.4314285957516,1179.553467896108,31,30,-1,True
56,2025-11-15 01:00:00,34,1186.8982955730603,1179.144560437875,31,31,0,False
57,2025-11-15 02:00:00,34,861.6117676319748,856.1663225138792,37,37,0,False
58,2025-11-15 03:00:00,34,1188.4659126716124,1180.3390219013568,31,30,-1,True
59,2025-11-15 04:00:00,34,1190.4374093759186,1181.80436059644,31,30,-1,True
60,2025-11-15 05:00:00,34,1189.3000413459304,1179.5595765030787,31,30,-1,True
61,2025-11-15 06:00:00,34,1186.4811347967925,1174.829826773155,30,30,0,False
62,2025-11-15 07:00:00,34,1184.8652942737465,1172.0407778711462,30,30,0,False
63,2025-11-15 08:00:00,34,1185.1769627750014,1172.5834898037951,30,30,0,False
64,2025-11-15 09:00:00,34,1185.877615036981,1173.7951605223534,30,30,0,False
65,2025-11-15 10:00:00,34,1187.4158264439768,1176.416409465853,31,30,-1,True
66,2025-11-15 11:00:00,34,1187.8828005363048,1177.202107789528,31,30,-1,True
67,2025-11-15 12:00:00,34,1187.7798978592157,1177.0293605080278,31,30,-1,True
68,2025-11-15 13:00:00,34,1188.015804964138,1177.4250651741615,31,30,-1,True
69,2025-11-15 14:00:00,34,1185.208073832838,1172.637536216872,30,30,0,False
70,2025-11-15 15:00:00,34,1181.8396933319998,1166.643029082461,30,30,0,False
71,2025-11-15 16:00:00,34,1181.2773475865488,1165.6118107968696,30,30,0,False
72,2025-11-15 17:00:00,34,1182.4563822594905,1167.7633027868333,30,30,0,False
73,2025-11-15 18:00:00,34,1184.8340714777853,1171.9862802169168,30,30,0,False
74,2025-11-15 19:00:00,34,1187.135765428318,1175.942998089675,30,30,0,False
75,2025-11-15 20:00:00,34,1189.7757491551556,1180.3420923791805,31,30,-1,True
76,2025-11-15 21:00:00,34,1188.310348065305,1180.2215811886767,31,30,-1,True
77,2025-11-15 22:00:00,34,861.9967738977682,856.7730407156305,37,37,0,False
78,2025-11-15 23:00:00,34,862.1053972492799,856.842005977853,37,37,0,False
79,2025-11-16 00:00:00,34,862.2549248341212,856.9326611830477,37,37,0,False
80,2025-11-16 01:00:00,34,862.2143673669351,856.9085738312777,37,37,0,False
81,2025-11-16 02:00:00,34,862.1751542234767,856.88492705639,37,37,0,False
82,2025-11-16 03:00:00,34,862.3992570615545,857.015250674048,37,37,0,False
83,2025-11-16 04:00:00,34,862.4962368736572,857.0679089598682,37,37,0,False
84,2025-11-16 05:00:00,34,862.221890599786,856.9130705060675,37,37,0,False
85,2025-11-16 06:00:00,34,861.5984030270147,856.1410232862635,37,37,0,False
86,2025-11-16 07:00:00,34,1190.190067767768,1181.0201580565008,31,30,-1,True
87,2025-11-16 08:00:00,34,1188.9776000471068,1179.0267095509712,31,30,-1,True
88,2025-11-16 09:00:00,34,1188.515939968755,1178.2602289159358,31,30,-1,True
89,2025-11-16 10:00:00,34,1187.8041201926983,1177.0700433034976,31,30,-1,True
90,2025-11-16 11:00:00,34,1187.6708215549345,1176.846009844044,31,30,-1,True
91,2025-11-16 12:00:00,34,1187.184530524088,1176.025549989781,30,30,0,False
92,2025-11-16 13:00:00,34,1185.7725344724656,1173.6141670168909,30,30,0,False
93,2025-11-16 14:00:00,34,1184.188602293284,1170.8542839740626,30,30,0,False
94,2025-11-16 15:00:00,34,1181.1865438848863,1165.4444078595727,30,30,0,False
95,2025-11-16 16:00:00,34,1179.6426457388204,1162.558341381655,30,30,0,False
96,2025-11-16 17:00:00,34,1179.7151677764305,1162.6956541143984,30,30,0,False
97,2025-11-16 18:00:00,34,1179.8797846496543,1163.0066804043868,30,30,0,False
98,2025-11-16 19:00:00,34,1182.1228381277026,1167.15873963972,30,30,0,False
99,2025-11-16 20:00:00,34,1183.6589524687386,1169.9175782268087,30,30,0,False
100,2025-11-16 21:00:00,34,1185.5124279195074,1173.1650558020551,30,30,0,False
101,2025-11-16 22:00:00,34,1186.5547744456294,1174.9555158062442,30,30,0,False
102,2025-11-16 23:00:00,34,1187.8767504941725,1177.191957362763,31,30,-1,True
103,2025-11-17 00:00:00,34,1189.2702311533878,1179.5103964271643,31,30,-1,True
104,2025-11-17 01:00:00,34,1189.3715480418991,1179.6774768140635,31,30,-1,True
105,2025-11-17 02:00:00,34,1189.621402650547,1180.088670624669,31,30,-1,True
106,2025-11-17 03:00:00,34,1189.1747762473722,1179.3528022461142,31,30,-1,True
107,2025-11-17 04:00:00,34,1186.315238255695,1174.546231556248,30,30,0,False
108,2025-11-17 05:00:00,34,1179.5502646728498,1162.3831687882755,30,30,0,False
109,2025-11-17 06:00:00,34,1174.7218246623618,1148.5989880077882,30,30,0,False
110,2025-11-17 07:00:00,34,1173.62446753752,1142.7731194145128,30,30,0,False
111,2025-11-17 08:00:00,34,1173.4344454783725,1141.74327932304,30,30,0,False
112,2025-11-17 09:00:00,34,1174.992434343284,1150.0057781247003,30,29,-1,True
113,2025-11-17 10:00:00,34,1175.9917589108384,1155.1072836936178,30,29,-1,True
114,2025-11-17 11:00:00,34,1176.926289692665,1157.277474155552,30,29,-1,True
115,2025-11-17 12:00:00,34,1176.5794814766002,1156.5822684508937,30,29,-1,True
116,2025-11-17 13:00:00,34,1175.372741413026,1151.96417233512,30,29,-1,True
117,2025-11-17 14:00:00,34,1173.399213739361,1141.5516184705157,30,30,0,False
118,2025-11-17 15:00:00,34,1187.9027487392866,1128.3362392228375,31,30,-1,True
119,2025-11-17 16:00:00,34,1186.292989924841,1117.826403692429,31,30,-1,True
120,2025-11-17 17:00:00,34,1187.5252618093543,1125.9472905521727,31,30,-1,True
121,2025-11-17 18:00:00,34,1188.046478522232,1129.2348857642728,31,30,-1,True
122,2025-11-17 19:00:00,34,1172.5780799594413,1137.0179178182138,30,30,0,False
123,2025-11-17 20:00:00,34,1174.0313611988438,1144.95686441352,30,30,0,False
124,2025-11-17 21:00:00,34,1177.2515358731628,1157.9248584653967,30,29,-1,True
125,2025-11-17 22:00:00,34,1179.4776163484692,1162.245208389434,30,30,0,False
126,2025-11-17 23:00:00,34,1183.8232058367498,1170.2088365774182,30,30,0,False
127,2025-11-18 00:00:00,34,1184.8528063789136,1172.0189837825048,30,30,0,False
128,2025-11-18 01:00:00,34,1185.1769627750014,1172.5834898037951,30,30,0,False
129,2025-11-18 02:00:00,34,1185.6177943300463,1173.3471751848288,30,30,0,False
130,2025-11-18 03:00:00,34,1186.5363698410808,1174.924113844704,30,30,0,False
131,2025-11-18 04:00:00,34,1183.8736885407511,1170.2982138602672,30,30,0,False
132,2025-11-18 05:00:00,34,1176.9059245039566,1157.2367916750893,30,29,-1,True
133,2025-11-18 06:00:00,34,1186.945771770805,1122.1934707151186,31,30,-1,True
134,2025-11-18 07:00:00,34,1186.1255851112733,1116.680618377118,31,30,-1,True
135,2025-11-18 08:00:00,34,1186.2302484663714,1117.3982730796797,31,30,-1,True
136,2025-11-18 09:00:00,34,1172.428649908965,1136.1784829281903,30,30,0,False
137,2025-11-18 10:00:00,34,1173.4555781427116,1141.85813235894,30,30,0,False
138,2025-11-18 11:00:00,34,1174.867634614228,1149.3583933562763,30,29,-1,True
139,2025-11-18 12:00:00,34,1174.5897056201172,1147.9080217767064,30,30,0,False
140,2025-11-18 13:00:00,34,1173.208732240801,1140.51143011344,30,30,0,False
141,2025-11-18 14:00:00,34,1187.648971112072,1126.7348880916525,31,30,-1,True
142,2025-11-18 15:00:00,34,1185.0582816274757,1109.0918993887178,31,30,-1,True
143,2025-11-18 16:00:00,34,1182.8353328720607,1091.1574042945638,30,30,0,False
144,2025-11-18 17:00:00,34,1183.6349031635957,1098.0221361589008,30,30,0,False
145,2025-11-18 18:00:00,34,1185.3051339407464,1110.893958755765,31,30,-1,True
146,2025-11-18 19:00:00,34,1186.5782773911394,1119.7541115651045,31,30,-1,True
147,2025-11-18 20:00:00,34,1172.3716610281351,1135.8571209040429,30,30,0,False
148,2025-11-18 21:00:00,34,1176.3543937748325,1156.128283680871,30,29,-1,True
149,2025-11-18 22:00:00,34,1178.594794793064,1160.553915103083,30,30,0,False
150,2025-11-18 23:00:00,34,1181.8654685873207,1166.6900714165304,30,30,0,False
151,2025-11-19 00:00:00,34,1182.597146376154,1168.0175039612768,30,30,0,False
152,2025-11-19 01:00:00,34,1182.6802275643586,1168.1672787716434,30,30,0,False
153,2025-11-19 02:00:00,34,1182.2897561563375,1167.4616798783445,30,30,0,False
154,2025-11-19 03:00:00,34,1182.6482818297836,1168.1097111547351,30,30,0,False
155,2025-11-19 04:00:00,34,1180.4635136810507,1164.1023532511908,30,30,0,False
156,2025-11-19 05:00:00,34,1173.6877224258392,1143.114499410138,30,30,0,False
157,2025-11-19 06:00:00,34,1184.0285266186872,1101.2131058315529,30,30,0,False
158,2025-11-19 07:00:00,34,1183.4697966683364,1096.6492521180878,30,30,0,False
159,2025-11-19 08:00:00,34,1183.5559761489164,1097.3685136413972,30,30,0,False
160,2025-11-19 09:00:00,34,1184.7541014934714,1106.828137402806,31,30,-1,True
161,2025-11-19 10:00:00,34,1185.3051339407464,1110.893958755765,31,30,-1,True
162,2025-11-19 11:00:00,34,1185.3896177403908,1111.503852644497,31,30,-1,True
163,2025-11-19 12:00:00,34,1186.08368672168,1116.392099376542,31,30,-1,True
164,2025-11-19 13:00:00,34,1186.3347940402814,1118.1108127332172,31,30,-1,True
165,2025-11-19 14:00:00,34,1185.2558161092545,1110.5363406201077,31,30,-1,True
166,2025-11-19 15:00:00,34,1183.8712790192458,1099.9516497655989,30,30,0,False
167,2025-11-19 16:00:00,34,1182.4583506841498,1087.7067151385702,30,30,0,False
0,2025-11-12 17:00:00,35,2500.3768197399763,2355.5130832661466,15,10,-5,True
1,2025-11-12 18:00:00,35,2500.954173134306,2356.2544924041736,15,10,-5,True
2,2025-11-12 19:00:00,35,2501.485724505594,2356.911031138163,15,12,-3,True
3,2025-11-12 20:00:00,35,2502.666355093428,2358.1414802691656,15,12,-3,True
4,2025-11-12 21:00:00,35,2479.4682859715654,2336.660053935299,15,12,-3,True
5,2025-11-12 22:00:00,35,2419.728088116883,2313.449469903547,12,10,-2,True
6,2025-11-12 23:00:00,35,2419.947465056614,2313.70189498606,12,10,-2,True
7,2025-11-13 00:00:00,35,2420.9419929924547,2314.840952616183,12,10,-2,True
8,2025-11-13 01:00:00,35,2393.026926408944,2288.882399247163,10,10,0,False
9,2025-11-13 02:00:00,35,2392.488361143675,2288.980127959121,10,10,0,False
10,2025-11-13 03:00:00,35,2392.8661189753693,2288.911983877037,10,10,0,False
11,2025-11-13 04:00:00,35,2420.834979568168,2314.7182587851967,12,10,-2,True
12,2025-11-13 05:00:00,35,2479.5704105820478,2336.76179119523,15,12,-3,True
13,2025-11-13 06:00:00,35,2501.979809598468,2357.4977015759123,15,12,-3,True
14,2025-11-13 07:00:00,35,2501.9310964969823,2357.440921892646,15,12,-3,True
15,2025-11-13 08:00:00,35,2501.655472406454,2357.1152368467256,15,12,-3,True
16,2025-11-13 09:00:00,35,2501.1174609682644,2356.4588775221114,15,11,-4,True
17,2025-11-13 10:00:00,35,2500.6192974253354,2355.8279964544545,15,10,-5,True
18,2025-11-13 11:00:00,35,2500.4493825935447,2355.60785764478,15,10,-5,True
19,2025-11-13 12:00:00,35,2500.381677678261,2355.519442479964,15,10,-5,True
20,2025-11-13 13:00:00,35,2500.3946179080026,2355.536371716514,15,10,-5,True
21,2025-11-13 14:00:00,35,2500.293787298885,2355.404074465601,15,10,-5,True
22,2025-11-13 15:00:00,35,2499.9207117564147,2354.9068901771257,15,10,-5,True
23,2025-11-13 16:00:00,35,2500.264279485052,2355.3651912487408,15,10,-5,True
24,2025-11-13 17:00:00,35,2500.1535136556954,2355.218557864895,15,10,-5,True
25,2025-11-13 18:00:00,35,2500.051384776424,2355.082413031677,15,10,-5,True
26,2025-11-13 19:00:00,35,2500.483021117263,2355.651638051909,15,10,-5,True
27,2025-11-13 20:00:00,35,2501.1306536900843,2356.4752871677683,15,11,-4,True
28,2025-11-13 21:00:00,35,2501.648717854891,2357.1071631451723,15,12,-3,True
29,2025-11-13 22:00:00,35,2502.5066564549675,2357.99339356954,15,12,-3,True
30,2025-11-13 23:00:00,35,2502.938314717596,2358.392985258999,15,12,-3,True
31,2025-11-14 00:00:00,35,2502.952172691766,2358.405778164274,15,12,-3,True
32,2025-11-14 01:00:00,35,2479.635016883564,2336.810674410339,15,12,-3,True
33,2025-11-14 02:00:00,35,2479.6818833161924,2336.8644248563883,15,12,-3,True
34,2025-11-14 03:00:00,35,2479.611333073012,2336.7833776831494,15,12,-3,True
35,2025-11-14 04:00:00,35,2501.991284209645,2357.511041376933,15,12,-3,True
36,2025-11-14 05:00:00,35,2500.478224330328,2355.64540105176,15,10,-5,True
37,2025-11-14 06:00:00,35,2498.974520564921,2353.590496728346,14,10,-4,True
38,2025-11-14 07:00:00,35,2498.7220537229205,2353.2252214565137,14,10,-4,True
39,2025-11-14 08:00:00,35,2498.8203267958,2353.3681369005394,14,10,-4,True
40,2025-11-14 09:00:00,35,2499.255845167868,2353.990403702253,14,10,-4,True
41,2025-11-14 10:00:00,35,2499.815791633519,2354.7648764559394,15,10,-5,True
42,2025-11-14 11:00:00,35,2500.0378997865346,2355.0643687069983,15,10,-5,True
43,2025-11-14 12:00:00,35,2500.345984942944,2355.472671710431,15,10,-5,True
44,2025-11-14 13:00:00,35,2500.0378997865346,2355.0643687069983,15,10,-5,True
45,2025-11-14 14:00:00,35,2499.8019393972504,2354.7460545365507,15,10,-5,True
46,2025-11-14 15:00:00,35,2499.410737830518,2354.2074641587287,14,10,-4,True
47,2025-11-14 16:00:00,35,2499.17098252417,2353.870546937067,14,10,-4,True
48,2025-11-14 17:00:00,35,2499.4827717736625,2354.307666908836,15,10,-5,True
49,2025-11-14 18:00:00,35,2499.913869761474,2354.897658707075,15,10,-5,True
50,2025-11-14 19:00:00,35,2500.586239852057,2355.7853640150097,15,10,-5,True
51,2025-11-14 20:00:00,35,2500.857421957221,2356.1322790171253,15,10,-5,True
52,2025-11-14 21:00:00,35,2501.2295188735743,2356.5977634859373,15,11,-4,True
53,2025-11-14 22:00:00,35,2501.5409918729847,2356.977814573112,15,12,-3,True
54,2025-11-14 23:00:00,35,2502.376903651081,2357.872855722101,15,12,-3,True
55,2025-11-15 00:00:00,35,2502.782029256915,2358.2485586040307,15,12,-3,True
56,2025-11-15 01:00:00,35,2502.893863281024,2358.351935326981,15,12,-3,True
57,2025-11-15 02:00:00,35,2479.630475297132,2336.8054469278777,15,12,-3,True
58,2025-11-15 03:00:00,35,2502.5582025742005,2358.041224182662,15,12,-3,True
59,2025-11-15 04:00:00,35,2502.1047377065324,2357.619373038116,15,12,-3,True
60,2025-11-15 05:00:00,35,2501.655472406454,2357.1152368467256,15,12,-3,True
61,2025-11-15 06:00:00,35,2500.9931102655005,2356.3034439769663,15,11,-4,True
62,2025-11-15 07:00:00,35,2500.5925474304354,2355.793505864763,15,10,-5,True
63,2025-11-15 08:00:00,35,2500.670959871381,2355.8944322377147,15,10,-5,True
64,2025-11-15 09:00:00,35,2500.84523721555,2356.116829288954,15,10,-5,True
65,2025-11-15 10:00:00,35,2501.2179620789707,2356.5834920131347,15,11,-4,True
66,2025-11-15 11:00:00,35,2501.328375752088,2356.719348145015,15,12,-3,True
67,2025-11-15 12:00:00,35,2501.304156001036,2356.689642120392,15,12,-3,True
68,2025-11-15 13:00:00,35,2501.359587002291,2356.757550545377,15,12,-3,True
69,2025-11-15 14:00:00,35,2500.678757161667,2355.9044390602294,15,10,-5,True
70,2025-11-15 15:00:00,35,2499.8036720987534,2354.748409794166,15,10,-5,True
71,2025-11-15 16:00:00,35,2499.6516706556504,2354.540784947089,15,10,-5,True
72,2025-11-15 17:00:00,35,2499.968456752127,2354.971195350241,15,10,-5,True
73,2025-11-15 18:00:00,35,2500.584662155642,2355.783326977192,15,10,-5,True
74,2025-11-15 19:00:00,35,2501.1511256202984,2356.5007201919007,15,11,-4,True
75,2025-11-15 20:00:00,35,2501.762520735887,2357.242607692765,15,12,-3,True
76,2025-11-15 21:00:00,35,2502.592453844188,2358.072989430833,15,12,-3,True
77,2025-11-15 22:00:00,35,2479.6594340408647,2336.849681747682,15,12,-3,True
78,2025-11-15 23:00:00,35,2479.5814968081177,2336.7727772237445,15,12,-3,True
79,2025-11-16 00:00:00,35,2479.470554499048,2336.6623242316177,15,12,-3,True
80,2025-11-16 01:00:00,35,2479.501073865877,2336.6928218997527,15,12,-3,True
81,2025-11-16 02:00:00,35,2479.5302768429246,2336.7219243162976,15,12,-3,True
82,2025-11-16 03:00:00,35,2479.359285156481,2336.5504242684005,15,12,-3,True
83,2025-11-16 04:00:00,35,2479.2821199285136,2336.4721807524734,15,12,-3,True
84,2025-11-16 05:00:00,35,2479.495436985601,2336.687195421643,15,12,-3,True
85,2025-11-16 06:00:00,35,2479.6259275261923,2336.800209031198,15,12,-3,True
86,2025-11-16 07:00:00,35,2501.854612395653,2357.3512928721293,15,12,-3,True
87,2025-11-16 08:00:00,35,2501.582123208324,2357.027330927315,15,12,-3,True
88,2025-11-16 09:00:00,35,2501.476002607917,2356.899254072643,15,12,-3,True
89,2025-11-16 10:00:00,35,2501.309862770957,2356.696646397176,15,12,-3,True
90,2025-11-16 11:00:00,35,2501.278414517652,2356.6580112267766,15,12,-3,True
91,2025-11-16 12:00:00,35,2501.1627965157986,2356.5152025843163,15,11,-4,True
92,2025-11-16 13:00:00,35,2500.819277440443,2356.0838700193704,15,10,-5,True
93,2025-11-16 14:00:00,35,2500.4204361382667,2355.570105398285,15,10,-5,True
94,2025-11-16 15:00:00,35,2499.6269724493386,2354.5068550820997,15,10,-5,True
95,2025-11-16 16:00:00,35,2499.200582994483,2353.9124290988166,14,10,-4,True
96,2025-11-16 17:00:00,35,2499.220881910967,2353.9411034888326,14,10,-4,True
97,2025-11-16 18:00:00,35,2499.2668603043526,2354.005912372074,14,10,-4,True
98,2025-11-16 19:00:00,35,2499.879579852141,2354.851331665386,15,10,-5,True
99,2025-11-16 20:00:00,35,2500.283963105503,2355.3911372572074,15,10,-5,True
100,2025-11-16 21:00:00,35,2500.7547489646213,2356.00168736843,15,10,-5,True
101,2025-11-16 22:00:00,35,2501.0110097353577,2356.3259021464687,15,11,-4,True
102,2025-11-16 23:00:00,35,2501.326953523116,2356.7176052275963,15,12,-3,True
103,2025-11-17 00:00:00,35,2501.648717854891,2357.1071631451723,15,12,-3,True
104,2025-11-17 01:00:00,35,2501.67165254109,2357.1345592358603,15,12,-3,True
105,2025-11-17 02:00:00,35,2501.7279412338844,2357.2015841002108,15,12,-3,True
106,2025-11-17 03:00:00,35,2501.6270525347886,2357.081237347421,15,12,-3,True
107,2025-11-17 04:00:00,35,2500.9526713133323,2356.252601641745,15,10,-5,True
108,2025-11-17 05:00:00,35,2499.1746874334613,2353.875793516011,14,10,-4,True
109,2025-11-17 06:00:00,35,2497.7638171079743,2351.369764557776,14,10,-4,True
110,2025-11-17 07:00:00,35,2497.4281092903493,2350.494806589884,14,10,-4,True
111,2025-11-17 08:00:00,35,2497.3694344914543,2350.339510540673,14,10,-4,True
112,2025-11-17 09:00:00,35,2497.845773088956,2351.5800736616898,14,10,-4,True
113,2025-11-17 10:00:00,35,2498.1455320962864,2352.339254570322,14,10,-4,True
114,2025-11-17 11:00:00,35,2498.421670865967,2352.7824515743314,14,10,-4,True
115,2025-11-17 12:00:00,35,2498.3196718651607,2352.6300174644825,14,10,-4,True
116,2025-11-17 13:00:00,35,2497.960389770868,2351.87217173041,14,10,-4,True
117,2025-11-17 14:00:00,35,2497.35853823881,2350.310589137512,14,10,-4,True
118,2025-11-17 15:00:00,35,2502.698489692926,2348.3033716158297,14,10,-4,True
119,2025-11-17 16:00:00,35,2502.166005921525,2346.692963937813,14,10,-4,True
120,2025-11-17 17:00:00,35,2502.5746772550506,2347.9382035029103,14,10,-4,True
121,2025-11-17 18:00:00,35,2502.745459909572,2348.4405778082914,14,10,-4,True
122,2025-11-17 19:00:00,35,2497.103049537729,2349.6247495281823,14,10,-4,True
123,2025-11-17 20:00:00,35,2497.5532134607274,2350.823500341843,14,10,-4,True
124,2025-11-17 21:00:00,35,2498.5168119757413,2352.9236733469247,14,10,-4,True
125,2025-11-17 22:00:00,35,2499.154293267998,2353.846897227524,14,10,-4,True
126,2025-11-17 23:00:00,35,2500.326449885445,2355.447026740711,15,10,-5,True
127,2025-11-18 00:00:00,35,2500.589394282647,2355.7894361998656,15,10,-5,True
128,2025-11-18 01:00:00,35,2500.670959871381,2355.8944322377147,15,10,-5,True
129,2025-11-18 02:00:00,35,2500.780935042208,2356.035081510845,15,10,-5,True
130,2025-11-18 03:00:00,35,2501.006539098107,2356.3202955678157,15,11,-4,True
131,2025-11-18 04:00:00,35,2500.3394784606003,2355.4641338934184,15,10,-5,True
132,2025-11-18 05:00:00,35,2498.415696970854,2352.77355341621,14,10,-4,True
133,2025-11-18 06:00:00,35,2502.383346698401,2347.363281044779,14,10,-4,True
134,2025-11-18 07:00:00,35,2502.109963052017,2346.516871043445,14,10,-4,True
135,2025-11-18 08:00:00,35,2502.1450162497367,2346.627175410925,14,10,-4,True
136,2025-11-18 09:00:00,35,2497.0562416093253,2349.497421539221,14,10,-4,True
137,2025-11-18 10:00:00,35,2497.3759676563527,2350.356838799422,14,10,-4,True
138,2025-11-18 11:00:00,35,2497.808017800802,2351.483341681569,14,10,-4,True
139,2025-11-18 12:00:00,35,2497.723683847449,2351.266324370189,14,10,-4,True
140,2025-11-18 13:00:00,35,2497.2995331260645,2350.153520414979,14,10,-4,True
141,2025-11-18 14:00:00,35,2502.615324675353,2348.0586589355107,14,10,-4,True
142,2025-11-18 15:00:00,35,2501.749756641425,2345.348836898145,14,10,-4,True
143,2025-11-18 16:00:00,35,2500.9838144042533,2342.5845154339536,14,10,-4,True
144,2025-11-18 17:00:00,35,2501.2617183087536,2343.6423152380394,14,10,-4,True
145,2025-11-18 18:00:00,35,2501.833510015301,2345.6264303133244,14,10,-4,True
146,2025-11-18 19:00:00,35,2502.2612256365637,2346.989030073232,14,10,-4,True
147,2025-11-18 20:00:00,35,2497.038364948386,2349.4486496542604,14,10,-4,True
148,2025-11-18 21:00:00,35,2498.2531696540445,2352.5300480181777,14,10,-4,True
149,2025-11-18 22:00:00,35,2498.904372751793,2353.489620292544,14,10,-4,True
150,2025-11-18 23:00:00,35,2499.8105995559617,2354.7578236290087,15,10,-5,True
151,2025-11-19 00:00:00,35,2500.005788099168,2355.0213360443413,15,10,-5,True
152,2025-11-19 01:00:00,35,2500.0277721583666,2355.050806453649,15,10,-5,True
153,2025-11-19 02:00:00,35,2499.9241307571424,2354.911501680903,15,10,-5,True
154,2025-11-19 03:00:00,35,2500.019323371024,2355.039485546218,15,10,-5,True
155,2025-11-19 04:00:00,35,2499.4287975591023,2354.2326301931,14,10,-4,True
156,2025-11-19 05:00:00,35,2497.447605793949,2350.546245574793,14,10,-4,True
157,2025-11-19 06:00:00,35,2501.397544201767,2344.1343070360463,14,10,-4,True
158,2025-11-19 07:00:00,35,2501.2045515222285,2343.430674418552,14,10,-4,True
159,2025-11-19 08:00:00,35,2501.234404742584,2343.54155048048,14,10,-4,True
160,2025-11-19 09:00:00,35,2501.6461899060387,2344.9999833540005,14,10,-4,True
161,2025-11-19 10:00:00,35,2501.833510015301,2345.6264303133244,14,10,-4,True
162,2025-11-19 11:00:00,35,2501.8621132594008,2345.720353077586,14,10,-4,True
163,2025-11-19 12:00:00,35,2502.0959170989154,2346.4725163566777,14,10,-4,True
164,2025-11-19 13:00:00,35,2502.179981454599,2346.736660882674,14,10,-4,True
165,2025-11-19 14:00:00,35,2501.8167983622543,2345.57135102874,14,10,-4,True
166,2025-11-19 15:00:00,35,2501.3433619500984,2343.939804638752,14,10,-4,True
167,2025-11-19 16:00:00,35,2500.85186849926,2342.053426798293,14,10,-4,True
0,2025-11-12 17:00:00,37,1076.7399456854362,1050.909960192783,34,34,0,False
1,2025-11-12 18:00:00,37,1079.70220758271,1056.8446268143307,34,34,0,False
2,2025-11-12 19:00:00,37,1082.5571221303524,1062.3867340712677,34,34,0,False
3,2025-11-12 20:00:00,37,1087.391201021755,1071.139068483642,34,34,0,False
4,2025-11-12 21:00:00,37,1064.4781778737554,1049.40481186241,32,32,0,False
5,2025-11-12 22:00:00,37,1046.7285282556954,1035.925455160192,32,32,0,False
6,2025-11-12 23:00:00,37,1047.768585377367,1037.5154126631185,32,32,0,False
7,2025-11-13 00:00:00,37,1052.407526370529,1044.5404664213202,32,32,0,False
8,2025-11-13 01:00:00,37,1038.3312064304748,1031.3630928757746,30,30,0,False
9,2025-11-13 02:00:00,37,1038.649928500728,1033.203619822275,30,30,0,False
10,2025-11-13 03:00:00,37,1038.4266480616295,1031.9158858015226,30,30,0,False
11,2025-11-13 04:00:00,37,1051.9086785961083,1043.7886365065408,32,32,0,False
12,2025-11-13 05:00:00,37,1064.144753767199,1049.2115319276777,32,32,0,False
13,2025-11-13 06:00:00,37,1085.3474235859087,1067.6518367700785,34,34,0,False
14,2025-11-13 07:00:00,37,1085.0655630766253,1067.12638748213,34,34,0,False
15,2025-11-13 08:00:00,37,1083.4993450259565,1064.1806781067994,34,34,0,False
16,2025-11-13 09:00:00,37,1080.564921982028,1058.536855545765,34,34,0,False
17,2025-11-13 10:00:00,37,1077.9683115200787,1053.39504495687,34,34,0,False
18,2025-11-13 11:00:00,37,1077.1052931514662,1051.652791222523,34,34,0,False
19,2025-11-13 12:00:00,37,1076.7643466197596,1050.9596719840067,34,34,0,False
20,2025-11-13 13:00:00,37,1076.8293846941133,1051.0921036793372,34,34,0,False
21,2025-11-13 14:00:00,37,1076.3241542185456,1050.0606614423273,34,34,0,False
22,2025-11-13 15:00:00,37,1074.484157777331,1046.2504237518135,34,34,0,False
23,2025-11-13 16:00:00,37,1076.1769628455563,1049.758997819191,34,34,0,False
24,2025-11-13 17:00:00,37,1075.6270467847503,1048.6272178473755,34,34,0,False
25,2025-11-13 18:00:00,37,1075.1235648478666,1047.584319912596,34,34,0,False
26,2025-11-13 19:00:00,37,1077.2753012510532,1051.997375423356,34,34,0,False
27,2025-11-13 20:00:00,37,1080.6351512975948,1058.673929291883,34,34,0,False
28,2025-11-13 21:00:00,37,1083.4615409184112,1064.1090224415889,34,34,0,False
29,2025-11-13 22:00:00,37,1086.9332785630008,1070.361899080971,34,34,0,False
30,2025-11-13 23:00:00,37,1088.1672198689942,1072.4574660776216,34,34,0,False
31,2025-11-14 00:00:00,37,1088.2066304759928,1072.524477511691,34,34,0,False
32,2025-11-14 01:00:00,37,1062.8963189292408,1047.575568533622,32,32,0,False
33,2025-11-14 02:00:00,37,1063.2556268464632,1048.2348876862598,32,32,0,False
34,2025-11-14 03:00:00,37,1062.7161049263395,1047.2440452426474,32,32,0,False
35,2025-11-14 04:00:00,37,1085.4140504013965,1067.7758397479631,34,34,0,False
36,2025-11-14 05:00:00,37,1077.251033313666,1051.9482291264612,34,34,0,False
37,2025-11-14 06:00:00,37,1069.997121951026,1036.5640198134213,34,34,0,False
38,2025-11-14 07:00:00,37,1068.837257796411,1033.9568684886942,34,35,1,True
39,2025-11-14 08:00:00,37,1069.287046689099,1034.9734282795437,34,35,1,True
40,2025-11-14 09:00:00,37,1071.3069722689074,1039.454436899876,34,34,0,False
41,2025-11-14 10:00:00,37,1073.974523988907,1045.1794890674194,34,34,0,False
42,2025-11-14 11:00:00,37,1075.05733434519,1047.446648436899,34,34,0,False
43,2025-11-14 12:00:00,37,1076.585258581252,1050.5944842687238,34,34,0,False
44,2025-11-14 13:00:00,37,1075.05733434519,1047.446648436899,34,34,0,False
45,2025-11-14 14:00:00,37,1073.9074826887966,1045.03808735567,34,34,0,False
46,2025-11-14 15:00:00,37,1072.036489861209,1041.040866870346,34,34,0,False
47,2025-11-14 16:00:00,37,1070.9098392543146,1038.58390269101,34,34,0,False
48,2025-11-14 17:00:00,37,1072.3778711267437,1041.777734267632,34,34,0,False
49,2025-11-14 18:00:00,37,1074.45082319956,1046.1805878272824,34,34,0,False
50,2025-11-14 19:00:00,37,1077.7995628746116,1053.0557324978506,34,34,0,False
51,2025-11-14 20:00:00,37,1079.1965288517542,1055.8453919174178,34,34,0,False
52,2025-11-14 21:00:00,37,1081.1640445220405,1059.7029843039943,34,34,0,False
53,2025-11-14 22:00:00,37,1082.8621344218188,1062.9693012755772,34,34,0,False
54,2025-11-14 23:00:00,37,1086.5600505809316,1069.7287997534054,34,34,0,False
55,2025-11-15 00:00:00,37,1087.72186601819,1071.700605683825,34,34,0,False
56,2025-11-15 01:00:00,37,1088.04071682408,1072.2424077726555,34,34,0,False
57,2025-11-15 02:00:00,37,1062.8616914536717,1047.511911034274,32,32,0,False
58,2025-11-15 03:00:00,37,1087.0812588246072,1070.6129918872468,34,34,0,False
59,2025-11-15 04:00:00,37,1085.773878997877,1068.395896190269,34,34,0,False
60,2025-11-15 05:00:00,37,1083.4993450259565,1064.1806781067994,34,34,0,False
61,2025-11-15 06:00:00,37,1079.906851657296,1057.2474547292888,34,34,0,False
62,2025-11-15 07:00:00,37,1077.8317290520486,1053.120461186009,34,34,0,False
63,2025-11-15 08:00:00,37,1078.2328714738749,1053.9257044450055,34,34,0,False
64,2025-11-15 09:00:00,37,1079.133124218694,1055.7197129531448,34,34,0,False
65,2025-11-15 10:00:00,37,1081.101979751747,1059.582520665482,34,34,0,False
66,2025-11-15 11:00:00,37,1081.6976150425153,1060.7354225657605,34,34,0,False
67,2025-11-15 12:00:00,37,1081.5664440891685,1060.4821382201776,34,34,0,False
68,2025-11-15 13:00:00,37,1081.867086813332,1061.062159976785,34,34,0,False
69,2025-11-15 14:00:00,37,1078.2728907598405,1054.0058379108798,34,34,0,False
70,2025-11-15 15:00:00,37,1073.9158654478022,1045.0557747501653,34,34,0,False
71,2025-11-15 16:00:00,37,1073.183777443255,1043.5037733893205,34,34,0,False
72,2025-11-15 17:00:00,37,1074.7171710014636,1046.7377644181545,34,34,0,False
73,2025-11-15 18:00:00,37,1077.7915195948167,1053.039543119277,34,34,0,False
74,2025-11-15 19:00:00,37,1080.744290366055,1058.8867459856624,34,34,0,False
75,2025-11-15 20:00:00,37,1084.102071870185,1065.319547312052,34,34,0,False
76,2025-11-15 21:00:00,37,1087.179496098182,1070.7797081290707,34,34,0,False
77,2025-11-15 22:00:00,37,1063.8437913839489,1049.028111709986,32,32,0,False
78,2025-11-15 23:00:00,37,1064.1078111439078,1049.189466843158,32,32,0,False
79,2025-11-16 00:00:00,37,1064.470903132684,1049.400709592085,32,32,0,False
80,2025-11-16 01:00:00,37,1064.3724600299668,1049.3446878557404,32,32,0,False
81,2025-11-16 02:00:00,37,1064.2772506817737,1049.2896134413745,32,32,0,False
82,2025-11-16 03:00:00,37,1064.8209773910862,1049.5921135532114,32,32,0,False
83,2025-11-16 04:00:00,37,1065.0559674215283,1049.713506930415,32,32,0,False
84,2025-11-16 05:00:00,37,1064.390723131845,1049.3551522901842,32,32,0,False
85,2025-11-16 06:00:00,37,1062.8270422352584,1047.448207419529,32,32,0,False
86,2025-11-16 07:00:00,37,1084.6261762720833,1066.3044690191364,34,34,0,False
87,2025-11-16 08:00:00,37,1083.0902237377938,1063.4037910494778,34,34,0,False
88,2025-11-16 09:00:00,37,1082.5036396869943,1062.284400180696,34,34,0,False
89,2025-11-16 10:00:00,37,1081.5973247697536,1060.5417979458218,34,34,0,False
90,2025-11-16 11:00:00,37,1081.4273519282203,1060.2131847466137,34,34,0,False
91,2025-11-16 12:00:00,37,1080.8065973970367,1059.0081326681934,34,34,0,False
92,2025-11-16 13:00:00,37,1078.9982450767616,1055.452067642487,34,34,0,False
93,2025-11-16 14:00:00,37,1076.9593253734265,1051.3563883560785,34,34,0,False
94,2025-11-16 15:00:00,37,1073.06544071776,1043.25149507151,34,34,0,False
95,2025-11-16 16:00:00,37,1071.0481595698154,1038.8876704106988,34,34,0,False
96,2025-11-16 17:00:00,37,1071.143138911851,1039.095906692767,34,34,0,False
97,2025-11-16 18:00:00,37,1071.3586508375156,1039.5673559150096,34,34,0,False
98,2025-11-16 19:00:00,37,1074.2839737173967,1045.8305929151895,34,34,0,False
99,2025-11-16 20:00:00,37,1076.2751160864188,1049.960218515298,34,34,0,False
100,2025-11-16 21:00:00,37,1078.6641703970924,1054.7874322781668,34,34,0,False
101,2025-11-16 22:00:00,37,1080.0011499183145,1057.432776096152,34,34,0,False
102,2025-11-16 23:00:00,37,1081.6899043096676,1060.7205429719425,34,34,0,False
103,2025-11-17 00:00:00,37,1083.4615409184112,1064.1090224415889,34,34,0,False
104,2025-11-17 01:00:00,37,1083.5900105364908,1064.3524215004172,34,34,0,False
105,2025-11-17 02:00:00,37,1083.906626181184,1064.9509791633575,34,34,0,False
106,2025-11-17 03:00:00,37,1083.34046164425,1063.879343890872,34,34,0,False
107,2025-11-17 04:00:00,37,1079.694327590834,1056.82909779462,34,34,0,False
108,2025-11-17 05:00:00,37,1070.9271402318027,1038.621930832805,34,34,0,False
109,2025-11-17 06:00:00,37,1064.5536258835302,1022.6343522895407,34,35,1,True
110,2025-11-17 07:00:00,37,1063.0921342662275,1017.939167849756,34,35,1,True
111,2025-11-17 08:00:00,37,1062.8385768509872,1017.1068331266032,34,35,1,True
112,2025-11-17 09:00:00,37,1064.9133013972594,1023.7647126201268,34,35,1,True
113,2025-11-17 10:00:00,37,1066.2390149617613,1027.8527309221556,34,35,1,True
114,2025-11-17 11:00:00,37,1067.4751639472515,1030.8336219922326,34,35,1,True
115,2025-11-17 12:00:00,37,1067.0168327192905,1029.7668308520856,34,35,1,True
116,2025-11-17 13:00:00,37,1065.4182884891115,1025.3360921692877,34,35,1,True
117,2025-11-17 14:00:00,37,1062.7915495670543,1016.95185081924,34,35,1,True
118,2025-11-17 15:00:00,37,1079.3304461306236,1006.2055745818832,34,35,1,True
119,2025-11-17 16:00:00,37,1077.1504786306289,997.5737259665638,34,35,1,True
120,2025-11-17 17:00:00,37,1078.820188733987,1004.2502382242924,34,35,1,True
121,2025-11-17 18:00:00,37,1079.5245763521596,1006.940093275848,34,35,1,True
122,2025-11-17 19:00:00,37,1061.694127973136,1013.2785574487708,34,35,1,True
123,2025-11-17 20:00:00,37,1063.6345996774985,1019.701753884288,34,35,1,True
124,2025-11-17 21:00:00,37,1067.9045595767277,1031.8256864212717,34,35,1,True
125,2025-11-17 22:00:00,37,1070.8319461328144,1038.4125730663402,34,34,0,False
126,2025-11-17 23:00:00,37,1076.4874296727194,1050.394669088277,34,34,0,False
127,2025-11-18 00:00:00,37,1077.815647351489,1053.088102605021,34,34,0,False
128,2025-11-18 01:00:00,37,1078.2328714738749,1053.9257044450055,34,34,0,False
129,2025-11-18 02:00:00,37,1078.7995361025498,1055.057036360305,34,34,0,False
130,2025-11-18 03:00:00,37,1079.9775843894568,1057.3864810921536,34,34,0,False
131,2025-11-18 04:00:00,37,1076.5526602939574,1050.5279281475548,34,34,0,False
132,2025-11-18 05:00:00,37,1067.4482632964186,1030.7712359753637,34,35,1,True
133,2025-11-18 06:00:00,37,1078.035753417829,1001.1697885899288,34,35,1,True
134,2025-11-18 07:00:00,37,1076.9231745944985,996.6280074819256,34,35,1,True
135,2025-11-18 08:00:00,37,1077.065300827504,997.2204602277338,34,35,1,True
136,2025-11-18 09:00:00,37,1061.4941365188083,1012.5969074205336,34,35,1,True
137,2025-11-18 10:00:00,37,1062.8667823753992,1017.1996946593708,34,35,1,True
138,2025-11-18 11:00:00,37,1064.7474623127628,1023.2447008590055,34,35,1,True
139,2025-11-18 12:00:00,37,1064.37791724832,1022.0786751308176,34,35,1,True
140,2025-11-18 13:00:00,37,1062.537210994088,1016.1102945666972,34,35,1,True
141,2025-11-18 14:00:00,37,1078.9874731674352,1004.8953156281142,34,35,1,True
142,2025-11-18 15:00:00,37,1075.4713333450056,990.3407594889478,34,35,1,True
143,2025-11-18 16:00:00,37,1072.43291047801,975.3139916730964,34,35,1,True
144,2025-11-18 17:00:00,37,1073.5280528301555,981.0942985871012,34,35,1,True
145,2025-11-18 18:00:00,37,1075.80752948012,991.83750406971,34,35,1,True
146,2025-11-18 19:00:00,37,1077.537584852388,999.1627466186568,34,35,1,True
147,2025-11-18 20:00:00,37,1061.4178419283612,1012.3358240393536,34,35,1,True
148,2025-11-18 21:00:00,37,1066.719105234945,1029.0693888475068,34,35,1,True
149,2025-11-18 22:00:00,37,1069.6734173918128,1035.8410390888264,34,35,1,True
150,2025-11-18 23:00:00,37,1073.949389064204,1045.126489511661,34,34,0,False
151,2025-11-19 00:00:00,37,1074.8998501757603,1047.1188340736542,34,34,0,False
152,2025-11-19 01:00:00,37,1075.0076309121348,1047.3432567787888,34,34,0,False
153,2025-11-19 02:00:00,37,1074.5008206568884,1046.2853214063318,34,34,0,False
154,2025-11-19 03:00:00,37,1074.966191359571,1047.2570064368017,34,34,0,False
155,2025-11-19 04:00:00,37,1072.121949900182,1041.2256564076808,34,34,0,False
156,2025-11-19 05:00:00,37,1063.1765075279695,1018.2149199301026,34,35,1,True
157,2025-11-19 06:00:00,37,1074.0662560147562,983.7690030841062,34,35,1,True
158,2025-11-19 07:00:00,37,1073.3021193269049,979.9411717472298,34,35,1,True
159,2025-11-19 08:00:00,37,1073.4200617066606,980.545479352155,34,35,1,True
160,2025-11-19 09:00:00,37,1075.0567259209147,988.4572002009488,34,35,1,True
161,2025-11-19 10:00:00,37,1075.80752948012,991.83750406971,34,35,1,True
162,2025-11-19 11:00:00,37,1075.9225347221943,992.3435359425752,34,35,1,True
163,2025-11-19 12:00:00,37,1076.8662668717457,996.3897208025415,34,35,1,True
164,2025-11-19 13:00:00,37,1077.2072230968624,997.8083304641716,34,35,1,True
165,2025-11-19 14:00:00,37,1075.7403814068723,991.540662025802,34,35,1,True
166,2025-11-19 15:00:00,37,1073.851324284375,982.7125502793494,34,35,1,True
167,2025-11-19 16:00:00,37,1071.915697649382,972.394617469949,34,35,1,True
0,2025-11-12 17:00:00,38,3946.87790509866,3577.599817919962,3,3,0,False
1,2025-11-12 18:00:00,38,3946.1658296627375,3576.9914972884662,3,3,0,False
2,2025-11-12 19:00:00,38,3945.4637228388337,3576.4090240959567,3,3,0,False
3,2025-11-12 20:00:00,38,3944.381125817093,3575.498950210963,3,3,0,False
4,2025-11-12 21:00:00,38,3896.039528811412,3534.021428284528,3,3,0,False
5,2025-11-12 22:00:00,38,3745.7200722887656,3479.0755674505567,3,3,0,False
6,2025-11-12 23:00:00,38,3745.220822915119,3478.739599167247,3,3,0,False
7,2025-11-13 00:00:00,38,3743.012384162631,3477.2956900596937,3,3,0,False
8,2025-11-13 01:00:00,38,3692.958349735814,3433.33660846613,3,3,0,False
9,2025-11-13 02:00:00,38,3691.5782977728127,3432.746083477224,3,3,0,False
10,2025-11-13 03:00:00,38,3692.5457490945264,3433.1590122880384,3,3,0,False
11,2025-11-13 04:00:00,38,3743.250638908382,3477.448290630918,3,3,0,False
12,2025-11-13 05:00:00,38,3896.612202080976,3534.4497540926163,3,3,0,False
13,2025-11-13 06:00:00,38,3944.7604064665848,3575.837173759212,3,3,0,False
14,2025-11-13 07:00:00,38,3944.832281053349,3575.89521731245,3,3,0,False
15,2025-11-13 08:00:00,38,3945.2282255866025,3576.2164933789736,3,3,0,False
16,2025-11-13 09:00:00,38,3945.9553990251593,3576.815397872879,3,3,0,False
17,2025-11-13 10:00:00,38,3946.584516810449,3577.34660696512,3,3,0,False
18,2025-11-13 11:00:00,38,3946.790912172695,3577.524323360841,3,3,0,False
19,2025-11-13 12:00:00,38,3946.8721019312993,3577.594770413656,3,3,0,False
20,2025-11-13 13:00:00,38,3946.856629378832,3577.581320654441,3,3,0,False
21,2025-11-13 14:00:00,38,3946.9766401670745,3577.685952684596,3,3,0,False
22,2025-11-13 15:00:00,38,3947.410276619513,3578.0704833995524,3,3,0,False
23,2025-11-13 16:00:00,38,3947.011525043338,3577.716503997466,3,3,0,False
24,2025-11-13 17:00:00,38,3947.141549932855,3577.830943336177,3,3,0,False
25,2025-11-13 18:00:00,38,3947.260179102562,3577.936166728889,3,3,0,False
26,2025-11-13 19:00:00,38,3946.7503549503326,3577.489249406989,3,3,0,False
27,2025-11-13 20:00:00,38,3945.938204642942,3576.801071445237,3,3,0,False
28,2025-11-13 21:00:00,38,3945.237712408456,3576.224226599801,3,3,0,False
29,2025-11-13 22:00:00,38,3944.466704797269,3575.575149837048,3,3,0,False
30,2025-11-13 23:00:00,38,3944.231690640722,3575.3670565237458,3,3,0,False
31,2025-11-14 00:00:00,38,3944.223944935757,3575.360258815677,3,3,0,False
32,2025-11-14 01:00:00,38,3897.7824400723166,3535.3494476043443,3,3,0,False
33,2025-11-14 02:00:00,38,3897.6481949790737,3535.235617221653,3,3,0,False
34,2025-11-14 03:00:00,38,3897.84966777765,3535.4065359817523,3,3,0,False
35,2025-11-14 04:00:00,38,3944.743388215564,3575.8234413670216,3,3,0,False
36,2025-11-14 05:00:00,38,3946.756147322621,3577.494253978743,3,3,0,False
37,2025-11-14 06:00:00,38,3948.447629210755,3579.042633546217,3,3,0,False
38,2025-11-14 07:00:00,38,3948.711722027525,3579.305172306023,3,3,0,False
39,2025-11-14 08:00:00,38,3948.609487087746,3579.202687472783,3,3,0,False
40,2025-11-14 09:00:00,38,3948.147501697818,3578.7524481260457,3,3,0,False
41,2025-11-14 10:00:00,38,3947.52947573148,3578.1781454309707,3,3,0,False
42,2025-11-14 11:00:00,38,3947.2757550805622,3577.9500425186834,3,3,0,False
43,2025-11-14 12:00:00,38,3946.914670734259,3577.631834631714,3,3,0,False
44,2025-11-14 13:00:00,38,3947.2757550805622,3577.9500425186834,3,3,0,False
45,2025-11-14 14:00:00,38,3947.5451280221614,3578.192350970006,3,3,0,False
46,2025-11-14 15:00:00,38,3947.9794259520622,3578.5933678560987,3,3,0,False
47,2025-11-14 16:00:00,38,3948.238716811866,3578.839781214238,3,3,0,False
48,2025-11-14 17:00:00,38,3947.9005377639824,3578.5194870347245,3,3,0,False
49,2025-11-14 18:00:00,38,3947.418084954043,3578.0775083880635,3,3,0,False
50,2025-11-14 19:00:00,38,3946.624975317781,3577.381294743476,3,3,0,False
51,2025-11-14 20:00:00,38,3946.288509325899,3577.094858807675,3,3,0,False
52,2025-11-14 21:00:00,38,3945.808396897136,3576.6932018693096,3,3,0,False
53,2025-11-14 22:00:00,38,3945.387703607268,3576.3467419263075,3,3,0,False
54,2025-11-14 23:00:00,38,3944.535124037707,3575.6364371649083,3,3,0,False
55,2025-11-15 00:00:00,38,3944.31815263133,3575.4431931054555,3,3,0,False
56,2025-11-15 01:00:00,38,3944.256448109877,3575.388809027989,3,3,0,False
57,2025-11-15 02:00:00,38,3897.79536299914,3535.3604170539106,3,3,0,False
58,2025-11-15 03:00:00,38,3944.439250735049,3575.550650028056,3,3,0,False
59,2025-11-15 04:00:00,38,3944.675585950006,3575.7633291679035,3,3,0,False
60,2025-11-15 05:00:00,38,3945.2282255866025,3576.2164933789736,3,3,0,False
61,2025-11-15 06:00:00,38,3946.116044136563,3576.9497018634083,3,3,0,False
62,2025-11-15 07:00:00,38,3946.6172671284567,3577.3746805511964,3,3,0,False
63,2025-11-15 08:00:00,38,3946.520985965157,3577.292278101808,3,3,0,False
64,2025-11-15 09:00:00,38,3946.3038576781246,3577.1078286164093,3,3,0,False
65,2025-11-15 10:00:00,38,3945.823658920244,3576.7058588894797,3,3,0,False
66,2025-11-15 11:00:00,38,3945.676862864914,3576.5843885411023,3,3,0,False
67,2025-11-15 12:00:00,38,3945.709253296657,3576.6111400624004,3,3,0,False
68,2025-11-15 13:00:00,38,3945.634961433832,3576.549822978051,3,3,0,False
69,2025-11-15 14:00:00,38,3946.511365002172,3577.284065347087,3,3,0,False
70,2025-11-15 15:00:00,38,3947.543171233684,3578.190574165977,3,3,0,False
71,2025-11-15 16:00:00,38,3947.713686320473,3578.346377857408,3,3,0,False
72,2025-11-15 17:00:00,38,3947.355649166877,3578.0214417421903,3,3,0,False
73,2025-11-15 18:00:00,38,3946.626902498645,3577.3829488095344,3,3,0,False
74,2025-11-15 19:00:00,38,3945.9114644019833,3576.778809357039,3,3,0,False
75,2025-11-15 20:00:00,38,3945.0765326933806,3576.0930783593485,3,3,0,False
76,2025-11-15 21:00:00,38,3944.420920072775,3575.5343208201234,3,3,0,False
77,2025-11-15 22:00:00,38,3897.1214716062336,3534.829838687517,3,3,0,False
78,2025-11-15 23:00:00,38,3896.675098433026,3534.496736624006,3,3,0,False
79,2025-11-16 00:00:00,38,3896.052121292462,3534.0308575446343,3,3,0,False
80,2025-11-16 01:00:00,38,3896.222091921815,3534.158083496728,3,3,0,False
81,2025-11-16 02:00:00,38,3896.385718847272,3534.2804771682645,3,3,0,False
82,2025-11-16 03:00:00,38,3895.44104981833,3533.572705502231,3,3,0,False
83,2025-11-16 04:00:00,38,3895.024864350042,3533.25996992301,3,3,0,False
84,2025-11-16 05:00:00,38,3896.190619774994,3534.1345327906893,3,3,0,False
85,2025-11-16 06:00:00,38,3897.808288530079,3535.37139081358,3,3,0,False
86,2025-11-16 07:00:00,38,3944.9439419751648,3575.9855478571203,3,3,0,False
87,2025-11-16 08:00:00,38,3945.330722499067,3576.3001423151363,3,3,0,False
88,2025-11-16 09:00:00,38,3945.4770315545775,3576.4199415577737,3,3,0,False
89,2025-11-16 10:00:00,38,3945.7016310634986,3576.60484226898,3,3,0,False
90,2025-11-16 11:00:00,38,3945.743560693936,3576.639505721265,3,3,0,False
91,2025-11-16 12:00:00,38,3945.89618782825,3576.766100853135,3,3,0,False
92,2025-11-16 13:00:00,38,3946.336483030285,3577.135427145523,3,3,0,False
93,2025-11-16 14:00:00,38,3946.8256953810487,3577.5544655289564,3,3,0,False
94,2025-11-16 15:00:00,38,3947.741178415015,3578.371687508852,3,3,0,False
95,2025-11-16 16:00:00,38,3948.206968959803,3578.8093021301515,3,3,0,False
96,2025-11-16 17:00:00,38,3948.1851552600174,3578.788411447468,3,3,0,False
97,2025-11-16 18:00:00,38,3948.1356175432857,3578.741122686116,3,3,0,False
98,2025-11-16 19:00:00,38,3947.457143346824,3578.112705827401,3,3,0,False
99,2025-11-16 20:00:00,38,3946.988266275846,3577.6961275614567,3,3,0,False
100,2025-11-16 21:00:00,38,3946.417146729546,3577.203836301848,3,3,0,False
101,2025-11-16 22:00:00,38,3946.093076279353,3576.9304484342824,3,3,0,False
102,2025-11-16 23:00:00,38,3945.6787678915816,3576.5859611435667,3,3,0,False
103,2025-11-17 00:00:00,38,3945.237712408456,3576.224226599801,3,3,0,False
104,2025-11-17 01:00:00,38,3945.2054601712334,3576.197943415101,3,3,0,False
105,2025-11-17 02:00:00,38,3945.1258134227705,3576.133124495963,3,3,0,False
106,2025-11-17 03:00:00,38,3945.26807516472,3576.248989211525,3,3,0,False
107,2025-11-17 04:00:00,38,3946.167745093415,3576.993107010262,3,3,0,False
108,2025-11-17 05:00:00,38,3948.2347471041535,3578.8359652801723,3,3,0,False
109,2025-11-17 06:00:00,38,3949.675202012543,3580.190214479804,3,3,0,False
110,2025-11-17 07:00:00,38,3950.000244256631,3580.459156998292,3,3,0,False
111,2025-11-17 08:00:00,38,3950.056471738773,3580.5082607102386,3,3,0,False
112,2025-11-17 09:00:00,38,3949.594947252184,3580.1274234203383,3,3,0,False
113,2025-11-17 10:00:00,38,3949.298179059931,3579.9062518193878,3,3,0,False
114,2025-11-17 11:00:00,38,3949.020005931276,3579.621267769807,3,3,0,False
115,2025-11-17 12:00:00,38,3949.123316547685,3579.729744753164,3,3,0,False
116,2025-11-17 13:00:00,38,3949.482084856855,3580.041332886585,3,3,0,False
117,2025-11-17 14:00:00,38,3950.0668951265966,3580.517453072082,3,3,0,False
118,2025-11-17 15:00:00,38,3954.9043045202575,3581.195089367105,3,3,0,False
119,2025-11-17 16:00:00,38,3955.351239180432,3581.8029318707304,3,3,0,False
120,2025-11-17 17:00:00,38,3955.009206458098,3581.32751898615,3,3,0,False
121,2025-11-17 18:00:00,38,3954.86434451872,3581.1461053238963,3,3,0,False
122,2025-11-17 19:00:00,38,3950.3096951087664,3580.739968100551,3,3,0,False
123,2025-11-17 20:00:00,38,3949.879790269037,3580.356617955936,3,3,0,False
124,2025-11-17 21:00:00,38,3948.923027679088,3579.520638427171,3,3,0,False
125,2025-11-17 22:00:00,38,3948.256584851457,3578.856974461545,3,3,0,False
126,2025-11-17 23:00:00,38,3946.9379021116806,3577.652099929195,3,3,0,False
127,2025-11-18 00:00:00,38,3946.621121116358,3577.377987233332,3,3,0,False
128,2025-11-18 01:00:00,38,3946.520985965157,3577.292278101808,3,3,0,False
129,2025-11-18 02:00:00,38,3946.384486760157,3577.176107844685,3,3,0,False
130,2025-11-18 03:00:00,38,3946.098817652333,3576.9352596399435,3,3,0,False
131,2025-11-18 04:00:00,38,3946.9224135778422,3577.6385859006573,3,3,0,False
132,2025-11-18 05:00:00,38,3949.026075225783,3579.6276036302597,3,3,0,False
133,2025-11-18 06:00:00,38,3955.170122236145,3581.5423020935123,3,3,0,False
134,2025-11-18 07:00:00,38,3955.3976643981487,3581.873302951633,3,3,0,False
135,2025-11-18 08:00:00,38,3955.368639789654,3581.8291278607867,3,3,0,False
136,2025-11-18 09:00:00,38,3950.353854997472,3580.7822657764677,3,3,0,False
137,2025-11-18 10:00:00,38,3950.050219345779,3580.5027603028925,3,3,0,False
138,2025-11-18 11:00:00,38,3949.6319644364207,3580.156218898326,3,3,0,False
139,2025-11-18 12:00:00,38,3949.7143693541902,3580.2213528190177,3,3,0,False
140,2025-11-18 13:00:00,38,3950.123240767673,3580.567640108862,3,3,0,False
141,2025-11-18 14:00:00,38,3954.974835540508,3581.2835001224785,3,3,0,False
142,2025-11-18 15:00:00,38,3955.693491137554,3582.361368693976,3,3,0,False
143,2025-11-18 16:00:00,38,3956.309230546539,3583.682684646446,3,3,0,False
144,2025-11-18 17:00:00,38,3956.0877630834575,3583.147160435868,3,3,0,False
145,2025-11-18 18:00:00,38,3955.62509139078,3582.2419178251635,3,3,0,False
146,2025-11-18 19:00:00,38,3955.272102708942,3581.686421813793,3,3,0,False
147,2025-11-18 20:00:00,38,3950.3706946862335,3580.7985520372617,3,3,0,False
148,2025-11-18 21:00:00,38,3949.1903167674736,3579.800826675065,3,3,0,False
149,2025-11-18 22:00:00,38,3948.5214871122,3579.1153426613027,3,3,0,False
150,2025-11-18 23:00:00,38,3947.535344800605,3578.183470128808,3,3,0,False
151,2025-11-19 00:00:00,38,3947.3127651110126,3577.983070020918,3,3,0,False
152,2025-11-19 01:00:00,38,3947.28743985383,3577.960461186689,3,3,0,False
153,2025-11-19 02:00:00,38,3947.406372868076,3578.0669727038194,3,3,0,False
154,2025-11-19 03:00:00,38,3947.297178998598,3577.969151196895,3,3,0,False
155,2025-11-19 04:00:00,38,3947.9596917434274,3578.5748404534597,3,3,0,False
156,2025-11-19 05:00:00,38,3949.981523678552,3580.442986378708,3,3,0,False
157,2025-11-19 06:00:00,38,3955.978742367453,3582.911144349843,3,3,0,False
158,2025-11-19 07:00:00,38,3956.133492258146,3583.2511782370284,3,3,0,False
159,2025-11-19 08:00:00,38,3956.109623250532,3583.1964946136272,3,3,0,False
160,2025-11-19 09:00:00,38,3955.7777629916336,3582.514676972873,3,3,0,False
161,2025-11-19 10:00:00,38,3955.62509139078,3582.2419178251635,3,3,0,False
162,2025-11-19 11:00:00,38,3955.601679492934,3582.202001485437,3,3,0,False
163,2025-11-19 12:00:00,38,3955.409282538508,3581.8911564193195,3,3,0,False
164,2025-11-19 13:00:00,38,3955.3396446445417,3581.785594459197,3,3,0,False
165,2025-11-19 14:00:00,38,3955.638757592044,3582.265442745762,3,3,0,False
166,2025-11-19 15:00:00,38,3956.02229500541,3583.003496252118,3,3,0,False
167,2025-11-19 16:00:00,38,3956.413667548487,3583.9668757323807,3,3,0,False
0,2025-11-12 17:00:00,39,3490.814699375071,2816.086268802828,5,7,2,True
1,2025-11-12 18:00:00,39,3493.6495168699767,2819.1977740109783,5,7,2,True
2,2025-11-12 19:00:00,39,3496.3374526562434,2822.0470708729235,5,7,2,True
3,2025-11-12 20:00:00,39,3501.2294882876217,2826.6806791706726,5,7,2,True
4,2025-11-12 21:00:00,39,3449.814944645187,2791.282211072589,5,6,1,True
5,2025-11-12 22:00:00,39,3218.2728728014117,2734.278272748948,5,6,1,True
6,2025-11-12 23:00:00,39,3218.806245958399,2734.9561449836506,5,6,1,True
7,2025-11-13 00:00:00,39,3221.23033961019,2737.9949370655977,5,6,1,True
8,2025-11-13 01:00:00,39,3172.314113060357,2702.4221893622266,5,6,1,True
9,2025-11-13 02:00:00,39,3170.7215956240443,2702.9912196282157,5,6,1,True
10,2025-11-13 03:00:00,39,3171.838345108969,2702.593497233649,5,6,1,True
11,2025-11-13 04:00:00,39,3220.9678858243947,2737.667219136263,5,6,1,True
12,2025-11-13 05:00:00,39,3450.201216059266,2791.496950678969,5,6,1,True
13,2025-11-13 06:00:00,39,3498.9191783970773,2824.6942910107045,5,7,2,True
14,2025-11-13 07:00:00,39,3498.6605281106613,2824.4329844311437,5,7,2,True
15,2025-11-13 08:00:00,39,3497.214439971908,2822.956044917685,5,7,2,True
16,2025-11-13 09:00:00,39,3494.466505386068,2820.07401247486,5,7,2,True
17,2025-11-13 10:00:00,39,3491.9956418477063,2817.3960912352,5,7,2,True
18,2025-11-13 11:00:00,39,3491.166725753349,2816.478781490106,5,7,2,True
19,2025-11-13 12:00:00,39,3490.8382310692405,2816.1125621265764,5,7,2,True
20,2025-11-13 13:00:00,39,3490.9009380131465,2816.182589483353,5,7,2,True
21,2025-11-13 14:00:00,39,3490.413273019441,2815.636505189139,5,7,2,True
22,2025-11-13 15:00:00,39,3488.626925835529,2813.606435701457,5,7,2,True
23,2025-11-13 16:00:00,39,3490.270965775984,2815.476503278988,5,7,2,True
24,2025-11-13 17:00:00,39,3489.738376036649,2814.875071512971,5,7,2,True
25,2025-11-13 18:00:00,39,3489.249497115139,2814.31932586111,5,7,2,True
26,2025-11-13 19:00:00,39,3491.3303103043104,2816.660578975492,5,7,2,True
27,2025-11-13 20:00:00,39,3494.5328351860603,2820.144758462668,5,7,2,True
28,2025-11-13 21:00:00,39,3497.1793534788803,2822.9198717659224,5,7,2,True
29,2025-11-13 22:00:00,39,3500.7017152700305,2826.2323562911524,5,7,2,True
30,2025-11-13 23:00:00,39,3502.129473325773,2827.443434345072,5,7,2,True
31,2025-11-14 00:00:00,39,3502.1753757839697,2827.482280285458,5,7,2,True
32,2025-11-14 01:00:00,39,3450.1953596922613,2791.2173758341128,5,6,1,True
33,2025-11-14 02:00:00,39,3450.4982239085343,2791.520885627177,5,6,1,True
34,2025-11-14 03:00:00,39,3450.043140235432,2791.064318597565,5,6,1,True
35,2025-11-14 04:00:00,39,3498.980246505904,2824.755859766248,5,7,2,True
36,2025-11-14 05:00:00,39,3491.3069680787908,2816.634661141228,5,7,2,True
37,2025-11-14 06:00:00,39,3484.2069209320216,2808.369094678372,5,7,2,True
38,2025-11-14 07:00:00,39,3483.050649189562,2806.944253067067,5,7,2,True
39,2025-11-14 08:00:00,39,3483.499682948507,2807.500463204667,5,7,2,True
40,2025-11-14 09:00:00,39,3485.506129920496,2809.9419333165943,5,7,2,True
41,2025-11-14 10:00:00,39,3488.129361632083,2813.0324640813137,5,7,2,True
42,2025-11-14 11:00:00,39,3489.185098825601,2814.2458547769247,5,7,2,True
43,2025-11-14 12:00:00,39,3490.665454947554,2815.919324304113,5,7,2,True
44,2025-11-14 13:00:00,39,3489.185098825601,2814.2458547769247,5,7,2,True
45,2025-11-14 14:00:00,39,3488.0638199791074,2812.9565747506463,5,7,2,True
46,2025-11-14 15:00:00,39,3486.2266019167314,2810.801828532765,5,7,2,True
47,2025-11-14 16:00:00,39,3485.1129752342454,2809.4690326401023,5,7,2,True
48,2025-11-14 17:00:00,39,3486.562966842529,2811.2003618180133,5,7,2,True
49,2025-11-14 18:00:00,39,3488.594417071062,2813.569050085973,5,7,2,True
50,2025-11-14 19:00:00,39,3491.833855439983,2817.217811882713,5,7,2,True
51,2025-11-14 20:00:00,39,3493.168793714363,2818.6779615923506,5,7,2,True
52,2025-11-14 21:00:00,39,3495.0314926664887,2820.674732627814,5,7,2,True
53,2025-11-14 22:00:00,39,3496.621913650592,2822.343010262546,5,7,2,True
54,2025-11-14 23:00:00,39,3500.2732730656776,2825.8678336604967,5,7,2,True
55,2025-11-15 00:00:00,39,3501.6120922089945,2827.005207912256,5,7,2,True
56,2025-11-15 01:00:00,39,3501.982263323493,2827.318817794323,5,7,2,True
57,2025-11-15 02:00:00,39,3450.166127553655,2791.1880094272647,5,6,1,True
58,2025-11-15 03:00:00,39,3500.872009916313,2826.377099889611,5,7,2,True
59,2025-11-15 04:00:00,39,3499.375591281326,2825.1023422460453,5,7,2,True
60,2025-11-15 05:00:00,39,3497.214439971908,2822.956044917685,5,7,2,True
61,2025-11-15 06:00:00,39,3493.8436760825757,2819.40683046525,5,7,2,True
62,2025-11-15 07:00:00,39,3491.8647056074883,2817.25183529,5,7,2,True
63,2025-11-15 08:00:00,39,3492.248995776373,2817.6745380267084,5,7,2,True
64,2025-11-15 09:00:00,39,3493.1084231256364,2818.6124591714106,5,7,2,True
65,2025-11-15 10:00:00,39,3494.9730558411657,2820.61279746438,5,7,2,True
66,2025-11-15 11:00:00,39,3495.5329893960907,2821.204385992068,5,7,2,True
67,2025-11-15 12:00:00,39,3495.4098508566804,2821.0746428289285,5,7,2,True
68,2025-11-15 13:00:00,39,3495.691940025671,2821.3715653904915,5,7,2,True
69,2025-11-15 14:00:00,39,3492.287288900444,2817.71654602402,5,7,2,True
70,2025-11-15 15:00:00,39,3488.072016338583,2812.9660687692917,5,7,2,True
71,2025-11-15 16:00:00,39,3487.3550150230917,2812.131602683146,5,7,2,True
72,2025-11-15 17:00:00,39,3488.8540234273387,2813.8671552119263,5,7,2,True
73,2025-11-15 18:00:00,39,3491.82614041763,2817.209301209112,5,7,2,True
74,2025-11-15 19:00:00,39,3494.6358607987827,2820.254526591263,5,7,2,True
75,2025-11-15 20:00:00,39,3497.7726906251546,2823.5294269504006,5,7,2,True
76,2025-11-15 21:00:00,39,3500.985195905609,2826.473258499508,5,7,2,True
77,2025-11-15 22:00:00,39,3450.537642377413,2791.6796229836305,5,6,1,True
78,2025-11-15 23:00:00,39,3450.243126979712,2791.5199330419755,5,6,1,True
79,2025-11-16 00:00:00,39,3449.823528726438,2791.287039435491,5,6,1,True
80,2025-11-16 01:00:00,39,3449.9389975491936,2791.3517426953804,5,6,1,True
81,2025-11-16 02:00:00,39,3450.049457373489,2791.4132069829107,5,6,1,True
82,2025-11-16 03:00:00,39,3449.402298166091,2791.0471948075296,5,6,1,True
83,2025-11-16 04:00:00,39,3449.1099584243075,2790.87734518511,5,6,1,True
84,2025-11-16 05:00:00,39,3449.91767290636,2791.339827937781,5,6,1,True
85,2025-11-16 06:00:00,39,3450.136875979577,2791.1586108266515,5,6,1,True
86,2025-11-16 07:00:00,39,3498.256344825787,2824.0229134454767,5,7,2,True
87,2025-11-16 08:00:00,39,3496.834281586721,2822.563256332199,5,7,2,True
88,2025-11-16 09:00:00,39,3496.2875184212407,2821.9950121704665,5,7,2,True
89,2025-11-16 10:00:00,39,3495.4388492113835,2821.1052146095844,5,7,2,True
90,2025-11-16 11:00:00,39,3495.279170858334,2820.9367339276296,5,7,2,True
91,2025-11-16 12:00:00,39,3494.69464844716,2820.317097957344,5,7,2,True
92,2025-11-16 13:00:00,39,3492.979928266065,2818.4728753271197,5,7,2,True
93,2025-11-16 14:00:00,39,3491.0261590341497,2816.32226050119,5,7,2,True
94,2025-11-16 15:00:00,39,3487.23889227484,2811.9956977776383,5,7,2,True
95,2025-11-16 16:00:00,39,3485.2499849013293,2809.6341300445374,5,7,2,True
96,2025-11-16 17:00:00,39,3485.344017922672,2809.7472559836747,5,7,2,True
97,2025-11-16 18:00:00,39,3485.5572420662825,2810.003221271053,5,7,2,True
98,2025-11-16 19:00:00,39,3488.4316243322983,2813.3815940083555,5,7,2,True
99,2025-11-16 20:00:00,39,3490.3658737133264,2815.583244802831,5,7,2,True
100,2025-11-16 21:00:00,39,3492.6612586208585,2818.1257259174604,5,7,2,True
101,2025-11-16 22:00:00,39,3493.9330676806394,2819.502909239928,5,7,2,True
102,2025-11-16 23:00:00,39,3495.525753512983,2821.1967675593114,5,7,2,True
103,2025-11-17 00:00:00,39,3497.1793534788803,2822.9198717659224,5,7,2,True
104,2025-11-17 01:00:00,39,3497.2985533607825,2823.0426979835893,5,7,2,True
105,2025-11-17 02:00:00,39,3497.5919049083627,2823.3441853082263,5,7,2,True
106,2025-11-17 03:00:00,39,3497.066921398842,2822.8038493502527,5,7,2,True
107,2025-11-17 04:00:00,39,3493.64203614424,2819.189709086702,5,7,2,True
108,2025-11-17 05:00:00,39,3485.13011664768,2809.4897056214995,5,7,2,True
109,2025-11-17 06:00:00,39,3478.735686124264,2800.660735336937,5,7,2,True
110,2025-11-17 07:00:00,39,3477.248446020192,2798.0276280389967,5,7,2,True
111,2025-11-17 08:00:00,39,3476.9896845783287,2797.560876179353,5,7,2,True
112,2025-11-17 09:00:00,39,3479.1005665594585,2801.294563098246,5,7,2,True
113,2025-11-17 10:00:00,39,3480.4414883828726,2803.5858969214964,5,7,2,True
114,2025-11-17 11:00:00,39,3481.68602598002,2805.2306501216917,5,7,2,True
115,2025-11-17 12:00:00,39,3481.2252493794326,2804.6438512206164,5,7,2,True
116,2025-11-17 13:00:00,39,3479.612090303982,2802.1755295178623,5,7,2,True
117,2025-11-17 14:00:00,39,3476.941668547432,2797.473969692494,5,7,2,True
118,2025-11-17 15:00:00,39,3491.35561381042,2791.4547427345747,5,6,1,True
119,2025-11-17 16:00:00,39,3489.0557761000737,2786.6387511070743,5,6,1,True
120,2025-11-17 17:00:00,39,3490.8187116171853,2790.361860202285,5,6,1,True
121,2025-11-17 18:00:00,39,3491.559649405704,2791.8655243552075,5,6,1,True
122,2025-11-17 19:00:00,39,3475.81910820031,2795.414690237999,5,7,2,True
123,2025-11-17 20:00:00,39,3477.801319667298,2799.0161109262763,5,7,2,True
124,2025-11-17 21:00:00,39,3482.116990556579,2805.775688701571,5,7,2,True
125,2025-11-17 22:00:00,39,3485.035785060498,2809.3758771976686,5,7,2,True
126,2025-11-17 23:00:00,39,3490.571007870504,2815.813510478698,5,7,2,True
127,2025-11-18 00:00:00,39,3491.84928250791,2817.234827442648,5,7,2,True
128,2025-11-18 01:00:00,39,3492.248995776373,2817.6745380267084,5,7,2,True
129,2025-11-18 02:00:00,39,3492.7904520759294,2818.266633970169,5,7,2,True
130,2025-11-18 03:00:00,39,3493.910732812809,2819.4789136768136,5,7,2,True
131,2025-11-18 04:00:00,39,3490.633988725372,2815.884085380483,5,7,2,True
132,2025-11-18 05:00:00,39,3481.659003694307,2805.1963538255945,5,7,2,True
133,2025-11-18 06:00:00,39,3489.991616444512,2788.642274465428,5,6,1,True
134,2025-11-18 07:00:00,39,3488.8150817356177,2786.112634518317,5,6,1,True
135,2025-11-18 08:00:00,39,3488.9655998397,2786.4421839347947,5,6,1,True
136,2025-11-18 09:00:00,39,3475.6141142018555,2795.032701063474,5,7,2,True
137,2025-11-18 10:00:00,39,3477.018479594245,2797.6129489699224,5,7,2,True
138,2025-11-18 11:00:00,39,3478.9323840028383,2801.002986011194,5,7,2,True
139,2025-11-18 12:00:00,39,3478.5572702685613,2800.3491254620108,5,7,2,True
140,2025-11-18 13:00:00,39,3476.681855452187,2797.002090415062,5,7,2,True
141,2025-11-18 14:00:00,39,3490.9948281359066,2790.7223004211573,5,6,1,True
142,2025-11-18 15:00:00,39,3487.273882361805,2782.624565508097,5,6,1,True
143,2025-11-18 16:00:00,39,3484.0279365432066,2774.3742469216386,5,6,1,True
144,2025-11-18 17:00:00,39,3485.200974493436,2777.531335388845,5,6,1,True
145,2025-11-18 18:00:00,39,3487.631352788923,2783.4533117758133,5,6,1,True
146,2025-11-18 19:00:00,39,3489.46530543355,2787.523503091297,5,6,1,True
147,2025-11-18 20:00:00,39,3475.535877412061,2794.8864085090268,5,7,2,True
148,2025-11-18 21:00:00,39,3480.925511699056,2804.2598409015504,5,7,2,True
149,2025-11-18 22:00:00,39,3483.884761583989,2807.974529069066,5,7,2,True
150,2025-11-18 23:00:00,39,3488.1047913385933,2813.0040224008603,5,7,2,True
151,2025-11-19 00:00:00,39,3489.031889024278,2814.0708106780617,5,7,2,True
152,2025-11-19 01:00:00,39,3489.136756923084,2814.190661490271,5,7,2,True
153,2025-11-19 02:00:00,39,3488.643174000778,2813.625115348242,5,7,2,True
154,2025-11-19 03:00:00,39,3489.096443708688,2814.1446080494416,5,7,2,True
155,2025-11-19 04:00:00,39,3486.310853405362,2810.9018247943186,5,7,2,True
156,2025-11-19 05:00:00,39,3477.334503276121,2798.18226873427,5,7,2,True
157,2025-11-19 06:00:00,39,3485.776196695147,2778.99958350842,5,6,1,True
158,2025-11-19 07:00:00,39,3484.9592506970944,2776.8997278948464,5,6,1,True
159,2025-11-19 08:00:00,39,3485.0854542955226,2777.2306210679817,5,6,1,True
160,2025-11-19 09:00:00,39,3486.8325641912884,2781.5832192242738,5,6,1,True
161,2025-11-19 10:00:00,39,3487.631352788923,2783.4533117758133,5,6,1,True
162,2025-11-19 11:00:00,39,3487.753555726964,2783.7337422713595,5,6,1,True
163,2025-11-19 12:00:00,39,3488.754795866505,2785.980127399738,5,6,1,True
164,2025-11-19 13:00:00,39,3489.115837600869,2786.769317979481,5,6,1,True
165,2025-11-19 14:00:00,39,3487.5599833494257,2783.288865108873,5,6,1,True
166,2025-11-19 15:00:00,39,3485.5465825411875,2778.419130371198,5,6,1,True
167,2025-11-19 16:00:00,39,3483.472762069837,2772.7887596049063,5,6,1,True
0,2025-11-12 17:00:00,40,2776.4322972535238,2664.362551914264,11,9,-2,True
1,2025-11-12 18:00:00,40,2779.6040480250103,2672.0863353639534,11,9,-2,True
2,2025-11-12 19:00:00,40,2782.623089434535,2679.256258739085,11,9,-2,True
3,2025-11-12 20:00:00,40,2787.8261100205746,2690.423260485997,11,9,-2,True
4,2025-11-12 21:00:00,40,2718.186750017103,2625.270683880749,9,7,-2,True
5,2025-11-12 22:00:00,40,2592.602436485386,2542.751447167349,7,7,0,False
6,2025-11-12 23:00:00,40,2593.516000317367,2544.451402867089,7,7,0,False
7,2025-11-13 00:00:00,40,2597.5884208793877,2551.978939470337,7,7,0,False
8,2025-11-13 01:00:00,40,2541.204482048332,2498.235622133792,8,7,-1,True
9,2025-11-13 02:00:00,40,2540.5292645390705,2500.0619590454257,8,7,-1,True
10,2025-11-13 03:00:00,40,2541.0030438818767,2498.7844993675303,8,7,-1,True
11,2025-11-13 04:00:00,40,2597.1524189505176,2551.172917404151,7,7,0,False
12,2025-11-13 05:00:00,40,2718.226987046843,2625.548395641217,9,7,-2,True
13,2025-11-13 06:00:00,40,2785.535354088536,2686.020869397309,11,9,-2,True
14,2025-11-13 07:00:00,40,2785.2429777370394,2685.3480748338948,11,9,-2,True
15,2025-11-13 08:00:00,40,2783.610881919717,2681.5666944880813,11,9,-2,True
16,2025-11-13 09:00:00,40,2780.520390558701,2674.28042615239,11,9,-2,True
17,2025-11-13 10:00:00,40,2777.752197554764,2667.6019590922588,11,9,-2,True
18,2025-11-13 11:00:00,40,2776.8255457245277,2665.331585535051,11,9,-2,True
19,2025-11-13 12:00:00,40,2776.4585793215338,2664.4274202708425,11,9,-2,True
20,2025-11-13 13:00:00,40,2776.528619026258,2664.600215967552,11,9,-2,True
21,2025-11-13 14:00:00,40,2775.984064913073,2663.253908208737,11,9,-2,True
22,2025-11-13 15:00:00,40,2773.991903119284,2658.271407232037,11,9,-2,True
23,2025-11-13 16:00:00,40,2775.825215257624,2662.8599472283486,11,9,-2,True
24,2025-11-13 17:00:00,40,2775.2309447454577,2661.3810719911394,11,9,-2,True
25,2025-11-13 18:00:00,40,2774.6857595064776,2660.017240016692,11,9,-2,True
26,2025-11-13 19:00:00,40,2777.008342934333,2665.7808950442877,11,9,-2,True
27,2025-11-13 20:00:00,40,2780.5948342109828,2674.4579742506644,11,9,-2,True
28,2025-11-13 21:00:00,40,2783.571334208073,2681.4745146819087,11,9,-2,True
29,2025-11-13 22:00:00,40,2787.3113731588337,2689.442785842468,11,9,-2,True
30,2025-11-13 23:00:00,40,2788.696607423465,2692.0870072256675,11,9,-2,True
31,2025-11-14 00:00:00,40,2788.7407520673514,2692.171587124824,11,9,-2,True
32,2025-11-14 01:00:00,40,2717.613011803324,2624.355836623244,9,7,-2,True
33,2025-11-14 02:00:00,40,2717.948155962905,2625.1607692082634,9,7,-2,True
34,2025-11-14 03:00:00,40,2717.444646245872,2623.9507208019336,9,7,-2,True
35,2025-11-14 04:00:00,40,2785.604405977433,2686.179566052057,11,9,-2,True
36,2025-11-14 05:00:00,40,2776.982256980631,2665.7168203860488,11,9,-2,True
37,2025-11-14 06:00:00,40,2769.077967949463,2645.5536239507373,10,9,-1,True
38,2025-11-14 07:00:00,40,2767.7956084851053,2642.121418380463,10,9,-1,True
39,2025-11-14 08:00:00,40,2768.2934689422545,2643.460023101188,10,9,-1,True
40,2025-11-14 09:00:00,40,2770.5203038739714,2649.354895092393,11,9,-2,True
41,2025-11-14 10:00:00,40,2773.437694601054,2656.868627488513,11,9,-2,True
42,2025-11-14 11:00:00,40,2774.6139659984246,2659.8371266122567,11,9,-2,True
43,2025-11-14 12:00:00,40,2776.265626299289,2663.9508296088297,11,9,-2,True
44,2025-11-14 13:00:00,40,2774.6139659984246,2659.8371266122567,11,9,-2,True
45,2025-11-14 14:00:00,40,2773.36471266289,2656.683339092519,11,9,-2,True
46,2025-11-14 15:00:00,40,2771.320850878235,2651.43922200059,11,9,-2,True
47,2025-11-14 16:00:00,40,2770.083668679946,2648.210506185,11,9,-2,True
48,2025-11-14 17:00:00,40,2771.6947802796567,2652.4068057846416,11,9,-2,True
49,2025-11-14 18:00:00,40,2773.955684684045,2658.1799612273644,11,9,-2,True
50,2025-11-14 19:00:00,40,2777.5712599038598,2667.160066878068,11,9,-2,True
51,2025-11-14 20:00:00,40,2779.0653563317937,2670.788920943452,11,9,-2,True
52,2025-11-14 21:00:00,40,2781.154725028566,2675.790003638897,11,9,-2,True
53,2025-11-14 22:00:00,40,2782.9433326787034,2680.007151109225,11,9,-2,True
54,2025-11-14 23:00:00,40,2786.8912959437016,2688.644222672158,11,9,-2,True
55,2025-11-15 00:00:00,40,2788.1973199504146,2691.1318204574054,11,9,-2,True
56,2025-11-15 01:00:00,40,2788.554865566597,2691.8155765553074,11,9,-2,True
57,2025-11-15 02:00:00,40,2717.5806749739904,2624.278067515393,9,7,-2,True
58,2025-11-15 03:00:00,40,2787.477795444825,2689.759541343345,11,9,-2,True
59,2025-11-15 04:00:00,40,2786.0049535919165,2686.9634188218006,11,9,-2,True
60,2025-11-15 05:00:00,40,2783.610881919717,2681.5666944880813,11,9,-2,True
61,2025-11-15 06:00:00,40,2779.8217222699072,2672.608990555608,11,9,-2,True
62,2025-11-15 07:00:00,40,2777.6057590592395,2667.244374558692,11,9,-2,True
63,2025-11-15 08:00:00,40,2778.035616883992,2668.292771515732,11,9,-2,True
64,2025-11-15 09:00:00,40,2778.997730984509,2670.6256451537706,11,9,-2,True
65,2025-11-15 10:00:00,40,2781.089090734261,2675.634154292537,11,9,-2,True
66,2025-11-15 11:00:00,40,2781.718230360994,2677.124811480799,11,9,-2,True
67,2025-11-15 12:00:00,40,2781.5798257802235,2676.7974995487475,11,9,-2,True
68,2025-11-15 13:00:00,40,2781.896926136556,2677.546896679578,11,9,-2,True
69,2025-11-15 14:00:00,40,2778.078462268071,2668.397059806465,11,9,-2,True
70,2025-11-15 15:00:00,40,2773.373839205703,2656.706516994339,11,9,-2,True
71,2025-11-15 16:00:00,40,2772.575751718623,2654.6718021496918,11,9,-2,True
72,2025-11-15 17:00:00,40,2774.2449501556,2658.9094329244845,11,9,-2,True
73,2025-11-15 18:00:00,40,2777.5626325509825,2667.1389798056102,11,9,-2,True
74,2025-11-15 19:00:00,40,2780.710476940403,2674.7335762279454,11,9,-2,True
75,2025-11-15 20:00:00,40,2784.240438402823,2683.030541736693,11,9,-2,True
76,2025-11-15 21:00:00,40,2787.588232628599,2689.9698670425723,11,9,-2,True
77,2025-11-15 22:00:00,40,2718.256630852433,2625.7782229311106,9,7,-2,True
78,2025-11-15 23:00:00,40,2718.230961344333,2625.5776523735394,9,7,-2,True
79,2025-11-16 00:00:00,40,2718.1877131774067,2625.2770102058867,9,7,-2,True
80,2025-11-16 01:00:00,40,2718.2003691045134,2625.361434178635,9,7,-2,True
81,2025-11-16 02:00:00,40,2718.2119460330955,2625.4410064759068,9,7,-2,True
82,2025-11-16 03:00:00,40,2718.136919646923,2624.958596762699,9,7,-2,True
83,2025-11-16 04:00:00,40,2718.0975960070787,2624.728359409338,9,7,-2,True
84,2025-11-16 05:00:00,40,2718.1980741270463,2625.3459379023507,9,7,-2,True
85,2025-11-16 06:00:00,40,2717.548318554212,2624.20023287856,9,7,-2,True
86,2025-11-16 07:00:00,40,2784.7863752136773,2684.294607368816,11,9,-2,True
87,2025-11-16 08:00:00,40,2783.1825128770406,2680.566809163618,11,9,-2,True
88,2025-11-16 09:00:00,40,2782.5668894181263,2679.1242985811755,11,9,-2,True
89,2025-11-16 10:00:00,40,2781.6124168102824,2676.87460502731,11,9,-2,True
90,2025-11-16 11:00:00,40,2781.4329736389,2676.4498302794223,11,9,-2,True
91,2025-11-16 12:00:00,40,2780.7764719618463,2674.890744872917,11,9,-2,True
92,2025-11-16 13:00:00,40,2778.8538132465646,2670.277865623508,11,9,-2,True
93,2025-11-16 14:00:00,40,2776.6684987515414,2664.9449956957496,11,9,-2,True
94,2025-11-16 15:00:00,40,2772.4465498637564,2654.340884032923,11,9,-2,True
95,2025-11-16 16:00:00,40,2770.235813817517,2648.609882987404,11,9,-2,True
96,2025-11-16 17:00:00,40,2770.340245143076,2648.8836302260474,11,9,-2,True
97,2025-11-16 18:00:00,40,2770.5770797515743,2649.5033042716727,11,9,-2,True
98,2025-11-16 19:00:00,40,2773.7743337328234,2657.7216007024285,11,9,-2,True
99,2025-11-16 20:00:00,40,2775.9311527953028,2663.122743993944,11,9,-2,True
100,2025-11-16 21:00:00,40,2778.497001566064,2669.413839388199,11,9,-2,True
101,2025-11-16 22:00:00,40,2779.9219603257284,2672.849363826268,11,9,-2,True
102,2025-11-16 23:00:00,40,2781.71009667978,2677.105585776806,11,9,-2,True
103,2025-11-17 00:00:00,40,2783.571334208073,2681.4745146819087,11,9,-2,True
104,2025-11-17 01:00:00,40,2783.705699990882,2681.7875931332173,11,9,-2,True
105,2025-11-17 02:00:00,40,2784.0364933089318,2682.5570568028525,11,9,-2,True
106,2025-11-17 03:00:00,40,2783.444622509045,2681.178989392479,11,9,-2,True
107,2025-11-17 04:00:00,40,2779.5956624793243,2672.0661825796788,11,9,-2,True
108,2025-11-17 05:00:00,40,2770.102702720995,2648.260506287765,11,9,-2,True
109,2025-11-17 06:00:00,40,2763.019537761372,2627.102877856912,10,9,-1,True
110,2025-11-17 07:00:00,40,2761.376362590537,2620.8399007327885,10,9,-1,True
111,2025-11-17 08:00:00,40,2761.090608309855,2619.7303446205387,10,9,-1,True
112,2025-11-17 09:00:00,40,2763.422891132682,2628.611558089335,10,9,-1,True
113,2025-11-17 10:00:00,40,2764.90597968461,2634.0699605877976,10,9,-1,True
114,2025-11-17 11:00:00,40,2766.283630972965,2638.0064065472766,10,9,-1,True
115,2025-11-17 12:00:00,40,2765.7734339422395,2636.6001966237486,10,9,-1,True
116,2025-11-17 13:00:00,40,2763.9885001497896,2630.7093274375293,10,9,-1,True
117,2025-11-17 14:00:00,40,2761.037587788255,2619.523769406682,10,9,-1,True
118,2025-11-17 15:00:00,40,2782.663997021661,2605.2244198239223,11,9,-2,True
119,2025-11-17 16:00:00,40,2780.1590135396573,2593.783226578684,11,9,-2,True
120,2025-11-17 17:00:00,40,2782.078958386,2602.6287113210947,11,9,-2,True
121,2025-11-17 18:00:00,40,2782.8863667562423,2606.2000404484643,11,9,-2,True
122,2025-11-17 19:00:00,40,2759.798402444119,2614.6302674352123,10,9,-1,True
123,2025-11-17 20:00:00,40,2761.9870438309413,2623.190287499493,10,9,-1,True
124,2025-11-17 21:00:00,40,2766.7609687258378,2639.313834894747,10,9,-1,True
125,2025-11-17 22:00:00,40,2769.99795921966,2647.9852288968336,10,9,-1,True
126,2025-11-17 23:00:00,40,2776.160166288885,2663.689999823686,11,9,-2,True
127,2025-11-18 00:00:00,40,2777.5885115325323,2667.2022288375088,11,9,-2,True
128,2025-11-18 01:00:00,40,2778.035616883992,2668.292771515732,11,9,-2,True
129,2025-11-18 02:00:00,40,2778.6416401086126,2669.7643922902125,11,9,-2,True
130,2025-11-18 03:00:00,40,2779.8969142337414,2672.789320787516,11,9,-2,True
131,2025-11-18 04:00:00,40,2776.2304896783944,2663.863954887127,11,9,-2,True
132,2025-11-18 05:00:00,40,2766.253705881726,2637.9241794811246,10,9,-1,True
133,2025-11-18 06:00:00,40,2781.1780065928974,2598.5439809985446,11,9,-2,True
134,2025-11-18 07:00:00,40,2779.897000806478,2592.532682323208,11,9,-2,True
135,2025-11-18 08:00:00,40,2780.060847146088,2593.316021300917,11,9,-2,True
136,2025-11-18 09:00:00,40,2759.5721864450497,2613.722777289585,10,9,-1,True
137,2025-11-18 10:00:00,40,2761.1224051447844,2619.85412333588,10,9,-1,True
138,2025-11-18 11:00:00,40,2763.236964498706,2627.9174668784785,10,9,-1,True
139,2025-11-18 12:00:00,40,2762.822341558222,2626.361333675511,10,9,-1,True
140,2025-11-18 13:00:00,40,2760.7507187758574,2618.402211474995,10,9,-1,True
141,2025-11-18 14:00:00,40,2782.270847692307,2603.4848120923284,11,9,-2,True
142,2025-11-18 15:00:00,40,2778.2199203632144,2584.2359857253905,11,9,-2,True
143,2025-11-18 16:00:00,40,2774.690946997658,2564.5481191359286,11,9,-2,True
144,2025-11-18 17:00:00,40,2775.965814027707,2572.0952802406573,11,9,-2,True
145,2025-11-18 18:00:00,40,2778.60881437842,2586.2082862606944,11,9,-2,True
146,2025-11-18 19:00:00,40,2780.6048783844594,2595.885829060276,11,9,-2,True
147,2025-11-18 20:00:00,40,2759.4858561301776,2613.375246007168,10,9,-1,True
148,2025-11-18 21:00:00,40,2765.441635013913,2635.680702226254,10,9,-1,True
149,2025-11-18 22:00:00,40,2768.7205596612275,2644.6021490534085,10,9,-1,True
150,2025-11-18 23:00:00,40,2773.410334516908,2656.7991804332983,11,9,-2,True
151,2025-11-19 00:00:00,40,2774.443182388104,2659.4081827116006,11,9,-2,True
152,2025-11-19 01:00:00,40,2774.560076021065,2659.701849543839,11,9,-2,True
153,2025-11-19 02:00:00,40,2774.010005874476,2658.317102065573,11,9,-2,True
154,2025-11-19 03:00:00,40,2774.5151383200946,2659.588992631788,11,9,-2,True
155,2025-11-19 04:00:00,40,2771.41450045669,2651.681903756168,11,9,-2,True
156,2025-11-19 05:00:00,40,2761.471405746681,2621.207547329789,10,9,-1,True
157,2025-11-19 06:00:00,40,2776.5911507038204,2575.599055599808,11,9,-2,True
158,2025-11-19 07:00:00,40,2775.703067054619,2570.5869044398464,11,9,-2,True
159,2025-11-19 08:00:00,40,2775.840244186217,2571.377216572097,11,9,-2,True
160,2025-11-19 09:00:00,40,2777.739882093172,2581.756623420379,11,9,-2,True
161,2025-11-19 10:00:00,40,2778.60881437842,2586.2082862606944,11,9,-2,True
162,2025-11-19 11:00:00,40,2778.741772207057,2586.8755087844124,11,9,-2,True
163,2025-11-19 12:00:00,40,2779.8313796537645,2592.217691431973,11,9,-2,True
164,2025-11-19 13:00:00,40,2780.224398972002,2594.093547003542,11,9,-2,True
165,2025-11-19 14:00:00,40,2778.531166811819,2585.816984320595,11,9,-2,True
166,2025-11-19 15:00:00,40,2776.341517336536,2574.214305941063,11,9,-2,True
167,2025-11-19 16:00:00,40,2774.087741641112,2560.7501796099923,11,9,-2,True
0,2025-11-12 17:00:00,41,2779.1647636551165,2726.1570095392563,10,8,-2,True
1,2025-11-12 18:00:00,41,2783.760602537529,2735.917413158614,10,8,-2,True
2,2025-11-12 19:00:00,41,2788.1792567518296,2745.033459478463,10,8,-2,True
3,2025-11-12 20:00:00,41,2794.5999472197345,2758.283827773728,10,8,-2,True
4,2025-11-12 21:00:00,41,2594.452679448548,2562.461971134518,11,8,-3,True
5,2025-11-12 22:00:00,41,2531.840545842725,2512.532140125767,10,8,-2,True
6,2025-11-12 23:00:00,41,2533.433998667032,2514.996250480109,10,8,-2,True
7,2025-11-13 00:00:00,41,2540.400778666856,2525.769293333526,10,8,-2,True
8,2025-11-13 01:00:00,41,2385.7765427360173,2372.01467221656,11,8,-3,True
9,2025-11-13 02:00:00,41,2385.9666484058907,2374.7596791068995,11,8,-3,True
10,2025-11-13 03:00:00,41,2385.833682180657,2372.8390784522594,11,8,-3,True
11,2025-11-13 04:00:00,41,2539.665163328248,2524.6277720510207,10,8,-2,True
12,2025-11-13 05:00:00,41,2594.169090699524,2562.425838393853,11,8,-3,True
13,2025-11-13 06:00:00,41,2792.486910763975,2753.6920955205287,10,8,-2,True
14,2025-11-13 07:00:00,41,2792.052296352927,2752.828137495501,10,8,-2,True
15,2025-11-13 08:00:00,41,2789.6351179050457,2747.9840005187984,10,8,-2,True
16,2025-11-13 09:00:00,41,2785.0970001279497,2738.700926520332,10,8,-2,True
17,2025-11-13 10:00:00,41,2781.0718300836884,2730.243691879554,10,8,-2,True
18,2025-11-13 11:00:00,41,2779.732161922879,2727.3785052342246,10,8,-2,True
19,2025-11-13 12:00:00,41,2779.2026641150383,2726.23875225172,10,8,-2,True
20,2025-11-13 13:00:00,41,2779.3036803130235,2726.4565156421927,10,8,-2,True
21,2025-11-13 14:00:00,41,2778.518833630156,2724.76053450921,10,8,-2,True
22,2025-11-13 15:00:00,41,2775.658038833312,2718.496971913921,10,8,-2,True
23,2025-11-13 16:00:00,41,2778.2901244360924,2724.264544471268,10,8,-2,True
24,2025-11-13 17:00:00,41,2777.4354326737493,2722.4038226569423,10,8,-2,True
25,2025-11-13 18:00:00,41,2776.6526090292923,2720.6894268624187,10,8,-2,True
26,2025-11-13 19:00:00,41,2779.9961370048013,2727.945156289703,10,8,-2,True
27,2025-11-13 20:00:00,41,2785.20574689672,2738.926398560196,10,8,-2,True
28,2025-11-13 21:00:00,41,2789.57672978581,2747.8661521025992,10,8,-2,True
29,2025-11-13 22:00:00,41,2794.1565920162902,2757.292659757273,10,8,-2,True
30,2025-11-13 23:00:00,41,2795.32829292749,2759.944105426628,10,8,-2,True
31,2025-11-14 00:00:00,41,2795.3644722538693,2760.027751792223,10,8,-2,True
32,2025-11-14 01:00:00,41,2592.815619394501,2560.451383218007,11,8,-3,True
33,2025-11-14 02:00:00,41,2593.265684122773,2561.40007147089,11,8,-3,True
34,2025-11-14 03:00:00,41,2592.589770813818,2559.974231965843,11,8,-3,True
35,2025-11-14 04:00:00,41,2792.58962830261,2753.8959779182,10,8,-2,True
36,2025-11-14 05:00:00,41,2779.9584577813566,2727.8643368327653,10,8,-2,True
37,2025-11-14 06:00:00,41,2768.6665284920527,2702.5895320587724,11,8,-3,True
38,2025-11-14 07:00:00,41,2766.8560415878856,2698.313115367613,11,8,-3,True
39,2025-11-14 08:00:00,41,2767.558287775883,2699.9802373845205,11,8,-3,True
40,2025-11-14 09:00:00,41,2770.709590374297,2707.3334017825287,10,8,-2,True
41,2025-11-14 10:00:00,41,2774.8650042929644,2716.737004675228,10,8,-2,True
42,2025-11-14 11:00:00,41,2776.549611376368,2720.463127090974,10,8,-2,True
43,2025-11-14 12:00:00,41,2778.924481535812,2725.638270288005,10,8,-2,True
44,2025-11-14 13:00:00,41,2776.549611376368,2720.463127090974,10,8,-2,True
45,2025-11-14 14:00:00,41,2774.760661254656,2716.5046452182723,10,8,-2,True
46,2025-11-14 15:00:00,41,2771.8467334410816,2709.938255060206,10,8,-2,True
47,2025-11-14 16:00:00,41,2770.090332152521,2705.904352970925,10,8,-2,True
48,2025-11-14 17:00:00,41,2772.378679992128,2711.148414240626,10,8,-2,True
49,2025-11-14 18:00:00,41,2775.60617597519,2718.382196369149,10,8,-2,True
50,2025-11-14 19:00:00,41,2780.809951181473,2729.685656817028,10,8,-2,True
51,2025-11-14 20:00:00,41,2782.976830024452,2734.2738372320464,10,8,-2,True
52,2025-11-14 21:00:00,41,2786.024503195712,2740.619086985215,10,8,-2,True
53,2025-11-14 22:00:00,41,2788.6506791684983,2745.991648900985,10,8,-2,True
54,2025-11-14 23:00:00,41,2793.788226539797,2756.478755116526,10,8,-2,True
55,2025-11-15 00:00:00,41,2794.9139408883043,2758.994320693744,10,8,-2,True
56,2025-11-15 01:00:00,41,2795.211619152494,2759.675165129845,10,8,-2,True
57,2025-11-15 02:00:00,41,2592.77222932832,2560.359769394192,11,8,-3,True
58,2025-11-15 03:00:00,41,2794.300921168629,2757.6138673030914,10,8,-2,True
59,2025-11-15 04:00:00,41,2792.992853937737,2754.7471410688563,10,8,-2,True
60,2025-11-15 05:00:00,41,2789.6351179050457,2747.9840005187984,10,8,-2,True
61,2025-11-15 06:00:00,41,2784.077696018181,2736.5800100991714,10,8,-2,True
62,2025-11-15 07:00:00,41,2780.859872132838,2729.7921090645,10,8,-2,True
63,2025-11-15 08:00:00,41,2781.48232753679,2731.116439484534,10,8,-2,True
64,2025-11-15 09:00:00,41,2782.878533665188,2734.0671197140787,10,8,-2,True
65,2025-11-15 10:00:00,41,2785.9284427464013,2740.420937172809,10,8,-2,True
66,2025-11-15 11:00:00,41,2786.8501205817342,2742.317326425805,10,8,-2,True
67,2025-11-15 12:00:00,41,2786.6471896105486,2741.90070588197,10,8,-2,True
68,2025-11-15 13:00:00,41,2787.1122710137006,2742.854764824997,10,8,-2,True
69,2025-11-15 14:00:00,41,2781.5444149445866,2731.248232983329,10,8,-2,True
70,2025-11-15 15:00:00,41,2774.773708440413,2716.533709914157,10,8,-2,True
71,2025-11-15 16:00:00,41,2773.633980979039,2713.9836781608365,10,8,-2,True
72,2025-11-15 17:00:00,41,2776.020533197674,2719.2979462610306,10,8,-2,True
73,2025-11-15 18:00:00,41,2780.7974680544626,2729.659031970622,10,8,-2,True
74,2025-11-15 19:00:00,41,2785.3747306673918,2739.2764600506343,10,8,-2,True
75,2025-11-15 20:00:00,41,2790.565745536851,2749.856968102012,10,8,-2,True
76,2025-11-15 21:00:00,41,2794.396181917148,2757.8266267292324,10,8,-2,True
77,2025-11-15 22:00:00,41,2593.9106338799475,2562.375904659964,11,8,-3,True
78,2025-11-15 23:00:00,41,2594.13749015804,2562.420578098204,11,8,-3,True
79,2025-11-16 00:00:00,41,2594.4465236577357,2562.4614046422,11,8,-3,True
80,2025-11-16 01:00:00,41,2594.363082289396,2562.452754680113,11,8,-3,True
81,2025-11-16 02:00:00,41,2594.282135834825,2562.442662669893,11,8,-3,True
82,2025-11-16 03:00:00,41,2594.7411041072114,2562.4770585672827,11,8,-3,True
83,2025-11-16 04:00:00,41,2594.9369061083776,2562.473868984068,11,8,-3,True
84,2025-11-16 05:00:00,41,2594.3785819168943,2562.4544972807053,11,8,-3,True
85,2025-11-16 06:00:00,41,2592.7288191064954,2560.2680861244844,11,8,-3,True
86,2025-11-16 07:00:00,41,2791.374546366744,2751.4766306381,10,8,-2,True
87,2025-11-16 08:00:00,41,2789.0031249885933,2746.7062686574136,10,8,-2,True
88,2025-11-16 09:00:00,41,2788.0965816717867,2744.865141374148,10,8,-2,True
89,2025-11-16 10:00:00,41,2786.6949663637656,2741.9988387152307,10,8,-2,True
90,2025-11-16 11:00:00,41,2786.431978482354,2741.458309687939,10,8,-2,True
91,2025-11-16 12:00:00,41,2785.471195724487,2739.4761286566622,10,8,-2,True
92,2025-11-16 13:00:00,41,2782.669413359117,2733.6268981725657,10,8,-2,True
93,2025-11-16 14:00:00,41,2779.505487395056,2726.8910978786244,10,8,-2,True
94,2025-11-16 15:00:00,41,2773.4496989877457,2713.569226106521,10,8,-2,True
95,2025-11-16 16:00:00,41,2770.306035719206,2706.402983333429,10,8,-2,True
96,2025-11-16 17:00:00,41,2770.454140305043,2706.74481745363,10,8,-2,True
97,2025-11-16 18:00:00,41,2770.7901624186998,2707.51878470565,10,8,-2,True
98,2025-11-16 19:00:00,41,2775.3465686886248,2717.8069945072034,10,8,-2,True
99,2025-11-16 20:00:00,41,2778.442639882887,2724.5953864509315,10,8,-2,True
100,2025-11-16 21:00:00,41,2782.1513567316038,2732.533729568898,10,8,-2,True
101,2025-11-16 22:00:00,41,2784.2237918569504,2736.884840211648,10,8,-2,True
102,2025-11-16 23:00:00,41,2786.838192166012,2742.292851440124,10,8,-2,True
103,2025-11-17 00:00:00,41,2789.57672978581,2747.8661521025992,10,8,-2,True
104,2025-11-17 01:00:00,41,2789.7751416383885,2748.2664560501453,10,8,-2,True
105,2025-11-17 02:00:00,41,2790.264029496303,2749.2508420504814,10,8,-2,True
106,2025-11-17 03:00:00,41,2789.3897101001985,2747.488408199052,10,8,-2,True
107,2025-11-17 04:00:00,41,2783.748391511414,2735.8918701569164,10,8,-2,True
108,2025-11-17 05:00:00,41,2770.1173131847654,2705.966773975047,10,8,-2,True
109,2025-11-17 06:00:00,41,2760.15913489528,2678.234550251404,11,8,-3,True
110,2025-11-17 07:00:00,41,2757.8708084267423,2669.282625690809,11,8,-3,True
111,2025-11-17 08:00:00,41,2757.47363325437,2667.6977032782997,11,8,-3,True
112,2025-11-17 09:00:00,41,2760.7220363941296,2680.39255222675,11,8,-3,True
113,2025-11-17 10:00:00,41,2762.795896594188,2688.2060125066337,11,8,-3,True
114,2025-11-17 11:00:00,41,2764.7283080077464,2693.1937115134706,11,8,-3,True
115,2025-11-17 12:00:00,41,2764.011975399404,2691.4460598239566,11,8,-3,True
116,2025-11-17 13:00:00,41,2761.5121768884,2683.394303569736,11,8,-3,True
117,2025-11-17 14:00:00,41,2757.3999638245023,2667.402656130931,11,8,-3,True
118,2025-11-17 15:00:00,41,2800.2726194763886,2646.998720879444,10,8,-2,True
119,2025-11-17 16:00:00,41,2796.8753230621,2630.6915259017605,10,8,-2,True
120,2025-11-17 17:00:00,41,2799.477720869168,2643.298075874988,10,8,-2,True
121,2025-11-17 18:00:00,41,2800.574994367001,2648.389840288326,10,8,-2,True
122,2025-11-17 19:00:00,41,2755.6803557399103,2660.416010195123,11,8,-3,True
123,2025-11-17 20:00:00,41,2758.720366848434,2672.640950377389,11,8,-3,True
124,2025-11-17 21:00:00,41,2765.3992488707927,2694.8193907393597,11,8,-3,True
125,2025-11-17 22:00:00,41,2769.968853482555,2705.623131145845,11,8,-3,True
126,2025-11-17 23:00:00,41,2778.772505267566,2725.3097201559885,10,8,-2,True
127,2025-11-18 00:00:00,41,2780.834913968193,2729.7388923650474,10,8,-2,True
128,2025-11-18 01:00:00,41,2781.48232753679,2731.116439484534,10,8,-2,True
129,2025-11-18 02:00:00,41,2782.361287966323,2732.977161131762,10,8,-2,True
130,2025-11-18 03:00:00,41,2784.187282973984,2736.808690716083,10,8,-2,True
131,2025-11-18 04:00:00,41,2778.873841649449,2725.528833403435,10,8,-2,True
132,2025-11-18 05:00:00,41,2764.686269671827,2693.0914948523528,11,8,-3,True
133,2025-11-18 06:00:00,41,2798.255342355569,2637.475868876817,10,8,-2,True
134,2025-11-18 07:00:00,41,2796.520903717216,2628.909597789685,10,8,-2,True
135,2025-11-18 08:00:00,41,2796.742515233449,2630.0257888638707,10,8,-2,True
136,2025-11-18 09:00:00,41,2755.3668830040388,2659.1208683464783,11,8,-3,True
137,2025-11-18 10:00:00,41,2757.517817118327,2667.874498483121,11,8,-3,True
138,2025-11-18 11:00:00,41,2760.462506893916,2679.3996489873107,11,8,-3,True
139,2025-11-18 12:00:00,41,2759.884108542094,2677.174090151791,11,8,-3,True
140,2025-11-18 13:00:00,41,2757.0015070987097,2665.8009227453176,11,8,-3,True
141,2025-11-18 14:00:00,41,2799.738343275573,2644.518520135657,10,8,-2,True
142,2025-11-18 15:00:00,41,2794.25636175678,2617.087893331513,10,8,-2,True
143,2025-11-18 16:00:00,41,2789.512956959621,2589.019520038096,10,8,-2,True
144,2025-11-18 17:00:00,41,2791.223248946704,2599.784083413089,10,8,-2,True
145,2025-11-18 18:00:00,41,2794.780870340876,2619.898203670923,10,8,-2,True
146,2025-11-18 19:00:00,41,2797.478832089986,2633.6877059757585,10,8,-2,True
147,2025-11-18 20:00:00,41,2755.247288883989,2658.624921996679,11,8,-3,True
148,2025-11-18 21:00:00,41,2763.5465548499365,2690.303765095167,11,8,-3,True
149,2025-11-18 22:00:00,41,2768.1613698335946,2701.4033990127805,11,8,-3,True
150,2025-11-18 23:00:00,41,2774.8258848789856,2716.649912206448,10,8,-2,True
151,2025-11-19 00:00:00,41,2776.304681952542,2719.9242916533467,10,8,-2,True
152,2025-11-19 01:00:00,41,2776.472312406308,2720.2931777505505,10,8,-2,True
153,2025-11-19 02:00:00,41,2775.683962946085,2718.554326698993,10,8,-2,True
154,2025-11-19 03:00:00,41,2776.407863353332,2720.151405929994,10,8,-2,True
155,2025-11-19 04:00:00,41,2771.9799100030064,2710.2417207525764,10,8,-2,True
156,2025-11-19 05:00:00,41,2758.002960777858,2669.8078458035448,11,8,-3,True
157,2025-11-19 06:00:00,41,2792.0635129927136,2604.779112893525,10,8,-2,True
158,2025-11-19 07:00:00,41,2790.870462623227,2597.633302591169,10,8,-2,True
159,2025-11-19 08:00:00,41,2791.0546286934755,2598.760236597085,10,8,-2,True
160,2025-11-19 09:00:00,41,2793.609425015107,2613.5549012279444,10,8,-2,True
161,2025-11-19 10:00:00,41,2794.780870340876,2619.898203670923,10,8,-2,True
162,2025-11-19 11:00:00,41,2794.960276817982,2620.848904668046,10,8,-2,True
163,2025-11-19 12:00:00,41,2796.43216615986,2628.460767665732,10,8,-2,True
164,2025-11-19 13:00:00,41,2796.963795440135,2631.1337166079347,10,8,-2,True
165,2025-11-19 14:00:00,41,2794.676116489914,2619.3406485093624,10,8,-2,True
166,2025-11-19 15:00:00,41,2791.727973370008,2602.805145511678,10,8,-2,True
167,2025-11-19 16:00:00,41,2788.7049894710835,2583.599031994864,10,8,-2,True
0,2025-11-12 17:00:00,44,2966.799136498165,2902.378521405957,9,6,-3,True
1,2025-11-12 18:00:00,44,2973.7409665172645,2917.322539849711,9,6,-3,True
2,2025-11-12 19:00:00,44,2980.4415714418874,2931.3093011781957,9,6,-3,True
3,2025-11-12 20:00:00,44,2990.134125793822,2951.847401335536,9,6,-3,True
4,2025-11-12 21:00:00,44,2576.724155814928,2546.258493758592,13,9,-4,True
5,2025-11-12 22:00:00,44,2503.106110879244,2476.8505172586847,11,9,-2,True
6,2025-11-12 23:00:00,44,2505.293393512748,2480.330073429719,11,9,-2,True
7,2025-11-13 00:00:00,44,2514.9058037787845,2495.583886459336,11,9,-2,True
8,2025-11-13 01:00:00,44,2362.4440294304486,2345.5761911506856,12,9,-3,True
9,2025-11-13 02:00:00,44,2362.7771134701097,2349.3470159383955,12,9,-3,True
10,2025-11-13 03:00:00,44,2362.5437850758603,2346.70852781364,12,9,-3,True
11,2025-11-13 04:00:00,44,2513.88597384042,2493.9635377361155,11,9,-2,True
12,2025-11-13 05:00:00,44,2576.1865340097565,2546.034446018488,13,9,-4,True
13,2025-11-13 06:00:00,44,2987.000760024217,2944.626791916763,9,6,-3,True
14,2025-11-13 07:00:00,44,2986.3377155521075,2943.2963650777856,9,6,-3,True
15,2025-11-13 08:00:00,44,2982.655310424948,2935.843521524885,9,6,-3,True
16,2025-11-13 09:00:00,44,2975.764704003134,2921.589971237188,9,6,-3,True
17,2025-11-13 10:00:00,44,2969.6764198936885,2908.6321103847367,9,6,-3,True
18,2025-11-13 11:00:00,44,2967.6547247268672,2904.247213355797,9,6,-3,True
19,2025-11-13 12:00:00,44,2966.856274803399,2902.5035621798247,9,6,-3,True
20,2025-11-13 13:00:00,44,2967.008574303287,2902.836680656338,9,6,-3,True
21,2025-11-13 14:00:00,44,2965.8256098699885,2900.242620090054,9,6,-3,True
22,2025-11-13 15:00:00,44,2961.519922505653,2890.668315008185,9,6,-3,True
23,2025-11-13 16:00:00,44,2965.4810278792947,2899.484125678079,9,6,-3,True
24,2025-11-13 17:00:00,44,2964.193874872932,2896.6391497707614,9,6,-3,True
25,2025-11-13 18:00:00,44,2963.015719015348,2894.018623888643,9,6,-3,True
26,2025-11-13 19:00:00,44,2968.0529123948663,2905.114235712158,9,6,-3,True
27,2025-11-13 20:00:00,44,2975.929487611785,2921.9357661511863,9,6,-3,True
28,2025-11-13 21:00:00,44,2982.566467799412,2935.6623451417727,9,6,-3,True
29,2025-11-13 22:00:00,44,2989.4840449734984,2950.289940618789,9,6,-3,True
30,2025-11-13 23:00:00,44,2991.193310875017,2954.449695110658,9,6,-3,True
31,2025-11-14 00:00:00,44,2991.24560565207,2954.5805688453675,9,6,-3,True
32,2025-11-14 01:00:00,44,2574.053719604851,2542.9369105528144,13,9,-4,True
33,2025-11-14 02:00:00,44,2574.691136371357,2544.2927236193345,13,9,-4,True
34,2025-11-14 03:00:00,44,2573.734004351083,2542.255177122301,13,9,-4,True
35,2025-11-14 04:00:00,44,2987.157507700472,2944.940809982172,9,6,-3,True
36,2025-11-14 05:00:00,44,2967.996070664369,2904.9905699381734,9,6,-3,True
37,2025-11-14 06:00:00,44,2951.0362739119505,2866.385396233657,9,6,-3,True
38,2025-11-14 07:00:00,44,2948.3299624731303,2859.8628770497776,9,6,-3,True
39,2025-11-14 08:00:00,44,2949.379281774912,2862.4054300123616,9,6,-3,True
40,2025-11-14 09:00:00,44,2954.0943177178383,2873.6230989262594,9,6,-3,True
41,2025-11-14 10:00:00,44,2960.328050187477,2887.9796192820004,9,6,-3,True
42,2025-11-14 11:00:00,44,2962.860760640837,2893.672764963709,9,6,-3,True
43,2025-11-14 12:00:00,44,2966.436930867044,2901.585053524718,9,6,-3,True
44,2025-11-14 13:00:00,44,2962.860760640837,2893.672764963709,9,6,-3,True
45,2025-11-14 14:00:00,44,2960.1712840515625,2887.6246905424314,9,6,-3,True
46,2025-11-14 15:00:00,44,2955.798311568303,2877.598535642849,9,6,-3,True
47,2025-11-14 16:00:00,44,2953.166950623756,2871.442522775019,9,6,-3,True
48,2025-11-14 17:00:00,44,2956.5959083449343,2879.4457760250875,9,6,-3,True
49,2025-11-14 18:00:00,44,2961.441954298393,2890.4929536456334,9,6,-3,True
50,2025-11-14 19:00:00,44,2969.2810408135947,2907.777906259645,9,6,-3,True
51,2025-11-14 20:00:00,44,2972.5551873277464,2914.804012753517,9,6,-3,True
52,2025-11-14 21:00:00,44,2977.1706645801914,2924.5323595347995,9,6,-3,True
53,2025-11-14 22:00:00,44,2981.1580663037453,2932.7813750264554,9,6,-3,True
54,2025-11-14 23:00:00,44,2988.941240057131,2949.008998794008,9,6,-3,True
55,2025-11-15 00:00:00,44,2990.5921784204074,2952.9620645028926,9,6,-3,True
56,2025-11-15 01:00:00,44,2991.02444885429,2954.028752831774,9,6,-3,True
57,2025-11-15 02:00:00,44,2573.9922881563125,2542.806007110924,13,9,-4,True
58,2025-11-15 03:00:00,44,2989.6960748100646,2950.794970196197,9,6,-3,True
59,2025-11-15 04:00:00,44,2987.761914345465,2946.2781232625603,9,6,-3,True
60,2025-11-15 05:00:00,44,2982.655310424948,2935.843521524885,9,6,-3,True
61,2025-11-15 06:00:00,44,2974.2209320684524,2918.338126649774,9,6,-3,True
62,2025-11-15 07:00:00,44,2969.3564036952544,2907.9408494702616,9,6,-3,True
63,2025-11-15 08:00:00,44,2970.29635506736,2909.968241049203,9,6,-3,True
64,2025-11-15 09:00:00,44,2972.406530498896,2914.487313461525,9,6,-3,True
65,2025-11-15 10:00:00,44,2977.0249960826886,2924.228340797493,9,6,-3,True
66,2025-11-15 11:00:00,44,2978.4231785457746,2927.1385701863296,9,6,-3,True
67,2025-11-15 12:00:00,44,2978.115231532224,2926.499097069804,9,6,-3,True
68,2025-11-15 13:00:00,44,2978.821076177127,2927.963589430134,9,6,-3,True
69,2025-11-15 14:00:00,44,2970.390138444912,2910.170029834967,9,6,-3,True
70,2025-11-15 15:00:00,44,2960.190885607516,2887.6690862505934,9,6,-3,True
71,2025-11-15 16:00:00,44,2958.479334473373,2883.7745701926183,9,6,-3,True
72,2025-11-15 17:00:00,44,2962.064966814217,2891.8921711208877,9,6,-3,True
73,2025-11-15 18:00:00,44,2969.262196223089,2907.7371529343354,9,6,-3,True
74,2025-11-15 19:00:00,44,2976.185580058699,2922.4726745952294,9,6,-3,True
75,2025-11-15 20:00:00,44,2984.0720211648368,2938.723815452042,9,6,-3,True
76,2025-11-15 21:00:00,44,2989.8358100017654,2951.12932983236,9,6,-3,True
77,2025-11-15 22:00:00,44,2575.6992234537424,2545.8085146113194,13,9,-4,True
78,2025-11-15 23:00:00,44,2576.126819585712,2546.00790239373,13,9,-4,True
79,2025-11-16 00:00:00,44,2576.712451752408,2546.2539089568086,13,9,-4,True
80,2025-11-16 01:00:00,44,2576.553955456488,2546.1905202863663,13,9,-4,True
81,2025-11-16 02:00:00,44,2576.400463948231,2546.126852234452,13,9,-4,True
82,2025-11-16 03:00:00,44,2577.274322904417,2546.4586601916776,13,9,-4,True
83,2025-11-16 04:00:00,44,2577.64989559276,2546.5773641084647,13,9,-4,True
84,2025-11-16 05:00:00,44,2576.583375682888,2546.202468725089,13,9,-4,True
85,2025-11-16 06:00:00,44,2573.930831841399,2542.675008975095,13,9,-4,True
86,2025-11-16 07:00:00,44,2985.3043225681854,2941.2159000140664,9,6,-3,True
87,2025-11-16 08:00:00,44,2981.693943138074,2933.8795089890677,9,6,-3,True
88,2025-11-16 09:00:00,44,2980.315949973992,2931.050753146681,9,6,-3,True
89,2025-11-16 10:00:00,44,2978.18772740843,2926.6497154984218,9,6,-3,True
90,2025-11-16 11:00:00,44,2977.7887121366853,2925.8201356698405,9,6,-3,True
91,2025-11-16 12:00:00,44,2976.3317889000155,2922.778937574128,9,6,-3,True
92,2025-11-16 13:00:00,44,2972.0903129270337,2913.8129232706133,9,6,-3,True
93,2025-11-16 14:00:00,44,2967.312871217616,2903.50151046618,9,6,-3,True
94,2025-11-16 15:00:00,44,2958.202732042944,2883.1417127571726,9,6,-3,True
95,2025-11-16 16:00:00,44,2953.4899301468977,2872.203350042612,9,6,-3,True
96,2025-11-16 17:00:00,44,2953.7117202692207,2872.724950334394,9,6,-3,True
97,2025-11-16 18:00:00,44,2954.2150080470733,2873.9059929005384,9,6,-3,True
98,2025-11-16 19:00:00,44,2961.051719530567,2889.614164515935,9,6,-3,True
99,2025-11-16 20:00:00,44,2965.710806421593,2899.990060008236,9,6,-3,True
100,2025-11-16 21:00:00,44,2971.307187559031,2912.138530384304,9,6,-3,True
101,2025-11-16 22:00:00,44,2974.442113729452,2918.805402088881,9,6,-3,True
102,2025-11-16 23:00:00,44,2978.405075626641,2927.1010014951444,9,6,-3,True
103,2025-11-17 00:00:00,44,2982.566467799412,2935.6623451417727,9,6,-3,True
104,2025-11-17 01:00:00,44,2982.868389185008,2936.2777852013583,9,6,-3,True
105,2025-11-17 02:00:00,44,2983.612572899709,2937.791522912992,9,6,-3,True
106,2025-11-17 03:00:00,44,2982.2819346526285,2935.0816558731526,9,6,-3,True
107,2025-11-17 04:00:00,44,2973.722486084183,2917.2833921668557,9,6,-3,True
108,2025-11-17 05:00:00,44,2953.207347446342,2871.5377651863823,9,6,-3,True
109,2025-11-17 06:00:00,44,2938.347380706409,2829.8960166265497,9,6,-3,True
110,2025-11-17 07:00:00,44,2934.945873296383,2816.7791614851617,9,6,-3,True
111,2025-11-17 08:00:00,44,2934.3559587939426,2814.455823002609,9,6,-3,True
112,2025-11-17 09:00:00,44,2939.184832058803,2833.056673235297,9,6,-3,True
113,2025-11-17 10:00:00,44,2942.2727156189894,2844.496481127528,9,6,-3,True
114,2025-11-17 11:00:00,44,2945.153638710068,2852.056397492424,9,6,-3,True
115,2025-11-17 12:00:00,44,2944.08528104538,2849.3917503054786,9,6,-3,True
116,2025-11-17 13:00:00,44,2940.36084503019,2837.452292461733,9,6,-3,True
117,2025-11-17 14:00:00,44,2934.246554497657,2814.023277306682,9,6,-3,True
118,2025-11-17 15:00:00,44,3013.291694388686,2784.080150748619,8,7,-1,True
119,2025-11-17 16:00:00,44,3008.344438163168,2760.09837029416,7,7,0,False
120,2025-11-17 17:00:00,44,3012.1332262134315,2778.6422190482995,7,7,0,False
121,2025-11-17 18:00:00,44,3013.732517724756,2786.123723430845,8,7,-1,True
122,2025-11-17 19:00:00,44,2931.6941421374727,2803.7772517917347,9,6,-3,True
123,2025-11-17 20:00:00,44,2936.208165534173,2821.7010840397743,9,6,-3,True
124,2025-11-17 21:00:00,44,2946.1547504502173,2854.535197186024,9,6,-3,True
125,2025-11-17 22:00:00,44,2952.9850786048523,2871.013438444017,9,6,-3,True
126,2025-11-17 23:00:00,44,2966.207875539077,2901.082536700342,9,6,-3,True
127,2025-11-18 00:00:00,44,2969.3187253500737,2907.859391877877,9,6,-3,True
128,2025-11-18 01:00:00,44,2970.29635506736,2909.968241049203,9,6,-3,True
129,2025-11-18 02:00:00,44,2971.6244902525623,2912.81768326284,9,6,-3,True
130,2025-11-18 03:00:00,44,2974.3868384681205,2918.688669149795,9,6,-3,True
131,2025-11-18 04:00:00,44,2966.360604397669,2901.4176669116387,9,6,-3,True
132,2025-11-18 05:00:00,44,2945.090927877945,2851.9005440720607,9,6,-3,True
133,2025-11-18 06:00:00,44,3010.352850422219,2770.08172824264,7,7,0,False
134,2025-11-18 07:00:00,44,3007.8288977048933,2757.474667499152,7,7,0,False
135,2025-11-18 08:00:00,44,3008.151242567412,2759.118219218222,7,7,0,False
136,2025-11-18 09:00:00,44,2931.2291261780542,2801.877148745142,9,6,-3,True
137,2025-11-18 10:00:00,44,2934.42157720818,2814.715003269064,9,6,-3,True
138,2025-11-18 11:00:00,44,2938.798683698085,2831.602507669821,9,6,-3,True
139,2025-11-18 12:00:00,44,2937.9383173799797,2828.3426579685483,9,6,-3,True
140,2025-11-18 13:00:00,44,2933.6548996671067,2811.6749000460045,9,6,-3,True
141,2025-11-18 14:00:00,44,3012.512989581573,2780.4358738269125,7,7,0,False
142,2025-11-18 15:00:00,44,3004.5373802482222,2740.0510214245933,7,7,0,False
143,2025-11-18 16:00:00,44,2997.6563471304803,2698.5435010127107,7,7,0,False
144,2025-11-18 17:00:00,44,3000.1353307736176,2714.4872104447168,7,7,0,False
145,2025-11-18 18:00:00,44,3005.299374185504,2744.1958926181364,7,7,0,False
146,2025-11-18 19:00:00,44,3009.222553316181,2764.50846531762,7,7,0,False
147,2025-11-18 20:00:00,44,2931.051738056001,2801.149480377045,9,6,-3,True
148,2025-11-18 21:00:00,44,2943.3914051909783,2847.650151966361,9,6,-3,True
149,2025-11-18 22:00:00,44,2950.2808268720078,2864.576103687589,9,6,-3,True
150,2025-11-18 23:00:00,44,2960.2692752890352,2887.846584430496,9,6,-3,True
151,2025-11-19 00:00:00,44,2962.4923181634986,2892.849296387191,9,6,-3,True
152,2025-11-19 01:00:00,44,2962.7444737296573,2893.413035103801,9,6,-3,True
153,2025-11-19 02:00:00,44,2961.55889677823,2890.7559463125717,9,6,-3,True
154,2025-11-19 03:00:00,44,2962.647523321054,2893.196373198474,9,6,-3,True
155,2025-11-19 04:00:00,44,2955.997966512259,2878.0617380855983,9,6,-3,True
156,2025-11-19 05:00:00,44,2935.142186462545,2817.5490109407237,9,6,-3,True
157,2025-11-19 06:00:00,44,3001.354092420506,2721.8745268580224,7,7,0,False
158,2025-11-19 07:00:00,44,2999.623797710066,2711.304259298254,7,7,0,False
159,2025-11-19 08:00:00,44,2999.890822604131,2712.972174044693,7,7,0,False
160,2025-11-19 09:00:00,44,3003.597837146432,2734.8376421420376,7,7,0,False
161,2025-11-19 10:00:00,44,3005.299374185504,2744.1958926181364,7,7,0,False
162,2025-11-19 11:00:00,44,3005.5600640343832,2745.597651187309,7,7,0,False
163,2025-11-19 12:00:00,44,3007.699836275385,2756.8137076555963,7,7,0,False
164,2025-11-19 13:00:00,44,3008.473147328328,2760.749348218248,7,7,0,False
165,2025-11-19 14:00:00,44,3005.147172039892,2743.3737107820566,7,7,0,False
166,2025-11-19 15:00:00,44,3000.867341585819,2718.955959144784,7,7,0,False
167,2025-11-19 16:00:00,44,2996.4860233851427,2690.502093681328,7,7,0,False
0,2025-11-12 17:00:00,47,3033.8432953952183,2072.1216676541712,7,17,10,True
1,2025-11-12 18:00:00,47,3043.017495920566,2098.3450161365013,7,17,10,True
2,2025-11-12 19:00:00,47,3051.858114683491,2123.01206298363,7,17,10,True
3,2025-11-12 20:00:00,47,3067.0163128529216,2162.242404095012,7,17,10,True
4,2025-11-12 21:00:00,47,3034.9322667964743,2154.794497777944,7,16,9,True
5,2025-11-12 22:00:00,47,2545.914580480304,1739.2747469580077,9,19,10,True
6,2025-11-12 23:00:00,47,2547.608351199206,1743.5403381793392,9,19,10,True
7,2025-11-13 00:00:00,47,2555.223305412849,1762.455003524165,9,19,10,True
8,2025-11-13 01:00:00,47,2526.259873003902,1756.855747675782,9,18,9,True
9,2025-11-13 02:00:00,47,2523.932317071928,1762.043062714524,9,18,9,True
10,2025-11-13 03:00:00,47,2525.5636997163647,1758.412658195616,9,18,9,True
11,2025-11-13 04:00:00,47,2554.3993378287464,1760.4220310726714,9,19,10,True
12,2025-11-13 05:00:00,47,3035.571367041248,2156.1395393258017,7,16,9,True
13,2025-11-13 06:00:00,47,3060.497694784878,2146.62582964973,7,17,10,True
14,2025-11-13 07:00:00,47,3059.6250128402294,2144.260757446514,7,17,10,True
15,2025-11-13 08:00:00,47,3054.775609295625,2131.0371317403105,7,17,10,True
16,2025-11-13 09:00:00,47,3045.6891156988645,2105.857600783505,7,17,10,True
17,2025-11-13 10:00:00,47,3037.64772763203,2083.0799205414623,7,17,10,True
18,2025-11-13 11:00:00,47,3034.9748541362023,2075.3939861412528,7,17,10,True
19,2025-11-13 12:00:00,47,3033.918870892386,2072.340572269513,7,17,10,True
20,2025-11-13 13:00:00,47,3034.1203088439524,2072.923791657249,7,17,10,True
21,2025-11-13 14:00:00,47,3032.555476618851,2068.383680038264,7,18,11,True
22,2025-11-13 15:00:00,47,3026.856191185935,2051.656047552255,7,18,11,True
23,2025-11-13 16:00:00,47,3032.099578829871,2067.056825611185,7,18,11,True
24,2025-11-13 17:00:00,47,3030.396287315657,2062.082632329624,7,18,11,True
25,2025-11-13 18:00:00,47,3028.836778390376,2057.504422457512,7,18,11,True
26,2025-11-13 19:00:00,47,3035.501398621057,2076.912887189523,7,17,10,True
27,2025-11-13 20:00:00,47,3045.9065947241907,2106.466856216633,7,17,10,True
28,2025-11-13 21:00:00,47,3054.658554852275,2130.716185909836,7,17,10,True
29,2025-11-13 22:00:00,47,3065.537598557323,2158.738154828249,7,17,10,True
30,2025-11-13 23:00:00,47,3069.5464232844733,2168.226934734555,7,16,9,True
31,2025-11-14 00:00:00,47,3069.675769217084,2168.5325164742712,7,16,9,True
32,2025-11-14 01:00:00,47,3034.291708613061,2152.066805491788,7,16,9,True
33,2025-11-14 02:00:00,47,3035.425182112417,2155.1305580719286,7,16,9,True
34,2025-11-14 03:00:00,47,3033.723194005873,2150.5275722582537,7,16,9,True
35,2025-11-14 04:00:00,47,3060.7039800422926,2147.1842570232848,7,17,10,True
36,2025-11-14 05:00:00,47,3035.426236882213,2076.6962173776456,7,17,10,True
37,2025-11-14 06:00:00,47,3012.9555306294387,2009.4116462504253,7,18,11,True
38,2025-11-14 07:00:00,47,3009.3617458981957,1998.1023733336117,7,18,11,True
39,2025-11-14 08:00:00,47,3010.755424758985,2002.5091733503596,7,18,11,True
40,2025-11-14 09:00:00,47,3017.013750873921,2021.9783804918327,7,18,11,True
41,2025-11-14 10:00:00,47,3025.2775349110843,2046.9663819199895,7,18,11,True
42,2025-11-14 11:00:00,47,3028.6316299355717,2056.900436206188,7,18,11,True
43,2025-11-14 12:00:00,47,3033.364190572809,2070.732761844073,7,17,10,True
44,2025-11-14 13:00:00,47,3028.6316299355717,2056.900436206188,7,18,11,True
45,2025-11-14 14:00:00,47,3025.0698627378324,2046.347555413669,7,18,11,True
46,2025-11-14 15:00:00,47,3019.2738359242985,2028.8892819825207,7,18,11,True
47,2025-11-14 16:00:00,47,3015.783372543027,2018.1902474961205,7,18,11,True
48,2025-11-14 17:00:00,47,3020.3314223450875,2032.1026619921493,7,18,11,True
49,2025-11-14 18:00:00,47,3026.752934312129,2051.3500781351536,7,18,11,True
50,2025-11-14 19:00:00,47,3037.1251009276148,2081.581823569252,7,17,10,True
51,2025-11-14 20:00:00,47,3041.4514834510524,2093.916539060878,7,17,10,True
52,2025-11-14 21:00:00,47,3047.544397046976,2111.0442501329835,7,17,10,True
53,2025-11-14 22:00:00,47,3052.802564913104,2125.6158642931973,7,17,10,True
54,2025-11-14 23:00:00,47,3064.3397651263845,2155.895724999249,7,17,10,True
55,2025-11-15 00:00:00,47,3068.0905695914366,2164.785056610233,7,16,9,True
56,2025-11-15 01:00:00,47,3069.1318103165227,2167.247173982614,7,16,9,True
57,2025-11-15 02:00:00,47,3034.182471143659,2151.7711820666327,7,16,9,True
58,2025-11-15 03:00:00,47,3066.014340639525,2159.8684922659595,7,17,10,True
59,2025-11-15 04:00:00,47,3061.837136917429,2149.945378979404,7,17,10,True
60,2025-11-15 05:00:00,47,3054.775609295625,2131.0371317403105,7,17,10,True
61,2025-11-15 06:00:00,47,3043.651238578252,2100.131875180576,7,17,10,True
62,2025-11-15 07:00:00,47,3037.2247222112856,2081.86756075946,7,17,10,True
63,2025-11-15 08:00:00,47,3038.467080639627,2085.424038870142,7,17,10,True
64,2025-11-15 09:00:00,47,3041.255126179641,2093.35993746829,7,17,10,True
65,2025-11-15 10:00:00,47,3047.352205446315,2110.5080855646656,7,17,10,True
66,2025-11-15 11:00:00,47,3049.1966470314,2115.6430436164387,7,17,10,True
67,2025-11-15 12:00:00,47,3048.790467503498,2114.514241827668,7,17,10,True
68,2025-11-15 13:00:00,47,3049.7214243753288,2117.0997789142875,7,17,10,True
69,2025-11-15 14:00:00,47,3038.5910211374235,2085.778146607868,7,17,10,True
70,2025-11-15 15:00:00,47,3025.095829842401,2046.4249572601336,7,18,11,True
71,2025-11-15 16:00:00,47,3022.828012283305,2039.6383722452315,7,18,11,True
72,2025-11-15 17:00:00,47,3027.577965811949,2053.7918235580955,7,18,11,True
73,2025-11-15 18:00:00,47,3037.100190208583,2081.510360853076,7,17,10,True
74,2025-11-15 19:00:00,47,3046.244564248623,2107.4129858642864,7,17,10,True
75,2025-11-15 20:00:00,47,3056.641835390219,2136.142689208913,7,17,10,True
76,2025-11-15 21:00:00,47,3066.3314100736434,2160.619956210791,7,17,10,True
77,2025-11-15 22:00:00,47,3036.12097715165,2157.2781732338685,7,16,9,True
78,2025-11-15 23:00:00,47,3035.640201803123,2156.2830919892617,7,16,9,True
79,2025-11-16 00:00:00,47,3034.94655895563,2154.824810379116,7,16,9,True
80,2025-11-16 01:00:00,47,3035.138421064589,2155.2307215717287,7,16,9,True
81,2025-11-16 02:00:00,47,3035.321272767181,2155.615782398859,7,16,9,True
82,2025-11-16 03:00:00,47,3034.240656279631,2153.3156004697653,7,16,9,True
83,2025-11-16 04:00:00,47,3033.7454875612084,2152.2429572014275,7,16,9,True
84,2025-11-16 05:00:00,47,3035.1030430591445,2155.156017450048,7,16,9,True
85,2025-11-16 06:00:00,47,3034.0731897683204,2151.475376554124,7,16,9,True
86,2025-11-16 07:00:00,47,3058.264588895466,2140.565128662545,7,17,10,True
87,2025-11-16 08:00:00,47,3053.508820988411,2127.559241240046,7,17,10,True
88,2025-11-16 09:00:00,47,3051.692508703948,2122.554900825703,7,17,10,True
89,2025-11-16 10:00:00,47,3048.886091767272,2114.780089722159,7,17,10,True
90,2025-11-16 11:00:00,47,3048.359757060205,2113.3160341095904,7,17,10,True
91,2025-11-16 12:00:00,47,3046.437508919678,2107.9527594832543,7,17,10,True
92,2025-11-16 13:00:00,47,3040.8374182598186,2092.1748896848003,7,17,10,True
93,2025-11-16 14:00:00,47,3034.522763283276,2074.087942429585,7,17,10,True
94,2025-11-16 15:00:00,47,3022.461427721937,2038.5361788749944,7,18,11,True
95,2025-11-16 16:00:00,47,3016.211912989829,2019.5117659979828,7,18,11,True
96,2025-11-16 17:00:00,47,3016.50617361022,2020.417884720957,7,18,11,True
97,2025-11-16 18:00:00,47,3017.173856901255,2022.4699606216063,7,18,11,True
98,2025-11-16 19:00:00,47,3026.23610025978,2049.8169866212925,7,18,11,True
99,2025-11-16 20:00:00,47,3032.403590527196,2067.941837206832,7,18,11,True
100,2025-11-16 21:00:00,47,3039.8028097527654,2089.2337810026934,7,17,10,True
101,2025-11-16 22:00:00,47,3043.943259946537,2100.954229546891,7,17,10,True
102,2025-11-16 23:00:00,47,3049.1727702972994,2115.576719552405,7,17,10,True
103,2025-11-17 00:00:00,47,3054.658554852275,2130.716185909836,7,17,10,True
104,2025-11-17 01:00:00,47,3055.0563400395104,2131.806507983772,7,17,10,True
105,2025-11-17 02:00:00,47,3056.036680510322,2134.4894511299744,7,17,10,True
106,2025-11-17 03:00:00,47,3054.2836508947594,2129.687681944334,7,17,10,True
107,2025-11-17 04:00:00,47,3042.993093014532,2098.2761509934426,7,17,10,True
108,2025-11-17 05:00:00,47,3015.8369741701467,2018.3556669254788,7,18,11,True
109,2025-11-17 06:00:00,47,2996.0869135624466,1951.593857413536,7,19,12,True
110,2025-11-17 07:00:00,47,2991.556967010384,1933.375819142296,7,20,13,True
111,2025-11-17 08:00:00,47,2990.771011609498,1930.1487960362756,7,20,13,True
112,2025-11-17 09:00:00,47,2997.2016741673,1955.9837614006944,7,19,12,True
113,2025-11-17 10:00:00,47,3001.310302770692,1971.8741459957312,7,19,12,True
114,2025-11-17 11:00:00,47,3005.1410450010844,1984.5846367037168,7,19,12,True
115,2025-11-17 12:00:00,47,3003.7207417767686,1979.9746097481957,7,19,12,True
116,2025-11-17 13:00:00,47,2998.7667625347035,1962.089147165013,7,19,12,True
117,2025-11-17 14:00:00,47,2990.6252390136096,1929.5479983089797,7,20,13,True
118,2025-11-17 15:00:00,47,3013.530652803297,1887.942774831228,7,20,13,True
119,2025-11-17 16:00:00,47,3006.6870054205283,1854.5812160115104,8,20,12,True
120,2025-11-17 17:00:00,47,3011.9289283412245,1880.381976222571,8,20,12,True
121,2025-11-17 18:00:00,47,3014.140014751831,1890.7836163580955,7,20,13,True
122,2025-11-17 19:00:00,47,2987.22337918194,1915.3152453063544,7,20,13,True
123,2025-11-17 20:00:00,47,2993.238409585433,1940.2119640163917,7,20,13,True
124,2025-11-17 21:00:00,47,3006.4716446969287,1988.8749539358455,7,19,12,True
125,2025-11-17 22:00:00,47,3015.5420446003363,2017.4450447347415,7,18,11,True
126,2025-11-17 23:00:00,47,3033.061188015497,2069.8533140965424,7,17,10,True
127,2025-11-18 00:00:00,47,3037.1749158873417,2081.724714890327,7,17,10,True
128,2025-11-18 01:00:00,47,3038.467080639627,2085.424038870142,7,17,10,True
129,2025-11-18 02:00:00,47,3040.2220308002543,2090.426530401906,7,17,10,True
130,2025-11-18 03:00:00,47,3043.870282699943,2100.7487794980625,7,17,10,True
131,2025-11-18 04:00:00,47,3033.263225030563,2070.43980624041,7,17,10,True
132,2025-11-18 05:00:00,47,3005.057684820683,1984.3149442638785,7,19,12,True
133,2025-11-18 06:00:00,47,3009.466373911915,1868.4751705549484,8,20,12,True
134,2025-11-18 07:00:00,47,3005.973328563545,1850.9281451909883,8,20,12,True
135,2025-11-18 08:00:00,47,3006.419570872596,1853.2166026361576,8,20,12,True
136,2025-11-18 09:00:00,47,2986.603404857401,1912.6754799549467,7,20,13,True
137,2025-11-18 10:00:00,47,2990.85844132512,1930.5087909972144,7,20,13,True
138,2025-11-18 11:00:00,47,2996.6876839012957,1953.964027199112,7,19,12,True
139,2025-11-18 12:00:00,47,2995.5423213524327,1949.4363944128795,7,19,12,True
140,2025-11-18 13:00:00,47,2989.8368462071585,1926.286087668683,7,20,13,True
141,2025-11-18 14:00:00,47,3012.454052495968,1882.876065522076,8,20,12,True
142,2025-11-18 15:00:00,47,3001.4144928100327,1826.6484685650364,8,20,12,True
143,2025-11-18 16:00:00,47,2991.871311827341,1768.6238687499454,8,21,13,True
144,2025-11-18 17:00:00,47,2995.3113548423544,1790.9479451200243,8,20,12,True
145,2025-11-18 18:00:00,47,3002.4702267797843,1832.42772310828,8,20,12,True
146,2025-11-18 19:00:00,47,3007.9023795526077,1860.719962749232,8,20,12,True
147,2025-11-18 20:00:00,47,2986.366889051562,1911.6645146649907,7,20,13,True
148,2025-11-18 21:00:00,47,3002.798105107332,1976.962579813852,7,19,12,True
149,2025-11-18 22:00:00,47,3011.952571769297,2006.2731146719457,7,18,11,True
150,2025-11-18 23:00:00,47,3025.1996751632523,2046.734425917008,7,18,11,True
151,2025-11-19 00:00:00,47,3028.1438212078588,2055.4626133009533,7,18,11,True
152,2025-11-19 01:00:00,47,3028.477673495327,2056.446898103902,7,18,11,True
153,2025-11-19 02:00:00,47,3026.9078058980986,2051.8089514620706,7,18,11,True
154,2025-11-19 03:00:00,47,3028.3493141375448,2056.0685896165173,7,18,11,True
155,2025-11-19 04:00:00,47,3019.5385897921187,2029.694919474202,7,18,11,True
156,2025-11-19 05:00:00,47,2991.818496993898,1934.4450925384865,7,20,13,True
157,2025-11-19 06:00:00,47,2997.0017906202515,1801.2753972102175,8,20,12,True
158,2025-11-19 07:00:00,47,2994.601691933875,1786.495171478104,8,20,12,True
159,2025-11-19 08:00:00,47,2994.9721542669586,1788.8287258360697,8,20,12,True
160,2025-11-19 09:00:00,47,3000.112474329077,1819.3760349863824,8,20,12,True
161,2025-11-19 10:00:00,47,3002.4702267797843,1832.42772310828,8,20,12,True
162,2025-11-19 11:00:00,47,3002.8313608497933,1834.381706758532,8,20,12,True
163,2025-11-19 12:00:00,47,3005.794649996562,1850.0077531916208,8,20,12,True
164,2025-11-19 13:00:00,47,3006.865165832528,1855.4874840651207,8,20,12,True
165,2025-11-19 14:00:00,47,3002.259369403499,1831.2815234532493,8,20,12,True
166,2025-11-19 15:00:00,47,2996.326726689218,1797.1963842760804,8,20,12,True
167,2025-11-19 16:00:00,47,2990.246499101655,1757.344487768492,8,21,13,True
0,2025-11-12 17:00:00,48,2513.403213675999,2087.5613729948823,14,16,2,True
1,2025-11-12 18:00:00,48,2522.640062674533,2113.9218753317355,14,16,2,True
2,2025-11-12 19:00:00,48,2531.562248222317,2138.7342947177176,14,16,2,True
3,2025-11-12 20:00:00,48,2547.1212886286626,2178.231485359887,14,15,1,True
4,2025-11-12 21:00:00,48,2523.9186955471423,2167.313243596422,14,15,1,True
5,2025-11-12 22:00:00,48,1754.986900433952,1446.6695971083404,20,24,4,True
6,2025-11-12 23:00:00,48,1756.476200662266,1450.140162319188,20,24,4,True
7,2025-11-13 00:00:00,48,1763.1793738253275,1465.540576111072,20,24,4,True
8,2025-11-13 01:00:00,48,1746.206391604425,1459.5289432494087,20,24,4,True
9,2025-11-13 02:00:00,48,1745.1262962903477,1463.7490722273417,20,24,4,True
10,2025-11-13 03:00:00,48,1745.8833126422182,1460.7954058477878,20,24,4,True
11,2025-11-13 04:00:00,48,1762.4533818157556,1463.8845758121042,20,24,4,True
12,2025-11-13 05:00:00,48,2524.7481993830143,2169.2102681144274,14,15,1,True
13,2025-11-13 06:00:00,48,2540.302967947787,2162.5017752197773,14,15,1,True
14,2025-11-13 07:00:00,48,2539.419068552383,2160.1206728657394,14,16,2,True
15,2025-11-13 08:00:00,48,2534.5114596857,2146.810018510794,14,16,2,True
16,2025-11-13 09:00:00,48,2525.334076301587,2121.4770728679373,14,16,2,True
17,2025-11-13 10:00:00,48,2517.230996978124,2098.5747311813407,14,16,2,True
18,2025-11-13 11:00:00,48,2514.541335874288,2090.849811950507,14,16,2,True
19,2025-11-13 12:00:00,48,2513.4792175490466,2087.781347065781,14,16,2,True
20,2025-11-13 13:00:00,48,2513.681804259249,2088.3674220252865,14,16,2,True
21,2025-11-13 14:00:00,48,2512.1083138634167,2083.805321813168,14,16,2,True
22,2025-11-13 15:00:00,48,2506.3825683440245,2067.001484255397,14,16,2,True
23,2025-11-13 16:00:00,48,2511.650007872828,2082.472145756184,14,16,2,True
24,2025-11-13 17:00:00,48,2509.938171289336,2077.474676465086,14,16,2,True
25,2025-11-13 18:00:00,48,2508.3714590592804,2072.8756363418006,14,16,2,True
26,2025-11-13 19:00:00,48,2515.0710441990477,2092.3762927148746,14,16,2,True
27,2025-11-13 20:00:00,48,2525.553463026596,2122.089848225717,14,16,2,True
28,2025-11-13 21:00:00,48,2534.393085547679,2146.4870154230093,14,16,2,True
29,2025-11-13 22:00:00,48,2545.5702444572366,2174.7014112845063,14,15,1,True
30,2025-11-13 23:00:00,48,2549.777015913106,2184.2605956217703,14,15,1,True
31,2025-11-14 00:00:00,48,2549.912848612091,2184.568469709325,14,15,1,True
32,2025-11-14 01:00:00,48,2523.713109949185,2165.962814707829,14,15,1,True
33,2025-11-14 02:00:00,48,2524.874480708163,2169.048925937861,14,15,1,True
34,2025-11-14 03:00:00,48,2523.1307624205047,2164.4124486657133,14,15,1,True
35,2025-11-14 04:00:00,48,2540.5119384041086,2163.0640080678845,14,15,1,True
36,2025-11-14 05:00:00,48,2514.995426558935,2092.158537904326,14,16,2,True
37,2025-11-14 06:00:00,48,2492.4492056336626,2024.599325213132,15,17,2,True
38,2025-11-14 07:00:00,48,2488.853940340075,2013.2565664547628,15,17,2,True
39,2025-11-14 08:00:00,48,2490.2478652386458,2017.6759629656212,15,17,2,True
40,2025-11-14 09:00:00,48,2496.5124671134404,2037.2076732533735,15,17,2,True
41,2025-11-14 10:00:00,48,2504.7979627398454,2062.291827578615,14,17,3,True
42,2025-11-14 11:00:00,48,2508.165406824741,2072.268944646941,14,16,2,True
43,2025-11-14 12:00:00,48,2512.921426340682,2086.165711618308,14,16,2,True
44,2025-11-14 13:00:00,48,2508.165406824741,2072.268944646941,14,16,2,True
45,2025-11-14 14:00:00,48,2504.5895517323947,2061.670408517162,14,17,3,True
46,2025-11-14 15:00:00,48,2498.7769433698977,2044.143401346312,15,17,2,True
47,2025-11-14 16:00:00,48,2495.2801774931286,2033.4065136027352,15,17,2,True
48,2025-11-14 17:00:00,48,2499.836980160159,2047.368788548518,14,17,3,True
49,2025-11-14 18:00:00,48,2506.2789042801546,2066.6941920745658,14,16,2,True
50,2025-11-14 19:00:00,48,2516.7049448153234,2097.068912523302,14,16,2,True
51,2025-11-14 20:00:00,48,2521.0618095272,2109.468966782361,14,16,2,True
52,2025-11-14 21:00:00,48,2527.206046325882,2126.693994089077,14,16,2,True
53,2025-11-14 22:00:00,48,2532.5166989180966,2141.3543519282616,14,16,2,True
54,2025-11-14 23:00:00,48,2544.314387022654,2171.8381863606096,14,15,1,True
55,2025-11-15 00:00:00,48,2548.2485891160577,2180.793005328453,14,15,1,True
56,2025-11-15 01:00:00,48,2549.341653080647,2183.273495578314,14,15,1,True
57,2025-11-15 02:00:00,48,2523.601206304419,2165.665047928114,14,15,1,True
58,2025-11-15 03:00:00,48,2546.070220494602,2175.8400562088323,14,15,1,True
59,2025-11-15 04:00:00,48,2541.692111167605,2165.844753047295,14,15,1,True
60,2025-11-15 05:00:00,48,2534.5114596857,2146.810018510794,14,16,2,True
61,2025-11-15 06:00:00,48,2523.278944146566,2115.7187369991057,14,16,2,True
62,2025-11-15 07:00:00,48,2516.8052136582683,2097.356117912101,14,16,2,True
63,2025-11-15 08:00:00,48,2518.055861320957,2100.9310509245406,14,16,2,True
64,2025-11-15 09:00:00,48,2520.8639631462443,2108.9093307037638,14,16,2,True
65,2025-11-15 10:00:00,48,2527.012082178724,2126.15466805267,14,16,2,True
66,2025-11-15 11:00:00,48,2528.873955250787,2131.3202077339047,14,16,2,True
67,2025-11-15 12:00:00,48,2528.463856131953,2130.1846251968773,14,16,2,True
68,2025-11-15 13:00:00,48,2529.4038646514296,2132.785741979331,14,16,2,True
69,2025-11-15 14:00:00,48,2518.180650545866,2101.2870144459357,14,16,2,True
70,2025-11-15 15:00:00,48,2504.6156106651256,2061.748134056129,14,17,3,True
71,2025-11-15 16:00:00,48,2502.340367947888,2054.9338003544244,14,17,3,True
72,2025-11-15 17:00:00,48,2507.107260210601,2069.146565256342,14,16,2,True
73,2025-11-15 18:00:00,48,2516.6798725676445,2096.99708294952,14,16,2,True
74,2025-11-15 19:00:00,48,2525.894422699242,2123.041463075061,14,16,2,True
75,2025-11-15 20:00:00,48,2536.3992648026256,2151.948653514788,14,16,2,True
76,2025-11-15 21:00:00,48,2546.4027870586924,2176.597055014352,14,15,1,True
77,2025-11-15 22:00:00,48,2525.46694569758,2170.838997391116,14,15,1,True
78,2025-11-15 23:00:00,48,2524.837932621656,2169.4143877407846,14,15,1,True
79,2025-11-16 00:00:00,48,2523.9371768212345,2167.355703970945,14,15,1,True
80,2025-11-16 01:00:00,48,2524.1855724928,2167.925537583195,14,15,1,True
81,2025-11-16 02:00:00,48,2524.422829691352,2168.468323422087,14,15,1,True
82,2025-11-16 03:00:00,48,2523.027871674773,2165.256451979668,14,15,1,True
83,2025-11-16 04:00:00,48,2522.394034835308,2163.781282133996,14,15,1,True
84,2025-11-16 05:00:00,48,2524.1397280446545,2167.820487596358,14,15,1,True
85,2025-11-16 06:00:00,48,2523.489261608987,2165.367100215205,14,15,1,True
86,2025-11-16 07:00:00,48,2538.041613676213,2156.400277529773,14,16,2,True
87,2025-11-16 08:00:00,48,2533.2305997650224,2143.309974146881,14,16,2,True
88,2025-11-16 09:00:00,48,2531.3949148293905,2138.274296266416,14,16,2,True
89,2025-11-16 10:00:00,48,2528.5603990344416,2130.4520671048385,14,16,2,True
90,2025-11-16 11:00:00,48,2528.0290393905893,2128.979255592872,14,16,2,True
91,2025-11-16 12:00:00,48,2526.089088377945,2123.584376396426,14,16,2,True
92,2025-11-16 13:00:00,48,2520.443121172282,2107.717849269673,14,16,2,True
93,2025-11-16 14:00:00,48,2514.0865842225617,2089.5372999434635,14,16,2,True
94,2025-11-16 15:00:00,48,2501.972695416063,2053.827221654319,14,17,3,True
95,2025-11-16 16:00:00,48,2495.709345555128,2034.732529519576,15,17,2,True
96,2025-11-16 17:00:00,48,2496.0040606803163,2035.6417611100485,15,17,2,True
97,2025-11-16 18:00:00,48,2496.672846580234,2037.700974136482,15,17,2,True
98,2025-11-16 19:00:00,48,2505.76007017602,2065.1545115132417,14,17,3,True
99,2025-11-16 20:00:00,48,2511.955619754904,2083.3613686141207,14,16,2,True
100,2025-11-16 21:00:00,48,2519.400946706789,2104.760932274431,14,16,2,True
101,2025-11-16 22:00:00,48,2523.573369546494,2116.545722700319,14,16,2,True
102,2025-11-16 23:00:00,48,2528.849846839622,2131.253484355228,14,16,2,True
103,2025-11-17 00:00:00,48,2534.393085547679,2146.4870154230093,14,16,2,True
104,2025-11-17 01:00:00,48,2534.795371636409,2147.584337080211,14,16,2,True
105,2025-11-17 02:00:00,48,2535.7870010905094,2150.284632298877,14,16,2,True
106,2025-11-17 03:00:00,48,2534.0139815445687,2145.4519363722147,14,16,2,True
107,2025-11-17 04:00:00,48,2522.615464034508,2113.8526263525337,14,16,2,True
108,2025-11-17 05:00:00,48,2495.3338554002885,2033.5724932256007,15,17,2,True
109,2025-11-17 06:00:00,48,2475.596855435655,1966.6225770967412,15,18,3,True
110,2025-11-17 07:00:00,48,2471.08095011226,1948.3599571904228,15,18,3,True
111,2025-11-17 08:00:00,48,2470.297828324404,1945.126060899077,15,18,3,True
112,2025-11-17 09:00:00,48,2476.7087674752934,1971.024661197293,15,18,3,True
113,2025-11-17 10:00:00,48,2480.8090102777987,1986.9636628353264,15,17,2,True
114,2025-11-17 11:00:00,48,2484.634987267355,1999.7038440017768,15,17,2,True
115,2025-11-17 12:00:00,48,2483.216102270386,1995.083164027238,15,17,2,True
116,2025-11-17 13:00:00,48,2478.2702672573264,1977.1478939207043,15,18,3,True
117,2025-11-17 14:00:00,48,2470.1525940545785,1944.524018189886,15,18,3,True
118,2025-11-17 15:00:00,48,2492.6486757331068,1902.860116506141,15,19,4,True
119,2025-11-17 16:00:00,48,2485.854988291432,1869.4935904164035,15,19,4,True
120,2025-11-17 17:00:00,48,2491.0578780266387,1895.294753959684,15,19,4,True
121,2025-11-17 18:00:00,48,2493.2540055229824,1905.703175364348,15,19,4,True
122,2025-11-17 19:00:00,48,2466.76442144107,1930.265002299032,15,19,4,True
123,2025-11-17 20:00:00,48,2472.7567228241564,1955.2116894577296,15,18,3,True
124,2025-11-17 21:00:00,48,2485.964635153613,2004.00466307951,15,17,2,True
125,2025-11-17 22:00:00,48,2495.038513975277,2032.658797031433,15,17,2,True
126,2025-11-17 23:00:00,48,2512.616756764261,2085.282013032104,14,16,2,True
127,2025-11-18 00:00:00,48,2516.7550832657794,2097.212537790148,14,16,2,True
128,2025-11-18 01:00:00,48,2518.055861320957,2100.9310509245406,14,16,2,True
129,2025-11-18 02:00:00,48,2519.8231997755665,2105.9600652874337,14,16,2,True
130,2025-11-18 03:00:00,48,2523.4997893829163,2116.3391139516257,14,16,2,True
131,2025-11-18 04:00:00,48,2512.819902784162,2085.8713376989363,14,16,2,True
132,2025-11-18 05:00:00,48,2484.5516988865347,1999.4335102793304,15,17,2,True
133,2025-11-18 06:00:00,48,2488.613041266053,1883.384789566514,15,19,4,True
134,2025-11-18 07:00:00,48,2485.14700763208,1865.842430944845,15,19,4,True
135,2025-11-18 08:00:00,48,2485.589677663655,1868.1296322872763,15,19,4,True
136,2025-11-18 09:00:00,48,2466.147171836479,1927.6210578888536,15,19,4,True
137,2025-11-18 10:00:00,48,2470.384937083604,1945.486807070513,15,18,3,True
138,2025-11-18 11:00:00,48,2476.196060513114,1968.9992548939776,15,18,3,True
139,2025-11-18 12:00:00,48,2475.0537427133872,1964.4593300194135,15,18,3,True
140,2025-11-18 13:00:00,48,2469.367181714856,1941.255539143656,15,18,3,True
141,2025-11-18 14:00:00,48,2491.579367655268,1897.7901322299565,15,19,4,True
142,2025-11-18 15:00:00,48,2480.626672282731,1841.5885842438936,15,19,4,True
143,2025-11-18 16:00:00,48,2471.175575857683,1783.7276678924748,15,19,4,True
144,2025-11-18 17:00:00,48,2474.580670592297,1805.9705407429465,15,19,4,True
145,2025-11-18 18:00:00,48,2481.673167813965,1847.3595711699156,15,19,4,True
146,2025-11-18 19:00:00,48,2487.060870877287,1875.6302471497052,15,19,4,True
147,2025-11-18 20:00:00,48,2465.911714033652,1926.60855036896,15,19,4,True
148,2025-11-18 21:00:00,48,2482.294607678201,1992.064529879952,15,17,2,True
149,2025-11-18 22:00:00,48,2491.4455547717944,2021.451120759168,15,17,2,True
150,2025-11-18 23:00:00,48,2504.7198248019404,2062.0588985606487,14,17,3,True
151,2025-11-19 00:00:00,48,2507.67548974066,2070.8247213695604,14,16,2,True
152,2025-11-19 01:00:00,48,2508.0107787893367,2071.813381551775,14,16,2,True
153,2025-11-19 02:00:00,48,2506.434387548014,2067.155050162377,14,16,2,True
154,2025-11-19 03:00:00,48,2507.8818638566154,2071.433388260576,14,16,2,True
155,2025-11-19 04:00:00,48,2499.04228686144,2044.952021679261,15,17,2,True
156,2025-11-19 05:00:00,48,2471.3415630224417,1949.431576940926,15,18,3,True
157,2025-11-19 06:00:00,48,2476.2546511226037,1816.2683727007611,15,19,4,True
158,2025-11-19 07:00:00,48,2473.8780576141435,1801.532054930992,15,19,4,True
159,2025-11-19 08:00:00,48,2474.2448292796003,1803.8580057976997,15,19,4,True
160,2025-11-19 09:00:00,48,2479.3363119719734,1834.3285022734717,15,19,4,True
161,2025-11-19 10:00:00,48,2481.673167813965,1847.3595711699156,15,19,4,True
162,2025-11-19 11:00:00,48,2482.031186038293,1849.3110644660064,15,19,4,True
163,2025-11-19 12:00:00,48,2484.9697693331914,1864.92259995866,15,19,4,True
164,2025-11-19 13:00:00,48,2486.031740849753,1870.3994618356207,15,19,4,True
165,2025-11-19 14:00:00,48,2481.4641401731305,1846.2149036930527,15,19,4,True
166,2025-11-19 15:00:00,48,2475.5861012032005,1812.200478887494,15,19,4,True
167,2025-11-19 16:00:00,48,2469.567942505262,1772.4987488403058,15,20,5,True
0,2025-11-12 17:00:00,50,1284.332235315212,1283.914999861666,27,27,0,False
1,2025-11-12 18:00:00,50,1283.8738838547956,1283.4251229835563,27,27,0,False
2,2025-11-12 19:00:00,50,1283.4255889729957,1282.951134220398,27,27,0,False
3,2025-11-12 20:00:00,50,1282.7133622466472,1282.2068968002254,27,27,0,False
4,2025-11-12 21:00:00,50,1174.2331644289063,1173.7950899257164,27,27,0,False
5,2025-11-12 22:00:00,50,1168.672715919463,1168.794213342066,27,25,-2,True
6,2025-11-12 23:00:00,50,1168.4756170606847,1168.5834062276103,27,25,-2,True
7,2025-11-13 00:00:00,50,1167.5947949360911,1167.648769377015,27,26,-1,True
8,2025-11-13 01:00:00,50,666.3196129152692,663.0157891891092,36,36,0,False
9,2025-11-13 02:00:00,50,666.7122878677704,664.1533058379916,36,36,0,False
10,2025-11-13 03:00:00,50,666.4371307306399,663.3573344465602,36,36,0,False
11,2025-11-13 04:00:00,50,1167.690190049697,1167.7494311074838,27,26,-1,True
12,2025-11-13 05:00:00,50,1174.4076043448065,1173.9701839274212,27,27,0,False
13,2025-11-13 06:00:00,50,1282.9810255107195,1282.4853508443985,27,27,0,False
14,2025-11-13 07:00:00,50,1283.0262266910895,1282.5325345068186,27,27,0,False
15,2025-11-13 08:00:00,50,1283.2761891172404,1282.7941629613624,27,27,0,False
16,2025-11-13 09:00:00,50,1283.7391029898165,1283.2821214269673,27,27,0,False
17,2025-11-13 10:00:00,50,1284.1429969696271,1283.7120426417796,27,27,0,False
18,2025-11-13 11:00:00,50,1284.2760723317,1283.8546567713431,27,27,0,False
19,2025-11-13 12:00:00,50,1284.3284874742862,1283.910970153496,27,27,0,False
20,2025-11-13 13:00:00,50,1284.3184957784138,1283.9002290567105,27,27,0,False
21,2025-11-13 14:00:00,50,1284.3960284779364,1283.9836558831148,27,27,0,False
22,2025-11-13 15:00:00,50,1284.6767563388166,1284.287314254061,27,27,0,False
23,2025-11-13 16:00:00,50,1284.4185798197518,1284.0079560545073,27,27,0,False
24,2025-11-13 17:00:00,50,1284.5026872742242,1284.0987262318276,27,27,0,False
25,2025-11-13 18:00:00,50,1284.579491951008,1284.1818131835748,27,27,0,False
26,2025-11-13 19:00:00,50,1284.2499029155342,1283.8265713415933,27,27,0,False
27,2025-11-13 20:00:00,50,1283.728105122035,1283.2704722706862,27,27,0,False
28,2025-11-13 21:00:00,50,1283.2821973977807,1282.80046682856,27,27,0,False
29,2025-11-13 22:00:00,50,1282.7736240574186,1282.2694680870247,27,27,0,False
30,2025-11-13 23:00:00,50,1282.6093495567925,1282.0990494783746,27,27,0,False
31,2025-11-14 00:00:00,50,1282.6040006525388,1282.0935084363475,27,27,0,False
32,2025-11-14 01:00:00,50,1174.8891957468506,1174.4654694619803,27,27,0,False
33,2025-11-14 02:00:00,50,1174.7860391848908,1174.3559361924922,27,27,0,False
34,2025-11-14 03:00:00,50,1174.9408809175316,1174.5204061800682,27,27,0,False
35,2025-11-14 04:00:00,50,1282.9703309940558,1282.4741927719535,27,27,0,False
36,2025-11-14 05:00:00,50,1284.2536398493917,1283.8305806559908,27,27,0,False
37,2025-11-14 06:00:00,50,1285.350793533325,1285.0281622947484,27,27,0,False
38,2025-11-14 07:00:00,50,1285.52264741839,1285.2201724527772,27,27,0,False
39,2025-11-14 08:00:00,50,1285.456117734196,1285.1456709153392,27,27,0,False
40,2025-11-14 09:00:00,50,1285.155552234858,1284.8116703403657,27,27,0,False
41,2025-11-14 10:00:00,50,1284.7540606376788,1284.3713966202793,27,27,0,False
42,2025-11-14 11:00:00,50,1284.5895809789463,1284.1927418218145,27,27,0,False
43,2025-11-14 12:00:00,50,1284.3559837498856,1283.9405441820388,27,27,0,False
44,2025-11-14 13:00:00,50,1284.5895809789463,1284.1927418218145,27,27,0,False
45,2025-11-14 14:00:00,50,1284.7642154312225,1284.3824574267733,27,27,0,False
46,2025-11-14 15:00:00,50,1285.0462726713902,1284.6912085273932,27,27,0,False
47,2025-11-14 16:00:00,50,1285.2148786101773,1284.877277086395,27,27,0,False
48,2025-11-14 17:00:00,50,1284.9950010385614,1284.6348574952644,27,27,0,False
49,2025-11-14 18:00:00,50,1284.6818186635755,1284.2928140788442,27,27,0,False
50,2025-11-14 19:00:00,50,1284.1690628561769,1283.7399372463883,27,27,0,False
51,2025-11-14 20:00:00,50,1283.9526120195233,1283.508863251443,27,27,0,False
52,2025-11-14 21:00:00,50,1283.6451542446066,1283.1827012745323,27,27,0,False
53,2025-11-14 22:00:00,50,1283.3773054241797,1282.9003526838276,27,27,0,False
54,2025-11-14 23:00:00,50,1282.8221631943672,1282.3199157763386,27,27,0,False
55,2025-11-15 00:00:00,50,1282.6693413049422,1282.161229875281,27,27,0,False
56,2025-11-15 01:00:00,50,1282.6264742952048,1282.1167926404144,27,27,0,False
57,2025-11-15 02:00:00,50,1174.899129659017,1174.4760253709844,27,27,0,False
58,2025-11-15 03:00:00,50,1282.7542370281185,1282.2493308883058,27,27,0,False
59,2025-11-15 04:00:00,50,1282.92280445867,1282.4246560060856,27,27,0,False
60,2025-11-15 05:00:00,50,1283.2761891172404,1282.7941629613624,27,27,0,False
61,2025-11-15 06:00:00,50,1283.8419658993994,1283.3912177526092,27,27,0,False
62,2025-11-15 07:00:00,50,1284.1640959843985,1283.7346204420642,27,27,0,False
63,2025-11-15 08:00:00,50,1284.1020870712327,1283.6683007155136,27,27,0,False
64,2025-11-15 09:00:00,50,1283.9624691807594,1283.5193591793973,27,27,0,False
65,2025-11-15 10:00:00,50,1283.6548999881995,1283.1930049708276,27,27,0,False
66,2025-11-15 11:00:00,50,1283.5612424934372,1283.094075685666,27,27,0,False
67,2025-11-15 12:00:00,50,1283.581892275473,1283.1158706329738,27,27,0,False
68,2025-11-15 13:00:00,50,1283.5345425969988,1283.0659092959784,27,27,0,False
69,2025-11-15 14:00:00,50,1284.0958940053797,1283.6616829483046,27,27,0,False
70,2025-11-15 15:00:00,50,1284.762945871964,1284.3810743961683,27,27,0,False
71,2025-11-15 16:00:00,50,1284.873622823058,1284.50186287239,27,27,0,False
72,2025-11-15 17:00:00,50,1284.6413467410125,1284.2488690258374,27,27,0,False
73,2025-11-15 18:00:00,50,1284.17030471695,1283.741266708827,27,27,0,False
74,2025-11-15 19:00:00,50,1283.711006206235,1283.2523664941964,27,27,0,False
75,2025-11-15 20:00:00,50,1283.1802372956458,1282.6935888945711,27,27,0,False
76,2025-11-15 21:00:00,50,1282.741321388401,1282.235919281573,27,27,0,False
77,2025-11-15 22:00:00,50,1174.563489867519,1174.1267226721204,27,27,0,False
78,2025-11-15 23:00:00,50,1174.426818062254,1173.9894745950612,27,27,0,False
79,2025-11-16 00:00:00,50,1174.2369904498762,1173.7989294464492,27,27,0,False
80,2025-11-16 01:00:00,50,1174.288676096034,1173.850801141828,27,27,0,False
81,2025-11-16 02:00:00,50,1174.3385080136711,1173.9008189874698,27,27,0,False
82,2025-11-16 03:00:00,50,1174.0518316615835,1173.6131595177828,27,27,0,False
83,2025-11-16 04:00:00,50,1173.92631630092,1173.487277514249,27,27,0,False
84,2025-11-16 05:00:00,50,1174.2790998498167,1173.8411899051716,27,27,0,False
85,2025-11-16 06:00:00,50,1174.909066209779,1174.4865854864772,27,27,0,False
86,2025-11-16 07:00:00,50,1283.096557118137,1282.60602536165,27,27,0,False
87,2025-11-16 08:00:00,50,1283.3411491353577,1282.8623579794723,27,27,0,False
88,2025-11-16 09:00:00,50,1283.4340474468056,1282.9600354114384,27,27,0,False
89,2025-11-16 10:00:00,50,1283.577032086464,1283.110740048968,27,27,0,False
90,2025-11-16 11:00:00,50,1283.6037739271533,1283.1389762985457,27,27,0,False
91,2025-11-16 12:00:00,50,1283.7012402452472,1283.242028583939,27,27,0,False
92,2025-11-16 13:00:00,50,1283.9834275925673,1283.5416841616693,27,27,0,False
93,2025-11-16 14:00:00,50,1284.2985234888256,1283.8787677107755,27,27,0,False
94,2025-11-16 15:00:00,50,1284.8914756397924,1284.5213890555603,27,27,0,False
95,2025-11-16 16:00:00,50,1285.1942284013946,1284.8544237073236,27,27,0,False
96,2025-11-16 17:00:00,50,1285.1800406384511,1284.8387328804467,27,27,0,False
97,2025-11-16 18:00:00,50,1285.1478237148615,1284.8031346953394,27,27,0,False
98,2025-11-16 19:00:00,50,1284.7071446043783,1284.320342068091,27,27,0,False
99,2025-11-16 20:00:00,50,1284.4035434945415,1283.991751936208,27,27,0,False
100,2025-11-16 21:00:00,50,1284.0352769939525,1283.5969640585809,27,27,0,False
101,2025-11-16 22:00:00,50,1283.8272472301985,1283.3755912297963,27,27,0,False
102,2025-11-16 23:00:00,50,1283.562456750736,1283.095357015677,27,27,0,False
103,2025-11-17 00:00:00,50,1283.2821973977807,1282.80046682856,27,27,0,False
104,2025-11-17 01:00:00,50,1283.2617746751612,1282.779042363245,27,27,0,False
105,2025-11-17 02:00:00,50,1283.2113844019996,1282.7262163327282,27,27,0,False
106,2025-11-17 03:00:00,50,1283.301432850059,1282.8206535448749,27,27,0,False
107,2025-11-17 04:00:00,50,1283.8751122210867,1283.4264283411355,27,27,0,False
108,2025-11-17 05:00:00,50,1285.2122964606724,1284.874418439383,27,27,0,False
109,2025-11-17 06:00:00,50,1286.149103286137,1279.5628285937908,27,27,0,False
110,2025-11-17 07:00:00,50,1286.359924963273,1274.5063290842909,27,27,0,False
111,2025-11-17 08:00:00,50,1286.39635230723,1273.6128109759177,27,27,0,False
112,2025-11-17 09:00:00,50,1286.096994768693,1280.784278560494,27,27,0,False
113,2025-11-17 10:00:00,50,1285.904156614756,1285.2150211357764,27,27,0,False
114,2025-11-17 11:00:00,50,1285.7232419208156,1285.4461726538668,27,27,0,False
115,2025-11-17 12:00:00,50,1285.7904453212134,1285.522373280889,27,27,0,False
116,2025-11-17 13:00:00,50,1286.023683189343,1282.4849322457555,27,27,0,False
117,2025-11-17 14:00:00,50,1286.403103676547,1273.4465316728963,27,27,0,False
118,2025-11-17 15:00:00,50,1286.643119504458,1261.990219461482,27,26,-1,True
119,2025-11-17 16:00:00,50,1286.956564622271,1252.8934071321537,27,26,-1,True
120,2025-11-17 17:00:00,50,1286.7167788207184,1259.921287832506,27,26,-1,True
121,2025-11-17 18:00:00,50,1286.615048234565,1262.7686556560109,27,26,-1,True
122,2025-11-17 19:00:00,50,1286.5602267968234,1269.5142649380275,27,26,-1,True
123,2025-11-17 20:00:00,50,1286.281844432058,1276.4013320285358,27,27,0,False
124,2025-11-17 21:00:00,50,1285.6601469502136,1285.3748574204346,27,27,0,False
125,2025-11-17 22:00:00,50,1285.2265013740046,1284.890148004498,27,27,0,False
126,2025-11-17 23:00:00,50,1284.3709935501165,1283.9566978354028,27,27,0,False
127,2025-11-18 00:00:00,50,1284.1665793060392,1283.7372786352046,27,27,0,False
128,2025-11-18 01:00:00,50,1284.1020870712327,1283.6683007155136,27,27,0,False
129,2025-11-18 02:00:00,50,1284.0142783442473,1283.574567495478,27,27,0,False
130,2025-11-18 03:00:00,50,1283.8309261466873,1283.3794965595764,27,27,0,False
131,2025-11-18 04:00:00,50,1284.360986087822,1283.9459269740132,27,27,0,False
132,2025-11-18 05:00:00,50,1285.727190346641,1285.4506427260112,27,27,0,False
133,2025-11-18 06:00:00,50,1286.829668517376,1256.671686344511,27,26,-1,True
134,2025-11-18 07:00:00,50,1286.9890604682564,1251.9025082406608,27,26,-1,True
135,2025-11-18 08:00:00,50,1286.9687459273543,1252.5231307497838,27,26,-1,True
136,2025-11-18 09:00:00,50,1286.5887728453213,1268.7864128838808,27,26,-1,True
137,2025-11-18 10:00:00,50,1286.3923023212442,1273.7124557474929,27,27,0,False
138,2025-11-18 11:00:00,50,1286.1210320346954,1280.2221641151182,27,27,0,False
139,2025-11-18 12:00:00,50,1286.1745269218602,1278.962956135302,27,27,0,False
140,2025-11-18 13:00:00,50,1286.4395911985644,1272.5441559496553,27,27,0,False
141,2025-11-18 14:00:00,50,1286.6926498824362,1260.6033076391147,27,26,-1,True
142,2025-11-18 15:00:00,50,1287.1957932320984,1245.344120150101,27,26,-1,True
143,2025-11-18 16:00:00,50,1287.6238732199574,1229.8789918513187,27,26,-1,True
144,2025-11-18 17:00:00,50,1287.4702877524908,1235.792425239146,27,26,-1,True
145,2025-11-18 18:00:00,50,1287.148047696857,1246.9007852385394,27,26,-1,True
146,2025-11-18 19:00:00,50,1286.901142226047,1254.5609138482628,27,26,-1,True
147,2025-11-18 20:00:00,50,1286.5996557555386,1268.507787369033,27,26,-1,True
148,2025-11-18 21:00:00,50,1285.8340209433825,1285.5719200154294,27,27,0,False
149,2025-11-18 22:00:00,50,1285.3988529198637,1285.0817164184118,27,27,0,False
150,2025-11-18 23:00:00,50,1284.757868235179,1284.3755435021842,27,27,0,False
151,2025-11-19 00:00:00,50,1284.6135576002907,1284.218727373622,27,27,0,False
152,2025-11-19 01:00:00,50,1284.5971502343723,1284.2009432111367,27,27,0,False
153,2025-11-19 02:00:00,50,1284.6742255340273,1284.2845650610373,27,27,0,False
154,2025-11-19 03:00:00,50,1284.603459575054,1284.207780924737,27,27,0,False
155,2025-11-19 04:00:00,50,1285.0334455532288,1284.6771008156022,27,27,0,False
156,2025-11-19 05:00:00,50,1286.3477937641103,1274.8025417905774,27,27,0,False
157,2025-11-19 06:00:00,50,1287.394517269094,1238.5438492722587,27,26,-1,True
158,2025-11-19 07:00:00,50,1287.5020382500668,1234.609159095087,27,26,-1,True
159,2025-11-19 08:00:00,50,1287.4854680008934,1235.229040142243,27,26,-1,True
160,2025-11-19 09:00:00,50,1287.25456985126,1243.3892899719908,27,26,-1,True
161,2025-11-19 10:00:00,50,1287.148047696857,1246.9007852385394,27,26,-1,True
162,2025-11-19 11:00:00,50,1287.131697530927,1247.4277317044562,27,26,-1,True
163,2025-11-19 12:00:00,50,1286.9971906183462,1251.6530182818587,27,26,-1,True
164,2025-11-19 13:00:00,50,1286.948446839588,1253.139396571402,27,26,-1,True
165,2025-11-19 14:00:00,50,1287.1575899408772,1246.591828697107,27,26,-1,True
166,2025-11-19 15:00:00,50,1287.424799364226,1237.455959798646,27,26,-1,True
167,2025-11-19 16:00:00,50,1287.6961330901445,1226.9095763695666,27,26,-1,True
0,2025-11-12 17:00:00,53,3026.2847659789163,2209.559048630266,8,14,6,True
1,2025-11-12 18:00:00,53,3035.898960242733,2236.764282837988,8,13,5,True
2,2025-11-12 19:00:00,53,3045.16845807265,2262.356119785294,8,13,5,True
3,2025-11-12 20:00:00,53,3060.998582215194,2303.067483548528,8,13,5,True
4,2025-11-12 21:00:00,53,3030.5100799675424,2294.1913108173862,8,13,5,True
5,2025-11-12 22:00:00,53,2580.695077347691,1876.913546114523,8,17,9,True
6,2025-11-12 23:00:00,53,2582.5436061452046,1881.4139093766776,8,17,9,True
7,2025-11-13 00:00:00,53,2590.848748925513,1901.371585851884,8,17,9,True
8,2025-11-13 01:00:00,53,2562.3601159380246,1894.802769894779,7,14,7,True
9,2025-11-13 02:00:00,53,2559.7701810536205,1900.26718442402,7,14,7,True
10,2025-11-13 03:00:00,53,2561.585325446854,1896.4428359410076,7,14,7,True
11,2025-11-13 04:00:00,53,2589.950268362637,1899.2264500587007,8,17,9,True
12,2025-11-13 05:00:00,53,3031.0207372543955,2295.5192632561266,8,13,5,True
13,2025-11-13 06:00:00,53,3054.23214812302,2286.855587114514,8,13,5,True
14,2025-11-13 07:00:00,53,3053.3163927567048,2284.401806844885,8,13,5,True
15,2025-11-13 08:00:00,53,3048.2286011227893,2270.6821797499106,8,13,5,True
16,2025-11-13 09:00:00,53,3038.699664640455,2244.5584346329406,8,13,5,True
17,2025-11-13 10:00:00,53,3030.2710559969755,2220.927403661224,8,14,6,True
18,2025-11-13 11:00:00,53,3027.4703277391545,2212.9537943784458,8,14,6,True
19,2025-11-13 12:00:00,53,3026.3639459961664,2209.786142107059,8,14,6,True
20,2025-11-13 13:00:00,53,3026.574992978682,2210.391179493818,8,14,6,True
21,2025-11-13 14:00:00,53,3024.9355754057806,2205.681252395961,8,14,6,True
22,2025-11-13 15:00:00,53,3018.965795459086,2188.328568523639,8,14,6,True
23,2025-11-13 16:00:00,53,3024.457973969123,2204.3047817084,8,14,6,True
24,2025-11-13 17:00:00,53,3022.673697757109,2199.144637275784,8,14,6,True
25,2025-11-13 18:00:00,53,3021.040181313812,2194.3953576169497,8,14,6,True
26,2025-11-13 19:00:00,53,3028.022026309284,2214.5295328889365,8,14,6,True
27,2025-11-13 20:00:00,53,3038.927671168576,2245.190528559744,8,13,5,True
28,2025-11-13 21:00:00,53,3048.105812409961,2270.349195867439,8,13,5,True
29,2025-11-13 22:00:00,53,3059.46487925511,2299.42975303524,8,13,5,True
30,2025-11-13 23:00:00,53,3063.6225739413453,2309.27954553688,8,13,5,True
31,2025-11-14 00:00:00,53,3063.756712274232,2309.5967303392217,8,13,5,True
32,2025-11-14 01:00:00,53,3029.4216791502067,2291.190973550812,8,13,5,True
33,2025-11-14 02:00:00,53,3030.6133800565717,2294.366993910783,8,13,5,True
34,2025-11-14 03:00:00,53,3028.823993882639,2289.595332137905,8,13,5,True
35,2025-11-14 04:00:00,53,3054.448622992136,2287.4349593993734,8,13,5,True
36,2025-11-14 05:00:00,53,3027.9432729663645,2214.304754857388,8,14,6,True
37,2025-11-14 06:00:00,53,3004.412565872776,2144.511268109731,8,14,6,True
38,2025-11-14 07:00:00,53,3000.6516251102967,2132.782635078276,8,15,7,True
39,2025-11-14 08:00:00,53,3002.11005491542,2137.3527448247623,8,15,7,True
40,2025-11-14 09:00:00,53,3008.660291875733,2157.5449187079967,8,14,6,True
41,2025-11-14 10:00:00,53,3017.3125268761773,2183.463862657453,8,14,6,True
42,2025-11-14 11:00:00,53,3020.8253073350606,2193.7688086198714,8,14,6,True
43,2025-11-14 12:00:00,53,3025.7828181454643,2208.1181896222115,8,14,6,True
44,2025-11-14 13:00:00,53,3020.8253073350606,2193.7688086198714,8,14,6,True
45,2025-11-14 14:00:00,53,3017.0950493442983,2182.8219456432284,8,14,6,True
46,2025-11-14 15:00:00,53,3011.026268656513,2164.7129754814946,8,14,6,True
47,2025-11-14 16:00:00,53,3007.3723736359666,2153.615940668248,8,14,6,True
48,2025-11-14 17:00:00,53,3012.1334946422808,2168.0460115476853,8,14,6,True
49,2025-11-14 18:00:00,53,3018.857654258585,2188.011176099523,8,14,6,True
50,2025-11-14 19:00:00,53,3029.723397155095,2219.373222180927,8,14,6,True
51,2025-11-14 20:00:00,53,3034.25748697292,2232.1698767423964,8,13,5,True
52,2025-11-14 21:00:00,53,3040.644850386816,2249.939526902763,8,13,5,True
53,2025-11-14 22:00:00,53,3046.1590242402726,2265.0575765914928,8,13,5,True
54,2025-11-14 23:00:00,53,3058.2224383239063,2296.478923591154,8,13,5,True
55,2025-11-15 00:00:00,53,3062.1127318396834,2305.7068751779743,8,13,5,True
56,2025-11-15 01:00:00,53,3063.192594474691,2308.262572726626,8,13,5,True
57,2025-11-15 02:00:00,53,3029.306834896433,2290.884516667499,8,13,5,True
58,2025-11-15 03:00:00,53,3059.9593594224293,2300.6031658283327,8,13,5,True
59,2025-11-15 04:00:00,53,3055.6264300953853,2290.301303968816,8,13,5,True
60,2025-11-15 05:00:00,53,3048.2286011227893,2270.6821797499106,8,13,5,True
61,2025-11-15 06:00:00,53,3036.563283456096,2238.618103569227,8,13,5,True
62,2025-11-15 07:00:00,53,3029.827788743685,2219.669656108677,8,14,6,True
63,2025-11-15 08:00:00,53,3031.1296856849262,2223.359290681861,8,14,6,True
64,2025-11-15 09:00:00,53,3034.051678434204,2231.5924228177064,8,13,5,True
65,2025-11-15 10:00:00,53,3040.443335323125,2249.3832603267742,8,13,5,True
66,2025-11-15 11:00:00,53,3042.37735058506,2254.710753422564,8,13,5,True
67,2025-11-15 12:00:00,53,3041.9514265656057,2253.5396247004423,8,13,5,True
68,2025-11-15 13:00:00,53,3042.927653266618,2256.22211418326,8,13,5,True
69,2025-11-15 14:00:00,53,3031.259570869742,2223.7266581461254,8,14,6,True
70,2025-11-15 15:00:00,53,3017.1222423751647,2182.902235523167,8,14,6,True
71,2025-11-15 16:00:00,53,3014.7474934465217,2175.8625296170467,8,14,6,True
72,2025-11-15 17:00:00,53,3019.7217280011478,2190.544091797146,8,14,6,True
73,2025-11-15 18:00:00,53,3029.697293692052,2219.2990842502472,8,14,6,True
74,2025-11-15 19:00:00,53,3039.282006676313,2246.172125811693,8,13,5,True
75,2025-11-15 20:00:00,53,3050.186375768224,2275.9792398847885,8,13,5,True
76,2025-11-15 21:00:00,53,3060.288220989416,2301.38325672713,8,13,5,True
77,2025-11-15 22:00:00,53,3031.4556085579243,2296.6399683368877,8,13,5,True
78,2025-11-15 23:00:00,53,3031.075427760781,2295.6607408812315,8,13,5,True
79,2025-11-16 00:00:00,53,3030.5215544018424,2294.2212826005684,8,13,5,True
80,2025-11-16 01:00:00,53,3030.6753544377634,2294.622439734343,8,13,5,True
81,2025-11-16 02:00:00,53,3030.821513553484,2295.002653416187,8,13,5,True
82,2025-11-16 03:00:00,53,3029.952044944882,2292.726799382488,8,13,5,True
83,2025-11-16 04:00:00,53,3029.5493714370605,2291.662067779845,8,13,5,True
84,2025-11-16 05:00:00,53,3030.6470281697266,2294.548637485804,8,13,5,True
85,2025-11-16 06:00:00,53,3029.191945329354,2290.577870911288,8,13,5,True
86,2025-11-16 07:00:00,53,3051.8889284973293,2280.5675606959885,8,13,5,True
87,2025-11-16 08:00:00,53,3046.899804379794,2267.0738423594926,8,13,5,True
88,2025-11-16 09:00:00,53,3044.994771907649,2261.8818122277485,8,13,5,True
89,2025-11-16 10:00:00,53,3042.0516981927594,2253.8154410309967,8,13,5,True
90,2025-11-16 11:00:00,53,3041.4997907725688,2252.296489033656,8,13,5,True
91,2025-11-16 12:00:00,53,3039.4842978098386,2246.732134520757,8,13,5,True
92,2025-11-16 13:00:00,53,3033.613872724404,2230.362980972237,8,13,5,True
93,2025-11-16 14:00:00,53,3026.9966523122266,2211.598883775963,8,14,6,True
94,2025-11-16 15:00:00,53,3014.3636490855724,2174.719247426987,8,14,6,True
95,2025-11-16 16:00:00,53,3007.82094672762,2154.986584771879,8,14,6,True
96,2025-11-16 17:00:00,53,3008.128968166957,2155.9263929419176,8,14,6,True
97,2025-11-16 18:00:00,53,3008.8278909410565,2158.0547819939275,8,14,6,True
98,2025-11-16 19:00:00,53,3018.31638117426,2186.420854241205,8,14,6,True
99,2025-11-16 20:00:00,53,3024.776457267216,2205.222886691366,8,14,6,True
100,2025-11-16 21:00:00,53,3032.5295297931534,2227.3117061406265,8,14,6,True
101,2025-11-16 22:00:00,53,3036.869404323604,2239.47127718221,8,13,5,True
102,2025-11-16 23:00:00,53,3042.352312902449,2254.6419423532366,8,13,5,True
103,2025-11-17 00:00:00,53,3048.105812409961,2270.349195867439,8,13,5,True
104,2025-11-17 01:00:00,53,3048.523088097412,2271.4804139198955,8,13,5,True
105,2025-11-17 02:00:00,53,3049.551508715977,2274.263990563382,8,13,5,True
106,2025-11-17 03:00:00,53,3047.7125488627603,2269.282114953857,8,13,5,True
107,2025-11-17 04:00:00,53,3035.873380294804,2236.692837123157,8,13,5,True
108,2025-11-17 05:00:00,53,3007.428480441401,2153.78750878529,8,14,6,True
109,2025-11-17 06:00:00,53,2986.764445217332,2084.523123321412,8,15,7,True
110,2025-11-17 07:00:00,53,2982.027272922678,2065.608425341953,8,15,7,True
111,2025-11-17 08:00:00,53,2981.2054487905752,2062.2583693968486,8,15,7,True
112,2025-11-17 09:00:00,53,2987.930332209908,2089.081404348077,8,15,7,True
113,2025-11-17 10:00:00,53,2992.2278534458856,2105.5828126102037,8,15,7,True
114,2025-11-17 11:00:00,53,2996.2353779192827,2118.7647931294714,8,15,7,True
115,2025-11-17 12:00:00,53,2994.749453901053,2113.9845198711178,8,15,7,True
116,2025-11-17 13:00:00,53,2989.5672893196524,2095.421276735183,8,15,7,True
117,2025-11-17 14:00:00,53,2981.05302628961,2061.634678482754,8,15,7,True
118,2025-11-17 15:00:00,53,3004.6442520410137,2018.4545437045751,9,16,7,True
119,2025-11-17 16:00:00,53,2997.494116341284,1983.8468480203196,9,16,7,True
120,2025-11-17 17:00:00,53,3002.970631899318,2010.6099289647505,9,16,7,True
121,2025-11-17 18:00:00,53,3005.2809928218617,2021.402225454569,9,16,7,True
122,2025-11-17 19:00:00,53,2977.4962193787223,2046.8607926145185,8,15,7,True
123,2025-11-17 20:00:00,53,2983.785535798566,2072.7055772835497,8,15,7,True
124,2025-11-17 21:00:00,53,2997.6275365533465,2123.213693483216,8,15,7,True
125,2025-11-17 22:00:00,53,3007.119768503319,2152.8430404634337,8,14,6,True
126,2025-11-17 23:00:00,53,3025.465375595528,2207.2058485381185,8,14,6,True
127,2025-11-18 00:00:00,53,3029.775597401474,2219.5214626945835,8,14,6,True
128,2025-11-18 01:00:00,53,3031.1296856849262,2223.359290681861,8,14,6,True
129,2025-11-18 02:00:00,53,3032.968895378621,2228.549130464516,8,14,6,True
130,2025-11-18 03:00:00,53,3036.792903065089,2239.2581274034146,8,13,5,True
131,2025-11-18 04:00:00,53,3025.677040377373,2207.8142765420885,8,14,6,True
132,2025-11-18 05:00:00,53,2996.148163829,2118.48513661581,8,15,7,True
133,2025-11-18 06:00:00,53,3000.3977385240896,1998.257798613751,9,16,7,True
134,2025-11-18 07:00:00,53,2996.7485813096537,1980.058340353765,9,16,7,True
135,2025-11-18 08:00:00,53,2997.2147414055257,1982.4316172652436,9,16,7,True
136,2025-11-18 09:00:00,53,2976.8480556725654,2044.1209232945848,8,15,7,True
137,2025-11-18 10:00:00,53,2981.2968673151536,2062.6320837597004,8,15,7,True
138,2025-11-18 11:00:00,53,2987.392762241911,2086.9841786043025,8,15,7,True
139,2025-11-18 12:00:00,53,2986.194895308156,2082.282979867795,8,15,7,True
140,2025-11-18 13:00:00,53,2980.228683064643,2058.2485443075293,8,15,7,True
141,2025-11-18 14:00:00,53,3003.5193158217808,2013.197553979142,9,16,7,True
142,2025-11-18 15:00:00,53,2991.986687558771,1954.8840549249612,9,16,7,True
143,2025-11-18 16:00:00,53,2982.020839116367,1894.7657036155392,9,16,7,True
144,2025-11-18 17:00:00,53,2985.612877614632,1917.8873106361352,9,16,7,True
145,2025-11-18 18:00:00,53,2993.089377769667,1960.8753482093284,9,16,7,True
146,2025-11-18 19:00:00,53,2998.7637884316887,1990.213656361244,9,16,7,True
147,2025-11-18 20:00:00,53,2976.6007897571703,2043.0716428516523,8,15,7,True
148,2025-11-18 21:00:00,53,2993.784237923384,2110.861345742281,8,15,7,True
149,2025-11-18 22:00:00,53,3003.3628951410824,2141.2562735796155,8,14,6,True
150,2025-11-18 23:00:00,53,3017.2309906683067,2183.223251397721,8,14,6,True
151,2025-11-19 00:00:00,53,3020.3143821535846,2192.277279492718,8,14,6,True
152,2025-11-19 01:00:00,53,3020.664053752181,2193.298328890877,8,14,6,True
153,2025-11-19 02:00:00,53,3019.019851900348,2188.4871810640702,8,14,6,True
154,2025-11-19 03:00:00,53,3020.52961147579,2192.9058895379767,8,14,6,True
155,2025-11-19 04:00:00,53,3011.303443854852,2165.548607356425,8,14,6,True
156,2025-11-19 05:00:00,53,2982.300743911691,2066.718490824752,8,15,7,True
157,2025-11-19 06:00:00,53,2987.3781524907567,1928.5872180800795,9,16,7,True
158,2025-11-19 07:00:00,53,2984.8718258519525,1913.274617005304,9,16,7,True
159,2025-11-19 08:00:00,53,2985.2586718193284,1915.691929231458,9,16,7,True
160,2025-11-19 09:00:00,53,2990.6268142214417,1947.345636885408,9,16,7,True
161,2025-11-19 10:00:00,53,2993.089377769667,1960.8753482093284,9,16,7,True
162,2025-11-19 11:00:00,53,2993.466583435602,1962.9011535054524,9,16,7,True
163,2025-11-19 12:00:00,53,2996.5619296155564,1979.1038583511652,9,16,7,True
164,2025-11-19 13:00:00,53,2997.6802327361384,1984.7867482455983,9,16,7,True
165,2025-11-19 14:00:00,53,2992.8691387804283,1959.6870487748615,9,16,7,True
166,2025-11-19 15:00:00,53,2986.6731901948683,1924.3608424902875,9,16,7,True
167,2025-11-19 16:00:00,53,2980.3243737994403,1883.0875492670857,9,16,7,True
0,2025-11-12 17:00:00,54,2642.41783599461,2332.151376070759,12,11,-1,True
1,2025-11-12 18:00:00,54,2650.198838502189,2355.871716357616,12,11,-1,True
2,2025-11-12 19:00:00,54,2657.707183498037,2378.1767024337423,12,10,-2,True
3,2025-11-12 20:00:00,54,2670.98458432152,2413.7234184403123,12,10,-2,True
4,2025-11-12 21:00:00,54,2622.930534475189,2379.2606047577465,10,10,0,False
5,2025-11-12 22:00:00,54,2170.165053223818,1902.8536421317788,13,16,3,True
6,2025-11-12 23:00:00,54,2171.786029345733,1906.632658241132,13,16,3,True
7,2025-11-13 00:00:00,54,2179.071136678167,1923.4042063612212,13,15,2,True
8,2025-11-13 01:00:00,54,2147.2121040642824,1904.5202768205047,13,13,0,False
9,2025-11-13 02:00:00,54,2145.872013971134,1909.001108489718,13,13,0,False
10,2025-11-13 03:00:00,54,2146.811276703815,1905.8650292935863,13,13,0,False
11,2025-11-13 04:00:00,54,2178.2839285081463,1921.6015240747129,13,15,2,True
12,2025-11-13 05:00:00,54,2623.33153645783,2380.7403650933734,10,10,0,False
13,2025-11-13 06:00:00,54,2665.0550800160486,2399.518306886545,12,10,-2,True
14,2025-11-13 07:00:00,54,2664.3123920475623,2397.3814012291677,12,10,-2,True
15,2025-11-13 08:00:00,54,2660.1873236498272,2385.430983521496,12,10,-2,True
16,2025-11-13 09:00:00,54,2652.4667589464834,2362.6658997254394,12,10,-2,True
17,2025-11-13 10:00:00,54,2645.6432466525043,2342.064364233967,12,11,-1,True
18,2025-11-13 11:00:00,54,2643.3769890828207,2335.111638326417,12,11,-1,True
19,2025-11-13 12:00:00,54,2642.481891839257,2332.349407128206,12,11,-1,True
20,2025-11-13 13:00:00,54,2642.652628863584,2332.87701272812,12,11,-1,True
21,2025-11-13 14:00:00,54,2641.3264207928614,2328.769789592708,12,11,-1,True
22,2025-11-13 15:00:00,54,2636.498715161912,2313.6366337982395,12,11,-1,True
23,2025-11-13 16:00:00,54,2640.940099574897,2327.569431698364,12,11,-1,True
24,2025-11-13 17:00:00,54,2639.496976309209,2323.0694089199174,12,11,-1,True
25,2025-11-13 18:00:00,54,2638.175977761613,2318.927578264287,12,11,-1,True
26,2025-11-13 19:00:00,54,2643.823362157013,2336.485673014552,12,11,-1,True
27,2025-11-13 20:00:00,54,2652.651416442116,2363.2168602775746,12,10,-2,True
28,2025-11-13 21:00:00,54,2660.087793932131,2385.1408894913875,12,10,-2,True
29,2025-11-13 22:00:00,54,2669.6366377382,2410.5374571251405,12,10,-2,True
30,2025-11-13 23:00:00,54,2673.286653820652,2419.159389530253,12,10,-2,True
31,2025-11-14 00:00:00,54,2673.404191689295,2419.436785670685,12,10,-2,True
32,2025-11-14 01:00:00,54,2622.0421923369863,2377.553310431416,10,10,0,False
33,2025-11-14 02:00:00,54,2622.9924413750555,2380.2797722949504,10,10,0,False
34,2025-11-14 03:00:00,54,2621.565662188809,2376.183442922553,10,10,0,False
35,2025-11-14 04:00:00,54,2665.230653217376,2400.022839625653,12,10,-2,True
36,2025-11-14 05:00:00,54,2643.7596424212998,2336.289669100149,12,11,-1,True
37,2025-11-14 06:00:00,54,2624.739553192262,2275.4232422463742,12,11,-1,True
38,2025-11-14 07:00:00,54,2621.702883325541,2265.196192487077,12,11,-1,True
39,2025-11-14 08:00:00,54,2622.8803476485505,2269.181063579108,12,11,-1,True
40,2025-11-14 09:00:00,54,2628.170341134173,2286.789377829386,12,11,-1,True
41,2025-11-14 10:00:00,54,2635.1621573188995,2309.3939796853783,12,11,-1,True
42,2025-11-14 11:00:00,54,2638.0022260802702,2318.381160278788,12,11,-1,True
43,2025-11-14 12:00:00,54,2642.011775282183,2330.894903546335,12,11,-1,True
44,2025-11-14 13:00:00,54,2638.0022260802702,2318.381160278788,12,11,-1,True
45,2025-11-14 14:00:00,54,2634.98635475323,2308.8341419438066,12,11,-1,True
46,2025-11-14 15:00:00,54,2630.0817866092534,2293.040703017572,12,11,-1,True
47,2025-11-14 16:00:00,54,2627.129998311934,2283.362970627897,12,11,-1,True
48,2025-11-14 17:00:00,54,2630.9764263885654,2295.947526015489,12,11,-1,True
49,2025-11-14 18:00:00,54,2636.411284595161,2313.359827914557,12,11,-1,True
50,2025-11-14 19:00:00,54,2645.200055851304,2340.7092125986405,12,11,-1,True
51,2025-11-14 20:00:00,54,2648.869889711246,2351.8663868168787,12,11,-1,True
52,2025-11-14 21:00:00,54,2654.0422447533224,2367.356101790493,12,10,-2,True
53,2025-11-14 22:00:00,54,2658.509925442055,2380.530558764417,12,10,-2,True
54,2025-11-14 23:00:00,54,2668.5434239921888,2407.9516878643067,12,10,-2,True
55,2025-11-15 00:00:00,54,2671.962691680706,2416.0337901800976,12,10,-2,True
56,2025-11-15 01:00:00,54,2672.9097912491534,2418.269881031561,12,10,-2,True
57,2025-11-15 02:00:00,54,2621.950624872599,2377.290219789646,10,10,0,False
58,2025-11-15 03:00:00,54,2670.0714171684995,2411.5653555951044,12,10,-2,True
59,2025-11-15 04:00:00,54,2666.255727860656,2402.534434134833,12,10,-2,True
60,2025-11-15 05:00:00,54,2660.1873236498272,2385.430983521496,12,10,-2,True
61,2025-11-15 06:00:00,54,2650.7367346270453,2357.4877717330805,12,10,-2,True
62,2025-11-15 07:00:00,54,2645.284532715124,2340.9676866595405,12,11,-1,True
63,2025-11-15 08:00:00,54,2646.338131914172,2344.1847755991216,12,11,-1,True
64,2025-11-15 09:00:00,54,2648.703279254305,2351.362953570527,12,11,-1,True
65,2025-11-15 10:00:00,54,2653.8790165173014,2366.871276066775,12,10,-2,True
66,2025-11-15 11:00:00,54,2655.4457026293458,2371.514359412337,12,10,-2,True
67,2025-11-15 12:00:00,54,2655.1006509332456,2370.4937224330424,12,10,-2,True
68,2025-11-15 13:00:00,54,2655.8915365584467,2372.8314739885896,12,10,-2,True
69,2025-11-15 14:00:00,54,2646.443251957583,2344.505085655256,12,11,-1,True
70,2025-11-15 15:00:00,54,2635.008336643052,2308.904165517094,12,11,-1,True
71,2025-11-15 16:00:00,54,2633.0888580101987,2302.7645781675897,12,11,-1,True
72,2025-11-15 17:00:00,54,2637.109897400266,2315.568840059813,12,11,-1,True
73,2025-11-15 18:00:00,54,2645.1789322508366,2340.644568280447,12,11,-1,True
74,2025-11-15 19:00:00,54,2652.9383925616794,2364.072451445776,12,10,-2,True
75,2025-11-15 20:00:00,54,2661.7744070171284,2390.045448983796,12,10,-2,True
76,2025-11-15 21:00:00,54,2670.3604748314065,2412.2485969377467,12,10,-2,True
77,2025-11-15 22:00:00,54,2623.67100068486,2382.001219698517,10,10,0,False
78,2025-11-15 23:00:00,54,2623.374336317739,2380.8988889061648,10,10,0,False
79,2025-11-16 00:00:00,54,2622.939570804833,2379.293848869489,10,10,0,False
80,2025-11-16 01:00:00,54,2623.060580050438,2379.739464338022,10,10,0,False
81,2025-11-16 02:00:00,54,2623.17538037583,2380.162986024161,10,10,0,False
82,2025-11-16 03:00:00,54,2622.489764922871,2377.643973326771,10,10,0,False
83,2025-11-16 04:00:00,54,2622.170239437557,2376.4773793959557,10,10,0,False
84,2025-11-16 05:00:00,54,2623.038308785134,2379.657389456433,10,10,0,False
85,2025-11-16 06:00:00,54,2621.859022693808,2377.026964906795,10,10,0,False
86,2025-11-16 07:00:00,54,2663.1548332689417,2394.0420180469605,12,10,-2,True
87,2025-11-16 08:00:00,54,2659.1102925382675,2382.287298006256,12,10,-2,True
88,2025-11-16 09:00:00,54,2657.5664381121064,2377.7634106788646,12,10,-2,True
89,2025-11-16 10:00:00,54,2655.181882273013,2370.7340980213166,12,10,-2,True
90,2025-11-16 11:00:00,54,2654.7347841865226,2369.410306672547,12,10,-2,True
91,2025-11-16 12:00:00,54,2653.1022321562223,2364.5605662901,12,10,-2,True
92,2025-11-16 13:00:00,54,2648.348867646255,2350.291094184153,12,11,-1,True
93,2025-11-16 14:00:00,54,2642.993760535535,2333.930148922622,12,11,-1,True
94,2025-11-16 15:00:00,54,2632.77863659782,2301.76747906138,12,11,-1,True
95,2025-11-16 16:00:00,54,2627.4923305106126,2284.55828191472,12,11,-1,True
96,2025-11-16 17:00:00,54,2627.7411404305712,2285.3778751425025,12,11,-1,True
97,2025-11-16 18:00:00,54,2628.3057306074616,2287.234027694089,12,11,-1,True
98,2025-11-16 19:00:00,54,2635.9736850571926,2311.9728650067686,12,11,-1,True
99,2025-11-16 20:00:00,54,2641.1977119160206,2328.370070836359,12,11,-1,True
100,2025-11-16 21:00:00,54,2647.471131394669,2347.630839234336,12,11,-1,True
101,2025-11-16 22:00:00,54,2650.9846084970486,2358.231504659808,12,10,-2,True
102,2025-11-16 23:00:00,54,2655.4254186039598,2371.454391299577,12,10,-2,True
103,2025-11-17 00:00:00,54,2660.087793932131,2385.1408894913875,12,10,-2,True
104,2025-11-17 01:00:00,54,2660.4260327414986,2386.12639226173,12,10,-2,True
105,2025-11-17 02:00:00,54,2661.2597154527007,2388.5512962668704,12,10,-2,True
106,2025-11-17 03:00:00,54,2659.7690312560044,2384.2112383895897,12,10,-2,True
107,2025-11-17 04:00:00,54,2650.178127301344,2355.809433155983,12,11,-1,True
108,2025-11-17 05:00:00,54,2627.1753175393687,2283.512591226962,12,11,-1,True
109,2025-11-17 06:00:00,54,2610.497598630441,2222.7822648862107,12,11,-1,True
110,2025-11-17 07:00:00,54,2606.677911294702,2206.015852247765,12,11,-1,True
111,2025-11-17 08:00:00,54,2606.0153898046133,2203.047316494296,12,11,-1,True
112,2025-11-17 09:00:00,54,2611.4378820826373,2226.8242042805578,12,11,-1,True
113,2025-11-17 10:00:00,54,2614.9045173062104,2241.460408350937,12,11,-1,True
114,2025-11-17 11:00:00,54,2618.138228665477,2252.9748162073715,12,11,-1,True
115,2025-11-17 12:00:00,54,2616.93910773349,2248.807713553289,12,11,-1,True
116,2025-11-17 13:00:00,54,2612.758218265989,2232.446743348872,12,11,-1,True
117,2025-11-17 14:00:00,54,2605.892517240588,2202.4946906273544,12,11,-1,True
118,2025-11-17 15:00:00,54,2633.587425067897,2164.265473083476,12,11,-1,True
119,2025-11-17 16:00:00,54,2627.851930112188,2133.677774276027,12,12,0,False
120,2025-11-17 17:00:00,54,2632.24465445578,2157.327606032424,12,11,-1,True
121,2025-11-17 18:00:00,54,2634.0983359547004,2166.873066396809,12,11,-1,True
122,2025-11-17 19:00:00,54,2603.025644621312,2189.407655127983,12,11,-1,True
123,2025-11-17 20:00:00,54,2608.0954841266744,2212.3058004505447,12,11,-1,True
124,2025-11-17 21:00:00,54,2619.2618049734792,2256.853318369359,12,11,-1,True
125,2025-11-17 22:00:00,54,2626.9259637134264,2282.688944087979,12,11,-1,True
126,2025-11-17 23:00:00,54,2641.7549827772177,2330.099307396561,12,11,-1,True
127,2025-11-18 00:00:00,54,2645.2422977903293,2340.8384702635617,12,11,-1,True
128,2025-11-18 01:00:00,54,2646.338131914172,2344.1847755991216,12,11,-1,True
129,2025-11-18 02:00:00,54,2647.826771797922,2348.709700529549,12,11,-1,True
130,2025-11-18 03:00:00,54,2650.9226628417123,2358.0456975428037,12,10,-2,True
131,2025-11-18 04:00:00,54,2641.9262064661884,2330.629880381772,12,11,-1,True
132,2025-11-18 05:00:00,54,2618.067844322237,2252.731023118407,12,11,-1,True
133,2025-11-18 06:00:00,54,2630.1807098569107,2146.408410888951,12,12,0,False
134,2025-11-18 07:00:00,54,2627.254071985706,2130.3326214722647,12,12,0,False
135,2025-11-18 08:00:00,54,2627.627890435839,2132.428081689234,12,12,0,False
136,2025-11-18 09:00:00,54,2602.5032872905394,2186.981382364876,12,11,-1,True
137,2025-11-18 10:00:00,54,2606.089085794596,2203.378454302192,12,11,-1,True
138,2025-11-18 11:00:00,54,2611.004323916036,2224.964480216422,12,11,-1,True
139,2025-11-18 12:00:00,54,2610.038288060174,2220.796062113124,12,11,-1,True
140,2025-11-18 13:00:00,54,2605.2280116173856,2199.494583600518,12,11,-1,True
141,2025-11-18 14:00:00,54,2632.684853316065,2159.615857461848,12,11,-1,True
142,2025-11-18 15:00:00,54,2623.436188736398,2108.122859681617,12,12,0,False
143,2025-11-18 16:00:00,54,2615.4502181509224,2055.2356474561966,12,13,1,True
144,2025-11-18 17:00:00,54,2618.327988552044,2075.5481933807755,12,13,1,True
145,2025-11-18 18:00:00,54,2624.320161359256,2113.4055877169776,12,12,0,False
146,2025-11-18 19:00:00,54,2628.870178560914,2139.30103616032,12,12,0,False
147,2025-11-18 20:00:00,54,2602.3040211806906,2186.052265177396,12,11,-1,True
148,2025-11-18 21:00:00,54,2616.1602634290984,2246.085324226101,12,11,-1,True
149,2025-11-18 22:00:00,54,2623.891935517683,2272.5848607959106,12,11,-1,True
150,2025-11-18 23:00:00,54,2635.096245430666,2309.184134453162,12,11,-1,True
151,2025-11-19 00:00:00,54,2637.5890936080223,2317.080381230837,12,11,-1,True
152,2025-11-19 01:00:00,54,2637.871835044,2317.97085052607,12,11,-1,True
153,2025-11-19 02:00:00,54,2636.5424192919018,2313.774963678261,12,11,-1,True
154,2025-11-19 03:00:00,54,2637.76312520353,2317.628599924624,12,11,-1,True
155,2025-11-19 04:00:00,54,2630.305736983832,2293.7694756437527,12,11,-1,True
156,2025-11-19 05:00:00,54,2606.898381294893,2206.99956961722,12,11,-1,True
157,2025-11-19 06:00:00,54,2619.7425106045694,2084.960484107576,12,12,0,False
158,2025-11-19 07:00:00,54,2617.7342334496384,2071.4929213909973,12,13,1,True
159,2025-11-19 08:00:00,54,2618.04418330922,2073.617934132994,12,13,1,True
160,2025-11-19 09:00:00,54,2622.346141810071,2101.4788228778457,12,12,0,False
161,2025-11-19 10:00:00,54,2624.320161359256,2113.4055877169776,12,12,0,False
162,2025-11-19 11:00:00,54,2624.622564808756,2115.192250490921,12,12,0,False
163,2025-11-19 12:00:00,54,2627.1043976977367,2129.489948737912,12,12,0,False
164,2025-11-19 13:00:00,54,2628.0011853353503,2134.507788204283,12,12,0,False
165,2025-11-19 14:00:00,54,2624.143600940929,2112.3576676638263,12,12,0,False
166,2025-11-19 15:00:00,54,2619.1776001421817,2081.2418182760703,12,13,1,True
167,2025-11-19 16:00:00,54,2614.091343124913,2044.991146561912,12,13,1,True
0,2025-11-12 17:00:00,55,1044.1284849599722,999.618796322357,37,37,0,False
1,2025-11-12 18:00:00,55,1048.2201765559696,1009.1250764530032,36,37,1,True
2,2025-11-12 19:00:00,55,1052.1697130574844,1018.013992589082,35,37,2,True
3,2025-11-12 20:00:00,55,1059.121897826666,1032.3657145106458,35,37,2,True
4,2025-11-12 21:00:00,55,1055.7404625188517,1030.9744390111352,33,33,0,False
5,2025-11-12 22:00:00,55,1001.3827650776644,975.2044413457768,35,35,0,False
6,2025-11-12 23:00:00,55,1002.56044139965,977.365519837502,35,35,0,False
7,2025-11-13 00:00:00,55,1007.8654417206984,986.9617891439692,35,35,0,False
8,2025-11-13 01:00:00,55,1003.0661835169828,984.8987002571852,32,32,0,False
9,2025-11-13 02:00:00,55,1003.139276627027,987.4413119703772,32,32,0,False
10,2025-11-13 03:00:00,55,1003.0880631831744,985.662234650798,32,32,0,False
11,2025-11-13 04:00:00,55,1007.2897831458022,985.9294756403506,35,35,0,False
12,2025-11-13 05:00:00,55,1055.3887914842478,1030.8543758119588,33,33,0,False
13,2025-11-13 06:00:00,55,1056.0362108512595,1026.4723318144938,35,37,2,True
14,2025-11-13 07:00:00,55,1055.645337998135,1025.6275018865083,35,37,2,True
15,2025-11-13 08:00:00,55,1053.4746140388006,1020.8942704634976,35,37,2,True
16,2025-11-13 09:00:00,55,1049.4130112207472,1011.837875011803,35,37,2,True
17,2025-11-13 10:00:00,55,1045.8244453150876,1003.598180578468,36,37,1,True
18,2025-11-13 11:00:00,55,1044.632799291481,1000.8081258336748,37,37,0,False
19,2025-11-13 12:00:00,55,1044.1621644478394,999.6983844267584,37,37,0,False
20,2025-11-13 13:00:00,55,1044.2519354684628,999.91040927051,37,37,0,False
21,2025-11-13 14:00:00,55,1043.5546483490998,998.2591683420392,37,37,0,False
22,2025-11-13 15:00:00,55,1041.0166125545657,992.1612861404788,37,37,0,False
23,2025-11-13 16:00:00,55,1043.3515360945603,997.7762803396142,37,37,0,False
24,2025-11-13 17:00:00,55,1042.5928221397955,995.9647599562588,37,37,0,False
25,2025-11-13 18:00:00,55,1041.8983449862817,994.2957327890642,37,37,0,False
26,2025-11-13 19:00:00,55,1044.867504077545,1001.35987948482,37,37,0,False
27,2025-11-13 20:00:00,55,1049.5101386120973,1012.0576652948832,35,37,2,True
28,2025-11-13 21:00:00,55,1053.4222444224029,1020.7791917902852,35,37,2,True
29,2025-11-13 22:00:00,55,1058.4182023905712,1031.037590658036,35,37,2,True
30,2025-11-13 23:00:00,55,1060.3279566022418,1034.6345472793737,35,36,1,True
31,2025-11-14 00:00:00,55,1060.389684156632,1034.7504218340275,35,36,1,True
32,2025-11-14 01:00:00,55,1053.7845247095524,1028.447066743203,33,33,0,False
33,2025-11-14 02:00:00,55,1054.305390667544,1029.5433267717729,33,33,0,False
34,2025-11-14 03:00:00,55,1053.5233270119334,1027.8959633290033,33,33,0,False
35,2025-11-14 04:00:00,55,1056.1286164287003,1026.671731217731,35,37,2,True
36,2025-11-14 05:00:00,55,1044.8339997557046,1001.2811837562044,37,37,0,False
37,2025-11-14 06:00:00,55,1034.835964343538,976.6674051838108,37,37,0,False
38,2025-11-14 07:00:00,55,1033.240150610054,972.4976970153195,37,37,0,False
39,2025-11-14 08:00:00,55,1033.8589138485609,974.1235374547284,37,37,0,False
40,2025-11-14 09:00:00,55,1036.6390136769085,981.2901334465122,37,37,0,False
41,2025-11-14 10:00:00,55,1040.314018817379,990.4478261589038,37,37,0,False
42,2025-11-14 11:00:00,55,1041.8070021264218,994.075422160927,37,37,0,False
43,2025-11-14 12:00:00,55,1043.914986755462,999.1137363309962,37,37,0,False
44,2025-11-14 13:00:00,55,1041.8070021264218,994.075422160927,37,37,0,False
45,2025-11-14 14:00:00,55,1040.221605972308,990.2216005579644,37,37,0,False
46,2025-11-14 15:00:00,55,1037.643634097532,983.8274846689606,37,37,0,False
47,2025-11-14 16:00:00,55,1036.0922475080836,979.8978428721975,37,37,0,False
48,2025-11-14 17:00:00,55,1038.1138562140018,985.0060925921898,37,37,0,False
49,2025-11-14 18:00:00,55,1040.9706517461989,992.0495456656864,37,37,0,False
50,2025-11-14 19:00:00,55,1045.59139861518,1003.054737473566,36,37,1,True
51,2025-11-14 20:00:00,55,1047.521254452822,1007.5237037313696,36,37,1,True
52,2025-11-14 21:00:00,55,1050.24172068167,1013.7079429805356,35,37,2,True
53,2025-11-14 22:00:00,55,1052.5920505678598,1018.9491600827924,35,37,2,True
54,2025-11-14 23:00:00,55,1057.8487891258897,1029.9605037416331,35,37,2,True
55,2025-11-15 00:00:00,55,1059.6336594999768,1033.3295695200827,35,36,1,True
56,2025-11-15 01:00:00,55,1060.1301385494662,1034.2630442454106,35,36,1,True
57,2025-11-15 02:00:00,55,1053.734334071385,1028.3412400793698,33,33,0,False
58,2025-11-15 03:00:00,55,1058.6449831727732,1031.46596197755,35,37,2,True
59,2025-11-15 04:00:00,55,1056.6608321410135,1027.706298298255,35,37,2,True
60,2025-11-15 05:00:00,55,1053.4746140388006,1020.8942704634976,35,37,2,True
61,2025-11-15 06:00:00,55,1048.5030780879413,1009.7707489863916,36,37,1,True
62,2025-11-15 07:00:00,55,1045.6358194957097,1003.1584044335226,36,37,1,True
63,2025-11-15 08:00:00,55,1046.1898502435404,1004.4481529141462,36,37,1,True
64,2025-11-15 09:00:00,55,1047.4336331163026,1007.3223152960596,36,37,1,True
65,2025-11-15 10:00:00,55,1050.1558595870015,1013.5147348594162,35,37,2,True
66,2025-11-15 11:00:00,55,1050.979991346216,1015.3640961407024,35,37,2,True
67,2025-11-15 12:00:00,55,1050.798477115249,1014.9577550604172,35,37,2,True
68,2025-11-15 13:00:00,55,1051.2145262106228,1015.888319365026,35,37,2,True
69,2025-11-15 14:00:00,55,1046.245128364931,1004.576512284476,36,37,1,True
70,2025-11-15 15:00:00,55,1040.233161006027,990.2498980941884,37,37,0,False
71,2025-11-15 16:00:00,55,1039.2241914250117,987.7670503296648,37,37,0,False
72,2025-11-15 17:00:00,55,1041.3379042909512,992.941073988072,37,37,0,False
73,2025-11-15 18:00:00,55,1045.5802911108224,1003.0288093789352,36,37,1,True
74,2025-11-15 19:00:00,55,1049.6610857639475,1012.3989201922064,35,37,2,True
75,2025-11-15 20:00:00,55,1054.3097260931152,1022.7236569038372,35,37,2,True
76,2025-11-15 21:00:00,55,1058.7958581595385,1031.750765334699,35,37,2,True
77,2025-11-15 22:00:00,55,1055.0686603411043,1030.7264771002228,33,33,0,False
78,2025-11-15 23:00:00,55,1055.349631638841,1030.8396564140878,33,33,0,False
79,2025-11-16 00:00:00,55,1055.732824090384,1030.972069439704,33,33,0,False
80,2025-11-16 01:00:00,55,1055.6293070170325,1030.938895260415,33,33,0,False
81,2025-11-16 02:00:00,55,1055.52892253904,1030.9048657291753,33,33,0,False
82,2025-11-16 03:00:00,55,1056.0986066643543,1031.0730253275149,33,33,0,False
83,2025-11-16 04:00:00,55,1056.342033655121,1031.1253721003527,33,33,0,False
84,2025-11-16 05:00:00,55,1055.6485328138178,1030.9452050478258,33,33,0,False
85,2025-11-16 06:00:00,55,1053.684124546758,1028.2353398289745,33,33,0,False
86,2025-11-16 07:00:00,55,1055.036151829356,1024.3063310566406,35,37,2,True
87,2025-11-16 08:00:00,55,1052.9079255488791,1019.6467353120572,35,37,2,True
88,2025-11-16 09:00:00,55,1052.0956659469175,1017.8497378996692,35,37,2,True
89,2025-11-16 10:00:00,55,1050.8412085570394,1015.0534638991796,35,37,2,True
90,2025-11-16 11:00:00,55,1050.6060162153328,1014.5263070617368,35,37,2,True
91,2025-11-16 12:00:00,55,1049.747264919571,1012.593573836028,35,37,2,True
92,2025-11-16 13:00:00,55,1047.2472480475274,1006.8934572299796,36,37,1,True
93,2025-11-16 14:00:00,55,1044.4312990650333,1000.3335454457624,37,37,0,False
94,2025-11-16 15:00:00,55,1039.0611291727191,987.3634895409368,37,37,0,False
95,2025-11-16 16:00:00,55,1036.2826746073192,980.3836713399228,37,37,0,False
96,2025-11-16 17:00:00,55,1036.4134399054722,980.7167141371416,37,37,0,False
97,2025-11-16 18:00:00,55,1036.7101703926544,981.470732847841,37,37,0,False
98,2025-11-16 19:00:00,55,1040.740614639477,991.4895502383034,37,37,0,False
99,2025-11-16 20:00:00,55,1043.4869780788674,998.098382061598,37,37,0,False
100,2025-11-16 21:00:00,55,1046.7856575824187,1005.8285895390688,36,37,1,True
101,2025-11-16 22:00:00,55,1048.6334471737955,1010.0678113374393,36,37,1,True
102,2025-11-16 23:00:00,55,1050.9693208689696,1015.3402241977886,35,37,2,True
103,2025-11-17 00:00:00,55,1053.4222444224029,1020.7791917902852,35,37,2,True
104,2025-11-17 01:00:00,55,1053.6002168145455,1021.1701005609108,35,37,2,True
105,2025-11-17 02:00:00,55,1054.0388916811703,1022.1315424698944,35,37,2,True
106,2025-11-17 03:00:00,55,1053.2545225963545,1020.4103471398216,35,37,2,True
107,2025-11-17 04:00:00,55,1048.209283813803,1009.1001869546232,36,37,1,True
108,2025-11-17 05:00:00,55,1036.1160653701795,979.9586627213343,37,37,0,False
109,2025-11-17 06:00:00,55,1027.3523125629904,955.2228973332803,37,37,0,False
110,2025-11-17 07:00:00,55,1025.3454429085857,948.4056149939394,37,37,0,False
111,2025-11-17 08:00:00,55,1024.9973604537693,947.19623928133,37,37,0,False
112,2025-11-17 09:00:00,55,1027.8463513687138,956.8629965357076,37,37,0,False
113,2025-11-17 10:00:00,55,1029.66782203765,962.7910675624272,37,37,0,False
114,2025-11-17 11:00:00,55,1031.3669871032082,967.5021567297458,37,37,0,False
115,2025-11-17 12:00:00,55,1030.7368950676382,965.7956722747348,37,37,0,False
116,2025-11-17 13:00:00,55,1028.5400847727833,959.142292639088,37,37,0,False
117,2025-11-17 14:00:00,55,1024.9328045991062,946.9710218347248,37,37,0,False
118,2025-11-17 15:00:00,55,1033.7437073976168,931.3303371369124,37,37,0,False
119,2025-11-17 16:00:00,55,1030.723289157133,918.7277104050692,37,37,0,False
120,2025-11-17 17:00:00,55,1033.0365747435692,928.4788251035752,37,37,0,False
121,2025-11-17 18:00:00,55,1034.012765416108,932.4010283506288,37,37,0,False
122,2025-11-17 19:00:00,55,1023.4265996323616,941.6302683785932,37,37,0,False
123,2025-11-17 20:00:00,55,1026.0902290467675,950.9657771512954,37,37,0,False
124,2025-11-17 21:00:00,55,1031.9573943770142,969.0890101969452,37,37,0,False
125,2025-11-17 22:00:00,55,1035.9850158826112,979.6238294097076,37,37,0,False
126,2025-11-17 23:00:00,55,1043.7799721519063,998.7938552636064,37,37,0,False
127,2025-11-18 00:00:00,55,1045.613610882562,1003.1065800337454,36,37,1,True
128,2025-11-18 01:00:00,55,1046.1898502435404,1004.4481529141462,36,37,1,True
129,2025-11-18 02:00:00,55,1046.972682518406,1006.2605273474824,36,37,1,True
130,2025-11-18 03:00:00,55,1048.6008667756678,1009.9936011963272,36,37,1,True
131,2025-11-18 04:00:00,55,1043.8699968404103,999.0071866059658,37,37,0,False
132,2025-11-18 05:00:00,55,1031.3300025011972,967.4023644854512,37,37,0,False
133,2025-11-18 06:00:00,55,1031.9496623903574,923.9826835840591,37,37,0,False
134,2025-11-18 07:00:00,55,1030.408447991553,917.3445529283412,37,37,0,False
135,2025-11-18 08:00:00,55,1030.6053064429982,918.211100811872,37,37,0,False
136,2025-11-18 09:00:00,55,1023.152165463358,940.63858159294,37,37,0,False
137,2025-11-18 10:00:00,55,1025.0360795248084,947.3311795137182,37,37,0,False
138,2025-11-18 11:00:00,55,1027.6185528461465,956.1085374609949,37,37,0,False
139,2025-11-18 12:00:00,55,1027.1109859117173,954.416477274208,37,37,0,False
140,2025-11-18 13:00:00,55,1024.5836819917083,945.74792454088,37,37,0,False
141,2025-11-18 14:00:00,55,1033.2683927671233,929.41976168382,37,37,0,False
142,2025-11-18 15:00:00,55,1028.3978930481476,908.1360804070164,37,37,0,False
143,2025-11-18 16:00:00,55,1024.1923044322918,886.0244080195362,37,37,0,False
144,2025-11-18 17:00:00,55,1025.7078170510133,894.5485587263474,37,37,0,False
145,2025-11-18 18:00:00,55,1028.8634067816029,910.330376324362,37,37,0,False
146,2025-11-18 19:00:00,55,1031.2595147335203,921.0506215196764,37,37,0,False
147,2025-11-18 20:00:00,55,1023.0474760083648,940.2586969986098,37,37,0,False
148,2025-11-18 21:00:00,55,1030.3276485108129,964.6799486510748,37,37,0,False
149,2025-11-18 22:00:00,55,1034.3905194326328,975.511131337956,37,37,0,False
150,2025-11-18 23:00:00,55,1040.2793713448868,990.3630329683864,37,37,0,False
151,2025-11-19 00:00:00,55,1041.5898165174003,993.5508464736996,37,37,0,False
152,2025-11-19 01:00:00,55,1041.7384546750136,993.9099705177435,37,37,0,False
153,2025-11-19 02:00:00,55,1041.039587139721,992.2171241741904,37,37,0,False
154,2025-11-19 03:00:00,55,1041.6813053827302,993.7719505816636,37,37,0,False
155,2025-11-19 04:00:00,55,1037.7613412996436,984.1230488660702,37,37,0,False
156,2025-11-19 05:00:00,55,1025.461276183154,948.8062224057678,37,37,0,False
157,2025-11-19 06:00:00,55,1026.4527357353802,898.4848401948904,37,37,0,False
158,2025-11-19 07:00:00,55,1025.3951311370256,892.849994889352,37,37,0,False
159,2025-11-19 08:00:00,55,1025.5583583940388,893.7402618009966,37,37,0,False
160,2025-11-19 09:00:00,55,1027.823856516897,905.3727319618448,37,37,0,False
161,2025-11-19 10:00:00,55,1028.8634067816029,910.330376324362,37,37,0,False
162,2025-11-19 11:00:00,55,1029.0226570384032,911.0719354711304,37,37,0,False
163,2025-11-19 12:00:00,55,1030.329627262209,916.995968916986,37,37,0,False
164,2025-11-19 13:00:00,55,1030.801889251449,919.0707538701508,37,37,0,False
165,2025-11-19 14:00:00,55,1028.7704273579477,909.895300550129,37,37,0,False
166,2025-11-19 15:00:00,55,1026.1552418507094,896.9306801898057,37,37,0,False
167,2025-11-19 16:00:00,55,1023.4766751815488,881.709687228551,37,37,0,False
0,2025-11-12 17:00:00,56,1840.0255458478468,1802.7723794645683,23,21,-2,True
1,2025-11-12 18:00:00,56,1840.7881240849763,1804.074665500398,23,21,-2,True
2,2025-11-12 19:00:00,56,1841.506587952573,1805.26532871428,23,22,-1,True
3,2025-11-12 20:00:00,56,1842.8521215291928,1807.220983883544,24,22,-2,True
4,2025-11-12 21:00:00,56,1824.861588040576,1789.6141428909818,23,21,-2,True
5,2025-11-12 22:00:00,56,1804.6699055518725,1779.926577716472,19,18,-1,True
6,2025-11-12 23:00:00,56,1805.0635515360443,1780.4016023219124,19,18,-1,True
7,2025-11-13 00:00:00,56,1806.800309212636,1782.489214562513,19,18,-1,True
8,2025-11-13 01:00:00,56,1779.2620205392816,1755.162817855383,19,19,0,False
9,2025-11-13 02:00:00,56,1779.2101293614955,1755.6497989684165,19,19,0,False
10,2025-11-13 03:00:00,56,1779.2466928742642,1755.3092528359552,19,19,0,False
11,2025-11-13 04:00:00,56,1806.6159840094044,1782.267697749263,19,18,-1,True
12,2025-11-13 05:00:00,56,1824.82442803632,1789.6054163806443,23,21,-2,True
13,2025-11-13 06:00:00,56,1842.192005949828,1806.3702651525405,23,22,-1,True
14,2025-11-13 07:00:00,56,1842.1235567758451,1806.2612423166693,23,22,-1,True
15,2025-11-13 08:00:00,56,1841.7399532956424,1805.6448520124245,23,22,-1,True
16,2025-11-13 09:00:00,56,1841.006993004873,1804.4410022431323,23,21,-2,True
17,2025-11-13 10:00:00,56,1840.3438002537173,1803.3208778265453,23,21,-2,True
18,2025-11-13 11:00:00,56,1840.1204977830712,1802.9367930998385,23,21,-2,True
19,2025-11-13 12:00:00,56,1840.0318952317664,1802.783394326095,23,21,-2,True
20,2025-11-13 13:00:00,56,1840.0488134578063,1802.81272947028,23,21,-2,True
21,2025-11-13 14:00:00,56,1839.917183996107,1802.5839351792065,23,21,-2,True
22,2025-11-13 15:00:00,56,1839.4339005726797,1801.732676328924,23,21,-2,True
23,2025-11-13 16:00:00,56,1839.878747676185,1802.5168837521876,23,21,-2,True
24,2025-11-13 17:00:00,56,1839.734799160903,1802.264781745972,23,21,-2,True
25,2025-11-13 18:00:00,56,1839.6025285489688,1802.0317409874892,23,21,-2,True
26,2025-11-13 19:00:00,56,1840.164597363364,1803.012929998023,23,21,-2,True
27,2025-11-13 20:00:00,56,1841.024744034063,1804.4705725537704,23,22,-1,True
28,2025-11-13 21:00:00,56,1841.7306271549503,1805.6297512749727,23,22,-1,True
29,2025-11-13 22:00:00,56,1842.7018692315364,1807.0297734912167,23,22,-1,True
30,2025-11-13 23:00:00,56,1843.1065423158911,1807.54456490224,24,22,-2,True
31,2025-11-14 00:00:00,56,1843.119455827902,1807.560983688286,24,22,-2,True
32,2025-11-14 01:00:00,56,1824.602083427434,1789.328723651973,23,21,-2,True
33,2025-11-14 02:00:00,56,1824.6831264357147,1789.4585307530683,23,21,-2,True
34,2025-11-14 03:00:00,56,1824.561316545343,1789.2632616235278,23,21,-2,True
35,2025-11-14 04:00:00,56,1842.2081596133328,1806.395951724807,23,22,-1,True
36,2025-11-14 05:00:00,56,1840.158305638004,1803.002076109676,23,21,-2,True
37,2025-11-14 06:00:00,56,1838.231039204711,1799.5307432414425,23,21,-2,True
38,2025-11-14 07:00:00,56,1837.9148218916016,1798.9301015287103,22,21,-1,True
39,2025-11-14 08:00:00,56,1838.0376965703888,1799.164658393671,22,21,-1,True
40,2025-11-14 09:00:00,56,1838.5856020235788,1800.1929488031926,23,21,-2,True
41,2025-11-14 10:00:00,56,1839.298984502411,1801.4917817888288,23,21,-2,True
42,2025-11-14 11:00:00,56,1839.5850953942536,1802.000925855708,23,21,-2,True
43,2025-11-14 12:00:00,56,1839.985269057408,1802.7024384425388,23,21,-2,True
44,2025-11-14 13:00:00,56,1839.5850953942536,1802.000925855708,23,21,-2,True
45,2025-11-14 14:00:00,56,1839.281203048721,1801.4599238994688,23,21,-2,True
46,2025-11-14 15:00:00,56,1838.7818741934973,1800.554635708599,23,21,-2,True
47,2025-11-14 16:00:00,56,1838.4783921768849,1799.993934010497,23,21,-2,True
48,2025-11-14 17:00:00,56,1838.8734200740728,1800.7221841619626,23,21,-2,True
49,2025-11-14 18:00:00,56,1839.425089687084,1801.7169886260483,23,21,-2,True
50,2025-11-14 19:00:00,56,1840.3002477615828,1803.246247345664,23,21,-2,True
51,2025-11-14 20:00:00,56,1840.6591454745744,1803.857263563643,23,21,-2,True
52,2025-11-14 21:00:00,56,1841.158102984745,1804.692057919412,23,22,-1,True
53,2025-11-14 22:00:00,56,1841.5823412537504,1805.388907408129,23,22,-1,True
54,2025-11-14 23:00:00,56,1842.579346560041,1806.8737723450645,23,22,-1,True
55,2025-11-15 00:00:00,56,1842.9605642851895,1807.3589308558571,24,22,-2,True
56,2025-11-15 01:00:00,56,1843.065086550824,1807.491853485156,24,22,-2,True
57,2025-11-15 02:00:00,56,1824.594256369253,1789.316163831416,23,21,-2,True
58,2025-11-15 03:00:00,56,1842.750433285266,1807.091586853547,23,22,-1,True
59,2025-11-15 04:00:00,56,1842.3211029904223,1806.544687346232,23,22,-1,True
60,2025-11-15 05:00:00,56,1841.7399532956424,1805.6448520124245,23,22,-1,True
61,2025-11-15 06:00:00,56,1840.840176739294,1804.162082586835,23,21,-2,True
62,2025-11-15 07:00:00,56,1840.308553728988,1803.2604906729564,23,21,-2,True
63,2025-11-15 08:00:00,56,1840.411971628786,1803.437424371998,23,21,-2,True
64,2025-11-15 09:00:00,56,1840.642937961063,1803.8298640594503,23,21,-2,True
65,2025-11-15 10:00:00,56,1841.1424832007967,1804.6661770637672,23,22,-1,True
66,2025-11-15 11:00:00,56,1841.292057808392,1804.9133535494316,23,22,-1,True
67,2025-11-15 12:00:00,56,1841.259181611161,1804.859150294738,23,22,-1,True
68,2025-11-15 13:00:00,56,1841.3344804222932,1804.9831919607996,23,22,-1,True
69,2025-11-15 14:00:00,56,1840.4222720827952,1803.455005584696,23,21,-2,True
70,2025-11-15 15:00:00,56,1839.2834268434565,1801.463909526271,23,21,-2,True
71,2025-11-15 16:00:00,56,1839.0887627481125,1801.1134932000275,23,21,-2,True
72,2025-11-15 17:00:00,56,1839.495435500384,1801.8420677956608,23,21,-2,True
73,2025-11-15 18:00:00,56,1840.298170515125,1803.2426844504864,23,21,-2,True
74,2025-11-15 19:00:00,56,1841.0523099271377,1804.5164512407664,23,22,-1,True
75,2025-11-15 20:00:00,56,1841.8882206136616,1805.8841870285964,23,22,-1,True
76,2025-11-15 21:00:00,56,1842.7826679501504,1807.132609871503,23,22,-1,True
77,2025-11-15 22:00:00,56,1824.7899084647795,1789.594802690639,23,21,-2,True
78,2025-11-15 23:00:00,56,1824.8202399569996,1789.6042508287333,23,21,-2,True
79,2025-11-16 00:00:00,56,1824.8607897523516,1789.6139875781537,23,21,-2,True
80,2025-11-16 01:00:00,56,1824.849931889437,1789.6117301958063,23,21,-2,True
81,2025-11-16 02:00:00,56,1824.839333614592,1789.6092739834216,23,21,-2,True
82,2025-11-16 03:00:00,56,1824.8985545479147,1789.619624621739,23,21,-2,True
83,2025-11-16 04:00:00,56,1824.9231396487075,1789.621239287958,23,21,-2,True
84,2025-11-16 05:00:00,56,1824.8519539819672,1789.6121707890288,23,21,-2,True
85,2025-11-16 06:00:00,56,1824.5864232536744,1789.3035902021363,23,21,-2,True
86,2025-11-16 07:00:00,56,1842.0164933604003,1806.0901335186572,23,22,-1,True
87,2025-11-16 08:00:00,56,1841.638859364508,1805.480868266414,23,22,-1,True
88,2025-11-16 09:00:00,56,1841.4932844997609,1805.243588403131,23,22,-1,True
89,2025-11-16 10:00:00,56,1841.266924653384,1804.8719226642456,23,22,-1,True
90,2025-11-16 11:00:00,56,1841.2242809956297,1804.80153206554,23,22,-1,True
91,2025-11-16 12:00:00,56,1841.0680363022557,1804.542602462971,23,22,-1,True
92,2025-11-16 13:00:00,56,1840.6084339458448,1803.7714731955905,23,21,-2,True
93,2025-11-16 14:00:00,56,1840.0825912134696,1802.8712352087437,23,21,-2,True
94,2025-11-16 15:00:00,56,1839.057210980303,1801.0564026282718,23,21,-2,True
95,2025-11-16 16:00:00,56,1838.5157619372733,1800.063421884202,23,21,-2,True
96,2025-11-16 17:00:00,56,1838.541404494347,1800.1110301812355,23,21,-2,True
97,2025-11-16 18:00:00,56,1838.599534394793,1800.21873565412,23,21,-2,True
98,2025-11-16 19:00:00,56,1839.3809594291647,1801.6383223788928,23,21,-2,True
99,2025-11-16 20:00:00,56,1839.9043829826817,1802.561616303362,23,21,-2,True
100,2025-11-16 21:00:00,56,1840.5228202610267,1803.6262337085168,23,21,-2,True
101,2025-11-16 22:00:00,56,1840.864134063857,1804.2022547903011,23,21,-2,True
102,2025-11-16 23:00:00,56,1841.290126210879,1804.9101708588744,23,22,-1,True
103,2025-11-17 00:00:00,56,1841.7306271549503,1805.6297512749727,23,22,-1,True
104,2025-11-17 01:00:00,56,1841.762307443464,1805.681025097079,23,22,-1,True
105,2025-11-17 02:00:00,56,1841.8402297066543,1805.8068709703232,23,22,-1,True
106,2025-11-17 03:00:00,56,1841.7007363658847,1805.581315477178,23,22,-1,True
107,2025-11-17 04:00:00,56,1840.7861180887417,1804.071292955082,23,21,-2,True
108,2025-11-17 05:00:00,56,1838.4830680355667,1800.002635569013,23,21,-2,True
109,2025-11-17 06:00:00,56,1836.7295538874744,1795.887041431739,22,21,-1,True
110,2025-11-17 07:00:00,56,1836.3192238240877,1794.4484650753288,22,21,-1,True
111,2025-11-17 08:00:00,56,1836.2477412633268,1794.193408632213,22,21,-1,True
112,2025-11-17 09:00:00,56,1836.830087531316,1796.2332839390242,22,21,-1,True
113,2025-11-17 10:00:00,56,1837.1990700211904,1797.4849711775796,22,21,-1,True
114,2025-11-17 11:00:00,56,1837.54084702467,1798.2067468271157,22,21,-1,True
115,2025-11-17 12:00:00,56,1837.4143857610427,1797.9587879029914,22,21,-1,True
116,2025-11-17 13:00:00,56,1836.970932575785,1796.7145234313182,22,21,-1,True
117,2025-11-17 14:00:00,56,1836.2344739853825,1794.1459163724635,22,21,-1,True
118,2025-11-17 15:00:00,56,1842.0297270839344,1790.8539923596368,23,21,-2,True
119,2025-11-17 16:00:00,56,1841.3991194865976,1788.214458744282,23,21,-2,True
120,2025-11-17 17:00:00,56,1841.882680097612,1790.2555527486677,23,21,-2,True
121,2025-11-17 18:00:00,56,1842.085580847142,1791.0788566760675,23,21,-2,True
122,2025-11-17 19:00:00,56,1835.9240437118683,1793.020324556629,22,21,-1,True
123,2025-11-17 20:00:00,56,1836.4718655826805,1794.9885626104683,22,21,-1,True
124,2025-11-17 21:00:00,56,1837.6590422038191,1798.4369409501571,22,21,-1,True
125,2025-11-17 22:00:00,56,1838.4573343954,1799.954721735141,23,21,-2,True
126,2025-11-17 23:00:00,56,1839.959774034354,1802.65810417007,23,21,-2,True
127,2025-11-18 00:00:00,56,1840.3044013489068,1803.2533706594768,23,21,-2,True
128,2025-11-18 01:00:00,56,1840.411971628786,1803.437424371998,23,21,-2,True
129,2025-11-18 02:00:00,56,1840.5575367078527,1803.6851898506125,23,21,-2,True
130,2025-11-18 03:00:00,56,1840.8581486937403,1804.1922220162205,23,21,-2,True
131,2025-11-18 04:00:00,56,1839.976775628038,1802.687674235685,23,21,-2,True
132,2025-11-18 05:00:00,56,1837.5334332478835,1798.192258174087,22,21,-1,True
133,2025-11-18 06:00:00,56,1841.6559513187697,1789.3133315226582,23,21,-2,True
134,2025-11-18 07:00:00,56,1841.333013742176,1787.925687862357,23,21,-2,True
135,2025-11-18 08:00:00,56,1841.374355299976,1788.1065792627596,23,21,-2,True
136,2025-11-18 09:00:00,56,1835.867302552321,1792.8114708442986,22,21,-1,True
137,2025-11-18 10:00:00,56,1836.2556971601089,1794.2218647865463,22,21,-1,True
138,2025-11-18 11:00:00,56,1836.783755839624,1796.0740045049806,22,21,-1,True
139,2025-11-18 12:00:00,56,1836.680376038161,1795.7168138490322,22,21,-1,True
140,2025-11-18 13:00:00,56,1836.1626695021816,1793.8880327484003,22,21,-1,True
141,2025-11-18 14:00:00,56,1841.9309265086235,1790.4529537321623,23,21,-2,True
142,2025-11-18 15:00:00,56,1840.9092567565956,1786.0086488585953,22,21,-1,True
143,2025-11-18 16:00:00,56,1840.0141843525405,1781.4522305419623,22,20,-2,True
144,2025-11-18 17:00:00,56,1840.3380469293304,1783.2000058652234,22,21,-1,True
145,2025-11-18 18:00:00,56,1841.00761639503,1786.464551757082,22,21,-1,True
146,2025-11-18 19:00:00,56,1841.5115485744896,1788.699871161614,23,21,-2,True
147,2025-11-18 20:00:00,56,1835.8456428183435,1792.731479245332,22,21,-1,True
148,2025-11-18 21:00:00,56,1837.332072612054,1797.796447118258,22,21,-1,True
149,2025-11-18 22:00:00,56,1838.142996905612,1799.36448669036,23,21,-2,True
150,2025-11-18 23:00:00,56,1839.292318841961,1801.4798423423813,23,21,-2,True
151,2025-11-19 00:00:00,56,1839.5436112887207,1801.9275029269315,23,21,-2,True
152,2025-11-19 01:00:00,56,1839.572007375752,1801.9777757605589,23,21,-2,True
153,2025-11-19 02:00:00,56,1839.4383041215867,1801.74051450486,23,21,-2,True
154,2025-11-19 03:00:00,56,1839.56109207581,1801.958458588423,23,21,-2,True
155,2025-11-19 04:00:00,56,1838.804809529085,1800.5966802103485,23,21,-2,True
156,2025-11-19 05:00:00,56,1836.3429911814087,1794.5329642364386,22,21,-1,True
157,2025-11-19 06:00:00,56,1840.4966968984425,1784.0109578908623,22,21,-1,True
158,2025-11-19 07:00:00,56,1840.271345886534,1782.8508001102716,22,21,-1,True
159,2025-11-19 08:00:00,56,1840.306172749585,1783.0337728466884,22,21,-1,True
160,2025-11-19 09:00:00,56,1840.7877666671031,1785.4353837620258,22,21,-1,True
161,2025-11-19 10:00:00,56,1841.00761639503,1786.464551757082,22,21,-1,True
162,2025-11-19 11:00:00,56,1841.0412311693217,1786.6187570972188,22,21,-1,True
163,2025-11-19 12:00:00,56,1841.3164533154336,1787.8529436408037,23,21,-2,True
164,2025-11-19 13:00:00,56,1841.4156119901504,1788.2861090834967,23,21,-2,True
165,2025-11-19 14:00:00,56,1840.98798221838,1786.3741099541912,22,21,-1,True
166,2025-11-19 15:00:00,56,1840.4333807774765,1783.6904920770146,22,21,-1,True
167,2025-11-19 16:00:00,56,1839.8607540993405,1780.5722248335894,22,19,-3,True
