hour_index,timestamp,bus,SCL_MVA,SCL_rank
0,2025-11-12 17:00:00,1,3250.982749740668,6
1,2025-11-12 18:00:00,1,3250.633185513449,6
2,2025-11-12 19:00:00,1,3250.2837892674806,6
3,2025-11-12 20:00:00,1,3249.6214509477268,6
4,2025-11-12 21:00:00,1,3210.4993783409413,6
5,2025-11-12 22:00:00,1,3121.85914128675,6
6,2025-11-12 23:00:00,1,3121.563215114956,6
7,2025-11-13 00:00:00,1,3120.242380049955,6
8,2025-11-13 01:00:00,1,3080.8607167177856,6
9,2025-11-13 02:00:00,1,3080.0765265561604,6
10,2025-11-13 03:00:00,1,3080.6263235870906,6
11,2025-11-13 04:00:00,1,3120.3860444365496,6
12,2025-11-13 05:00:00,1,3210.820517743972,6
13,2025-11-13 06:00:00,1,3249.9288852524523,6
14,2025-11-13 07:00:00,1,3249.965384334286,6
15,2025-11-13 08:00:00,1,3250.165509180102,6
16,2025-11-13 09:00:00,1,3250.5289693912146,6
17,2025-11-13 10:00:00,1,3250.8392921966056,6
18,2025-11-13 11:00:00,1,3250.940294834888,6
19,2025-11-13 12:00:00,1,3250.9799197688862,6
20,2025-11-13 13:00:00,1,3250.9723729398816,6
21,2025-11-13 14:00:00,1,3251.030852431097,6
22,2025-11-13 15:00:00,1,3251.24109356597,6
23,2025-11-13 16:00:00,1,3251.0478270901217,6
24,2025-11-13 17:00:00,1,3251.1110006734684,6
25,2025-11-13 18:00:00,1,3251.168507557104,6
26,2025-11-13 19:00:00,1,3250.920478331235,6
27,2025-11-13 20:00:00,1,3250.520435017765,6
28,2025-11-13 21:00:00,1,3250.170284731616,6
29,2025-11-13 22:00:00,1,3249.694279478218,6
30,2025-11-13 23:00:00,1,3249.4927345591536,6
31,2025-11-14 00:00:00,1,3249.486010094181,6
32,2025-11-14 01:00:00,1,3211.4871887529,6
33,2025-11-14 02:00:00,1,3211.4069335951094,6
34,2025-11-14 03:00:00,1,3211.527355677635,6
35,2025-11-14 04:00:00,1,3249.9202353642013,6
36,2025-11-14 05:00:00,1,3250.923309436404,6
37,2025-11-14 06:00:00,1,3251.737629327927,6
38,2025-11-14 07:00:00,1,3251.862690300084,6
39,2025-11-14 08:00:00,1,3251.814338611924,6
40,2025-11-14 09:00:00,1,3251.5948602752387,6
41,2025-11-14 10:00:00,1,3251.298599435782,6
42,2025-11-14 11:00:00,1,3251.176049059065,6
43,2025-11-14 12:00:00,1,3251.000671811108,6
44,2025-11-14 13:00:00,1,3251.176049059065,6
45,2025-11-14 14:00:00,1,3251.306141674376,6
46,2025-11-14 15:00:00,1,3251.5145985775757,6
47,2025-11-14 16:00:00,1,3251.638324812311,6
48,2025-11-14 17:00:00,1,3251.4768486306843,6
49,2025-11-14 18:00:00,1,3251.24486429967,6
50,2025-11-14 19:00:00,1,3250.8591219919404,6
51,2025-11-14 20:00:00,1,3250.693747741126,6
52,2025-11-14 21:00:00,1,3250.4559129018908,6
53,2025-11-14 22:00:00,1,3250.245668624074,6
54,2025-11-14 23:00:00,1,3249.7520315665697,6
55,2025-11-15 00:00:00,1,3249.567445997668,6
56,2025-11-15 01:00:00,1,3249.514193343693,6
57,2025-11-15 02:00:00,1,3211.4949111045057,6
58,2025-11-15 03:00:00,1,3249.6709870404834,6
59,2025-11-15 04:00:00,1,3249.869250721664,6
60,2025-11-15 05:00:00,1,3250.165509180102,6
61,2025-11-15 06:00:00,1,3250.6085674742244,6
62,2025-11-15 07:00:00,1,3250.8553451668336,6
63,2025-11-15 08:00:00,1,3250.8081234825845,6
64,2025-11-15 09:00:00,1,3250.7013145984074,6
65,2025-11-15 10:00:00,1,3250.4635075239457,6
66,2025-11-15 11:00:00,1,3250.390365191105,6
67,2025-11-15 12:00:00,1,3250.406522123016,6
68,2025-11-15 13:00:00,1,3250.3694487122943,6
69,2025-11-15 14:00:00,1,3250.803400101256,6
70,2025-11-15 15:00:00,1,3251.3051988865486,6
71,2025-11-15 16:00:00,1,3251.3872327524714,6
72,2025-11-15 17:00:00,1,3251.2146986854505,6
73,2025-11-15 18:00:00,1,3250.860066178095,6
74,2025-11-15 19:00:00,1,3250.507156907866,6
75,2025-11-15 20:00:00,1,3250.0890257017145,6
76,2025-11-15 21:00:00,1,3249.655397468712,6
77,2025-11-15 22:00:00,1,3211.1063152373704,6
78,2025-11-15 23:00:00,1,3210.855803722605,6
79,2025-11-16 00:00:00,1,3210.5064371414023,6
80,2025-11-16 01:00:00,1,3210.601727258668,6
81,2025-11-16 02:00:00,1,3210.693481942942,6
82,2025-11-16 03:00:00,1,3210.1640370378227,6
83,2025-11-16 04:00:00,1,3209.931000031233,6
84,2025-11-16 05:00:00,1,3210.584081447654,6
85,2025-11-16 06:00:00,1,3211.5026344329717,6
86,2025-11-16 07:00:00,1,3250.021982918958,6
87,2025-11-16 08:00:00,1,3250.217057073145,6
88,2025-11-16 09:00:00,1,3250.290457151766,6
89,2025-11-16 10:00:00,1,3250.402720941616,6
90,2025-11-16 11:00:00,1,3250.423624056503,6
91,2025-11-16 12:00:00,1,3250.4995680781567,6
92,2025-11-16 13:00:00,1,3250.717391768164,6
93,2025-11-16 14:00:00,1,3250.957278208562,6
94,2025-11-16 15:00:00,1,3251.400436305928,6
95,2025-11-16 16:00:00,1,3251.62320418174,6
96,2025-11-16 17:00:00,1,3251.6128103385363,6
97,2025-11-16 18:00:00,1,3251.5891925842325,6
98,2025-11-16 19:00:00,1,3251.263718200704,6
99,2025-11-16 20:00:00,1,3251.036510796136,6
100,2025-11-16 21:00:00,1,3250.757098371596,6
101,2025-11-16 22:00:00,1,3250.597202302401,6
102,2025-11-16 23:00:00,1,3250.391315737784,6
103,2025-11-17 00:00:00,1,3250.170284731616,6
104,2025-11-17 01:00:00,1,3250.154045655231,6
105,2025-11-17 02:00:00,1,3250.1138984747336,6
106,2025-11-17 03:00:00,1,3250.1855629018414,6
107,2025-11-17 04:00:00,1,3250.6341321868254,6
108,2025-11-17 05:00:00,1,3251.6364345805227,6
109,2025-11-17 06:00:00,1,3252.31477098465,6
110,2025-11-17 07:00:00,1,3252.4659297703565,6
111,2025-11-17 08:00:00,1,3252.492014162395,6
112,2025-11-17 09:00:00,1,3252.277349214698,6
113,2025-11-17 10:00:00,1,3252.138611354276,6
114,2025-11-17 11:00:00,1,3252.008033957953,6
115,2025-11-17 12:00:00,1,3252.056590821298,6
116,2025-11-17 13:00:00,1,3252.224653830912,6
117,2025-11-17 14:00:00,1,3252.496847643307,6
118,2025-11-17 15:00:00,1,3257.6400319920053,6
119,2025-11-17 16:00:00,1,3257.8358068278,6
120,2025-11-17 17:00:00,1,3257.68610333484,6
121,2025-11-17 18:00:00,1,3257.622462005031,6
122,2025-11-17 19:00:00,1,3252.6092631595984,6
123,2025-11-17 20:00:00,1,3252.4099876669907,6
124,2025-11-17 21:00:00,1,3251.9623855896853,6
125,2025-11-17 22:00:00,1,3251.646831407012,6
126,2025-11-17 23:00:00,1,3251.011990093526,6
127,2025-11-18 00:00:00,1,3250.857233595529,6
128,2025-11-18 01:00:00,1,3250.8081234825845,6
129,2025-11-18 02:00:00,1,3250.7410289017266,6
130,2025-11-18 03:00:00,1,3250.600043775971,6
131,2025-11-18 04:00:00,1,3251.004444648433,6
132,2025-11-18 05:00:00,1,3252.0108886256594,6
133,2025-11-18 06:00:00,1,3257.7566296955097,6
134,2025-11-18 07:00:00,1,3257.856068599493,6
135,2025-11-18 08:00:00,1,3257.843402704153,6
136,2025-11-18 09:00:00,1,3252.629673828461,6
137,2025-11-18 10:00:00,1,3252.4891145329016,6
138,2025-11-18 11:00:00,1,3252.294614881996,6
139,2025-11-18 12:00:00,1,3252.3330196000684,6
140,2025-11-18 13:00:00,1,3252.522965143537,6
141,2025-11-18 14:00:00,1,3257.6710165181544,6
142,2025-11-18 15:00:00,1,3257.984872660518,6
143,2025-11-18 16:00:00,1,3258.251421275563,6
144,2025-11-18 17:00:00,1,3258.1557733844684,6
145,2025-11-18 18:00:00,1,3257.95513701797,6
146,2025-11-18 19:00:00,1,3257.801237371563,6
147,2025-11-18 20:00:00,1,3252.6374543302504,6
148,2025-11-18 21:00:00,1,3252.088042242945,6
149,2025-11-18 22:00:00,1,3251.7726572046045,6
150,2025-11-18 23:00:00,1,3251.3014277583407,6
151,2025-11-19 00:00:00,1,3251.193959937833,6
152,2025-11-19 01:00:00,1,3251.181705150585,6
153,2025-11-19 02:00:00,1,3251.2392082037286,6
154,2025-11-19 03:00:00,1,3251.186418541224,6
155,2025-11-19 04:00:00,1,3251.5051599946537,6
156,2025-11-19 05:00:00,1,3252.457241047528,6
157,2025-11-19 06:00:00,1,3258.108599914457,6
158,2025-11-19 07:00:00,1,3258.175542583841,6
159,2025-11-19 08:00:00,1,3258.1652250633274,6
160,2025-11-19 09:00:00,1,3258.0214718770244,6
161,2025-11-19 10:00:00,1,3257.95513701797,6
162,2025-11-19 11:00:00,1,3257.944952873961,6
163,2025-11-19 12:00:00,1,3257.861137114929,6
164,2025-11-19 13:00:00,1,3257.830744420064,6
165,2025-11-19 14:00:00,1,3257.961080324398,6
166,2025-11-19 15:00:00,1,3258.1274525258577,6
167,2025-11-19 16:00:00,1,3258.296445574038,6
0,2025-11-12 17:00:00,3,2033.037027789054,20
1,2025-11-12 18:00:00,3,2036.5276127831876,20
2,2025-11-12 19:00:00,3,2039.8733899307229,20
3,2025-11-12 20:00:00,3,2045.3347339248676,20
4,2025-11-12 21:00:00,3,1984.5161289315145,19
5,2025-11-12 22:00:00,3,1931.8280442165983,18
6,2025-11-12 23:00:00,3,1932.9983330683483,18
7,2025-11-13 00:00:00,3,1938.1784661981824,18
8,2025-11-13 01:00:00,3,1887.1127703526995,16
9,2025-11-13 02:00:00,3,1887.1779574027137,16
10,2025-11-13 03:00:00,3,1887.132632544762,16
11,2025-11-13 04:00:00,3,1937.625576161993,18
12,2025-11-13 05:00:00,3,1984.280065982236,19
13,2025-11-13 06:00:00,3,2043.1248368219535,20
14,2025-11-13 07:00:00,3,2042.797266120799,20
15,2025-11-13 08:00:00,3,2040.9734519534104,20
16,2025-11-13 09:00:00,3,2037.540611997113,20
17,2025-11-13 10:00:00,3,2034.486738836644,20
18,2025-11-13 11:00:00,3,2033.468537475597,20
19,2025-11-13 12:00:00,3,2033.065856171476,20
20,2025-11-13 13:00:00,3,2033.1426891434585,20
21,2025-11-13 14:00:00,3,2032.5456049344252,20
22,2025-11-13 15:00:00,3,2030.3667343550803,20
23,2025-11-13 16:00:00,3,2032.3715552135368,20
24,2025-11-13 17:00:00,3,2031.7209066049943,20
25,2025-11-13 18:00:00,3,2031.124665850944,20
26,2025-11-13 19:00:00,3,2033.6692387079013,20
27,2025-11-13 20:00:00,3,2037.623001938206,20
28,2025-11-13 21:00:00,3,2040.9293559832647,20
29,2025-11-13 22:00:00,3,2044.844719905996,20
30,2025-11-13 23:00:00,3,2046.1609154082496,20
31,2025-11-14 00:00:00,3,2046.2027247261544,20
32,2025-11-14 01:00:00,3,1983.1222264755045,19
33,2025-11-14 02:00:00,3,1983.51233132299,19
34,2025-11-14 03:00:00,3,1982.926423464064,19
35,2025-11-14 04:00:00,3,2043.2022393990087,20
36,2025-11-14 05:00:00,3,2033.6405931349764,20
37,2025-11-14 06:00:00,3,2025.0261342132817,20
38,2025-11-14 07:00:00,3,2023.639706869698,20
39,2025-11-14 08:00:00,3,2024.1776333383905,20
40,2025-11-14 09:00:00,3,2026.588990171846,20
41,2025-11-14 10:00:00,3,2029.7620592821345,20
42,2025-11-14 11:00:00,3,2031.0461958737317,20
43,2025-11-14 12:00:00,3,2032.854244877275,20
44,2025-11-14 13:00:00,3,2031.0461958737317,20
45,2025-11-14 14:00:00,3,2029.6824780512327,20
46,2025-11-14 15:00:00,3,2027.458073379205,20
47,2025-11-14 16:00:00,3,2026.1154734218744,20
48,2025-11-14 17:00:00,3,2027.8644284889551,20
49,2025-11-14 18:00:00,3,2030.327198673216,20
50,2025-11-14 19:00:00,3,2034.287769849008,20
51,2025-11-14 20:00:00,3,2035.933079284138,20
52,2025-11-14 21:00:00,3,2038.243117451399,20
53,2025-11-14 22:00:00,3,2040.2297291462528,20
54,2025-11-14 23:00:00,3,2044.4440489211747,20
55,2025-11-15 00:00:00,3,2045.6874424740745,20
56,2025-11-15 01:00:00,3,2046.0266130888972,20
57,2025-11-15 02:00:00,3,1983.08461099546,19
58,2025-11-15 03:00:00,3,2045.0032646820528,20
59,2025-11-15 04:00:00,3,2043.596503387784,20
60,2025-11-15 05:00:00,3,2040.9734519534104,20
61,2025-11-15 06:00:00,3,2036.7680556775483,20
62,2025-11-15 07:00:00,3,2034.3257011458063,20
63,2025-11-15 08:00:00,3,2034.7985560110783,20
64,2025-11-15 09:00:00,3,2035.8584941081008,20
65,2025-11-15 10:00:00,3,2038.1703808339955,20
66,2025-11-15 11:00:00,3,2038.8680693647195,20
67,2025-11-15 12:00:00,3,2038.71449430584,20
68,2025-11-15 13:00:00,3,2039.066428080396,20
69,2025-11-15 14:00:00,3,2034.845710806896,20
70,2025-11-15 15:00:00,3,2029.69242926139,20
71,2025-11-15 16:00:00,3,2028.822856579868,20
72,2025-11-15 17:00:00,3,2030.64303343904,20
73,2025-11-15 18:00:00,3,2034.278284637142,20
74,2025-11-15 19:00:00,3,2037.7510170002488,20
75,2025-11-15 20:00:00,3,2041.6760238335976,20
76,2025-11-15 21:00:00,3,2045.108413780044,20
77,2025-11-15 22:00:00,3,1984.0646323110648,19
78,2025-11-15 23:00:00,3,1984.253740201359,19
79,2025-11-16 00:00:00,3,1984.5110084854248,19
80,2025-11-16 01:00:00,3,1984.4415846136556,19
81,2025-11-16 02:00:00,3,1984.3742075374128,19
82,2025-11-16 03:00:00,3,1984.755848783088,19
83,2025-11-16 04:00:00,3,1984.9183593585053,19
84,2025-11-16 05:00:00,3,1984.45448273918,19
85,2025-11-16 06:00:00,3,1983.04697698126,19
86,2025-11-16 07:00:00,3,2042.2862250607889,20
87,2025-11-16 08:00:00,3,2040.4960563053617,20
88,2025-11-16 09:00:00,3,2039.810884861358,20
89,2025-11-16 10:00:00,3,2038.7506530086264,20
90,2025-11-16 11:00:00,3,2038.5516017344028,20
91,2025-11-16 12:00:00,3,2037.8240881795807,20
92,2025-11-16 13:00:00,3,2035.6998017750725,20
93,2025-11-16 14:00:00,3,2033.2961689135548,20
94,2025-11-16 15:00:00,3,2028.6822006184848,20
95,2025-11-16 16:00:00,3,2026.280430326711,20
96,2025-11-16 17:00:00,3,2026.393680011676,20
97,2025-11-16 18:00:00,3,2026.6505874808715,20
98,2025-11-16 19:00:00,3,2030.1292782609744,20
99,2025-11-16 20:00:00,3,2032.4876235990864,20
100,2025-11-16 21:00:00,3,2035.3065758125056,20
101,2025-11-16 22:00:00,3,2036.878818509458,20
102,2025-11-16 23:00:00,3,2038.859042732695,20
103,2025-11-17 00:00:00,3,2040.9293559832647,20
104,2025-11-17 01:00:00,3,2041.0791931400563,20
105,2025-11-17 02:00:00,3,2041.4482984930032,20
106,2025-11-17 03:00:00,3,2040.7881018702303,20
107,2025-11-17 04:00:00,3,2036.5183524773263,20
108,2025-11-17 05:00:00,3,2026.136107965896,20
109,2025-11-17 06:00:00,3,2018.4997576127128,20
110,2025-11-17 07:00:00,3,2016.7394137370352,20
111,2025-11-17 08:00:00,3,2016.4336763255155,20
112,2025-11-17 09:00:00,3,2018.9324741610933,20
113,2025-11-17 10:00:00,3,2020.525636489524,20
114,2025-11-17 11:00:00,3,2022.0086012439915,20
115,2025-11-17 12:00:00,3,2021.459050491312,20
116,2025-11-17 13:00:00,3,2019.5396675688155,20
117,2025-11-17 14:00:00,3,2016.37696058532,20
118,2025-11-17 15:00:00,3,2038.3462841585865,20
119,2025-11-17 16:00:00,3,2035.6994226329284,20
120,2025-11-17 17:00:00,3,2037.7273707700929,20
121,2025-11-17 18:00:00,3,2038.5816505439248,20
122,2025-11-17 19:00:00,3,2015.0525154828777,20
123,2025-11-17 20:00:00,3,2017.3931871029151,20
124,2025-11-17 21:00:00,3,2022.5231400465625,20
125,2025-11-17 22:00:00,3,2026.0225651196856,20
126,2025-11-17 23:00:00,3,2032.7386219730336,20
127,2025-11-18 00:00:00,3,2034.306737407298,20
128,2025-11-18 01:00:00,3,2034.7985560110783,20
129,2025-11-18 02:00:00,3,2035.4659384391684,20
130,2025-11-18 03:00:00,3,2036.8511402658733,20
131,2025-11-18 04:00:00,3,2032.81571950019,20
132,2025-11-18 05:00:00,3,2021.9763563140157,20
133,2025-11-18 06:00:00,3,2036.7751412847128,20
134,2025-11-18 07:00:00,3,2035.423037872048,20
135,2025-11-18 08:00:00,3,2035.595861433403,20
136,2025-11-18 09:00:00,3,2014.8109605243103,20
137,2025-11-18 10:00:00,3,2016.4676910955056,20
138,2025-11-18 11:00:00,3,2018.7329825244456,20
139,2025-11-18 12:00:00,3,2018.288293473213,20
140,2025-11-18 13:00:00,3,2016.070166318692,20
141,2025-11-18 14:00:00,3,2037.9303202153435,20
142,2025-11-18 15:00:00,3,2033.655983726721,20
143,2025-11-18 16:00:00,3,2029.948561914872,20
144,2025-11-18 17:00:00,3,2031.286250189525,20
145,2025-11-18 18:00:00,3,2034.0654348092123,20
146,2025-11-18 19:00:00,3,2036.1699442369493,20
147,2025-11-18 20:00:00,3,2014.7187945207156,20
148,2025-11-18 21:00:00,3,2021.1018818951595,20
149,2025-11-18 22:00:00,3,2024.6394344752996,20
150,2025-11-18 23:00:00,3,2029.7322239397956,20
151,2025-11-19 00:00:00,3,2030.8595736066795,20
152,2025-11-19 01:00:00,3,2030.98730148522,20
153,2025-11-19 02:00:00,3,2030.3864961529812,20
154,2025-11-19 03:00:00,3,2030.9381953668023,20
155,2025-11-19 04:00:00,3,2027.559818973093,20
156,2025-11-19 05:00:00,3,2016.841128799468,20
157,2025-11-19 06:00:00,3,2031.9430719380332,20
158,2025-11-19 07:00:00,3,2031.0104069779115,20
159,2025-11-19 08:00:00,3,2031.154411761704,20
160,2025-11-19 09:00:00,3,2033.1508210982488,20
161,2025-11-19 10:00:00,3,2034.0654348092123,20
162,2025-11-19 11:00:00,3,2034.2054628856151,20
163,2025-11-19 12:00:00,3,2035.3538307729743,20
164,2025-11-19 13:00:00,3,2035.768408133095,20
165,2025-11-19 14:00:00,3,2033.983668145628,20
166,2025-11-19 15:00:00,3,2031.6808161110732,20
167,2025-11-19 16:00:00,3,2029.3162584490808,20
0,2025-11-12 17:00:00,5,1182.226886842859,31
1,2025-11-12 18:00:00,5,1185.8165353484371,31
2,2025-11-12 19:00:00,5,1189.2844039884487,30
3,2025-11-12 20:00:00,5,1194.8979031155209,30
4,2025-11-12 21:00:00,5,1148.7477588132294,29
5,2025-11-12 22:00:00,5,1132.9340762114928,29
6,2025-11-12 23:00:00,5,1134.2014540217835,29
7,2025-11-13 00:00:00,5,1139.829213750966,29
8,2025-11-13 01:00:00,5,1116.5668148378943,27
9,2025-11-13 02:00:00,5,1117.075469852012,27
10,2025-11-13 03:00:00,5,1116.7190249132614,27
11,2025-11-13 04:00:00,5,1139.2261488652678,29
12,2025-11-13 05:00:00,5,1148.3021179221555,29
13,2025-11-13 06:00:00,5,1192.682096358898,30
14,2025-11-13 07:00:00,5,1192.3384946685949,30
15,2025-11-13 08:00:00,5,1190.4307883762483,30
16,2025-11-13 09:00:00,5,1186.8635962307392,31
17,2025-11-13 10:00:00,5,1183.7143767072323,31
18,2025-11-13 11:00:00,5,1182.669153519441,31
19,2025-11-13 12:00:00,5,1182.256421126369,31
20,2025-11-13 13:00:00,5,1182.3351443526003,31
21,2025-11-13 14:00:00,5,1181.7237097864363,31
22,2025-11-13 15:00:00,5,1179.498944815357,31
23,2025-11-13 16:00:00,5,1181.5456227310067,31
24,2025-11-13 17:00:00,5,1180.880458054926,31
25,2025-11-13 18:00:00,5,1180.2717056355043,31
26,2025-11-13 19:00:00,5,1182.874998022386,31
27,2025-11-13 20:00:00,5,1186.9488654103611,31
28,2025-11-13 21:00:00,5,1190.3847745988144,30
29,2025-11-13 22:00:00,5,1194.4092563957058,30
30,2025-11-13 23:00:00,5,1195.720178706225,30
31,2025-11-14 00:00:00,5,1195.7617339310814,30
32,2025-11-14 01:00:00,5,1146.7440860796396,29
33,2025-11-14 02:00:00,5,1147.1695391707258,29
34,2025-11-14 03:00:00,5,1146.5307488458031,29
35,2025-11-14 04:00:00,5,1192.763330606528,30
36,2025-11-14 05:00:00,5,1182.845612898955,31
37,2025-11-14 06:00:00,5,1174.0863665551597,31
38,2025-11-14 07:00:00,5,1172.6900806342558,31
39,2025-11-14 08:00:00,5,1173.2313196062366,31
40,2025-11-14 09:00:00,5,1175.6645817605663,31
41,2025-11-14 10:00:00,5,1178.8832898090725,31
42,2025-11-14 11:00:00,5,1180.1916447716983,31
43,2025-11-14 12:00:00,5,1182.0396705477583,31
44,2025-11-14 13:00:00,5,1180.1916447716983,31
45,2025-11-14 14:00:00,5,1178.8023191512264,31
46,2025-11-14 15:00:00,5,1176.5442057567102,31
47,2025-11-14 16:00:00,5,1175.1859280100043,31
48,2025-11-14 17:00:00,5,1176.9559896831802,31
49,2025-11-14 18:00:00,5,1179.4586682905792,31
50,2025-11-14 19:00:00,5,1183.5099445632432,31
51,2025-11-14 20:00:00,5,1185.203149002181,31
52,2025-11-14 21:00:00,5,1187.5911847169034,30
53,2025-11-14 22:00:00,5,1189.6554032030208,30
54,2025-11-14 23:00:00,5,1194.0092122835376,30
55,2025-11-15 00:00:00,5,1195.249198363313,30
56,2025-11-15 01:00:00,5,1195.5866547501114,30
57,2025-11-15 02:00:00,5,1146.703091381578,29
58,2025-11-15 03:00:00,5,1194.567432642982,30
59,2025-11-15 04:00:00,5,1193.1616267122808,30
60,2025-11-15 05:00:00,5,1190.4307883762483,30
61,2025-11-15 06:00:00,5,1186.064840378364,31
62,2025-11-15 07:00:00,5,1183.5489104582384,31
63,2025-11-15 08:00:00,5,1184.034935952736,31
64,2025-11-15 09:00:00,5,1185.1262573532565,31
65,2025-11-15 10:00:00,5,1187.515794746236,30
66,2025-11-15 11:00:00,5,1188.2394756920255,30
67,2025-11-15 12:00:00,5,1188.0800750181254,30
68,2025-11-15 13:00:00,5,1188.4454464731411,30
69,2025-11-15 14:00:00,5,1184.08343203075,31
70,2025-11-15 15:00:00,5,1178.812443397309,31
71,2025-11-15 16:00:00,5,1177.9285050929052,31
72,2025-11-15 17:00:00,5,1179.7805115228357,31
73,2025-11-15 18:00:00,5,1183.50020114348,31
74,2025-11-15 19:00:00,5,1187.0813869701458,31
75,2025-11-15 20:00:00,5,1191.1646135884246,30
76,2025-11-15 21:00:00,5,1194.6722986970433,30
77,2025-11-15 22:00:00,5,1147.9008049491256,29
78,2025-11-15 23:00:00,5,1148.2528101203477,29
79,2025-11-16 00:00:00,5,1148.7380236850945,29
80,2025-11-16 01:00:00,5,1148.6063393801544,29
81,2025-11-16 02:00:00,5,1148.479074196433,29
82,2025-11-16 03:00:00,5,1149.207122077081,29
83,2025-11-16 04:00:00,5,1149.5227435666404,29
84,2025-11-16 05:00:00,5,1148.6307619121062,29
85,2025-11-16 06:00:00,5,1146.6620816015889,29
86,2025-11-16 07:00:00,5,1191.8030360992836,30
87,2025-11-16 08:00:00,5,1189.9329022695874,30
88,2025-11-16 09:00:00,5,1189.2193611846376,30
89,2025-11-16 10:00:00,5,1188.1176000238434,30
90,2025-11-16 11:00:00,5,1187.911067848018,30
91,2025-11-16 12:00:00,5,1187.1570484102876,31
92,2025-11-16 13:00:00,5,1184.9627008387426,31
93,2025-11-16 14:00:00,5,1182.4924388670845,31
94,2025-11-16 15:00:00,5,1177.7856679101938,31
95,2025-11-16 16:00:00,5,1175.3526263448591,31
96,2025-11-16 17:00:00,5,1175.4671013409113,31
97,2025-11-16 18:00:00,5,1175.7268785608503,31
98,2025-11-16 19:00:00,5,1179.2570875074168,31
99,2025-11-16 20:00:00,5,1181.6643762162837,31
100,2025-11-16 21:00:00,5,1184.557674013104,31
101,2025-11-16 22:00:00,5,1186.1792713791035,31
102,2025-11-16 23:00:00,5,1188.230105014076,30
103,2025-11-17 00:00:00,5,1190.3847745988144,30
104,2025-11-17 01:00:00,5,1190.5411493793326,30
105,2025-11-17 02:00:00,5,1190.9266137116297,30
106,2025-11-17 03:00:00,5,1190.2374116537912,30
107,2025-11-17 04:00:00,5,1185.8069749932893,31
108,2025-11-17 05:00:00,5,1175.2067775837215,31
109,2025-11-17 06:00:00,5,1167.5428266183696,31
110,2025-11-17 07:00:00,5,1165.7899979461813,31
111,2025-11-17 08:00:00,5,1165.4860623408383,31
112,2025-11-17 09:00:00,5,1167.9744540840866,31
113,2025-11-17 10:00:00,5,1169.566250619922,31
114,2025-11-17 11:00:00,5,1171.0517694117725,31
115,2025-11-17 12:00:00,5,1170.5008347344942,31
116,2025-11-17 13:00:00,5,1168.5806331519266,31
117,2025-11-17 14:00:00,5,1165.42969678205,31
118,2025-11-17 15:00:00,5,1190.236535989634,30
119,2025-11-17 16:00:00,5,1187.6495911276616,30
120,2025-11-17 17:00:00,5,1189.6306890113606,30
121,2025-11-17 18:00:00,5,1190.4670873043126,30
122,2025-11-17 19:00:00,5,1164.1148321543744,31
123,2025-11-17 20:00:00,5,1166.440407989464,31
124,2025-11-17 21:00:00,5,1171.568077230262,31
125,2025-11-17 22:00:00,5,1175.0920614475292,31
126,2025-11-17 23:00:00,5,1181.921280858205,31
127,2025-11-18 00:00:00,5,1183.5294290673369,31
128,2025-11-18 01:00:00,5,1184.034935952736,31
129,2025-11-18 02:00:00,5,1184.7217760037229,31
130,2025-11-18 03:00:00,5,1186.1506737570685,31
131,2025-11-18 04:00:00,5,1182.0002200472534,31
132,2025-11-18 05:00:00,5,1171.0194289149886,31
133,2025-11-18 06:00:00,5,1188.699695454172,30
134,2025-11-18 07:00:00,5,1187.380061779261,30
135,2025-11-18 08:00:00,5,1187.5485856047187,30
136,2025-11-18 09:00:00,5,1163.8753116025275,31
137,2025-11-18 10:00:00,5,1165.5198694811122,31
138,2025-11-18 11:00:00,5,1167.7754268744598,31
139,2025-11-18 12:00:00,5,1167.332004652654,31
140,2025-11-18 13:00:00,5,1165.1248828540272,31
141,2025-11-18 14:00:00,5,1189.8292894445892,30
142,2025-11-18 15:00:00,5,1185.6594375708642,30
143,2025-11-18 16:00:00,5,1182.0635443171348,31
144,2025-11-18 17:00:00,5,1183.358841708741,31
145,2025-11-18 18:00:00,5,1186.0577339062283,30
146,2025-11-18 19:00:00,5,1188.1086989775508,30
147,2025-11-18 20:00:00,5,1163.7839449298826,31
148,2025-11-18 21:00:00,5,1170.143043942314,31
149,2025-11-18 22:00:00,5,1173.6965657637684,31
150,2025-11-18 23:00:00,5,1178.85293205513,31
151,2025-11-19 00:00:00,5,1180.0012907170683,31
152,2025-11-19 01:00:00,5,1180.1315648406928,31
153,2025-11-19 02:00:00,5,1179.5190781300148,31
154,2025-11-19 03:00:00,5,1180.081475763703,31
155,2025-11-19 04:00:00,5,1176.6472805262963,31
156,2025-11-19 05:00:00,5,1165.8911457984843,31
157,2025-11-19 06:00:00,5,1183.9957283127087,31
158,2025-11-19 07:00:00,5,1183.0915443704678,31
159,2025-11-19 08:00:00,5,1183.2310749916585,31
160,2025-11-19 09:00:00,5,1185.1683620152023,30
161,2025-11-19 10:00:00,5,1186.0577339062283,30
162,2025-11-19 11:00:00,5,1186.1940016178874,30
163,2025-11-19 12:00:00,5,1187.3125886870473,30
164,2025-11-19 13:00:00,5,1187.716882900576,30
165,2025-11-19 14:00:00,5,1185.9781758925487,30
166,2025-11-19 15:00:00,5,1183.7413620142715,31
167,2025-11-19 16:00:00,5,1181.4521014206375,31
0,2025-11-12 17:00:00,10,1831.7355822139784,24
1,2025-11-12 18:00:00,10,1834.7635064186943,24
2,2025-11-12 19:00:00,10,1837.6539592153256,24
3,2025-11-12 20:00:00,10,1842.889556188645,23
4,2025-11-12 21:00:00,10,1827.162522568702,22
5,2025-11-12 22:00:00,10,1747.4869281270155,21
6,2025-11-12 23:00:00,10,1748.3547397909444,21
7,2025-11-13 00:00:00,10,1752.2675227934185,21
8,2025-11-13 01:00:00,10,1736.3309057104634,21
9,2025-11-13 02:00:00,10,1735.8802573737255,21
10,2025-11-13 03:00:00,10,1736.1965069008734,21
11,2025-11-13 04:00:00,10,1751.8436132333804,21
12,2025-11-13 05:00:00,10,1827.038837208391,22
13,2025-11-13 06:00:00,10,1840.4510087476797,24
14,2025-11-13 07:00:00,10,1840.169772713038,24
15,2025-11-13 08:00:00,10,1838.6016405008795,24
16,2025-11-13 09:00:00,10,1835.6399091440887,24
17,2025-11-13 10:00:00,10,1832.9946209808877,24
18,2025-11-13 11:00:00,10,1832.110553424476,24
19,2025-11-13 12:00:00,10,1831.7606390074768,24
20,2025-11-13 13:00:00,10,1831.8274160579372,24
21,2025-11-13 14:00:00,10,1831.3083281280915,24
22,2025-11-13 15:00:00,10,1829.4112022834977,24
23,2025-11-13 16:00:00,10,1831.156949629488,24
24,2025-11-13 17:00:00,10,1830.590796443515,24
25,2025-11-13 18:00:00,10,1830.0716335989769,24
26,2025-11-13 19:00:00,10,1832.284895886353,24
27,2025-11-13 20:00:00,10,1835.7111418692064,24
28,2025-11-13 21:00:00,10,1838.5636789599464,24
29,2025-11-13 22:00:00,10,1842.3314833761435,24
30,2025-11-13 23:00:00,10,1843.8442812295027,23
31,2025-11-14 00:00:00,10,1843.893083995464,23
32,2025-11-14 01:00:00,10,1826.1151471126773,22
33,2025-11-14 02:00:00,10,1826.4758949641755,22
34,2025-11-14 03:00:00,10,1825.934011259948,22
35,2025-11-14 04:00:00,10,1840.5174441395825,24
36,2025-11-14 05:00:00,10,1832.2600148478584,24
37,2025-11-14 06:00:00,10,1824.742966923156,24
38,2025-11-14 07:00:00,10,1823.5270657856456,24
39,2025-11-14 08:00:00,10,1823.9990191067727,24
40,2025-11-14 09:00:00,10,1826.111651259008,24
41,2025-11-14 10:00:00,10,1828.8839316738947,24
42,2025-11-14 11:00:00,10,1830.0032828199528,24
43,2025-11-14 12:00:00,10,1831.5766938757424,24
44,2025-11-14 13:00:00,10,1830.0032828199528,24
45,2025-11-14 14:00:00,10,1828.8145126823465,24
46,2025-11-14 15:00:00,10,1826.8718473545237,24
47,2025-11-14 16:00:00,10,1825.697185604589,24
48,2025-11-14 17:00:00,10,1827.2270634519332,24
49,2025-11-14 18:00:00,10,1829.3767378431803,24
50,2025-11-14 19:00:00,10,1832.8219439776217,24
51,2025-11-14 20:00:00,10,1834.2486450170784,24
52,2025-11-14 21:00:00,10,1836.2470498302616,24
53,2025-11-14 22:00:00,10,1837.961086934372,24
54,2025-11-14 23:00:00,10,1841.8793718354143,24
55,2025-11-15 00:00:00,10,1843.2949454766408,23
56,2025-11-15 01:00:00,10,1843.6878424452796,23
57,2025-11-15 02:00:00,10,1826.080352826625,22
58,2025-11-15 03:00:00,10,1842.511414515139,24
59,2025-11-15 04:00:00,10,1840.9346565376095,24
60,2025-11-15 05:00:00,10,1838.6016405008795,24
61,2025-11-15 06:00:00,10,1834.971624244132,24
62,2025-11-15 07:00:00,10,1832.8548660273343,24
63,2025-11-15 08:00:00,10,1833.265154862056,24
64,2025-11-15 09:00:00,10,1834.184029169848,24
65,2025-11-15 10:00:00,10,1836.1842116301875,24
66,2025-11-15 11:00:00,10,1836.786719776756,24
67,2025-11-15 12:00:00,10,1836.654140971168,24
68,2025-11-15 13:00:00,10,1836.9579216063144,24
69,2025-11-15 14:00:00,10,1833.3060580884064,24
70,2025-11-15 15:00:00,10,1828.823193474738,24
71,2025-11-15 16:00:00,10,1828.064295151964,24
72,2025-11-15 17:00:00,10,1829.652020132052,24
73,2025-11-15 18:00:00,10,1832.8137111695432,24
74,2025-11-15 19:00:00,10,1835.8218068976007,24
75,2025-11-15 20:00:00,10,1839.2061742437277,24
76,2025-11-15 21:00:00,10,1842.63107877229,24
77,2025-11-15 22:00:00,10,1826.9227006792405,22
78,2025-11-15 23:00:00,10,1827.024807527074,22
79,2025-11-16 00:00:00,10,1827.159881333794,22
80,2025-11-16 01:00:00,10,1827.1238855268875,22
81,2025-11-16 02:00:00,10,1827.0886258592047,22
82,2025-11-16 03:00:00,10,1827.283992781966,22
83,2025-11-16 04:00:00,10,1827.363787405849,22
84,2025-11-16 05:00:00,10,1827.130599067348,22
85,2025-11-16 06:00:00,10,1826.0455397270368,22
86,2025-11-16 07:00:00,10,1839.730764958744,24
87,2025-11-16 08:00:00,10,1838.1905408199243,24
88,2025-11-16 09:00:00,10,1837.60007171523,24
89,2025-11-16 10:00:00,10,1836.685358484555,24
90,2025-11-16 11:00:00,10,1836.513490575005,24
91,2025-11-16 12:00:00,10,1835.884966847946,24
92,2025-11-16 13:00:00,10,1834.046529304261,24
93,2025-11-16 14:00:00,10,1831.960791171188,24
94,2025-11-16 15:00:00,10,1827.941476966776,24
95,2025-11-16 16:00:00,10,1825.841593068064,24
96,2025-11-16 17:00:00,10,1825.9407211620016,24
97,2025-11-16 18:00:00,10,1826.165552694103,24
98,2025-11-16 19:00:00,10,1829.2041830133576,24
99,2025-11-16 20:00:00,10,1831.2579025053828,24
100,2025-11-16 21:00:00,10,1833.7057059095744,24
101,2025-11-16 22:00:00,10,1835.0674759051835,24
102,2025-11-16 23:00:00,10,1836.778927943373,24
103,2025-11-17 00:00:00,10,1838.5636789599464,24
104,2025-11-17 01:00:00,10,1838.6926624496948,24
105,2025-11-17 02:00:00,10,1839.010288084204,24
106,2025-11-17 03:00:00,10,1838.4420606160472,24
107,2025-11-17 04:00:00,10,1834.755489864701,24
108,2025-11-17 05:00:00,10,1825.715250887933,24
109,2025-11-17 06:00:00,10,1819.005748318356,24
110,2025-11-17 07:00:00,10,1817.4525656394155,24
111,2025-11-17 08:00:00,10,1817.1825717453064,24
112,2025-11-17 09:00:00,10,1819.387182457892,24
113,2025-11-17 10:00:00,10,1820.7902897212448,24
114,2025-11-17 11:00:00,10,1822.094554338993,24
115,2025-11-17 12:00:00,10,1821.611429500211,24
116,2025-11-17 13:00:00,10,1819.922173338543,24
117,2025-11-17 14:00:00,10,1817.132478983361,24
118,2025-11-17 15:00:00,10,1827.146416189416,24
119,2025-11-17 16:00:00,10,1824.7801540194416,24
120,2025-11-17 17:00:00,10,1826.593584062562,24
121,2025-11-17 18:00:00,10,1827.3565764640207,24
122,2025-11-17 19:00:00,10,1815.962023724763,24
123,2025-11-17 20:00:00,10,1818.0296734187168,24
124,2025-11-17 21:00:00,10,1822.5466792644725,24
125,2025-11-17 22:00:00,10,1825.615841030545,24
126,2025-11-17 23:00:00,10,1831.4761692728985,24
127,2025-11-18 00:00:00,10,1832.8384068387709,24
128,2025-11-18 01:00:00,10,1833.265154862056,24
129,2025-11-18 02:00:00,10,1833.8438502902995,24
130,2025-11-18 03:00:00,10,1835.0435249759787,24
131,2025-11-18 04:00:00,10,1831.5432006636852,24
132,2025-11-18 05:00:00,10,1822.0662136368203,24
133,2025-11-18 06:00:00,10,1825.7424623109148,24
134,2025-11-18 07:00:00,10,1824.532770539163,24
135,2025-11-18 08:00:00,10,1824.68746612348,24
136,2025-11-18 09:00:00,10,1815.7484157908088,24
137,2025-11-18 10:00:00,10,1817.2126133003344,24
138,2025-11-18 11:00:00,10,1819.2113509047235,24
139,2025-11-18 12:00:00,10,1818.819293393588,24
140,2025-11-18 13:00:00,10,1816.8614694293617,24
141,2025-11-18 14:00:00,10,1826.774896488576,24
142,2025-11-18 15:00:00,10,1822.949825878654,24
143,2025-11-18 16:00:00,10,1819.621495728593,24
144,2025-11-18 17:00:00,10,1820.8235059640635,24
145,2025-11-18 18:00:00,10,1823.3168163492023,24
146,2025-11-18 19:00:00,10,1825.2011746383664,24
147,2025-11-18 20:00:00,10,1815.6669019254248,24
148,2025-11-18 21:00:00,10,1821.2973038270052,24
149,2025-11-18 22:00:00,10,1824.403991466496,24
150,2025-11-18 23:00:00,10,1828.857906875989,24
151,2025-11-19 00:00:00,10,1829.8407035600108,24
152,2025-11-19 01:00:00,10,1829.951979451984,24
153,2025-11-19 02:00:00,10,1829.428428694693,24
154,2025-11-19 03:00:00,10,1829.9092002469524,24
155,2025-11-19 04:00:00,10,1826.960802105107,24
156,2025-11-19 05:00:00,10,1817.5423738911315,24
157,2025-11-19 06:00:00,10,1821.413255226371,24
158,2025-11-19 07:00:00,10,1820.575741649253,24
159,2025-11-19 08:00:00,10,1820.7050943298857,24
160,2025-11-19 09:00:00,10,1822.4968845071185,24
161,2025-11-19 10:00:00,10,1823.3168163492023,24
162,2025-11-19 11:00:00,10,1823.4422957719328,24
163,2025-11-19 12:00:00,10,1824.4708166652904,24
164,2025-11-19 13:00:00,10,1824.841892099648,24
165,2025-11-19 14:00:00,10,1823.2435385835051,24
166,2025-11-19 15:00:00,10,1821.1778161230095,24
167,2025-11-19 16:00:00,10,1819.052898884653,24
0,2025-11-12 17:00:00,12,2292.762472490394,16
1,2025-11-12 18:00:00,12,2296.368339169885,16
2,2025-11-12 19:00:00,12,2299.814734300766,16
3,2025-11-12 20:00:00,12,2305.8664260809096,16
4,2025-11-12 21:00:00,12,2252.8440660320475,16
5,2025-11-12 22:00:00,12,2139.4364527806624,15
6,2025-11-12 23:00:00,12,2140.496035348241,15
7,2025-11-13 00:00:00,12,2145.232949339279,15
8,2025-11-13 01:00:00,12,2104.8667377716783,15
9,2025-11-13 02:00:00,12,2104.3396753005213,15
10,2025-11-13 03:00:00,12,2104.7094971599904,15
11,2025-11-13 04:00:00,12,2144.723894054271,15
12,2025-11-13 05:00:00,12,2252.757722463725,16
13,2025-11-13 06:00:00,12,2303.154051151992,16
14,2025-11-13 07:00:00,12,2302.8180901154365,16
15,2025-11-13 08:00:00,12,2300.945652729659,16
16,2025-11-13 09:00:00,12,2297.412853276605,16
17,2025-11-13 10:00:00,12,2294.2612969451675,16
18,2025-11-13 11:00:00,12,2293.208780769095,16
19,2025-11-13 12:00:00,12,2292.79229425162,16
20,2025-11-13 13:00:00,12,2292.871771473413,16
21,2025-11-13 14:00:00,12,2292.254012820334,16
22,2025-11-13 15:00:00,12,2289.997293401688,16
23,2025-11-13 16:00:00,12,2292.0738825300823,16
24,2025-11-13 17:00:00,12,2291.400288994422,16
25,2025-11-13 18:00:00,12,2290.7827279921758,16
26,2025-11-13 19:00:00,12,2293.416313346901,16
27,2025-11-13 20:00:00,12,2297.497766873249,16
28,2025-11-13 21:00:00,12,2300.900341718152,16
29,2025-11-13 22:00:00,12,2305.2534457538272,16
30,2025-11-13 23:00:00,12,2306.906906291017,16
31,2025-11-14 00:00:00,12,2306.95980694236,16
32,2025-11-14 01:00:00,12,2251.805905843601,16
33,2025-11-14 02:00:00,12,2252.209469859388,16
34,2025-11-14 03:00:00,12,2251.603291967751,16
35,2025-11-14 04:00:00,12,2303.233420810987,16
36,2025-11-14 05:00:00,12,2293.386694768646,16
37,2025-11-14 06:00:00,12,2284.450639338881,16
38,2025-11-14 07:00:00,12,2283.0073497664275,16
39,2025-11-14 08:00:00,12,2283.567498084305,16
40,2025-11-14 09:00:00,12,2286.0759613919995,16
41,2025-11-14 10:00:00,12,2289.37035806074,16
42,2025-11-14 11:00:00,12,2290.701431327933,16
43,2025-11-14 12:00:00,12,2292.573375538699,16
44,2025-11-14 13:00:00,12,2290.701431327933,16
45,2025-11-14 14:00:00,12,2289.2878262884656,16
46,2025-11-14 15:00:00,12,2286.9790176097786,16
47,2025-11-14 16:00:00,12,2285.5837035750164,16
48,2025-11-14 17:00:00,12,2287.4010672947884,16
49,2025-11-14 18:00:00,12,2289.9563108635407,16
50,2025-11-14 19:00:00,12,2294.055689670592,16
51,2025-11-14 20:00:00,12,2295.754895344762,16
52,2025-11-14 21:00:00,12,2298.136683912801,16
53,2025-11-14 22:00:00,12,2300.1811924046824,16
54,2025-11-14 23:00:00,12,2304.7543594690287,16
55,2025-11-15 00:00:00,12,2306.3095122604686,16
56,2025-11-15 01:00:00,12,2306.737141430453,16
57,2025-11-15 02:00:00,12,2251.7669847988045,16
58,2025-11-15 03:00:00,12,2305.451455574977,16
59,2025-11-15 04:00:00,12,2303.704537148152,16
60,2025-11-15 05:00:00,12,2300.945652729659,16
61,2025-11-15 06:00:00,12,2296.616343278639,16
62,2025-11-15 07:00:00,12,2294.0948890187533,16
63,2025-11-15 08:00:00,12,2294.583451158064,16
64,2025-11-15 09:00:00,12,2295.677916448177,16
65,2025-11-15 10:00:00,12,2298.061759678155,16
66,2025-11-15 11:00:00,12,2298.780236202708,16
67,2025-11-15 12:00:00,12,2298.622122899141,16
68,2025-11-15 13:00:00,12,2298.9844249446305,16
69,2025-11-15 14:00:00,12,2294.632162115077,16
70,2025-11-15 15:00:00,12,2289.298146712684,16
71,2025-11-15 16:00:00,12,2288.3960268979763,16
72,2025-11-15 17:00:00,12,2290.283670248579,16
73,2025-11-15 18:00:00,12,2294.0458871797737,16
74,2025-11-15 19:00:00,12,2297.6296912226217,16
75,2025-11-15 20:00:00,12,2301.6673344610376,16
76,2025-11-15 21:00:00,12,2305.5829461741323,16
77,2025-11-15 22:00:00,12,2252.673822230923,16
78,2025-11-15 23:00:00,12,2252.747723617392,16
79,2025-11-16 00:00:00,12,2252.842258306029,16
80,2025-11-16 01:00:00,12,2252.817458504553,16
81,2025-11-16 02:00:00,12,2252.7928810022227,16
82,2025-11-16 03:00:00,12,2252.925280865192,16
83,2025-11-16 04:00:00,12,2252.9763426610243,16
84,2025-11-16 05:00:00,12,2252.822106628258,16
85,2025-11-16 06:00:00,12,2251.728043212972,16
86,2025-11-16 07:00:00,12,2302.293748927943,16
87,2025-11-16 08:00:00,12,2300.455005263438,16
88,2025-11-16 09:00:00,12,2299.750442168586,16
89,2025-11-16 10:00:00,12,2298.6593520335937,16
90,2025-11-16 11:00:00,12,2298.4543934865637,16
91,2025-11-16 12:00:00,12,2297.704987327988,16
92,2025-11-16 13:00:00,12,2295.5141152948545,16
93,2025-11-16 14:00:00,12,2293.030518994854,16
94,2025-11-16 15:00:00,12,2288.2500526812114,16
95,2025-11-16 16:00:00,12,2285.755207599213,16
96,2025-11-16 17:00:00,12,2285.8729407860847,16
97,2025-11-16 18:00:00,12,2286.1399847032367,16
98,2025-11-16 19:00:00,12,2289.7511291973287,16
99,2025-11-16 20:00:00,12,2292.194008555658,16
100,2025-11-16 21:00:00,12,2295.108137954345,16
101,2025-11-16 22:00:00,12,2296.730572399194,16
102,2025-11-16 23:00:00,12,2298.770943417626,16
103,2025-11-17 00:00:00,12,2300.900341718152,16
104,2025-11-17 01:00:00,12,2301.054300066038,16
105,2025-11-17 02:00:00,12,2301.4334665713386,16
106,2025-11-17 03:00:00,12,2300.755183065022,16
107,2025-11-17 04:00:00,12,2296.3587866542885,16
108,2025-11-17 05:00:00,12,2285.605158174248,16
109,2025-11-17 06:00:00,12,2277.6451879442457,16
110,2025-11-17 07:00:00,12,2275.804771548705,16
111,2025-11-17 08:00:00,12,2275.484927513127,16
112,2025-11-17 09:00:00,12,2278.097284169027,16
113,2025-11-17 10:00:00,12,2279.7607485125263,16
114,2025-11-17 11:00:00,12,2281.307644445921,16
115,2025-11-17 12:00:00,12,2280.7345739894968,16
116,2025-11-17 13:00:00,12,2278.731467016435,16
117,2025-11-17 14:00:00,12,2275.42558849326,16
118,2025-11-17 15:00:00,12,2296.394500254049,16
119,2025-11-17 16:00:00,12,2293.606355984646,16
120,2025-11-17 17:00:00,12,2295.742944776416,16
121,2025-11-17 18:00:00,12,2296.6422162268377,16
122,2025-11-17 19:00:00,12,2274.039315353235,16
123,2025-11-17 20:00:00,12,2276.488512580189,16
124,2025-11-17 21:00:00,12,2281.844019516675,16
125,2025-11-17 22:00:00,12,2285.4870991293287,16
126,2025-11-17 23:00:00,12,2292.4537446409604,16
127,2025-11-18 00:00:00,12,2294.0752914674235,16
128,2025-11-18 01:00:00,12,2294.583451158064,16
129,2025-11-18 02:00:00,12,2295.2726841168305,16
130,2025-11-18 03:00:00,12,2296.702028973088,16
131,2025-11-18 04:00:00,12,2292.533515901316,16
132,2025-11-18 05:00:00,12,2281.2740251164664,16
133,2025-11-18 06:00:00,12,2294.740022158413,16
134,2025-11-18 07:00:00,12,2293.3149672904137,16
135,2025-11-18 08:00:00,12,2293.497178324152,16
136,2025-11-18 09:00:00,12,2273.786367373432,16
137,2025-11-18 10:00:00,12,2275.520514607424,16
138,2025-11-18 11:00:00,12,2277.888873087568,16
139,2025-11-18 12:00:00,12,2277.42420931951,16
140,2025-11-18 13:00:00,12,2275.104569233693,16
141,2025-11-18 14:00:00,12,2295.9566247113903,16
142,2025-11-18 15:00:00,12,2291.450884207293,16
143,2025-11-18 16:00:00,12,2287.5338281371373,16
144,2025-11-18 17:00:00,12,2288.948087211959,16
145,2025-11-18 18:00:00,12,2291.88298680552,16
146,2025-11-18 19:00:00,12,2294.102312197623,16
147,2025-11-18 20:00:00,12,2273.689844907801,16
148,2025-11-18 21:00:00,12,2280.362010606901,16
149,2025-11-18 22:00:00,12,2284.048215199171,16
150,2025-11-18 23:00:00,12,2289.339417114639,16
151,2025-11-19 00:00:00,12,2290.5080671401897,16
152,2025-11-19 01:00:00,12,2290.640412253803,16
153,2025-11-19 02:00:00,12,2290.0177779542046,16
154,2025-11-19 03:00:00,12,2290.589532503482,16
155,2025-11-19 04:00:00,12,2287.084704332053,16
156,2025-11-19 05:00:00,12,2275.9111667127813,16
157,2025-11-19 06:00:00,12,2289.642123479166,16
158,2025-11-19 07:00:00,12,2288.656539699386,16
159,2025-11-19 08:00:00,12,2288.8087485126234,16
160,2025-11-19 09:00:00,12,2290.917636259832,16
161,2025-11-19 10:00:00,12,2291.88298680552,16
162,2025-11-19 11:00:00,12,2292.0307382467336,16
163,2025-11-19 12:00:00,12,2293.2419958395635,16
164,2025-11-19 13:00:00,12,2293.6790791277604,16
165,2025-11-19 14:00:00,12,2291.7967047534885,16
166,2025-11-19 15:00:00,12,2289.365039056252,16
167,2025-11-19 16:00:00,12,2286.864970414983,16
0,2025-11-12 17:00:00,13,1044.3500211713176,36
1,2025-11-12 18:00:00,13,1047.6297030297608,37
2,2025-11-12 19:00:00,13,1050.787124020611,36
3,2025-11-12 20:00:00,13,1056.279557129342,36
4,2025-11-12 21:00:00,13,1052.4727633429827,34
5,2025-11-12 22:00:00,13,1014.4885807140416,34
6,2025-11-12 23:00:00,13,1015.4273724708346,34
7,2025-11-13 00:00:00,13,1019.6521145455342,34
8,2025-11-13 01:00:00,13,1014.6761407790292,31
9,2025-11-13 02:00:00,13,1014.7311476625016,31
10,2025-11-13 03:00:00,13,1014.692742318937,31
11,2025-11-13 04:00:00,13,1019.194017063519,34
12,2025-11-13 05:00:00,13,1052.2333395432129,34
13,2025-11-13 06:00:00,13,1053.8697458177437,36
14,2025-11-13 07:00:00,13,1053.5585098402566,36
15,2025-11-13 08:00:00,13,1051.8284316556485,36
16,2025-11-13 09:00:00,13,1048.584188364871,37
17,2025-11-13 10:00:00,13,1045.7104424575875,37
18,2025-11-13 11:00:00,13,1044.7547084736443,36
19,2025-11-13 12:00:00,13,1044.3770512061988,36
20,2025-11-13 13:00:00,13,1044.4490957066116,36
21,2025-11-13 14:00:00,13,1043.889393453045,36
22,2025-11-13 15:00:00,13,1041.850163655115,36
23,2025-11-13 16:00:00,13,1043.726313457357,36
24,2025-11-13 17:00:00,13,1043.116960641075,36
25,2025-11-13 18:00:00,13,1042.5589561215206,36
26,2025-11-13 19:00:00,13,1044.943004492408,36
27,2025-11-13 20:00:00,13,1048.661874754563,37
28,2025-11-13 21:00:00,13,1051.786659345895,36
29,2025-11-13 22:00:00,13,1055.7308340921618,36
30,2025-11-13 23:00:00,13,1057.219719704515,36
31,2025-11-14 00:00:00,13,1057.2678282990914,36
32,2025-11-14 01:00:00,13,1051.0241966140477,34
33,2025-11-14 02:00:00,13,1051.437181193375,34
34,2025-11-14 03:00:00,13,1050.817034895732,34
35,2025-11-14 04:00:00,13,1053.9433113858172,36
36,2025-11-14 05:00:00,13,1044.9161267399531,36
37,2025-11-14 06:00:00,13,1036.8717791612412,36
38,2025-11-14 07:00:00,13,1035.583664063368,36
39,2025-11-14 08:00:00,13,1036.0832476347657,36
40,2025-11-14 09:00:00,13,1038.325857361965,36
41,2025-11-14 10:00:00,13,1041.2851125658915,36
42,2025-11-14 11:00:00,13,1042.4855460345682,36
43,2025-11-14 12:00:00,13,1044.1786616482116,36
44,2025-11-14 13:00:00,13,1042.4855460345682,36
45,2025-11-14 14:00:00,13,1041.210773714191,36
46,2025-11-14 15:00:00,13,1039.135420409749,36
47,2025-11-14 16:00:00,13,1037.8850644138197,36
48,2025-11-14 17:00:00,13,1039.5141896086477,36
49,2025-11-14 18:00:00,13,1041.8132073856664,36
50,2025-11-14 19:00:00,13,1045.5235883935916,37
51,2025-11-14 20:00:00,13,1047.070090597443,37
52,2025-11-14 21:00:00,13,1049.246860953618,37
53,2025-11-14 22:00:00,13,1051.1242529975125,36
54,2025-11-14 23:00:00,13,1055.2867318169426,36
55,2025-11-15 00:00:00,13,1056.6785375620868,36
56,2025-11-15 01:00:00,13,1057.065539599354,36
57,2025-11-15 02:00:00,13,1050.9843925615464,34
58,2025-11-15 03:00:00,13,1055.9076851076877,36
59,2025-11-15 04:00:00,13,1054.359959316802,36
60,2025-11-15 05:00:00,13,1051.8284316556485,36
61,2025-11-15 06:00:00,13,1047.8561438104948,37
62,2025-11-15 07:00:00,13,1045.5592066372776,37
63,2025-11-15 08:00:00,13,1046.003364506376,37
64,2025-11-15 09:00:00,13,1046.9999160930183,37
65,2025-11-15 10:00:00,13,1049.1782197960413,37
66,2025-11-15 11:00:00,13,1049.8369022034774,36
67,2025-11-15 12:00:00,13,1049.6918597536612,36
68,2025-11-15 13:00:00,13,1050.024285133458,36
69,2025-11-15 14:00:00,13,1046.04767158802,37
70,2025-11-15 15:00:00,13,1041.220069045223,36
71,2025-11-15 16:00:00,13,1040.4081811695626,36
72,2025-11-15 17:00:00,13,1042.108480881487,36
73,2025-11-15 18:00:00,13,1045.5146818458531,37
74,2025-11-15 19:00:00,13,1048.7825983421308,37
75,2025-11-15 20:00:00,13,1052.494342278981,36
76,2025-11-15 21:00:00,13,1056.0253352972304,36
77,2025-11-15 22:00:00,13,1052.0147483204294,34
78,2025-11-15 23:00:00,13,1052.2066324182215,34
79,2025-11-16 00:00:00,13,1052.4675711465284,34
80,2025-11-16 01:00:00,13,1052.397169354061,34
81,2025-11-16 02:00:00,13,1052.3288342091832,34
82,2025-11-16 03:00:00,13,1052.7157822384206,34
83,2025-11-16 04:00:00,13,1052.8804593366126,34
84,2025-11-16 05:00:00,13,1052.4102498817988,34
85,2025-11-16 06:00:00,13,1050.9445719771247,34
86,2025-11-16 07:00:00,13,1053.0732610034552,36
87,2025-11-16 08:00:00,13,1051.376333426486,36
88,2025-11-16 09:00:00,13,1050.7280060016,36
89,2025-11-16 10:00:00,13,1049.7260067554157,36
90,2025-11-16 11:00:00,13,1049.5380505384824,37
91,2025-11-16 12:00:00,13,1048.851516707367,37
92,2025-11-16 13:00:00,13,1046.8506301087468,37
93,2025-11-16 14:00:00,13,1044.593029589916,36
94,2025-11-16 15:00:00,13,1040.2769259329696,36
95,2025-11-16 16:00:00,13,1038.0385981427485,36
96,2025-11-16 17:00:00,13,1038.1440197664415,36
97,2025-11-16 18:00:00,13,1038.3832129620896,36
98,2025-11-16 19:00:00,13,1041.6282237478229,36
99,2025-11-16 20:00:00,13,1043.8350628378066,36
100,2025-11-16 21:00:00,13,1046.4808400011186,37
101,2025-11-16 22:00:00,13,1047.9604800092786,37
102,2025-11-16 23:00:00,13,1049.8283762504934,36
103,2025-11-17 00:00:00,13,1051.786659345895,36
104,2025-11-17 01:00:00,13,1051.9286115997268,36
105,2025-11-17 02:00:00,13,1052.2784251752717,36
106,2025-11-17 03:00:00,13,1051.6528665638962,36
107,2025-11-17 04:00:00,13,1047.6209833932107,37
108,2025-11-17 05:00:00,13,1037.9042686672085,36
109,2025-11-17 06:00:00,13,1030.8220676787828,36
110,2025-11-17 07:00:00,13,1029.1959786797863,36
111,2025-11-17 08:00:00,13,1028.913786960101,36
112,2025-11-17 09:00:00,13,1031.2221329540896,36
113,2025-11-17 10:00:00,13,1032.696312443063,36
114,2025-11-17 11:00:00,13,1034.0703190432357,36
115,2025-11-17 12:00:00,13,1033.5609392633403,36
116,2025-11-17 13:00:00,13,1031.783748556294,36
117,2025-11-17 14:00:00,13,1028.8614463487493,36
118,2025-11-17 15:00:00,13,1035.8819100117416,36
119,2025-11-17 16:00:00,13,1033.4262477245452,36
120,2025-11-17 17:00:00,13,1035.307290979182,36
121,2025-11-17 18:00:00,13,1036.100499690515,36
122,2025-11-17 19:00:00,13,1027.639810131811,36
123,2025-11-17 20:00:00,13,1029.799627607934,36
124,2025-11-17 21:00:00,13,1034.5474701997405,36
125,2025-11-17 22:00:00,13,1037.798600888626,36
126,2025-11-17 23:00:00,13,1044.0702836700684,36
127,2025-11-18 00:00:00,13,1045.5413991046682,37
128,2025-11-18 01:00:00,13,1046.003364506376,37
129,2025-11-18 02:00:00,13,1046.6306829268651,37
130,2025-11-18 03:00:00,13,1047.9344063012024,37
131,2025-11-18 04:00:00,13,1044.1425486510773,36
132,2025-11-18 05:00:00,13,1034.0404243552537,36
133,2025-11-18 06:00:00,13,1034.423708328462,36
134,2025-11-18 07:00:00,13,1033.1700887654556,36
135,2025-11-18 08:00:00,13,1033.3302594844404,36
136,2025-11-18 09:00:00,13,1027.4171360334235,36
137,2025-11-18 10:00:00,13,1028.9451788768235,36
138,2025-11-18 11:00:00,13,1031.0376767780444,36
139,2025-11-18 12:00:00,13,1030.6266108588068,36
140,2025-11-18 13:00:00,13,1028.5783579331437,36
141,2025-11-18 14:00:00,13,1035.4956873751544,36
142,2025-11-18 15:00:00,13,1031.5334648868911,36
143,2025-11-18 16:00:00,13,1028.105661259771,36
144,2025-11-18 17:00:00,13,1029.341562476377,36
145,2025-11-18 18:00:00,13,1031.912523948945,36
146,2025-11-18 19:00:00,13,1033.8624478576069,36
147,2025-11-18 20:00:00,13,1027.3321845255507,36
148,2025-11-18 21:00:00,13,1033.2300098017824,36
149,2025-11-18 22:00:00,13,1036.5123318818482,36
150,2025-11-18 23:00:00,13,1041.2572418693378,36
151,2025-11-19 00:00:00,13,1042.310983203654,36
152,2025-11-19 01:00:00,13,1042.4304534708472,36
153,2025-11-19 02:00:00,13,1041.8686367389396,36
154,2025-11-19 03:00:00,13,1042.3845200644776,36
155,2025-11-19 04:00:00,13,1039.2302441771403,36
156,2025-11-19 05:00:00,13,1029.2898751404846,36
157,2025-11-19 06:00:00,13,1029.948770393387,36
158,2025-11-19 07:00:00,13,1029.0866277737844,36
159,2025-11-19 08:00:00,13,1029.2197119060502,36
160,2025-11-19 09:00:00,13,1031.0659366124746,36
161,2025-11-19 10:00:00,13,1031.912523948945,36
162,2025-11-19 11:00:00,13,1032.0421814711813,36
163,2025-11-19 12:00:00,13,1033.1059537483902,36
164,2025-11-19 13:00:00,13,1033.4901923888872,36
165,2025-11-19 14:00:00,13,1031.8368184539188,36
166,2025-11-19 15:00:00,13,1029.7062950988684,36
167,2025-11-19 16:00:00,13,1027.5218095617413,36
0,2025-11-12 17:00:00,14,2056.2687096718223,19
1,2025-11-12 18:00:00,14,2061.9214485282814,19
2,2025-11-12 19:00:00,14,2067.408448087141,19
3,2025-11-12 20:00:00,14,2066.141197765233,19
4,2025-11-12 21:00:00,14,1025.6209789788056,35
5,2025-11-12 22:00:00,14,1019.432321611453,33
6,2025-11-12 23:00:00,14,1020.26573971033,33
7,2025-11-13 00:00:00,14,1023.8016072078568,33
8,2025-11-13 01:00:00,14,906.6546122300977,34
9,2025-11-13 02:00:00,14,907.1411548469528,34
10,2025-11-13 03:00:00,14,906.8001803157144,34
11,2025-11-13 04:00:00,14,1023.436881853786,33
12,2025-11-13 05:00:00,14,1025.3595420229262,35
13,2025-11-13 06:00:00,14,2072.8101106315285,19
14,2025-11-13 07:00:00,14,2072.2626688861,19
15,2025-11-13 08:00:00,14,2069.228084866804,19
16,2025-11-13 09:00:00,14,2063.575412686091,19
17,2025-11-13 10:00:00,14,2058.607843410219,19
18,2025-11-13 11:00:00,14,2056.963712617857,19
19,2025-11-13 12:00:00,14,2056.315108972308,19
20,2025-11-13 13:00:00,14,2056.43879443302,19
21,2025-11-13 14:00:00,14,2055.4784776049805,19
22,2025-11-13 15:00:00,14,2051.990694314464,19
23,2025-11-13 16:00:00,14,2055.198918792439,19
24,2025-11-13 17:00:00,14,2054.1553237520825,19
25,2025-11-13 18:00:00,14,2053.2010229035945,19
26,2025-11-13 19:00:00,14,2057.28732594485,19
27,2025-11-13 20:00:00,14,2063.710209513994,19
28,2025-11-13 21:00:00,14,2069.154991750584,19
29,2025-11-13 22:00:00,14,2067.880021294313,19
30,2025-11-13 23:00:00,14,2063.0599255567786,19
31,2025-11-14 00:00:00,14,2062.898698656453,19
32,2025-11-14 01:00:00,14,1024.4467532699057,35
33,2025-11-14 02:00:00,14,1024.695500305436,35
34,2025-11-14 03:00:00,14,1024.3220169601427,35
35,2025-11-14 04:00:00,14,2072.9395760879274,19
36,2025-11-14 05:00:00,14,2057.2411234939354,19
37,2025-11-14 06:00:00,14,2043.546420851268,19
38,2025-11-14 07:00:00,14,2041.3772517672908,19
39,2025-11-14 08:00:00,14,2042.217795195964,19
40,2025-11-14 09:00:00,14,2046.002718659107,19
41,2025-11-14 10:00:00,14,2051.027288558553,19
42,2025-11-14 11:00:00,14,2053.075572558409,19
43,2025-11-14 12:00:00,14,2055.9746285975443,19
44,2025-11-14 13:00:00,14,2053.075572558409,19
45,2025-11-14 14:00:00,14,2050.9006382236034,19
46,2025-11-14 15:00:00,14,2047.3738381776147,19
47,2025-11-14 16:00:00,14,2045.2572453966347,19
48,2025-11-14 17:00:00,14,2048.016227972893,19
49,2025-11-14 18:00:00,14,2051.927644532892,19
50,2025-11-14 19:00:00,14,2058.2860942181705,19
51,2025-11-14 20:00:00,14,2060.9536127616457,19
52,2025-11-14 21:00:00,14,2064.726116489489,19
53,2025-11-14 22:00:00,14,2067.997010358619,19
54,2025-11-14 23:00:00,14,2069.2561950508784,19
55,2025-11-15 00:00:00,14,2064.849576912156,19
56,2025-11-15 01:00:00,14,2063.574266576679,19
57,2025-11-15 02:00:00,14,1024.4227843470303,35
58,2025-11-15 03:00:00,14,2067.324295572483,19
59,2025-11-15 04:00:00,14,2072.041119411192,19
60,2025-11-15 05:00:00,14,2069.228084866804,19
61,2025-11-15 06:00:00,14,2062.313465622906,19
62,2025-11-15 07:00:00,14,2058.347414677184,19
63,2025-11-15 08:00:00,14,2059.1125368076696,19
64,2025-11-15 09:00:00,14,2060.83234497852,19
65,2025-11-15 10:00:00,14,2064.6068318139173,19
66,2025-11-15 11:00:00,14,2065.752374331868,19
67,2025-11-15 12:00:00,14,2065.499955111065,19
68,2025-11-15 13:00:00,14,2066.078621761465,19
69,2025-11-15 14:00:00,14,2059.188908474421,19
70,2025-11-15 15:00:00,14,2050.916473358222,19
71,2025-11-15 16:00:00,14,2049.5346905625497,19
72,2025-11-15 17:00:00,14,2052.4315561267185,19
73,2025-11-15 18:00:00,14,2058.270761534772,19
74,2025-11-15 19:00:00,14,2063.919735791744,19
75,2025-11-15 20:00:00,14,2070.394409480604,19
76,2025-11-15 21:00:00,14,2066.952138674488,19
77,2025-11-15 22:00:00,14,1025.123923380614,35
78,2025-11-15 23:00:00,14,1025.3306018967924,35
79,2025-11-16 00:00:00,14,1025.6152702020638,35
80,2025-11-16 01:00:00,14,1025.538038720328,35
81,2025-11-16 02:00:00,14,1025.4633805586484,35
82,2025-11-16 03:00:00,14,1025.8902312940156,35
83,2025-11-16 04:00:00,14,1026.0750885167768,35
84,2025-11-16 05:00:00,14,1025.5523637537322,35
85,2025-11-16 06:00:00,14,1024.398806464054,35
86,2025-11-16 07:00:00,14,2071.4100873410084,19
87,2025-11-16 08:00:00,14,2068.437440648588,19
88,2025-11-16 09:00:00,14,2067.3052938620085,19
89,2025-11-16 10:00:00,14,2065.5593729209745,19
90,2025-11-16 11:00:00,14,2065.2323838977863,19
91,2025-11-16 12:00:00,14,2064.0393790261337,19
92,2025-11-16 13:00:00,14,2060.574437364437,19
93,2025-11-16 14:00:00,14,2056.685964845779,19
94,2025-11-16 15:00:00,14,2049.311551141038,19
95,2025-11-16 16:00:00,14,2045.5168172923948,19
96,2025-11-16 17:00:00,14,2045.6951015073969,19
97,2025-11-16 18:00:00,14,2046.0997746760693,19
98,2025-11-16 19:00:00,14,2051.612134265784,19
99,2025-11-16 20:00:00,14,2055.385329311521,19
100,2025-11-16 21:00:00,14,2059.936004842129,19
101,2025-11-16 22:00:00,14,2062.49417035687,19
102,2025-11-16 23:00:00,14,2065.737533846763,19
103,2025-11-17 00:00:00,14,2069.154991750584,19
104,2025-11-17 01:00:00,14,2069.4034131190638,19
105,2025-11-17 02:00:00,14,2070.0160059072487,19
106,2025-11-17 03:00:00,14,2068.920936718248,19
107,2025-11-17 04:00:00,14,2061.906357529268,19
108,2025-11-17 05:00:00,14,2045.2897080688635,19
109,2025-11-17 06:00:00,14,2033.4124209403808,19
110,2025-11-17 07:00:00,14,2030.7112023935804,19
111,2025-11-17 08:00:00,14,2030.2433820598908,19
112,2025-11-17 09:00:00,14,2034.0784408326435,19
113,2025-11-17 10:00:00,14,2036.537599986773,19
114,2025-11-17 11:00:00,14,2038.836792663501,19
115,2025-11-17 12:00:00,14,2037.9836120142932,19
116,2025-11-17 13:00:00,14,2035.0143758095503,19
117,2025-11-17 14:00:00,14,2030.15664191162,19
118,2025-11-17 15:00:00,14,2067.424534856872,19
119,2025-11-17 16:00:00,14,2063.460416301943,19
120,2025-11-17 17:00:00,14,2066.4950764743576,19
121,2025-11-17 18:00:00,14,2067.7784100502213,19
122,2025-11-17 19:00:00,14,2028.1348259921583,19
123,2025-11-17 20:00:00,14,2031.7128771686428,19
124,2025-11-17 21:00:00,14,2039.636864763511,19
125,2025-11-17 22:00:00,14,2045.1111060729695,19
126,2025-11-17 23:00:00,14,2055.7886981200127,19
127,2025-11-18 00:00:00,14,2058.3167565023123,19
128,2025-11-18 01:00:00,14,2059.1125368076696,19
129,2025-11-18 02:00:00,14,2060.1946326250195,19
130,2025-11-18 03:00:00,14,2062.449007548068,19
131,2025-11-18 04:00:00,14,2055.9126685691385,19
132,2025-11-18 05:00:00,14,2038.786694335104,19
133,2025-11-18 06:00:00,14,2065.068092670338,19
134,2025-11-18 07:00:00,14,2063.048094331003,19
135,2025-11-18 08:00:00,14,2063.3058843401,19
136,2025-11-18 09:00:00,14,2027.7668558752976,19
137,2025-11-18 10:00:00,14,2030.2954101140333,19
138,2025-11-18 11:00:00,14,2033.7712910357093,19
139,2025-11-18 12:00:00,14,2033.0872367902905,19
140,2025-11-18 13:00:00,14,2029.687666705208,19
141,2025-11-18 14:00:00,14,2066.799685226826,19
142,2025-11-18 15:00:00,14,2060.418958310669,19
143,2025-11-18 16:00:00,14,2054.9412027676303,19
144,2025-11-18 17:00:00,14,2056.911778165328,19
145,2025-11-18 18:00:00,14,2061.0270929406183,19
146,2025-11-18 19:00:00,14,2064.1630521587267,19
147,2025-11-18 20:00:00,14,2027.6265180764865,19
148,2025-11-18 21:00:00,14,2037.4298377498455,19
149,2025-11-18 22:00:00,14,2042.9404806880684,19
150,2025-11-18 23:00:00,14,2050.979802915823,19
151,2025-11-19 00:00:00,14,2052.777351627364,19
152,2025-11-19 01:00:00,14,2052.981439575306,19
153,2025-11-19 02:00:00,14,2052.0222126794038,19
154,2025-11-19 03:00:00,14,2052.902965784921,19
155,2025-11-19 04:00:00,14,2047.534605397617,19
156,2025-11-19 05:00:00,14,2030.8669268322635,19
157,2025-11-19 06:00:00,14,2057.881762389038,19
158,2025-11-19 07:00:00,14,2056.5048922825586,19
159,2025-11-19 08:00:00,14,2056.7172733624207,19
160,2025-11-19 09:00:00,14,2059.669550319408,19
161,2025-11-19 10:00:00,14,2061.0270929406183,19
162,2025-11-19 11:00:00,14,2061.2352163465152,19
163,2025-11-19 12:00:00,14,2062.944895325438,19
164,2025-11-19 13:00:00,14,2063.5633785269706,19
165,2025-11-19 14:00:00,14,2060.9055981822685,19
166,2025-11-19 15:00:00,14,2057.494275307602,19
167,2025-11-19 16:00:00,14,2054.0120036601343,19
0,2025-11-12 17:00:00,15,2609.2926294940044,13
1,2025-11-12 18:00:00,15,2616.936557394929,13
2,2025-11-12 19:00:00,15,2624.31278284408,13
3,2025-11-12 20:00:00,15,2637.185916245587,13
4,2025-11-12 21:00:00,15,2587.4034193290327,12
5,2025-11-12 22:00:00,15,2159.141067712032,14
6,2025-11-12 23:00:00,15,2160.7324588999786,14
7,2025-11-13 00:00:00,15,2167.87436388498,14
8,2025-11-13 01:00:00,15,2135.094831107608,14
9,2025-11-13 02:00:00,15,2133.8107598674487,14
10,2025-11-13 03:00:00,15,2134.710762136277,14
11,2025-11-13 04:00:00,15,2167.1033597425303,14
12,2025-11-13 05:00:00,15,2587.639059212947,12
13,2025-11-13 06:00:00,15,2631.531525023981,13
14,2025-11-13 07:00:00,15,2630.801885011712,13
15,2025-11-13 08:00:00,15,2626.7493138785558,13
16,2025-11-13 09:00:00,15,2619.164555095472,13
17,2025-11-13 10:00:00,15,2612.461199871666,13
18,2025-11-13 11:00:00,15,2610.2348768513407,13
19,2025-11-13 12:00:00,15,2609.355556233476,13
20,2025-11-13 13:00:00,15,2609.523283749311,13
21,2025-11-13 14:00:00,15,2608.220454241268,13
22,2025-11-13 15:00:00,15,2603.477892119476,13
23,2025-11-13 16:00:00,15,2607.8409440327805,13
24,2025-11-13 17:00:00,15,2606.423267212899,13
25,2025-11-13 18:00:00,15,2605.12556663394,13
26,2025-11-13 19:00:00,15,2610.673383135734,13
27,2025-11-13 20:00:00,15,2619.345962617827,13
28,2025-11-13 21:00:00,15,2626.651533917693,13
29,2025-11-13 22:00:00,15,2635.9039661684915,13
30,2025-11-13 23:00:00,15,2639.373542635319,13
31,2025-11-14 00:00:00,15,2639.4851768550006,13
32,2025-11-14 01:00:00,15,2586.1291019195496,12
33,2025-11-14 02:00:00,15,2587.0590356644893,12
34,2025-11-14 03:00:00,15,2585.6627575394587,12
35,2025-11-14 04:00:00,15,2631.7040138634543,13
36,2025-11-14 05:00:00,15,2610.6107863512198,13
37,2025-11-14 06:00:00,15,2591.926386271828,13
38,2025-11-14 07:00:00,15,2588.9434033885336,13
39,2025-11-14 08:00:00,15,2590.1000476078448,13
40,2025-11-14 09:00:00,15,2595.296550250041,13
41,2025-11-14 10:00:00,15,2602.164917568248,13
42,2025-11-14 11:00:00,15,2604.954879699253,13
43,2025-11-14 12:00:00,15,2608.89372662473,13
44,2025-11-14 13:00:00,15,2604.954879699253,13
45,2025-11-14 14:00:00,15,2601.9922173654086,13
46,2025-11-14 15:00:00,15,2597.1742335275403,13
47,2025-11-14 16:00:00,15,2594.2745874275583,13
48,2025-11-14 17:00:00,15,2598.053074586114,13
49,2025-11-14 18:00:00,15,2603.392004098667,13
50,2025-11-14 19:00:00,15,2612.0258176163347,13
51,2025-11-14 20:00:00,15,2615.63100872037,13
52,2025-11-14 21:00:00,15,2620.712315218953,13
53,2025-11-14 22:00:00,15,2625.1014081675644,13
54,2025-11-14 23:00:00,15,2634.8637476503445,13
55,2025-11-15 00:00:00,15,2638.115670863804,13
56,2025-11-15 01:00:00,15,2639.0155687185943,13
57,2025-11-15 02:00:00,15,2586.039491797193,12
58,2025-11-15 03:00:00,15,2636.317538174989,13
59,2025-11-15 04:00:00,15,2632.685472516817,13
60,2025-11-15 05:00:00,15,2626.7493138785558,13
61,2025-11-15 06:00:00,15,2617.4649835785926,13
62,2025-11-15 07:00:00,15,2612.1088060480824,13
63,2025-11-15 08:00:00,15,2613.1438430568446,13
64,2025-11-15 09:00:00,15,2615.46733226866,13
65,2025-11-15 10:00:00,15,2620.551959200332,13
66,2025-11-15 11:00:00,15,2622.091080270681,13
67,2025-11-15 12:00:00,15,2621.7520990313337,13
68,2025-11-15 13:00:00,15,2622.529071152887,13
69,2025-11-15 14:00:00,15,2613.247111269796,13
70,2025-11-15 15:00:00,15,2602.01381133934,13
71,2025-11-15 16:00:00,15,2600.1282108490896,13
72,2025-11-15 17:00:00,15,2604.0782917909783,13
73,2025-11-15 18:00:00,15,2612.00506620412,13
74,2025-11-15 19:00:00,15,2619.6278881335184,13
75,2025-11-15 20:00:00,15,2628.3084993864486,13
76,2025-11-15 21:00:00,15,2636.5924545497955,13
77,2025-11-15 22:00:00,15,2587.8315844374383,12
78,2025-11-15 23:00:00,15,2587.663705733745,12
79,2025-11-16 00:00:00,15,2587.408818075407,12
80,2025-11-16 01:00:00,15,2587.4807343122634,12
81,2025-11-16 02:00:00,15,2587.54828507205,12
82,2025-11-16 03:00:00,15,2587.1356055294177,12
83,2025-11-16 04:00:00,15,2586.9364376983644,12
84,2025-11-16 05:00:00,15,2587.467552330172,12
85,2025-11-16 06:00:00,15,2585.94984765497,12
86,2025-11-16 07:00:00,15,2629.6646656864555,13
87,2025-11-16 08:00:00,15,2625.6912185997253,13
88,2025-11-16 09:00:00,15,2624.1745127090194,13
89,2025-11-16 10:00:00,15,2621.831901249013,13
90,2025-11-16 11:00:00,15,2621.3926692783857,13
91,2025-11-16 12:00:00,15,2619.788844348643,13
92,2025-11-16 13:00:00,15,2615.119162083487,13
93,2025-11-16 14:00:00,15,2609.858402673706,13
94,2025-11-16 15:00:00,15,2599.8234656847094,13
95,2025-11-16 16:00:00,15,2594.630517871775,13
96,2025-11-16 17:00:00,15,2594.874931980992,13
97,2025-11-16 18:00:00,15,2595.429547983376,13
98,2025-11-16 19:00:00,15,2602.9621254842223,13
99,2025-11-16 20:00:00,15,2608.0940145126933,13
100,2025-11-16 21:00:00,15,2614.256884783811,13
101,2025-11-16 22:00:00,15,2617.708493757343,13
102,2025-11-16 23:00:00,15,2622.0711530913272,13
103,2025-11-17 00:00:00,15,2626.651533917693,13
104,2025-11-17 01:00:00,15,2626.9838265102185,13
105,2025-11-17 02:00:00,15,2627.802854393563,13
106,2025-11-17 03:00:00,15,2626.3383753399244,13
107,2025-11-17 04:00:00,15,2616.9162108408395,13
108,2025-11-17 05:00:00,15,2594.3191059263386,13
109,2025-11-17 06:00:00,15,2577.936447485663,13
110,2025-11-17 07:00:00,15,2574.1844485303845,13
111,2025-11-17 08:00:00,15,2573.533671789087,13
112,2025-11-17 09:00:00,15,2578.860074644997,13
113,2025-11-17 10:00:00,15,2582.2653232100456,13
114,2025-11-17 11:00:00,15,2585.4418031726823,13
115,2025-11-17 12:00:00,15,2584.263901274444,13
116,2025-11-17 13:00:00,15,2580.1570264870284,13
117,2025-11-17 14:00:00,15,2573.4129775684387,13
118,2025-11-17 15:00:00,15,2601.3124849137967,13
119,2025-11-17 16:00:00,15,2595.681587036388,13
120,2025-11-17 17:00:00,15,2599.9941908044043,13
121,2025-11-17 18:00:00,15,2601.8140845479093,13
122,2025-11-17 19:00:00,15,2570.5969425794037,13
123,2025-11-17 20:00:00,15,2575.576895789106,13
124,2025-11-17 21:00:00,15,2586.545500920028,13
125,2025-11-17 22:00:00,15,2594.074157911284,13
126,2025-11-17 23:00:00,15,2608.6414609635717,13
127,2025-11-18 00:00:00,15,2612.0673152751456,13
128,2025-11-18 01:00:00,15,2613.1438430568446,13
129,2025-11-18 02:00:00,15,2614.606261295837,13
130,2025-11-18 03:00:00,15,2617.647638608023,13
131,2025-11-18 04:00:00,15,2608.8096662312814,13
132,2025-11-18 05:00:00,15,2585.3726642030374,13
133,2025-11-18 06:00:00,15,2597.9678820216163,13
134,2025-11-18 07:00:00,15,2595.0946392287537,13
135,2025-11-18 08:00:00,15,2595.4616357002888,13
136,2025-11-18 09:00:00,15,2570.083850653022,13
137,2025-11-18 10:00:00,15,2573.606061282266,13
138,2025-11-18 11:00:00,15,2578.4341962661024,13
139,2025-11-18 12:00:00,15,2577.485274114418,13
140,2025-11-18 13:00:00,15,2572.7602533703453,13
141,2025-11-18 14:00:00,15,2600.426364801014,13
142,2025-11-18 15:00:00,15,2591.346461262714,13
143,2025-11-18 16:00:00,15,2583.5064792584617,13
144,2025-11-18 17:00:00,15,2586.331613336106,13
145,2025-11-18 18:00:00,15,2592.2142896506407,13
146,2025-11-18 19:00:00,15,2596.6812566402773,13
147,2025-11-18 20:00:00,15,2569.8881192685576,13
148,2025-11-18 21:00:00,15,2583.498841175202,13
149,2025-11-18 22:00:00,15,2591.093751516869,13
150,2025-11-18 23:00:00,15,2602.100168807838,13
151,2025-11-19 00:00:00,15,2604.5490346585943,13
152,2025-11-19 01:00:00,15,2604.826788639777,13
153,2025-11-19 02:00:00,15,2603.520825181068,13
154,2025-11-19 03:00:00,15,2604.719996375187,13
155,2025-11-19 04:00:00,15,2597.3942288864714,13
156,2025-11-19 05:00:00,15,2574.401010461901,13
157,2025-11-19 06:00:00,15,2587.72027479234,13
158,2025-11-19 07:00:00,15,2585.748715735452,13
159,2025-11-19 08:00:00,15,2586.0529976287776,13
160,2025-11-19 09:00:00,15,2590.276326356532,13
161,2025-11-19 10:00:00,15,2592.2142896506407,13
162,2025-11-19 11:00:00,15,2592.5111709211,13
163,2025-11-19 12:00:00,15,2594.9476965648537,13
164,2025-11-19 13:00:00,15,2595.8281187151883,13
165,2025-11-19 14:00:00,15,2592.040953560589,13
166,2025-11-19 15:00:00,15,2587.165691202081,13
167,2025-11-19 16:00:00,15,2582.172470320813,13
0,2025-11-12 17:00:00,16,1912.6180930318235,21
1,2025-11-12 18:00:00,16,1918.4687333687984,21
2,2025-11-12 19:00:00,16,1924.1106516837,21
3,2025-11-12 20:00:00,16,1933.883425325787,21
4,2025-11-12 21:00:00,16,1906.2266991590689,20
5,2025-11-12 22:00:00,16,1708.7907613937325,22
6,2025-11-12 23:00:00,16,1710.1832684135068,22
7,2025-11-13 00:00:00,16,1716.428993190406,22
8,2025-11-13 01:00:00,16,1695.1086285521574,22
9,2025-11-13 02:00:00,16,1694.4914543129976,22
10,2025-11-13 03:00:00,16,1694.924128749887,22
11,2025-11-13 04:00:00,16,1715.7544993093595,22
12,2025-11-13 05:00:00,16,1906.1417255705144,20
13,2025-11-13 06:00:00,16,1929.628447927303,21
14,2025-11-13 07:00:00,16,1929.0708981231155,21
15,2025-11-13 08:00:00,16,1925.973472215453,21
16,2025-11-13 09:00:00,16,1920.173278711328,21
17,2025-11-13 10:00:00,16,1915.0437950967323,21
18,2025-11-13 11:00:00,16,1913.3395033592824,21
19,2025-11-13 12:00:00,16,1912.6662733599571,21
20,2025-11-13 13:00:00,16,1912.7946938595276,21
21,2025-11-13 14:00:00,16,1911.7971323461784,21
22,2025-11-13 15:00:00,16,1908.164826441148,21
23,2025-11-13 16:00:00,16,1911.5065238949971,21
24,2025-11-13 17:00:00,16,1910.4208562514168,21
25,2025-11-13 18:00:00,16,1909.4269468281132,21
26,2025-11-13 19:00:00,16,1913.6752149931333,21
27,2025-11-13 20:00:00,16,1920.3120507078063,21
28,2025-11-13 21:00:00,16,1925.8987236948592,21
29,2025-11-13 22:00:00,16,1932.919202200262,21
30,2025-11-13 23:00:00,16,1935.5296047380136,21
31,2025-11-14 00:00:00,16,1935.6136353360264,21
32,2025-11-14 01:00:00,16,1904.5602676886372,20
33,2025-11-14 02:00:00,16,1905.276527950336,20
34,2025-11-14 03:00:00,16,1904.2010473175176,20
35,2025-11-14 04:00:00,16,1929.760248716684,21
36,2025-11-14 05:00:00,16,1913.6272929550491,21
37,2025-11-14 06:00:00,16,1899.311167674898,21
38,2025-11-14 07:00:00,16,1897.023385751979,21
39,2025-11-14 08:00:00,16,1897.9105391555663,21
40,2025-11-14 09:00:00,16,1901.8951694514035,21
41,2025-11-14 10:00:00,16,1907.1589539104837,21
42,2025-11-14 11:00:00,16,1909.2962090680064,21
43,2025-11-14 12:00:00,16,1912.3126637576756,21
44,2025-11-14 13:00:00,16,1909.2962090680064,21
45,2025-11-14 14:00:00,16,1907.0266391758785,21
46,2025-11-14 15:00:00,16,1903.334508582176,21
47,2025-11-14 16:00:00,16,1901.111682606465,21
48,2025-11-14 17:00:00,16,1904.008102306726,21
49,2025-11-14 18:00:00,16,1908.0990310454529,21
50,2025-11-14 19:00:00,16,1914.7105286425444,21
51,2025-11-14 20:00:00,16,1917.4697549141329,21
52,2025-11-14 21:00:00,16,1921.357201416364,21
53,2025-11-14 22:00:00,16,1924.713630984807,21
54,2025-11-14 23:00:00,16,1932.1370252709376,21
55,2025-11-15 00:00:00,16,1934.582943498706,21
56,2025-11-15 01:00:00,16,1935.2601640756304,21
57,2025-11-15 02:00:00,16,1904.4912434303956,20
58,2025-11-15 03:00:00,16,1933.2302375273157,21
59,2025-11-15 04:00:00,16,1930.499731971351,21
60,2025-11-15 05:00:00,16,1925.973472215453,21
61,2025-11-15 06:00:00,16,1918.873040565049,21
62,2025-11-15 07:00:00,16,1914.7740537344373,21
63,2025-11-15 08:00:00,16,1915.5663029681505,21
64,2025-11-15 09:00:00,16,1917.3445048368303,21
65,2025-11-15 10:00:00,16,1921.234548554792,21
66,2025-11-15 11:00:00,16,1922.411715519744,21
67,2025-11-15 12:00:00,16,1922.1524663868136,21
68,2025-11-15 13:00:00,16,1922.746674331052,21
69,2025-11-15 14:00:00,16,1915.6453436014108,21
70,2025-11-15 15:00:00,16,1907.0431835695508,21
71,2025-11-15 16:00:00,16,1905.598396075383,21
72,2025-11-15 17:00:00,16,1908.624754679963,21
73,2025-11-15 18:00:00,16,1914.6946440008371,21
74,2025-11-15 19:00:00,16,1920.5277118135327,21
75,2025-11-15 20:00:00,16,1927.1653113724983,21
76,2025-11-15 21:00:00,16,1933.437011983133,21
77,2025-11-15 22:00:00,16,1906.053968312366,20
78,2025-11-15 23:00:00,16,1906.131509508372,20
79,2025-11-16 00:00:00,16,1906.2249862958208,20
80,2025-11-16 01:00:00,16,1906.201182463585,20
81,2025-11-16 02:00:00,16,1906.1770627846709,20
82,2025-11-16 03:00:00,16,1906.3000613753188,20
83,2025-11-16 04:00:00,16,1906.341813958927,20
84,2025-11-16 05:00:00,16,1906.205686150421,20
85,2025-11-16 06:00:00,16,1904.4221922462848,20
86,2025-11-16 07:00:00,16,1928.2018246457155,21
87,2025-11-16 08:00:00,16,1925.164569016224,21
88,2025-11-16 09:00:00,16,1924.0049265124285,21
89,2025-11-16 10:00:00,16,1922.2134989649971,21
90,2025-11-16 11:00:00,16,1921.8775697469775,21
91,2025-11-16 12:00:00,16,1920.6508340495664,21
92,2025-11-16 13:00:00,16,1917.0780685404304,21
93,2025-11-16 14:00:00,16,1913.051271742287,21
94,2025-11-16 15:00:00,16,1905.3648710619389,21
95,2025-11-16 16:00:00,16,1901.3845644017567,21
96,2025-11-16 17:00:00,16,1901.5719447963168,21
97,2025-11-16 18:00:00,16,1901.997126821572,21
98,2025-11-16 19:00:00,16,1907.7697105765108,21
99,2025-11-16 20:00:00,16,1911.7003127162209,21
100,2025-11-16 21:00:00,16,1916.4181772137945,21
101,2025-11-16 22:00:00,16,1919.059347548944,21
102,2025-11-16 23:00:00,16,1922.3964756522016,21
103,2025-11-17 00:00:00,16,1925.8987236948592,21
104,2025-11-17 01:00:00,16,1926.152744186157,21
105,2025-11-17 02:00:00,16,1926.7788156856177,21
106,2025-11-17 03:00:00,16,1925.659323112804,21
107,2025-11-17 04:00:00,16,1918.4531655144292,21
108,2025-11-17 05:00:00,16,1901.14581415001,21
109,2025-11-17 06:00:00,16,1888.576446516576,21
110,2025-11-17 07:00:00,16,1885.6952199006528,21
111,2025-11-17 08:00:00,16,1885.1953799586752,21
112,2025-11-17 09:00:00,16,1889.2855701141152,21
113,2025-11-17 10:00:00,16,1891.8994835349629,21
114,2025-11-17 11:00:00,16,1894.337083552045,21
115,2025-11-17 12:00:00,16,1893.433252724139,21
116,2025-11-17 13:00:00,16,1890.2812198706883,21
117,2025-11-17 14:00:00,16,1885.1026755974103,21
118,2025-11-17 15:00:00,16,1904.7127909196604,21
119,2025-11-17 16:00:00,16,1900.382343212009,21
120,2025-11-17 17:00:00,16,1903.699149154313,21
121,2025-11-17 18:00:00,16,1905.0984418570383,21
122,2025-11-17 19:00:00,16,1882.9394196341727,21
123,2025-11-17 20:00:00,16,1886.7646160213344,21
124,2025-11-17 21:00:00,16,1895.183890571807,21
125,2025-11-17 22:00:00,16,1900.958015183465,21
126,2025-11-17 23:00:00,16,1912.1195050501876,21
127,2025-11-18 00:00:00,16,1914.7422938830928,21
128,2025-11-18 01:00:00,16,1915.5663029681505,21
129,2025-11-18 02:00:00,16,1916.68555738262,21
130,2025-11-18 03:00:00,16,1919.0127883212483,21
131,2025-11-18 04:00:00,16,1912.248299568379,21
132,2025-11-18 05:00:00,16,1894.2840342492564,21
133,2025-11-18 06:00:00,16,1902.1408811733256,21
134,2025-11-18 07:00:00,16,1899.930826062724,21
135,2025-11-18 08:00:00,16,1900.2131455693352,21
136,2025-11-18 09:00:00,16,1882.5452086540072,21
137,2025-11-18 10:00:00,16,1885.2509813339725,21
138,2025-11-18 11:00:00,16,1888.9586050817509,21
139,2025-11-18 12:00:00,16,1888.230032854699,21
140,2025-11-18 13:00:00,16,1884.60130576562,21
141,2025-11-18 14:00:00,16,1904.031462560254,21
142,2025-11-18 15:00:00,16,1897.0469379775927,21
143,2025-11-18 16:00:00,16,1891.011671325506,21
144,2025-11-18 17:00:00,16,1893.1869610305785,21
145,2025-11-18 18:00:00,16,1897.7147396367516,21
146,2025-11-18 19:00:00,16,1901.1512978561195,21
147,2025-11-18 20:00:00,16,1882.3948226011385,21
148,2025-11-18 21:00:00,16,1892.8461544364584,21
149,2025-11-18 22:00:00,16,1898.67264386071,21
150,2025-11-18 23:00:00,16,1907.109346708224,21
151,2025-11-19 00:00:00,16,1908.9853438233963,21
152,2025-11-19 01:00:00,16,1909.1980963368076,21
153,2025-11-19 02:00:00,16,1908.197715562808,21
154,2025-11-19 03:00:00,16,1909.1162967909688,21
155,2025-11-19 04:00:00,16,1903.5031304553147,21
156,2025-11-19 05:00:00,16,1885.8615475538493,21
157,2025-11-19 06:00:00,16,1894.255999130647,21
158,2025-11-19 07:00:00,16,1892.7381876676563,21
159,2025-11-19 08:00:00,16,1892.9724574557088,21
160,2025-11-19 09:00:00,16,1896.223388898516,21
161,2025-11-19 10:00:00,16,1897.7147396367516,21
162,2025-11-19 11:00:00,16,1897.9431806187629,21
163,2025-11-19 12:00:00,16,1899.8177848531557,21
164,2025-11-19 13:00:00,16,1900.4950609272537,21
165,2025-11-19 14:00:00,16,1897.581360080989,21
166,2025-11-19 15:00:00,16,1893.829077910363,21
167,2025-11-19 16:00:00,16,1889.9843246813552,21
0,2025-11-12 17:00:00,17,1212.960114765346,29
1,2025-11-12 18:00:00,17,1215.9005031742745,29
2,2025-11-12 19:00:00,17,1218.7255631117105,28
3,2025-11-12 20:00:00,17,1223.547164064947,28
4,2025-11-12 21:00:00,17,1213.0507237501456,26
5,2025-11-12 22:00:00,17,1181.2432525678605,26
6,2025-11-12 23:00:00,17,1182.1224216092855,26
7,2025-11-13 00:00:00,17,1186.0613006678352,26
8,2025-11-13 01:00:00,17,1176.068710105074,26
9,2025-11-13 02:00:00,17,1176.163207095247,26
10,2025-11-13 03:00:00,17,1176.0971811686431,26
11,2025-11-13 04:00:00,17,1185.6359342362873,26
12,2025-11-13 05:00:00,17,1212.77844279097,26
13,2025-11-13 06:00:00,17,1221.4778858918517,28
14,2025-11-13 07:00:00,17,1221.2002710605498,28
15,2025-11-13 08:00:00,17,1219.6559588426785,28
16,2025-11-13 09:00:00,17,1216.755126209854,29
17,2025-11-13 10:00:00,17,1214.1805030393332,29
18,2025-11-13 11:00:00,17,1213.323248666507,29
19,2025-11-13 12:00:00,17,1212.984372028004,29
20,2025-11-13 13:00:00,17,1213.0490242512196,29
21,2025-11-13 14:00:00,17,1212.546680190937,29
22,2025-11-13 15:00:00,17,1210.7150723614825,29
23,2025-11-13 16:00:00,17,1212.4002819903676,29
24,2025-11-13 17:00:00,17,1211.8531400816034,29
25,2025-11-13 18:00:00,17,1211.35193820765,29
26,2025-11-13 19:00:00,17,1213.4921809741477,29
27,2025-11-13 20:00:00,17,1216.824661823924,29
28,2025-11-13 21:00:00,17,1219.6186486040006,28
29,2025-11-13 22:00:00,17,1223.079000245155,28
30,2025-11-13 23:00:00,17,1224.3463544948816,28
31,2025-11-14 00:00:00,17,1224.3871468348004,28
32,2025-11-14 01:00:00,17,1211.6216366622346,26
33,2025-11-14 02:00:00,17,1211.9830246508636,26
34,2025-11-14 03:00:00,17,1211.4403150098883,26
35,2025-11-14 04:00:00,17,1221.5434954012987,28
36,2025-11-14 05:00:00,17,1213.4680683848796,29
37,2025-11-14 06:00:00,17,1206.23507861771,29
38,2025-11-14 07:00:00,17,1205.0740724082495,29
39,2025-11-14 08:00:00,17,1205.5244443814067,29
40,2025-11-14 09:00:00,17,1207.5447822634444,29
41,2025-11-14 10:00:00,17,1210.2071828527737,29
42,2025-11-14 11:00:00,17,1211.2859892743045,29
43,2025-11-14 12:00:00,17,1212.806324615799,29
44,2025-11-14 13:00:00,17,1211.2859892743045,29
45,2025-11-14 14:00:00,17,1210.1403525797557,29
46,2025-11-14 15:00:00,17,1208.273545394141,29
47,2025-11-14 16:00:00,17,1207.1478565703253,29
48,2025-11-14 17:00:00,17,1208.6144060036695,29
49,2025-11-14 18:00:00,17,1210.6818594681752,29
50,2025-11-14 19:00:00,17,1214.0129409762433,29
51,2025-11-14 20:00:00,17,1215.3992006810556,29
52,2025-11-14 21:00:00,17,1217.3481598353465,29
53,2025-11-14 22:00:00,17,1219.026856244223,28
54,2025-11-14 23:00:00,17,1222.6991992575788,28
55,2025-11-15 00:00:00,17,1223.886781083822,28
56,2025-11-15 01:00:00,17,1224.2155535445545,28
57,2025-11-15 02:00:00,17,1211.5867996838392,26
58,2025-11-15 03:00:00,17,1223.2300227357546,28
59,2025-11-15 04:00:00,17,1221.904103903332,28
60,2025-11-15 05:00:00,17,1219.6559588426785,28
61,2025-11-15 06:00:00,17,1216.1032995523633,29
62,2025-11-15 07:00:00,17,1214.0448832146435,29
63,2025-11-15 08:00:00,17,1214.4431440394214,29
64,2025-11-15 09:00:00,17,1215.336325825919,29
65,2025-11-15 10:00:00,17,1217.2867438731782,29
66,2025-11-15 11:00:00,17,1217.8759792757098,28
67,2025-11-15 12:00:00,17,1217.7462510119187,28
68,2025-11-15 13:00:00,17,1218.0435591120397,28
69,2025-11-15 14:00:00,17,1214.4828667947486,29
70,2025-11-15 15:00:00,17,1210.14870918581,29
71,2025-11-15 16:00:00,17,1209.4186546552191,29
72,2025-11-15 17:00:00,17,1210.94720518228,29
73,2025-11-15 18:00:00,17,1214.0049535283931,29
74,2025-11-15 19:00:00,17,1216.932712318837,29
75,2025-11-15 20:00:00,17,1220.2505911242088,28
76,2025-11-15 21:00:00,17,1223.3304194793875,28
77,2025-11-15 22:00:00,17,1212.5314555662626,26
78,2025-11-15 23:00:00,17,1212.7481866342605,26
79,2025-11-16 00:00:00,17,1213.0447985563417,26
80,2025-11-16 01:00:00,17,1212.9645490744583,26
81,2025-11-16 02:00:00,17,1212.8868150567498,26
82,2025-11-16 03:00:00,17,1213.3291221641468,26
83,2025-11-16 04:00:00,17,1213.5190268094727,26
84,2025-11-16 05:00:00,17,1212.9794465364346,26
85,2025-11-16 06:00:00,17,1211.5519472056587,26
86,2025-11-16 07:00:00,17,1220.7673167322262,28
87,2025-11-16 08:00:00,17,1219.2520960528675,28
88,2025-11-16 09:00:00,17,1218.672722076224,28
89,2025-11-16 10:00:00,17,1217.7767937484457,28
90,2025-11-16 11:00:00,17,1217.6086680691244,28
91,2025-11-16 12:00:00,17,1216.9943921302877,29
92,2025-11-16 13:00:00,17,1215.2025596937422,29
93,2025-11-16 14:00:00,17,1213.1781813416017,29
94,2025-11-16 15:00:00,17,1209.300599274792,29
95,2025-11-16 16:00:00,17,1207.286120857204,29
96,2025-11-16 17:00:00,17,1207.3810517204083,29
97,2025-11-16 18:00:00,17,1207.5964233512996,29
98,2025-11-16 19:00:00,17,1210.5156030501016,29
99,2025-11-16 20:00:00,17,1212.4979086961494,29
100,2025-11-16 21:00:00,17,1214.8711601827065,29
101,2025-11-16 22:00:00,17,1216.1967314660278,29
102,2025-11-16 23:00:00,17,1217.8683538720968,28
103,2025-11-17 00:00:00,17,1219.6186486040006,28
104,2025-11-17 01:00:00,17,1219.7454332757288,28
105,2025-11-17 02:00:00,17,1220.0578158731637,28
106,2025-11-17 03:00:00,17,1219.4991401601608,28
107,2025-11-17 04:00:00,17,1215.892693443423,29
108,2025-11-17 05:00:00,17,1207.1651514841012,29
109,2025-11-17 06:00:00,17,1200.7762509635268,29
110,2025-11-17 07:00:00,17,1199.3064604733531,29
111,2025-11-17 08:00:00,17,1199.0512898897823,29
112,2025-11-17 09:00:00,17,1201.1377047944125,29
113,2025-11-17 10:00:00,17,1202.4690569978125,29
114,2025-11-17 11:00:00,17,1203.7091446666475,29
115,2025-11-17 12:00:00,17,1203.2495032722327,29
116,2025-11-17 13:00:00,17,1201.645010442902,29
117,2025-11-17 14:00:00,17,1199.0039578279911,29
118,2025-11-17 15:00:00,17,1208.4297809153784,29
119,2025-11-17 16:00:00,17,1206.210956050968,29
120,2025-11-17 17:00:00,17,1207.9107718349514,29
121,2025-11-17 18:00:00,17,1208.6271849698,29
122,2025-11-17 19:00:00,17,1197.8989315022484,29
123,2025-11-17 20:00:00,17,1199.8522058008482,29
124,2025-11-17 21:00:00,17,1204.1396056781955,29
125,2025-11-17 22:00:00,17,1207.0699874090496,29
126,2025-11-17 23:00:00,17,1212.7090506516006,29
127,2025-11-18 00:00:00,17,1214.028913605839,29
128,2025-11-18 01:00:00,17,1214.4431440394214,29
129,2025-11-18 02:00:00,17,1215.0054558985623,29
130,2025-11-18 03:00:00,17,1216.1733833262026,29
131,2025-11-18 04:00:00,17,1212.7739123046213,29
132,2025-11-18 05:00:00,17,1203.6821720407927,29
133,2025-11-18 06:00:00,17,1207.1124709672065,29
134,2025-11-18 07:00:00,17,1205.9793818212763,29
135,2025-11-18 08:00:00,17,1206.1241828565169,29
136,2025-11-18 09:00:00,17,1197.6974531465912,29
137,2025-11-18 10:00:00,17,1199.0796773734276,29
138,2025-11-18 11:00:00,17,1200.9710588368507,29
139,2025-11-18 12:00:00,17,1200.5996354038095,29
140,2025-11-18 13:00:00,17,1198.747940730764,29
141,2025-11-18 14:00:00,17,1208.0809487953989,29
142,2025-11-18 15:00:00,17,1204.4993105278168,29
143,2025-11-18 16:00:00,17,1201.3965812122813,29
144,2025-11-18 17:00:00,17,1202.5157036667802,29
145,2025-11-18 18:00:00,17,1204.842189790515,29
146,2025-11-18 19:00:00,17,1206.6052403960878,29
147,2025-11-18 20:00:00,17,1197.6205831699076,29
148,2025-11-18 21:00:00,17,1202.950829632815,29
149,2025-11-18 22:00:00,17,1205.9111743971646,29
150,2025-11-18 23:00:00,17,1210.1821275462282,29
151,2025-11-19 00:00:00,17,1211.1291575564103,29
152,2025-11-19 01:00:00,17,1211.2364943545335,29
153,2025-11-19 02:00:00,17,1210.7316740152296,29
154,2025-11-19 03:00:00,17,1211.1952268177,29
155,2025-11-19 04:00:00,17,1208.3588851683571,29
156,2025-11-19 05:00:00,17,1199.3913592446106,29
157,2025-11-19 06:00:00,17,1203.0653626897515,29
158,2025-11-19 07:00:00,17,1202.284896196246,29
159,2025-11-19 08:00:00,17,1202.405387669735,29
160,2025-11-19 09:00:00,17,1204.0763411657206,29
161,2025-11-19 10:00:00,17,1204.842189790515,29
162,2025-11-19 11:00:00,17,1204.9594610782012,29
163,2025-11-19 12:00:00,17,1205.921398633316,29
164,2025-11-19 13:00:00,17,1206.2687601632765,29
165,2025-11-19 14:00:00,17,1204.7737138969735,29
166,2025-11-19 15:00:00,17,1202.8458822498064,29
167,2025-11-19 16:00:00,17,1200.867734045452,29
0,2025-11-12 17:00:00,18,1129.7417449634374,32
1,2025-11-12 18:00:00,18,1132.6446672075824,32
2,2025-11-12 19:00:00,18,1135.4395293473578,32
3,2025-11-12 20:00:00,18,1140.1806766886928,32
4,2025-11-12 21:00:00,18,1114.4914807373923,31
5,2025-11-12 22:00:00,18,1094.5578922656885,31
6,2025-11-12 23:00:00,18,1095.5881704126375,31
7,2025-11-13 00:00:00,18,1100.180392707775,31
8,2025-11-13 01:00:00,18,1084.5961976333583,29
9,2025-11-13 02:00:00,18,1084.8557272770895,29
10,2025-11-13 03:00:00,18,1084.673960513186,29
11,2025-11-13 04:00:00,18,1099.68697021076,31
12,2025-11-13 05:00:00,18,1114.1880639790563,31
13,2025-11-13 06:00:00,18,1138.1682685071032,32
14,2025-11-13 07:00:00,18,1137.892760049214,32
15,2025-11-13 08:00:00,18,1136.3612890892346,32
16,2025-11-13 09:00:00,18,1133.4895380721698,32
17,2025-11-13 10:00:00,18,1130.945861118072,32
18,2025-11-13 11:00:00,18,1130.0999319387183,32
19,2025-11-13 12:00:00,18,1129.7656690225006,32
20,2025-11-13 13:00:00,18,1129.8294350864464,32
21,2025-11-13 14:00:00,18,1129.3340496246,32
22,2025-11-13 15:00:00,18,1127.529213775751,32
23,2025-11-13 16:00:00,18,1129.189710851667,32
24,2025-11-13 17:00:00,18,1128.6503904594022,32
25,2025-11-13 18:00:00,18,1128.1565245845193,32
26,2025-11-13 19:00:00,18,1130.2665930851592,32
27,2025-11-13 20:00:00,18,1133.5583034070949,32
28,2025-11-13 21:00:00,18,1136.3243123127002,32
29,2025-11-13 22:00:00,18,1139.730094550934,32
30,2025-11-13 23:00:00,18,1140.943410658137,32
31,2025-11-14 00:00:00,18,1140.9821167867285,32
32,2025-11-14 01:00:00,18,1113.0090980671716,31
33,2025-11-14 02:00:00,18,1113.3572047883097,31
34,2025-11-14 03:00:00,18,1112.8344809239604,31
35,2025-11-14 04:00:00,18,1138.233389346071,32
36,2025-11-14 05:00:00,18,1130.242803493663,32
37,2025-11-14 06:00:00,18,1123.1235327977115,32
38,2025-11-14 07:00:00,18,1121.9837279995177,32
39,2025-11-14 08:00:00,18,1122.4257839455388,32
40,2025-11-14 09:00:00,18,1124.4102590933155,32
41,2025-11-14 10:00:00,18,1127.0291292652364,32
42,2025-11-14 11:00:00,18,1128.0915530242464,32
43,2025-11-14 12:00:00,18,1129.5900764386272,32
44,2025-11-14 13:00:00,18,1128.0915530242464,32
45,2025-11-14 14:00:00,18,1126.9633381262447,32
46,2025-11-14 15:00:00,18,1125.1266774775436,32
47,2025-11-14 16:00:00,18,1124.02019038985,32
48,2025-11-14 17:00:00,18,1125.461874034895,32
49,2025-11-14 18:00:00,18,1127.4965062886497,32
50,2025-11-14 19:00:00,18,1130.7804734151712,32
51,2025-11-14 20:00:00,18,1132.14932784425,32
52,2025-11-14 21:00:00,18,1134.0761156956291,32
53,2025-11-14 22:00:00,18,1135.737953085128,32
54,2025-11-14 23:00:00,18,1139.3625913208743,32
55,2025-11-15 00:00:00,18,1140.5058149160016,32
56,2025-11-15 01:00:00,18,1140.8191489401322,32
57,2025-11-15 02:00:00,18,1112.9755471043554,31
58,2025-11-15 03:00:00,18,1139.8757416123556,32
59,2025-11-15 04:00:00,18,1138.587762842319,32
60,2025-11-15 05:00:00,18,1136.3612890892346,32
61,2025-11-15 06:00:00,18,1132.845102004573,32
62,2025-11-15 07:00:00,18,1130.8119996757048,32
63,2025-11-15 08:00:00,18,1131.2051327158222,32
64,2025-11-15 09:00:00,18,1132.0872134344556,32
65,2025-11-15 10:00:00,18,1134.0153563727563,32
66,2025-11-15 11:00:00,18,1134.5984067758832,32
67,2025-11-15 12:00:00,18,1134.4700181314934,32
68,2025-11-15 13:00:00,18,1134.7642746984725,32
69,2025-11-15 14:00:00,18,1131.2443500036782,32
70,2025-11-15 15:00:00,18,1126.9715646430996,32
71,2025-11-15 16:00:00,18,1126.2530397183266,32
72,2025-11-15 17:00:00,18,1127.757833802924,32
73,2025-11-15 18:00:00,18,1130.7725900952807,32
74,2025-11-15 19:00:00,18,1133.6651639564936,32
75,2025-11-15 20:00:00,18,1136.9507535454304,32
76,2025-11-15 21:00:00,18,1139.9724096454752,32
77,2025-11-15 22:00:00,18,1113.9137299752142,31
78,2025-11-15 23:00:00,18,1114.1544129486683,31
79,2025-11-16 00:00:00,18,1114.4848665445595,31
80,2025-11-16 01:00:00,18,1114.395336232854,31
81,2025-11-16 02:00:00,18,1114.30870147229,31
82,2025-11-16 03:00:00,18,1114.8028497501407,31
83,2025-11-16 04:00:00,18,1115.0159407326316,31
84,2025-11-16 05:00:00,18,1114.411949465077,31
85,2025-11-16 06:00:00,18,1112.9419822186237,31
86,2025-11-16 07:00:00,18,1137.463214721734,32
87,2025-11-16 08:00:00,18,1135.9610931881637,32
88,2025-11-16 09:00:00,18,1135.3871986774782,32
89,2025-11-16 10:00:00,18,1134.5002443460128,32
90,2025-11-16 11:00:00,18,1134.3338695828054,32
91,2025-11-16 12:00:00,18,1133.7261683124484,32
92,2025-11-16 13:00:00,18,1131.9550743922991,32
93,2025-11-16 14:00:00,18,1129.956830248968,32
94,2025-11-16 15:00:00,18,1126.1368798753913,32
95,2025-11-16 16:00:00,18,1124.1560555252113,32
96,2025-11-16 17:00:00,18,1124.249345710349,32
97,2025-11-16 18:00:00,18,1124.4610149498185,32
98,2025-11-16 19:00:00,18,1127.3327903489762,32
99,2025-11-16 20:00:00,18,1129.2859626410964,32
100,2025-11-16 21:00:00,18,1131.627759884432,32
101,2025-11-16 22:00:00,18,1132.9374557896158,32
102,2025-11-16 23:00:00,18,1134.5908597682103,32
103,2025-11-17 00:00:00,18,1136.3243123127002,32
104,2025-11-17 01:00:00,18,1136.4499682516534,32
105,2025-11-17 02:00:00,18,1136.7596233076958,32
106,2025-11-17 03:00:00,18,1136.20587925563,32
107,2025-11-17 04:00:00,18,1132.6369490083332,32
108,2025-11-17 05:00:00,18,1124.0371845849693,32
109,2025-11-17 06:00:00,18,1117.7709077040306,32
110,2025-11-17 07:00:00,18,1116.3324394368965,32
111,2025-11-17 08:00:00,18,1116.082819344174,32
112,2025-11-17 09:00:00,18,1118.124830290698,32
113,2025-11-17 10:00:00,18,1119.429038328156,32
114,2025-11-17 11:00:00,18,1120.6447014645748,32
115,2025-11-17 12:00:00,18,1120.1940151542285,32
116,2025-11-17 13:00:00,18,1118.6216816488609,32
117,2025-11-17 14:00:00,18,1116.036520477267,32
118,2025-11-17 15:00:00,18,1133.386634063883,32
119,2025-11-17 16:00:00,18,1131.2401972320552,32
120,2025-11-17 17:00:00,18,1132.8843344140964,32
121,2025-11-17 18:00:00,18,1133.5777189628382,32
122,2025-11-17 19:00:00,18,1114.9559349408928,32
123,2025-11-17 20:00:00,18,1116.8664248814357,32
124,2025-11-17 21:00:00,18,1121.066881629274,32
125,2025-11-17 22:00:00,18,1123.9436773815796,32
126,2025-11-17 23:00:00,18,1129.4941525489571,32
127,2025-11-18 00:00:00,18,1130.7962379490518,32
128,2025-11-18 01:00:00,18,1131.2051327158222,32
129,2025-11-18 02:00:00,18,1131.7603909583795,32
130,2025-11-18 03:00:00,18,1132.9143764822602,32
131,2025-11-18 04:00:00,18,1129.558113282622,32
132,2025-11-18 05:00:00,18,1120.6182511293453,32
133,2025-11-18 06:00:00,18,1132.1120019007524,32
134,2025-11-18 07:00:00,18,1131.016319841156,32
135,2025-11-18 08:00:00,18,1131.15630502072,32
136,2025-11-18 09:00:00,18,1114.7589783679907,32
137,2025-11-18 10:00:00,18,1116.1105877107627,32
138,2025-11-18 11:00:00,18,1117.9616480620805,32
139,2025-11-18 12:00:00,18,1117.5979969343684,32
140,2025-11-18 13:00:00,18,1115.786111477436,32
141,2025-11-18 14:00:00,18,1133.0490173835651,32
142,2025-11-18 15:00:00,18,1129.5860610425796,32
143,2025-11-18 16:00:00,18,1126.5911403686748,32
144,2025-11-18 17:00:00,18,1127.67085891903,32
145,2025-11-18 18:00:00,18,1129.917305948355,32
146,2025-11-18 19:00:00,18,1131.6214377830345,32
147,2025-11-18 20:00:00,18,1114.683838866824,32
148,2025-11-18 21:00:00,18,1119.9012225205004,32
149,2025-11-18 22:00:00,18,1122.8054656033926,32
150,2025-11-18 23:00:00,18,1127.00446321092,32
151,2025-11-19 00:00:00,18,1127.9370568122026,32
152,2025-11-19 01:00:00,18,1128.0427934655684,32
153,2025-11-19 02:00:00,18,1127.545563062232,32
154,2025-11-19 03:00:00,18,1128.0021402572252,32
155,2025-11-19 04:00:00,18,1125.2105925587955,32
156,2025-11-19 05:00:00,18,1116.4154988084697,32
157,2025-11-19 06:00:00,18,1128.2013771849752,32
158,2025-11-19 07:00:00,18,1127.4481307903131,32
159,2025-11-19 08:00:00,18,1127.564401414531,32
160,2025-11-19 09:00:00,18,1129.1775213585818,32
161,2025-11-19 10:00:00,18,1129.917305948355,32
162,2025-11-19 11:00:00,18,1130.0306110794552,32
163,2025-11-19 12:00:00,18,1130.9602679792963,32
164,2025-11-19 13:00:00,18,1131.2960842376683,32
165,2025-11-19 14:00:00,18,1129.8511490066403,32
166,2025-11-19 15:00:00,18,1127.9895227805755,32
167,2025-11-19 16:00:00,18,1126.0811132840215,32
0,2025-11-12 17:00:00,19,1127.7982892519751,33
1,2025-11-12 18:00:00,19,1130.6313794711716,33
2,2025-11-12 19:00:00,19,1133.3544889178993,33
3,2025-11-12 20:00:00,19,1138.0817283738616,33
4,2025-11-12 21:00:00,19,1130.8554329732149,30
5,2025-11-12 22:00:00,19,1103.1502642508308,30
6,2025-11-12 23:00:00,19,1104.0162224443238,30
7,2025-11-13 00:00:00,19,1107.9062309567285,30
8,2025-11-13 01:00:00,19,1100.365308643566,28
9,2025-11-13 02:00:00,19,1100.4820623614055,28
10,2025-11-13 03:00:00,19,1100.400412866283,28
11,2025-11-13 04:00:00,19,1107.4852279665122,30
12,2025-11-13 05:00:00,19,1130.5756793515304,30
13,2025-11-13 06:00:00,19,1136.0086146055191,33
14,2025-11-13 07:00:00,19,1135.7408523234008,33
15,2025-11-13 08:00:00,19,1134.2515626174186,33
16,2025-11-13 09:00:00,19,1131.4550406215574,33
17,2025-11-13 10:00:00,19,1128.9740010274313,33
18,2025-11-13 11:00:00,19,1128.1481084620966,33
19,2025-11-13 12:00:00,19,1127.8216565471257,33
20,2025-11-13 13:00:00,19,1127.883937147574,33
21,2025-11-13 14:00:00,19,1127.4000350952851,33
22,2025-11-13 15:00:00,19,1125.635950304705,33
23,2025-11-13 16:00:00,19,1127.2590177541897,33
24,2025-11-13 17:00:00,19,1126.732011047137,33
25,2025-11-13 18:00:00,19,1126.2492881878916,33
26,2025-11-13 19:00:00,19,1128.310852707643,33
27,2025-11-13 20:00:00,19,1131.5220615917508,33
28,2025-11-13 21:00:00,19,1134.2155861645022,33
29,2025-11-13 22:00:00,19,1137.610603514701,33
30,2025-11-13 23:00:00,19,1138.8874749320664,33
31,2025-11-14 00:00:00,19,1138.928654386475,33
32,2025-11-14 01:00:00,19,1129.426203853635,30
33,2025-11-14 02:00:00,19,1129.7782148788262,30
34,2025-11-14 03:00:00,19,1129.249596428027,30
35,2025-11-14 04:00:00,19,1136.0718973742964,33
36,2025-11-14 05:00:00,19,1128.2876231382045,33
37,2025-11-14 06:00:00,19,1121.3229117488356,33
38,2025-11-14 07:00:00,19,1120.205574489746,33
39,2025-11-14 08:00:00,19,1120.6389874341917,33
40,2025-11-14 09:00:00,19,1122.5835491574524,33
41,2025-11-14 10:00:00,19,1125.1468614089429,33
42,2025-11-14 11:00:00,19,1126.1857731899966,33
43,2025-11-14 12:00:00,19,1127.6501432878104,33
44,2025-11-14 13:00:00,19,1126.1857731899966,33
45,2025-11-14 14:00:00,19,1125.082507461294,33
46,2025-11-14 15:00:00,19,1123.285101333801,33
47,2025-11-14 16:00:00,19,1122.2014716223102,33
48,2025-11-14 17:00:00,19,1123.6132573233356,33
49,2025-11-14 18:00:00,19,1125.6039658448526,33
50,2025-11-14 19:00:00,19,1128.8125612439069,33
51,2025-11-14 20:00:00,19,1130.148286165416,33
52,2025-11-14 21:00:00,19,1132.0266502607265,33
53,2025-11-14 22:00:00,19,1133.644977228707,33
54,2025-11-14 23:00:00,19,1137.228858892656,33
55,2025-11-15 00:00:00,19,1138.4238954056102,33
56,2025-11-15 01:00:00,19,1138.7554676541151,33
57,2025-11-15 02:00:00,19,1129.392272121067,30
58,2025-11-15 03:00:00,19,1137.7625121275566,33
59,2025-11-15 04:00:00,19,1136.4309740288495,33
60,2025-11-15 05:00:00,19,1134.2515626174186,33
61,2025-11-15 06:00:00,19,1130.8268194961283,33
62,2025-11-15 07:00:00,19,1128.8433361024215,33
63,2025-11-15 08:00:00,19,1129.2270534979127,33
64,2025-11-15 09:00:00,19,1130.0876976276384,33
65,2025-11-15 10:00:00,19,1131.9674506842723,33
66,2025-11-15 11:00:00,19,1132.5354440657532,33
67,2025-11-15 12:00:00,19,1132.4103882271925,33
68,2025-11-15 13:00:00,19,1132.6969917838585,33
69,2025-11-15 14:00:00,19,1129.2653268691258,33
70,2025-11-15 15:00:00,19,1125.0905543908998,33
71,2025-11-15 16:00:00,19,1124.387587514334,33
72,2025-11-15 17:00:00,19,1125.8595012823966,33
73,2025-11-15 18:00:00,19,1128.8048657316629,33
74,2025-11-15 19:00:00,19,1131.6262059780158,33
75,2025-11-15 20:00:00,19,1134.8249658706716,33
76,2025-11-15 21:00:00,19,1137.8635341537615,33
77,2025-11-15 22:00:00,19,1130.3222939567236,30
78,2025-11-15 23:00:00,19,1130.544620379574,30
79,2025-11-16 00:00:00,19,1130.849340311829,30
80,2025-11-16 01:00:00,19,1130.7668442352358,30
81,2025-11-16 02:00:00,19,1130.6869718592968,30
82,2025-11-16 03:00:00,19,1131.141953312767,30
83,2025-11-16 04:00:00,19,1131.3376932245378,30
84,2025-11-16 05:00:00,19,1130.7821557356358,30
85,2025-11-16 06:00:00,19,1129.3583255245733,30
86,2025-11-16 07:00:00,19,1135.3232872029898,33
87,2025-11-16 08:00:00,19,1133.862148363109,33
88,2025-11-16 09:00:00,19,1133.3035442184769,33
89,2025-11-16 10:00:00,19,1132.4398306864068,33
90,2025-11-16 11:00:00,19,1132.27776326805,33
91,2025-11-16 12:00:00,19,1131.68565676201,33
92,2025-11-16 13:00:00,19,1129.958797453207,33
93,2025-11-16 14:00:00,19,1128.0083580695928,33
94,2025-11-16 15:00:00,19,1124.273918758818,33
95,2025-11-16 16:00:00,19,1122.3345615386145,33
96,2025-11-16 17:00:00,19,1122.425941087958,33
97,2025-11-16 18:00:00,19,1122.633259883267,33
98,2025-11-16 19:00:00,19,1125.443860827004,33
99,2025-11-16 20:00:00,19,1127.3530558796049,33
100,2025-11-16 21:00:00,19,1129.6394637779551,33
101,2025-11-16 22:00:00,19,1130.9168641481774,33
102,2025-11-16 23:00:00,19,1132.5280932390865,33
103,2025-11-17 00:00:00,19,1134.2155861645022,33
104,2025-11-17 01:00:00,19,1134.337839320527,33
105,2025-11-17 02:00:00,19,1134.63906708027,33
106,2025-11-17 03:00:00,19,1134.1003513701337,33
107,2025-11-17 04:00:00,19,1130.6238531502083,33
108,2025-11-17 05:00:00,19,1122.2181191671552,33
109,2025-11-17 06:00:00,19,1116.0707846529297,33
110,2025-11-17 07:00:00,19,1114.657232174914,33
111,2025-11-17 08:00:00,19,1114.411849598343,33
112,2025-11-17 09:00:00,19,1116.41844548547,33
113,2025-11-17 10:00:00,19,1117.6991217255304,33
114,2025-11-17 11:00:00,19,1118.8921907692682,33
115,2025-11-17 12:00:00,19,1118.4499561163263,33
116,2025-11-17 13:00:00,19,1116.9064174384257,33
117,2025-11-17 14:00:00,19,1114.3663339240914,33
118,2025-11-17 15:00:00,19,1122.3144575488498,33
119,2025-11-17 16:00:00,19,1120.1791825164314,33
120,2025-11-17 17:00:00,19,1121.8149459948252,33
121,2025-11-17 18:00:00,19,1122.504453161108,33
122,2025-11-17 19:00:00,19,1113.3037835151547,33
123,2025-11-17 20:00:00,19,1115.1820676901564,33
124,2025-11-17 21:00:00,19,1119.3063725046277,33
125,2025-11-17 22:00:00,19,1122.1265176484371,33
126,2025-11-17 23:00:00,19,1127.5564409577594,33
127,2025-11-18 00:00:00,19,1128.8279501110587,33
128,2025-11-18 01:00:00,19,1129.2270534979127,33
129,2025-11-18 02:00:00,19,1129.7688681323598,33
130,2025-11-18 03:00:00,19,1130.8943623520988,33
131,2025-11-18 04:00:00,19,1127.6189209284012,33
132,2025-11-18 05:00:00,19,1118.8662389230676,33
133,2025-11-18 06:00:00,19,1121.0466894875349,33
134,2025-11-18 07:00:00,19,1119.9563574312758,33
135,2025-11-18 08:00:00,19,1120.095687073023,33
136,2025-11-18 09:00:00,19,1113.1100641637024,33
137,2025-11-18 10:00:00,19,1114.439147819318,33
138,2025-11-18 11:00:00,19,1116.2581568660369,33
139,2025-11-18 12:00:00,19,1115.9009140670655,33
140,2025-11-18 13:00:00,19,1114.120145876608,33
141,2025-11-18 14:00:00,19,1121.978726845467,33
142,2025-11-18 15:00:00,19,1118.5323335345763,33
143,2025-11-18 16:00:00,19,1115.5478080626178,33
144,2025-11-18 17:00:00,19,1116.6241861492044,33
145,2025-11-18 18:00:00,19,1118.8622089395155,33
146,2025-11-18 19:00:00,19,1120.5585829593465,33
147,2025-11-18 20:00:00,19,1113.0361556430892,33
148,2025-11-18 21:00:00,19,1118.1626064995532,33
149,2025-11-18 22:00:00,19,1121.0111742688025,33
150,2025-11-18 23:00:00,19,1125.1227344335198,33
151,2025-11-19 00:00:00,19,1126.034731829422,33
152,2025-11-19 01:00:00,19,1126.138105319037,33
153,2025-11-19 02:00:00,19,1125.651937972256,33
154,2025-11-19 03:00:00,19,1126.098361369641,33
155,2025-11-19 04:00:00,19,1123.367258950075,33
156,2025-11-19 05:00:00,19,1114.738875940831,33
157,2025-11-19 06:00:00,19,1117.152896207852,33
158,2025-11-19 07:00:00,19,1116.4021842294774,33
159,2025-11-19 08:00:00,19,1116.518078172209,33
160,2025-11-19 09:00:00,19,1118.125421734758,33
161,2025-11-19 10:00:00,19,1118.8622089395155,33
162,2025-11-19 11:00:00,19,1118.9750353737309,33
163,2025-11-19 12:00:00,19,1119.9005657723071,33
164,2025-11-19 13:00:00,19,1120.2348035763682,33
165,2025-11-19 14:00:00,19,1118.796329081629,33
166,2025-11-19 15:00:00,19,1116.9417771767887,33
167,2025-11-19 16:00:00,19,1115.0392024253483,33
0,2025-11-12 17:00:00,20,1047.8866955396074,35
1,2025-11-12 18:00:00,20,1048.9780652692148,35
2,2025-11-12 19:00:00,20,1050.038668966444,37
3,2025-11-12 20:00:00,20,1049.4302451299295,37
4,2025-11-12 21:00:00,20,874.4759058680934,36
5,2025-11-12 22:00:00,20,871.3133399520492,36
6,2025-11-12 23:00:00,20,871.7615388148934,36
7,2025-11-13 00:00:00,20,873.6666092597432,36
8,2025-11-13 01:00:00,20,647.536301982653,37
9,2025-11-13 02:00:00,20,647.9499552903798,37
10,2025-11-13 03:00:00,20,647.6600738669587,37
11,2025-11-13 04:00:00,20,873.4706207927154,36
12,2025-11-13 05:00:00,20,874.4398662456085,36
13,2025-11-13 06:00:00,20,1051.0840427236456,37
14,2025-11-13 07:00:00,20,1050.978037857925,37
15,2025-11-13 08:00:00,20,1050.3906757197096,37
16,2025-11-13 09:00:00,20,1049.2976349471912,36
17,2025-11-13 10:00:00,20,1048.3381591443913,35
18,2025-11-13 11:00:00,20,1048.020812474901,35
19,2025-11-13 12:00:00,20,1047.895648790567,35
20,2025-11-13 13:00:00,20,1047.9195156465223,35
21,2025-11-13 14:00:00,20,1047.7342240959774,35
22,2025-11-13 15:00:00,20,1047.0615494879517,35
23,2025-11-13 16:00:00,20,1047.6802901866686,35
24,2025-11-13 17:00:00,20,1047.4789801940967,35
25,2025-11-13 18:00:00,20,1047.29493022962,35
26,2025-11-13 19:00:00,20,1048.0832674386354,35
27,2025-11-13 20:00:00,20,1049.3236845658766,36
28,2025-11-13 21:00:00,20,1050.3765331517295,37
29,2025-11-13 22:00:00,20,1049.8568765102511,37
30,2025-11-13 23:00:00,20,1048.6760130560858,37
31,2025-11-14 00:00:00,20,1048.6366082023872,37
32,2025-11-14 01:00:00,20,874.266022339388,36
33,2025-11-14 02:00:00,20,874.3241458577681,36
34,2025-11-14 03:00:00,20,874.2368793492179,36
35,2025-11-14 04:00:00,20,1051.10911400337,37
36,2025-11-14 05:00:00,20,1048.074350464817,35
37,2025-11-14 06:00:00,20,1045.434711218571,35
38,2025-11-14 07:00:00,20,1045.0171914176142,35
39,2025-11-14 08:00:00,20,1045.1789606306138,35
40,2025-11-14 09:00:00,20,1045.9076818636436,35
41,2025-11-14 10:00:00,20,1046.875819102249,35
42,2025-11-14 11:00:00,20,1047.270737890913,35
43,2025-11-14 12:00:00,20,1047.8299512789724,35
44,2025-11-14 13:00:00,20,1047.270737890913,35
45,2025-11-14 14:00:00,20,1046.8514052488845,35
46,2025-11-14 15:00:00,20,1046.1717841197744,35
47,2025-11-14 16:00:00,20,1045.7641167563695,35
48,2025-11-14 17:00:00,20,1046.2955418509152,35
49,2025-11-14 18:00:00,20,1047.049393407152,35
50,2025-11-14 19:00:00,20,1048.2760475950156,35
51,2025-11-14 20:00:00,20,1048.7911168169842,35
52,2025-11-14 21:00:00,20,1049.520033752881,36
53,2025-11-14 22:00:00,20,1050.1525099647813,37
54,2025-11-14 23:00:00,20,1050.1950687027254,37
55,2025-11-15 00:00:00,20,1049.1138128148982,37
56,2025-11-15 01:00:00,20,1048.801760403011,37
57,2025-11-15 02:00:00,20,874.2604221357544,36
58,2025-11-15 03:00:00,20,1049.7204442857703,37
59,2025-11-15 04:00:00,20,1050.8809909268773,37
60,2025-11-15 05:00:00,20,1050.3906757197096,37
61,2025-11-15 06:00:00,20,1049.053798550094,35
62,2025-11-15 07:00:00,20,1048.2878847939555,35
63,2025-11-15 08:00:00,20,1048.4355949634069,35
64,2025-11-15 09:00:00,20,1048.7676952137726,35
65,2025-11-15 10:00:00,20,1049.496976814318,36
66,2025-11-15 11:00:00,20,1049.7184272034908,37
67,2025-11-15 12:00:00,20,1049.6696260861695,37
68,2025-11-15 13:00:00,20,1049.781505779269,37
69,2025-11-15 14:00:00,20,1048.450340098933,35
70,2025-11-15 15:00:00,20,1046.8544576901877,35
71,2025-11-15 16:00:00,20,1046.5881332103083,35
72,2025-11-15 17:00:00,20,1047.1465522198137,35
73,2025-11-15 18:00:00,20,1048.2730878221696,35
74,2025-11-15 19:00:00,20,1049.3641772108158,36
75,2025-11-15 20:00:00,20,1050.6163762662925,37
76,2025-11-15 21:00:00,20,1049.6291217537623,37
77,2025-11-15 22:00:00,20,874.4070448224053,36
78,2025-11-15 23:00:00,20,874.4358520960363,36
79,2025-11-16 00:00:00,20,874.475123248547,36
80,2025-11-16 01:00:00,20,874.4645163063215,36
81,2025-11-16 02:00:00,20,874.4542289853235,36
82,2025-11-16 03:00:00,20,874.5125917743798,36
83,2025-11-16 04:00:00,20,874.5375166856447,36
84,2025-11-16 05:00:00,20,874.4664863979301,36
85,2025-11-16 06:00:00,20,874.2548199253465,36
86,2025-11-16 07:00:00,20,1050.8129738275045,37
87,2025-11-16 08:00:00,20,1050.2377087621564,37
88,2025-11-16 09:00:00,20,1050.018718188997,37
89,2025-11-16 10:00:00,20,1049.6811133038489,37
90,2025-11-16 11:00:00,20,1049.617898506748,36
91,2025-11-16 12:00:00,20,1049.3873000451226,36
92,2025-11-16 13:00:00,20,1048.7178850047364,35
93,2025-11-16 14:00:00,20,1047.9672124030128,35
94,2025-11-16 15:00:00,20,1046.5451316459612,35
95,2025-11-16 16:00:00,20,1045.8141036643387,35
96,2025-11-16 17:00:00,20,1045.848437940759,35
97,2025-11-16 18:00:00,20,1045.9263745175233,35
98,2025-11-16 19:00:00,20,1046.9885647535132,35
99,2025-11-16 20:00:00,20,1047.7162531285685,35
100,2025-11-16 21:00:00,20,1048.5945946168488,35
101,2025-11-16 22:00:00,20,1049.088710762866,35
102,2025-11-16 23:00:00,20,1049.7155579647192,37
103,2025-11-17 00:00:00,20,1050.3765331517295,37
104,2025-11-17 01:00:00,20,1050.4246004150075,37
105,2025-11-17 02:00:00,20,1050.543143145839,37
106,2025-11-17 03:00:00,20,1050.3312481221092,37
107,2025-11-17 04:00:00,20,1048.9751499825932,35
108,2025-11-17 05:00:00,20,1045.770368114472,35
109,2025-11-17 06:00:00,20,1043.4853735183538,35
110,2025-11-17 07:00:00,20,1042.966289614726,35
111,2025-11-17 08:00:00,20,1042.8764108954265,35
112,2025-11-17 09:00:00,20,1043.6133921141231,35
113,2025-11-17 10:00:00,20,1044.0861896413958,35
114,2025-11-17 11:00:00,20,1044.5283948121505,35
115,2025-11-17 12:00:00,20,1044.3642833894692,35
116,2025-11-17 13:00:00,20,1043.7933139397712,35
117,2025-11-17 14:00:00,20,1042.859746841237,35
118,2025-11-17 15:00:00,20,1050.0758953056954,35
119,2025-11-17 16:00:00,20,1049.3150746630697,35
120,2025-11-17 17:00:00,20,1049.8974708716603,35
121,2025-11-17 18:00:00,20,1050.143833305883,35
122,2025-11-17 19:00:00,20,1042.4713844591226,35
123,2025-11-17 20:00:00,20,1043.1587540924631,35
124,2025-11-17 21:00:00,20,1044.682310928211,35
125,2025-11-17 22:00:00,20,1045.7359750430007,35
126,2025-11-17 23:00:00,20,1047.794076840952,35
127,2025-11-18 00:00:00,20,1048.281966572923,35
128,2025-11-18 01:00:00,20,1048.4355949634069,35
129,2025-11-18 02:00:00,20,1048.6445373714423,35
130,2025-11-18 03:00:00,20,1049.079985169413,35
131,2025-11-18 04:00:00,20,1047.8179962295242,35
132,2025-11-18 05:00:00,20,1044.5187576599697,35
133,2025-11-18 06:00:00,20,1049.6235822296935,35
134,2025-11-18 07:00:00,20,1049.2359619740914,35
135,2025-11-18 08:00:00,20,1049.2854239413489,35
136,2025-11-18 09:00:00,20,1042.4007144370664,35
137,2025-11-18 10:00:00,20,1042.8864063467145,35
138,2025-11-18 11:00:00,20,1043.5543519236362,35
139,2025-11-18 12:00:00,20,1043.4228730724212,35
140,2025-11-18 13:00:00,20,1042.7696534035551,35
141,2025-11-18 14:00:00,20,1049.955942906871,35
142,2025-11-18 15:00:00,20,1048.7316050982763,35
143,2025-11-18 16:00:00,20,1047.6813124408689,35
144,2025-11-18 17:00:00,20,1048.0590667770782,35
145,2025-11-18 18:00:00,20,1048.8482508482543,35
146,2025-11-18 19:00:00,20,1049.4499000255164,35
147,2025-11-18 20:00:00,20,1042.373762995296,35
148,2025-11-18 21:00:00,20,1044.2577753538287,35
149,2025-11-18 22:00:00,20,1045.3180651805192,35
150,2025-11-18 23:00:00,20,1046.8666654275753,35
151,2025-11-19 00:00:00,20,1047.2132300882697,35
152,2025-11-19 01:00:00,20,1047.2525852916494,35
153,2025-11-19 02:00:00,20,1047.0676263236678,35
154,2025-11-19 03:00:00,20,1047.2374526563358,35
155,2025-11-19 04:00:00,20,1046.202754939464,35
156,2025-11-19 05:00:00,20,1042.996209094188,35
157,2025-11-19 06:00:00,20,1048.245042678986,35
158,2025-11-19 07:00:00,20,1047.9810606061928,35
159,2025-11-19 08:00:00,20,1048.0217767980944,35
160,2025-11-19 09:00:00,20,1048.5878740237918,35
161,2025-11-19 10:00:00,20,1048.8482508482543,35
162,2025-11-19 11:00:00,20,1048.888172860009,35
163,2025-11-19 12:00:00,20,1049.2161617254742,35
164,2025-11-19 13:00:00,20,1049.3348308060492,35
165,2025-11-19 14:00:00,20,1048.8249463366287,35
166,2025-11-19 15:00:00,20,1048.1707468573256,35
167,2025-11-19 16:00:00,20,1047.503217325688,35
0,2025-11-12 17:00:00,21,1604.8038951771869,26
1,2025-11-12 18:00:00,21,1611.9651169834394,26
2,2025-11-12 19:00:00,21,1618.8910388657102,26
3,2025-11-12 20:00:00,21,1630.8492170786735,26
4,2025-11-12 21:00:00,21,1623.7152163110618,25
5,2025-11-12 22:00:00,21,1269.9277225233914,25
6,2025-11-12 23:00:00,21,1271.2856233267444,25
7,2025-11-13 00:00:00,21,1277.395710447131,25
8,2025-11-13 01:00:00,21,1269.1584554702474,25
9,2025-11-13 02:00:00,21,1268.7047725035063,25
10,2025-11-13 03:00:00,21,1269.02271092027,25
11,2025-11-13 04:00:00,21,1276.7333869711392,25
12,2025-11-13 05:00:00,21,1623.9968889088093,25
13,2025-11-13 06:00:00,21,1625.684837192124,26
14,2025-11-13 07:00:00,21,1624.997411118552,26
15,2025-11-13 08:00:00,21,1621.182346224305,26
16,2025-11-13 09:00:00,21,1614.0554484395973,26
17,2025-11-13 10:00:00,21,1607.7704587137944,26
18,2025-11-13 11:00:00,21,1605.6857933984393,26
19,2025-11-13 12:00:00,21,1604.862784319598,26
20,2025-11-13 13:00:00,21,1605.0197549239208,26
21,2025-11-13 14:00:00,21,1603.800673142818,26
22,2025-11-13 15:00:00,21,1599.3666487999856,26
23,2025-11-13 16:00:00,21,1603.4456413592225,26
24,2025-11-13 17:00:00,21,1602.1197328852911,26
25,2025-11-13 18:00:00,21,1600.9064841709098,26
26,2025-11-13 19:00:00,21,1606.0962939445103,26
27,2025-11-13 20:00:00,21,1614.2257089375562,26
28,2025-11-13 21:00:00,21,1621.0903595348193,26
29,2025-11-13 22:00:00,21,1629.6752193172413,26
30,2025-11-13 23:00:00,21,1632.8612059074594,26
31,2025-11-14 00:00:00,21,1632.9641778544428,26
32,2025-11-14 01:00:00,21,1622.5986484416112,25
33,2025-11-14 02:00:00,21,1623.5131724894331,25
34,2025-11-14 03:00:00,21,1622.1401359049296,25
35,2025-11-14 04:00:00,21,1625.847371333285,26
36,2025-11-14 05:00:00,21,1606.037691868692,26
37,2025-11-14 06:00:00,21,1588.5896171102963,26
38,2025-11-14 07:00:00,21,1585.811634442162,26
39,2025-11-14 08:00:00,21,1586.888555678881,26
40,2025-11-14 09:00:00,21,1591.7305865295305,26
41,2025-11-14 10:00:00,21,1598.1400914476244,26
42,2025-11-14 11:00:00,21,1600.746936938062,26
43,2025-11-14 12:00:00,21,1604.4306113718908,26
44,2025-11-14 13:00:00,21,1600.746936938062,26
45,2025-11-14 14:00:00,21,1597.9787896596042,26
46,2025-11-14 15:00:00,21,1593.481711620534,26
47,2025-11-14 16:00:00,21,1590.7778495872983,26
48,2025-11-14 17:00:00,21,1594.3016022384786,26
49,2025-11-14 18:00:00,21,1599.2864006916031,26
50,2025-11-14 19:00:00,21,1607.362675131515,26
51,2025-11-14 20:00:00,21,1610.7408844329138,26
52,2025-11-14 21:00:00,21,1615.5084060783652,26
53,2025-11-14 22:00:00,21,1619.6324639195282,26
54,2025-11-14 23:00:00,21,1628.7252126556314,26
55,2025-11-15 00:00:00,21,1631.7029739571594,26
56,2025-11-15 01:00:00,21,1632.5312094006729,26
57,2025-11-15 02:00:00,21,1622.5105378570572,25
58,2025-11-15 03:00:00,21,1630.05357044064,26
59,2025-11-15 04:00:00,21,1626.743128641721,26
60,2025-11-15 05:00:00,21,1621.182346224305,26
61,2025-11-15 06:00:00,21,1612.4607654273448,26
62,2025-11-15 07:00:00,21,1607.4403990416918,26
63,2025-11-15 08:00:00,21,1608.4099322061,26
64,2025-11-15 09:00:00,21,1610.5874359468778,26
65,2025-11-15 10:00:00,21,1615.3578400604802,26
66,2025-11-15 11:00:00,21,1616.8033034350235,26
67,2025-11-15 12:00:00,21,1616.484890416214,26
68,2025-11-15 13:00:00,21,1617.2147684009583,26
69,2025-11-15 14:00:00,21,1608.506680801111,26
70,2025-11-15 15:00:00,21,1597.9989580052124,26
71,2025-11-15 16:00:00,21,1596.2382736189095,26
72,2025-11-15 17:00:00,21,1599.927674021541,26
73,2025-11-15 18:00:00,21,1607.3432404112516,26
74,2025-11-15 19:00:00,21,1614.49032953631,26
75,2025-11-15 20:00:00,21,1622.6495494916787,26
76,2025-11-15 21:00:00,21,1630.305280803343,26
77,2025-11-15 22:00:00,21,1624.2339762978286,25
78,2025-11-15 23:00:00,21,1624.0268539402684,25
79,2025-11-16 00:00:00,21,1623.7215809818383,25
80,2025-11-16 01:00:00,21,1623.806738505309,25
81,2025-11-16 02:00:00,21,1623.8873945516248,25
82,2025-11-16 03:00:00,21,1623.4038882632371,25
83,2025-11-16 04:00:00,21,1623.1772162505245,25
84,2025-11-16 05:00:00,21,1623.791076147641,25
85,2025-11-16 06:00:00,21,1622.4223963873462,25
86,2025-11-16 07:00:00,21,1623.9263226925852,26
87,2025-11-16 08:00:00,21,1620.1870957183587,26
88,2025-11-16 09:00:00,21,1618.761063573005,26
89,2025-11-16 10:00:00,21,1616.559847483965,26
90,2025-11-16 11:00:00,21,1616.147306292131,26
91,2025-11-16 12:00:00,21,1614.6414162835629,26
92,2025-11-16 13:00:00,21,1610.2610471432986,26
93,2025-11-16 14:00:00,21,1605.333403681755,26
94,2025-11-16 15:00:00,21,1595.9537980414798,26
95,2025-11-16 16:00:00,21,1591.1096426135691,26
96,2025-11-16 17:00:00,21,1591.337498688653,26
97,2025-11-16 18:00:00,21,1591.8545930002406,26
98,2025-11-16 19:00:00,21,1598.8847779615903,26
99,2025-11-16 20:00:00,21,1603.6823846412103,26
100,2025-11-16 21:00:00,21,1609.4528570521138,26
101,2025-11-16 22:00:00,21,1612.6891973207012,26
102,2025-11-16 23:00:00,21,1616.7845844382246,26
103,2025-11-17 00:00:00,21,1621.0903595348193,26
104,2025-11-17 01:00:00,21,1621.402976351699,26
105,2025-11-17 02:00:00,21,1622.1736523739182,26
106,2025-11-17 03:00:00,21,1620.7957746206798,26
107,2025-11-17 04:00:00,21,1611.9460340701587,26
108,2025-11-17 05:00:00,21,1590.8193474700288,26
109,2025-11-17 06:00:00,21,1575.5776429979232,26
110,2025-11-17 07:00:00,21,1572.094782631346,26
111,2025-11-17 08:00:00,21,1571.490967471692,26
112,2025-11-17 09:00:00,21,1576.435444929709,26
113,2025-11-17 10:00:00,21,1579.599503753249,26
114,2025-11-17 11:00:00,21,1582.5531648134795,26
115,2025-11-17 12:00:00,21,1581.4576407948166,26
116,2025-11-17 13:00:00,21,1577.640255938005,26
117,2025-11-17 14:00:00,21,1571.3789918149782,26
118,2025-11-17 15:00:00,21,1585.4704241286622,26
119,2025-11-17 16:00:00,21,1580.2355147289184,26
120,2025-11-17 17:00:00,21,1584.2443190036695,26
121,2025-11-17 18:00:00,21,1585.9370314535688,26
122,2025-11-17 19:00:00,21,1568.7671681832874,26
123,2025-11-17 20:00:00,21,1573.3870238314637,26
124,2025-11-17 21:00:00,21,1583.5799425252856,26
125,2025-11-17 22:00:00,21,1590.591025013696,26
126,2025-11-17 23:00:00,21,1604.1945685982646,26
127,2025-11-18 00:00:00,21,1607.4015400803405,26
128,2025-11-18 01:00:00,21,1608.4099322061,26
129,2025-11-18 02:00:00,21,1609.7802939974365,26
130,2025-11-18 03:00:00,21,1612.6321087913727,26
131,2025-11-18 04:00:00,21,1604.3519549551384,26
132,2025-11-18 05:00:00,21,1582.4888530143078,26
133,2025-11-18 06:00:00,21,1582.3603337788074,26
134,2025-11-18 07:00:00,21,1579.6901720952171,26
135,2025-11-18 08:00:00,21,1580.0311472653775,26
136,2025-11-18 09:00:00,21,1568.2914459183348,26
137,2025-11-18 10:00:00,21,1571.5581291262815,26
138,2025-11-18 11:00:00,21,1576.0398968449765,26
139,2025-11-18 12:00:00,21,1575.158686042539,26
140,2025-11-18 13:00:00,21,1570.7734668410635,26
141,2025-11-18 14:00:00,21,1584.646235413236,26
142,2025-11-18 15:00:00,21,1576.209101177136,26
143,2025-11-18 16:00:00,21,1568.9354968131458,26
144,2025-11-18 17:00:00,21,1571.5553699215457,26
145,2025-11-18 18:00:00,21,1577.0148688648198,26
146,2025-11-18 19:00:00,21,1581.164464696525,26
147,2025-11-18 20:00:00,21,1568.109983095326,26
148,2025-11-18 21:00:00,21,1580.7462430382177,26
149,2025-11-18 22:00:00,21,1587.8140042498408,26
150,2025-11-18 23:00:00,21,1598.07961532202,26
151,2025-11-19 00:00:00,21,1600.3676083992173,26
152,2025-11-19 01:00:00,21,1600.627210427469,26
153,2025-11-19 02:00:00,21,1599.4067633120942,26
154,2025-11-19 03:00:00,21,1600.527395023315,26
155,2025-11-19 04:00:00,21,1593.6869331193516,26
156,2025-11-19 05:00:00,21,1572.295735119399,26
157,2025-11-19 06:00:00,21,1572.8436147313937,26
158,2025-11-19 07:00:00,21,1571.014716991384,26
159,2025-11-19 08:00:00,21,1571.2969395677007,26
160,2025-11-19 09:00:00,21,1575.2156715939052,26
161,2025-11-19 10:00:00,21,1577.0148688648198,26
162,2025-11-19 11:00:00,21,1577.2905490978867,26
163,2025-11-19 12:00:00,21,1579.5536548378282,26
164,2025-11-19 13:00:00,21,1580.3716691882012,26
165,2025-11-19 14:00:00,21,1576.8539181613774,26
166,2025-11-19 15:00:00,21,1572.3290959901467,26
167,2025-11-19 16:00:00,21,1567.698855775661,26
0,2025-11-12 17:00:00,24,1855.6576663829053,22
1,2025-11-12 18:00:00,24,1863.0079472662,22
2,2025-11-12 19:00:00,24,1870.1232183690224,22
3,2025-11-12 20:00:00,24,1881.8479298162329,22
4,2025-11-12 21:00:00,24,1834.7900393623231,21
5,2025-11-12 22:00:00,24,1668.7259012264597,23
6,2025-11-12 23:00:00,24,1670.5462032147625,23
7,2025-11-13 00:00:00,24,1678.671981862768,23
8,2025-11-13 01:00:00,24,1650.6465446070802,23
9,2025-11-13 02:00:00,24,1650.6436790904204,23
10,2025-11-13 03:00:00,24,1650.645566864083,23
11,2025-11-13 04:00:00,24,1677.796642885698,23
12,2025-11-13 05:00:00,24,1834.320323455388,21
13,2025-11-13 06:00:00,24,1877.1092122909483,22
14,2025-11-13 07:00:00,24,1876.4020408740123,22
15,2025-11-13 08:00:00,24,1872.478619087467,22
16,2025-11-13 09:00:00,24,1865.154741591932,22
17,2025-11-13 10:00:00,24,1858.701735845464,22
18,2025-11-13 11:00:00,24,1856.5624868303764,22
19,2025-11-13 12:00:00,24,1855.718083054417,22
20,2025-11-13 13:00:00,24,1855.879127502452,22
21,2025-11-13 14:00:00,24,1854.628489912834,22
22,2025-11-13 15:00:00,24,1850.0812808168089,22
23,2025-11-13 16:00:00,24,1854.2643038625845,22
24,2025-11-13 17:00:00,24,1852.9043493138784,22
25,2025-11-13 18:00:00,24,1851.6601421071125,22
26,2025-11-13 19:00:00,24,1856.9836912205496,22
27,2025-11-13 20:00:00,24,1865.329626934173,22
28,2025-11-13 21:00:00,24,1872.3840451710596,22
29,2025-11-13 22:00:00,24,1880.7873617711405,22
30,2025-11-13 23:00:00,24,1883.6526606374853,22
31,2025-11-14 00:00:00,24,1883.7445775516808,22
32,2025-11-14 01:00:00,24,1831.763962604203,21
33,2025-11-14 02:00:00,24,1832.6645845411329,21
34,2025-11-14 03:00:00,24,1831.3124667510128,21
35,2025-11-14 04:00:00,24,1877.276424941148,22
36,2025-11-14 05:00:00,24,1856.923559759296,22
37,2025-11-14 06:00:00,24,1839.039253155988,22
38,2025-11-14 07:00:00,24,1836.1952131162584,23
39,2025-11-14 08:00:00,24,1837.2976351664684,23
40,2025-11-14 09:00:00,24,1842.256008041271,22
41,2025-11-14 10:00:00,24,1848.823848833187,22
42,2025-11-14 11:00:00,24,1851.496537485292,22
43,2025-11-14 12:00:00,24,1855.274710283504,22
44,2025-11-14 13:00:00,24,1851.496537485292,22
45,2025-11-14 14:00:00,24,1848.6585006750784,22
46,2025-11-14 15:00:00,24,1844.0498962585807,22
47,2025-11-14 16:00:00,24,1841.2801594077575,22
48,2025-11-14 17:00:00,24,1844.889936093552,22
49,2025-11-14 18:00:00,24,1849.9990070030228,22
50,2025-11-14 19:00:00,24,1858.2832307394576,22
51,2025-11-14 20:00:00,24,1861.750917344216,22
52,2025-11-14 21:00:00,24,1866.6472924729608,22
53,2025-11-14 22:00:00,24,1870.8853027734267,22
54,2025-11-14 23:00:00,24,1879.9252140319816,22
55,2025-11-15 00:00:00,24,1882.6157538356636,22
56,2025-11-15 01:00:00,24,1883.357794998732,22
57,2025-11-15 02:00:00,24,1831.6771979783985,21
58,2025-11-15 03:00:00,24,1881.1297490076536,22
59,2025-11-15 04:00:00,24,1878.1154447930596,22
60,2025-11-15 05:00:00,24,1872.478619087467,22
61,2025-11-15 06:00:00,24,1863.5169309520984,22
62,2025-11-15 07:00:00,24,1858.362996512477,22
63,2025-11-15 08:00:00,24,1859.358066143752,22
64,2025-11-15 09:00:00,24,1861.5933719750203,22
65,2025-11-15 10:00:00,24,1866.4926102245545,22
66,2025-11-15 11:00:00,24,1867.9777177386395,22
67,2025-11-15 12:00:00,24,1867.6505472410245,22
68,2025-11-15 13:00:00,24,1868.4005200084807,22
69,2025-11-15 14:00:00,24,1859.4573697266896,22
70,2025-11-15 15:00:00,24,1848.6791747818777,22
71,2025-11-15 16:00:00,24,1846.8745267201505,22
72,2025-11-15 17:00:00,24,1850.656490446536,22
73,2025-11-15 18:00:00,24,1858.263285577924,22
74,2025-11-15 19:00:00,24,1865.6014432818463,22
75,2025-11-15 20:00:00,24,1873.987250091949,22
76,2025-11-15 21:00:00,24,1881.3572226903807,22
77,2025-11-15 22:00:00,24,1833.8895972313835,21
78,2025-11-15 23:00:00,24,1834.2677915605343,21
79,2025-11-16 00:00:00,24,1834.7798769934948,21
80,2025-11-16 01:00:00,24,1834.6419769698316,21
81,2025-11-16 02:00:00,24,1834.50793760462,21
82,2025-11-16 03:00:00,24,1835.2644287223616,21
83,2025-11-16 04:00:00,24,1835.584421000048,21
84,2025-11-16 05:00:00,24,1834.6676135040784,21
85,2025-11-16 06:00:00,24,1831.590404087392,21
86,2025-11-16 07:00:00,24,1875.3003220345504,22
87,2025-11-16 08:00:00,24,1871.4554390469823,22
88,2025-11-16 09:00:00,24,1869.989629252345,22
89,2025-11-16 10:00:00,24,1867.7275646436487,22
90,2025-11-16 11:00:00,24,1867.3036935024477,22
91,2025-11-16 12:00:00,24,1865.756642730629,22
92,2025-11-16 13:00:00,24,1861.258279354974,22
93,2025-11-16 14:00:00,24,1856.2009258353835,22
94,2025-11-16 15:00:00,24,1846.5829836377457,22
95,2025-11-16 16:00:00,24,1841.6199888316776,22
96,2025-11-16 17:00:00,24,1841.8533714475795,22
97,2025-11-16 18:00:00,24,1842.3830306727425,22
98,2025-11-16 19:00:00,24,1849.5872581431595,22
99,2025-11-16 20:00:00,24,1854.5071496337323,22
100,2025-11-16 21:00:00,24,1860.428611474833,22
101,2025-11-16 22:00:00,24,1863.7515197729613,22
102,2025-11-16 23:00:00,24,1867.9584835196176,22
103,2025-11-17 00:00:00,24,1872.3840451710596,22
104,2025-11-17 01:00:00,24,1872.7054595235616,22
105,2025-11-17 02:00:00,24,1873.497882335957,22
106,2025-11-17 03:00:00,24,1872.0811827194004,22
107,2025-11-17 04:00:00,24,1862.9883515893648,22
108,2025-11-17 05:00:00,24,1841.3226616970628,22
109,2025-11-17 06:00:00,24,1825.725517132177,23
110,2025-11-17 07:00:00,24,1822.1651124578027,23
111,2025-11-17 08:00:00,24,1821.5479884592469,23
112,2025-11-17 09:00:00,24,1826.602622695012,23
113,2025-11-17 10:00:00,24,1829.8385935318229,23
114,2025-11-17 11:00:00,24,1832.86040334608,23
115,2025-11-17 12:00:00,24,1831.739487007892,23
116,2025-11-17 13:00:00,24,1827.8346843652012,23
117,2025-11-17 14:00:00,24,1821.433549069901,23
118,2025-11-17 15:00:00,24,1847.9182617302256,22
119,2025-11-17 16:00:00,24,1842.610509959961,22
120,2025-11-17 17:00:00,24,1846.67480538176,22
121,2025-11-17 18:00:00,24,1848.3915192551092,22
122,2025-11-17 19:00:00,24,1818.764643181924,23
123,2025-11-17 20:00:00,24,1823.4859696784995,23
124,2025-11-17 21:00:00,24,1833.9111046119865,23
125,2025-11-17 22:00:00,24,1841.08881551088,22
126,2025-11-17 23:00:00,24,1855.032560524096,22
127,2025-11-18 00:00:00,24,1858.3231166001665,22
128,2025-11-18 01:00:00,24,1859.358066143752,22
129,2025-11-18 02:00:00,24,1860.7647315730856,22
130,2025-11-18 03:00:00,24,1863.69289188154,22
131,2025-11-18 04:00:00,24,1855.1940180472093,22
132,2025-11-18 05:00:00,24,1832.7945971256652,23
133,2025-11-18 06:00:00,24,1844.7645059940503,22
134,2025-11-18 07:00:00,24,1842.057764066681,22
135,2025-11-18 08:00:00,24,1842.4033640598443,22
136,2025-11-18 09:00:00,24,1818.2786027613663,23
137,2025-11-18 10:00:00,24,1821.616628483559,23
138,2025-11-18 11:00:00,24,1826.1981632213503,23
139,2025-11-18 12:00:00,24,1825.2971617403232,23
140,2025-11-18 13:00:00,24,1820.8147246290416,23
141,2025-11-18 14:00:00,24,1847.0823898292613,22
142,2025-11-18 15:00:00,24,1838.5302487891984,23
143,2025-11-18 16:00:00,24,1831.1640691392568,23
144,2025-11-18 17:00:00,24,1833.8165976729904,23
145,2025-11-18 18:00:00,24,1839.346642552976,23
146,2025-11-18 19:00:00,24,1843.552150751036,22
147,2025-11-18 20:00:00,24,1818.0932104829728,23
148,2025-11-18 21:00:00,24,1831.0116734938188,23
149,2025-11-18 22:00:00,24,1838.2451060618805,22
150,2025-11-18 23:00:00,24,1848.76185524366,22
151,2025-11-19 00:00:00,24,1851.1075751991832,22
152,2025-11-19 01:00:00,24,1851.3737683506708,22
153,2025-11-19 02:00:00,24,1850.1224082415135,22
154,2025-11-19 03:00:00,24,1851.2714177000764,22
155,2025-11-19 04:00:00,24,1844.2601535409035,22
156,2025-11-19 05:00:00,24,1822.370502979805,23
157,2025-11-19 06:00:00,24,1835.1211831702203,23
158,2025-11-19 07:00:00,24,1833.2691426525173,23
159,2025-11-19 08:00:00,24,1833.5549118343536,23
160,2025-11-19 09:00:00,24,1837.5238209218903,23
161,2025-11-19 10:00:00,24,1839.346642552976,23
162,2025-11-19 11:00:00,24,1839.6259754822324,23
163,2025-11-19 12:00:00,24,1841.9193989501969,22
164,2025-11-19 13:00:00,24,1842.7485181839656,22
165,2025-11-19 14:00:00,24,1839.1835633397095,23
166,2025-11-19 15:00:00,24,1834.600115534324,23
167,2025-11-19 16:00:00,24,1829.9122806258413,23
0,2025-11-12 17:00:00,27,1769.8751619744787,25
1,2025-11-12 18:00:00,27,1775.3844105060884,25
2,2025-11-12 19:00:00,27,1780.6956868622656,25
3,2025-11-12 20:00:00,27,1789.8638391487186,25
4,2025-11-12 21:00:00,27,1765.6973948039986,24
5,2025-11-12 22:00:00,27,1613.6282034218905,24
6,2025-11-12 23:00:00,27,1614.9885842579763,24
7,2025-11-13 00:00:00,27,1621.088731265766,24
8,2025-11-13 01:00:00,27,1601.723558666863,24
9,2025-11-13 02:00:00,27,1601.311608139362,24
10,2025-11-13 03:00:00,27,1601.6004807099137,24
11,2025-11-13 04:00:00,27,1620.4298972645297,24
12,2025-11-13 05:00:00,27,1765.5063133667018,24
13,2025-11-13 06:00:00,27,1785.888740336636,25
14,2025-11-13 07:00:00,27,1785.3640666969454,25
15,2025-11-13 08:00:00,27,1782.4490264473325,25
16,2025-11-13 09:00:00,27,1776.989210523618,25
17,2025-11-13 10:00:00,27,1772.1595034264606,25
18,2025-11-13 11:00:00,27,1770.5545581155616,25
19,2025-11-13 12:00:00,27,1769.9205370374962,25
20,2025-11-13 13:00:00,27,1770.041479851239,25
21,2025-11-13 14:00:00,27,1769.101985598855,25
22,2025-11-13 15:00:00,27,1765.6807480737846,25
23,2025-11-13 16:00:00,27,1768.8282850869862,25
24,2025-11-13 17:00:00,27,1767.8057503849643,25
25,2025-11-13 18:00:00,27,1766.869593194145,25
26,2025-11-13 19:00:00,27,1770.870710512747,25
27,2025-11-13 20:00:00,27,1777.119856309578,25
28,2025-11-13 21:00:00,27,1782.37867401011,25
29,2025-11-13 22:00:00,27,1788.9632595077835,25
30,2025-11-13 23:00:00,27,1791.4016717193983,25
31,2025-11-14 00:00:00,27,1791.480182523365,25
32,2025-11-14 01:00:00,27,1763.8427305193306,24
33,2025-11-14 02:00:00,27,1764.5173190093751,24
34,2025-11-14 03:00:00,27,1763.5043981662832,24
35,2025-11-14 04:00:00,27,1786.0127673791617,25
36,2025-11-14 05:00:00,27,1770.82558081023,25
37,2025-11-14 06:00:00,27,1757.3391807434089,25
38,2025-11-14 07:00:00,27,1755.1831778587327,25
39,2025-11-14 08:00:00,27,1756.0192565875204,25
40,2025-11-14 09:00:00,27,1759.7740724250282,25
41,2025-11-14 10:00:00,27,1764.7332244432137,25
42,2025-11-14 11:00:00,27,1766.746448913119,25
43,2025-11-14 12:00:00,27,1769.5875137484884,25
44,2025-11-14 13:00:00,27,1766.746448913119,25
45,2025-11-14 14:00:00,27,1764.60858180307,25
46,2025-11-14 15:00:00,27,1761.13023048627,25
47,2025-11-14 16:00:00,27,1759.0358269090782,25
48,2025-11-14 17:00:00,27,1761.764865941294,25
49,2025-11-14 18:00:00,27,1765.6187706895778,25
50,2025-11-14 19:00:00,27,1771.8456736998626,25
51,2025-11-14 20:00:00,27,1774.4438299682165,25
52,2025-11-14 21:00:00,27,1778.1037776783596,25
53,2025-11-14 22:00:00,27,1781.2632450991848,25
54,2025-11-14 23:00:00,27,1788.232803875076,25
55,2025-11-15 00:00:00,27,1790.5172682789405,25
56,2025-11-15 01:00:00,27,1791.1499373038382,25
57,2025-11-15 02:00:00,27,1763.7777204826314,24
58,2025-11-15 03:00:00,27,1789.2537508151356,25
59,2025-11-15 04:00:00,27,1786.704036098743,25
60,2025-11-15 05:00:00,27,1782.4490264473325,25
61,2025-11-15 06:00:00,27,1775.7650703585991,25
62,2025-11-15 07:00:00,27,1771.9054942636255,25
63,2025-11-15 08:00:00,27,1772.6515278652337,25
64,2025-11-15 09:00:00,27,1774.3258986146952,25
65,2025-11-15 10:00:00,27,1777.9883128470265,25
66,2025-11-15 11:00:00,27,1779.0964647746027,25
67,2025-11-15 12:00:00,27,1778.852420206431,25
68,2025-11-15 13:00:00,27,1779.4117743379502,25
69,2025-11-15 14:00:00,27,1772.7259561774804,25
70,2025-11-15 15:00:00,27,1764.624166933329,25
71,2025-11-15 16:00:00,27,1763.2631054378326,25
72,2025-11-15 17:00:00,27,1766.1139821160134,25
73,2025-11-15 18:00:00,27,1771.8307153590438,25
74,2025-11-15 19:00:00,27,1777.3228870404942,25
75,2025-11-15 20:00:00,27,1783.5707376934995,25
76,2025-11-15 21:00:00,27,1789.446875140667,25
77,2025-11-15 22:00:00,27,1765.32539552795,24
78,2025-11-15 23:00:00,27,1765.4845304240976,24
79,2025-11-16 00:00:00,27,1765.6933334484263,24
80,2025-11-16 01:00:00,27,1765.637897352461,24
81,2025-11-16 02:00:00,27,1765.5834443392837,24
82,2025-11-16 03:00:00,27,1765.8831626241358,24
83,2025-11-16 04:00:00,27,1766.0039908383012,24
84,2025-11-16 05:00:00,27,1765.6482486979992,24
85,2025-11-16 06:00:00,27,1763.7126848073813,24
86,2025-11-16 07:00:00,27,1784.5462104873388,25
87,2025-11-16 08:00:00,27,1781.687682864614,25
88,2025-11-16 09:00:00,27,1780.5961706751252,25
89,2025-11-16 10:00:00,27,1778.9098735862776,25
90,2025-11-16 11:00:00,27,1778.5936425703078,25
91,2025-11-16 12:00:00,27,1777.4387975952052,25
92,2025-11-16 13:00:00,27,1774.0750286658165,25
93,2025-11-16 14:00:00,27,1770.2831155300576,25
94,2025-11-16 15:00:00,27,1763.0431048494004,25
95,2025-11-16 16:00:00,27,1759.2929545145462,25
96,2025-11-16 17:00:00,27,1759.4695150978434,25
97,2025-11-16 18:00:00,27,1759.8701404812416,25
98,2025-11-16 19:00:00,27,1765.308557398674,25
99,2025-11-16 20:00:00,27,1769.010799456173,25
100,2025-11-16 21:00:00,27,1773.4536775796118,25
101,2025-11-16 22:00:00,27,1775.940478088836,25
102,2025-11-16 23:00:00,27,1779.08211878464,25
103,2025-11-17 00:00:00,27,1782.37867401011,25
104,2025-11-17 01:00:00,27,1782.6177541172306,25
105,2025-11-17 02:00:00,27,1783.2069904368093,25
106,2025-11-17 03:00:00,27,1782.1533512834903,25
107,2025-11-17 04:00:00,27,1775.3697530488955,25
108,2025-11-17 05:00:00,27,1759.067988122286,25
109,2025-11-17 06:00:00,27,1747.2208703925508,25
110,2025-11-17 07:00:00,27,1744.504262073341,25
111,2025-11-17 08:00:00,27,1744.0329449035914,25
112,2025-11-17 09:00:00,27,1747.8894248290264,25
113,2025-11-17 10:00:00,27,1750.3536124951306,25
114,2025-11-17 11:00:00,27,1752.651326007125,25
115,2025-11-17 12:00:00,27,1751.799392624043,25
116,2025-11-17 13:00:00,27,1748.82807743761,25
117,2025-11-17 14:00:00,27,1743.9455294545858,25
118,2025-11-17 15:00:00,27,1761.7004602429354,25
119,2025-11-17 16:00:00,27,1757.614905615906,25
120,2025-11-17 17:00:00,27,1760.7442118495585,25
121,2025-11-17 18:00:00,27,1762.0642639273335,25
122,2025-11-17 19:00:00,27,1741.9055879925309,25
123,2025-11-17 20:00:00,27,1745.51259916479,25
124,2025-11-17 21:00:00,27,1753.449478457285,25
125,2025-11-17 22:00:00,27,1758.891029712874,25
126,2025-11-17 23:00:00,27,1769.4055979834145,25
127,2025-11-18 00:00:00,27,1771.8755865412777,25
128,2025-11-18 01:00:00,27,1772.6515278652337,25
129,2025-11-18 02:00:00,27,1773.705444003476,25
130,2025-11-18 03:00:00,27,1775.896642793299,25
131,2025-11-18 04:00:00,27,1769.526896103903,25
132,2025-11-18 05:00:00,27,1752.6013237202922,25
133,2025-11-18 06:00:00,27,1759.2740904611328,25
134,2025-11-18 07:00:00,27,1757.188877210651,25
135,2025-11-18 08:00:00,27,1757.4552604041633,25
136,2025-11-18 09:00:00,27,1741.53382755675,25
137,2025-11-18 10:00:00,27,1744.0853739704928,25
138,2025-11-18 11:00:00,27,1747.581168188503,25
139,2025-11-18 12:00:00,27,1746.8942674594568,25
140,2025-11-18 13:00:00,27,1743.472757222587,25
141,2025-11-18 14:00:00,27,1761.0577141012304,25
142,2025-11-18 15:00:00,27,1754.4675874872428,25
143,2025-11-18 16:00:00,27,1748.771477127064,25
144,2025-11-18 17:00:00,27,1750.8246995451443,25
145,2025-11-18 18:00:00,27,1755.0977682853006,25
146,2025-11-18 19:00:00,27,1758.340432118467,25
147,2025-11-18 20:00:00,27,1741.392004363925,25
148,2025-11-18 21:00:00,27,1751.2459866594352,25
149,2025-11-18 22:00:00,27,1756.7374591039045,25
150,2025-11-18 23:00:00,27,1764.6864937373266,25
151,2025-11-19 00:00:00,27,1766.4536362961296,25
152,2025-11-19 01:00:00,27,1766.654034255675,25
153,2025-11-19 02:00:00,27,1765.7117286172213,25
154,2025-11-19 03:00:00,27,1766.5769850472864,25
155,2025-11-19 04:00:00,27,1761.289101695796,25
156,2025-11-19 05:00:00,27,1744.6610961125448,25
157,2025-11-19 06:00:00,27,1751.8336759970869,25
158,2025-11-19 07:00:00,27,1750.4011253946426,25
159,2025-11-19 08:00:00,27,1750.6222416722774,25
160,2025-11-19 09:00:00,27,1753.6904077419265,25
161,2025-11-19 10:00:00,27,1755.0977682853006,25
162,2025-11-19 11:00:00,27,1755.3133356852377,25
163,2025-11-19 12:00:00,27,1757.0822159935417,25
164,2025-11-19 13:00:00,27,1757.721258936161,25
165,2025-11-19 14:00:00,27,1754.97190420494,25
166,2025-11-19 15:00:00,27,1751.4307461487074,25
167,2025-11-19 16:00:00,27,1747.8017121036155,25
0,2025-11-12 17:00:00,28,6362.0139753213625,1
1,2025-11-12 18:00:00,28,6359.654920207897,1
2,2025-11-12 19:00:00,28,6357.383052271324,1
3,2025-11-12 20:00:00,28,6353.708075897138,1
4,2025-11-12 21:00:00,28,6275.257539800313,1
5,2025-11-12 22:00:00,28,6186.5993258256185,1
6,2025-11-12 23:00:00,28,6185.694648483512,1
7,2025-11-13 00:00:00,28,6181.673484058867,1
8,2025-11-13 01:00:00,28,6070.189699657384,1
9,2025-11-13 02:00:00,28,6068.872315632789,1
10,2025-11-13 03:00:00,28,6069.7952968491545,1
11,2025-11-13 04:00:00,28,6182.107154911041,1
12,2025-11-13 05:00:00,28,6275.81937837847,1
13,2025-11-13 06:00:00,28,6355.164012447058,1
14,2025-11-13 07:00:00,28,6355.388110037732,1
15,2025-11-13 08:00:00,28,6356.633586176642,1
16,2025-11-13 09:00:00,28,6358.96822767752,1
17,2025-11-13 10:00:00,28,6361.035510717529,1
18,2025-11-13 11:00:00,28,6361.722919527376,1
19,2025-11-13 12:00:00,28,6361.994535255282,1
20,2025-11-13 13:00:00,28,6361.942720506779,1
21,2025-11-13 14:00:00,28,6362.345254677421,1
22,2025-11-13 15:00:00,28,6363.811748684799,1
23,2025-11-13 16:00:00,28,6362.4625380863545,1
24,2025-11-13 17:00:00,28,6362.900760935072,1
25,2025-11-13 18:00:00,28,6363.302043629882,1
26,2025-11-13 19:00:00,28,6361.58749205523,1
27,2025-11-13 20:00:00,28,6358.91233396403,1
28,2025-11-13 21:00:00,28,6356.663653483779,1
29,2025-11-13 22:00:00,28,6354.036611829476,1
30,2025-11-13 23:00:00,28,6353.143579602402,1
31,2025-11-14 00:00:00,28,6353.114637478206,1
32,2025-11-14 01:00:00,28,6277.416892311403,1
33,2025-11-14 02:00:00,28,6277.061995195316,1
34,2025-11-14 03:00:00,28,6277.594937049686,1
35,2025-11-14 04:00:00,28,6355.1110415297335,1
36,2025-11-14 05:00:00,28,6361.606823356824,1
37,2025-11-14 06:00:00,28,6367.391521111236,1
38,2025-11-14 07:00:00,28,6368.3177413499725,1
39,2025-11-14 08:00:00,28,6367.958513781792,1
40,2025-11-14 09:00:00,28,6366.3459719986695,1
41,2025-11-14 10:00:00,28,6364.218076282644,1
42,2025-11-14 11:00:00,28,6363.3548348555805,1
43,2025-11-14 12:00:00,28,6362.137216701795,1
44,2025-11-14 13:00:00,28,6363.3548348555805,1
45,2025-11-14 14:00:00,28,6364.271532647876,1
46,2025-11-14 15:00:00,28,6365.763855451256,1
47,2025-11-14 16:00:00,28,6366.662922665343,1
48,2025-11-14 17:00:00,28,6365.491499227601,1
49,2025-11-14 18:00:00,28,6363.838324164169,1
50,2025-11-14 19:00:00,28,6361.169908909016,1
51,2025-11-14 20:00:00,28,6360.057494390622,1
52,2025-11-14 21:00:00,28,6358.491432309982,1
53,2025-11-14 22:00:00,28,6357.140421345065,1
54,2025-11-14 23:00:00,28,6354.3020329877145,1
55,2025-11-15 00:00:00,28,6353.468771020731,1
56,2025-11-15 01:00:00,28,6353.236296396853,1
57,2025-11-15 02:00:00,28,6277.451100746153,1
58,2025-11-15 03:00:00,28,6353.930798303715,1
59,2025-11-15 04:00:00,28,6354.854628207164,1
60,2025-11-15 05:00:00,28,6356.633586176642,1
61,2025-11-15 06:00:00,28,6359.492016631613,1
62,2025-11-15 07:00:00,28,6361.144289992446,1
63,2025-11-15 08:00:00,28,6360.824817080782,1
64,2025-11-15 09:00:00,28,6360.107974982303,1
65,2025-11-15 10:00:00,28,6358.540821638872,1
66,2025-11-15 11:00:00,28,6358.066862753691,1
67,2025-11-15 12:00:00,28,6358.171232334693,1
68,2025-11-15 13:00:00,28,6357.932022892572,1
69,2025-11-15 14:00:00,28,6360.792947334438,1
70,2025-11-15 15:00:00,28,6364.264848470668,1
71,2025-11-15 16:00:00,28,6364.848661375064,1
72,2025-11-15 17:00:00,28,6363.625990065939,1
73,2025-11-15 18:00:00,28,6361.176315055938,1
74,2025-11-15 19:00:00,28,6358.825474896842,1
75,2025-11-15 20:00:00,28,6356.154242906768,1
76,2025-11-15 21:00:00,28,6353.860368083929,1
77,2025-11-15 22:00:00,28,6276.322331433938,1
78,2025-11-15 23:00:00,28,6275.881325348312,1
79,2025-11-16 00:00:00,28,6275.269851636653,1
80,2025-11-16 01:00:00,28,6275.43622061204,1
81,2025-11-16 02:00:00,28,6275.596708447978,1
82,2025-11-16 03:00:00,28,6274.674593134552,1
83,2025-11-16 04:00:00,28,6274.271738034856,1
84,2025-11-16 05:00:00,28,6275.405389161124,1
85,2025-11-16 06:00:00,28,6277.4853239037975,1
86,2025-11-16 07:00:00,28,6355.737475956883,1
87,2025-11-16 08:00:00,28,6356.958991774886,1
88,2025-11-16 09:00:00,28,6357.425598150956,1
89,2025-11-16 10:00:00,28,6358.146661027242,1
90,2025-11-16 11:00:00,28,6358.2819081686175,1
91,2025-11-16 12:00:00,28,6358.775888469087,1
92,2025-11-16 13:00:00,28,6360.215363924833,1
93,2025-11-16 14:00:00,28,6361.839201818309,1
94,2025-11-16 15:00:00,28,6364.943043221062,1
95,2025-11-16 16:00:00,28,6366.552524840288,1
96,2025-11-16 17:00:00,28,6366.476721791748,1
97,2025-11-16 18:00:00,28,6366.30473058817,1
98,2025-11-16 19:00:00,28,6363.9713464492825,1
99,2025-11-16 20:00:00,28,6362.3843281434,1
100,2025-11-16 21:00:00,28,6360.481366175209,1
101,2025-11-16 22:00:00,28,6359.416954902018,1
102,2025-11-16 23:00:00,28,6358.07299790963,1
103,2025-11-17 00:00:00,28,6356.663653483779,1
104,2025-11-17 01:00:00,28,6356.561476808187,1
105,2025-11-17 02:00:00,28,6356.309672472038,1
106,2025-11-17 03:00:00,28,6356.759954919683,1
107,2025-11-17 04:00:00,28,6359.661193117627,1
108,2025-11-17 05:00:00,28,6366.649113925832,1
109,2025-11-17 06:00:00,28,6371.741830405445,1
110,2025-11-17 07:00:00,28,6372.911324399848,1
111,2025-11-17 08:00:00,28,6373.114290113543,1
112,2025-11-17 09:00:00,28,6371.454116689221,1
113,2025-11-17 10:00:00,28,6370.3939816237225,1
114,2025-11-17 11:00:00,28,6369.405938679847,1
115,2025-11-17 12:00:00,28,6369.772226562817,1
116,2025-11-17 13:00:00,28,6371.05023074628,1
117,2025-11-17 14:00:00,28,6373.151936375017,1
118,2025-11-17 15:00:00,28,6373.483961986662,1
119,2025-11-17 16:00:00,28,6375.225298066585,1
120,2025-11-17 17:00:00,28,6373.891414152807,1
121,2025-11-17 18:00:00,28,6373.328966185372,1
122,2025-11-17 19:00:00,28,6374.0306423759175,1
123,2025-11-17 20:00:00,28,6372.477163277577,1
124,2025-11-17 21:00:00,28,6369.0628307001325,1
125,2025-11-17 22:00:00,28,6366.725093897847,1
126,2025-11-17 23:00:00,28,6362.215161195914,1
127,2025-11-18 00:00:00,28,6361.157098316677,1
128,2025-11-18 01:00:00,28,6360.824817080782,1
129,2025-11-18 02:00:00,28,6360.373580292716,1
130,2025-11-18 03:00:00,28,6359.435712972823,1
131,2025-11-18 04:00:00,28,6362.163188913258,1
132,2025-11-18 05:00:00,28,6369.427435380946,1
133,2025-11-18 06:00:00,28,6374.517965383392,1
134,2025-11-18 07:00:00,28,6375.4069546223145,1
135,2025-11-18 08:00:00,28,6375.293368379609,1
136,2025-11-18 09:00:00,28,6374.190816924405,1
137,2025-11-18 10:00:00,28,6373.091711372469,1
138,2025-11-18 11:00:00,28,6371.586770752216,1
139,2025-11-18 12:00:00,28,6371.882398631081,1
140,2025-11-18 13:00:00,28,6373.355551446,1
141,2025-11-18 14:00:00,28,6373.75782462607,1
142,2025-11-18 15:00:00,28,6376.5676364969295,1
143,2025-11-18 16:00:00,28,6378.999012615058,1
144,2025-11-18 17:00:00,28,6378.122305827014,1
145,2025-11-18 18:00:00,28,6376.298800672441,1
146,2025-11-18 19:00:00,28,6374.915969758502,1
147,2025-11-18 20:00:00,28,6374.251925170791,1
148,2025-11-18 21:00:00,28,6370.010196456958,1
149,2025-11-18 22:00:00,28,6367.64998077852,1
150,2025-11-18 23:00:00,28,6364.238117852923,1
151,2025-11-19 00:00:00,28,6363.480367100756,1
152,2025-11-19 01:00:00,28,6363.394453324662,1
153,2025-11-19 02:00:00,28,6363.7984645624665,1
154,2025-11-19 03:00:00,28,6363.427485133096,1
155,2025-11-19 04:00:00,28,6365.695672015964,1
156,2025-11-19 05:00:00,28,6372.84379039792,1
157,2025-11-19 06:00:00,28,6377.691602725789,1
158,2025-11-19 07:00:00,28,6378.303141149499,1
159,2025-11-19 08:00:00,28,6378.208738852946,1
160,2025-11-19 09:00:00,28,6376.899225101883,1
161,2025-11-19 10:00:00,28,6376.298800672441,1
162,2025-11-19 11:00:00,28,6376.20684653155,1
163,2025-11-19 12:00:00,28,6375.4524367093545,1
164,2025-11-19 13:00:00,28,6375.179951725754,1
165,2025-11-19 14:00:00,28,6376.352491939112,1
166,2025-11-19 15:00:00,28,6377.8635923881575,1
167,2025-11-19 16:00:00,28,6379.413207219389,1
0,2025-11-12 17:00:00,29,3550.4142855905397,4
1,2025-11-12 18:00:00,29,3551.1550448405574,4
2,2025-11-12 19:00:00,29,3551.842366136077,4
3,2025-11-12 20:00:00,29,3553.1720930359406,4
4,2025-11-12 21:00:00,29,3468.3349247198166,4
5,2025-11-12 22:00:00,29,3416.8920476669164,4
6,2025-11-12 23:00:00,29,3417.4523273624472,4
7,2025-11-13 00:00:00,29,3419.8798677387663,4
8,2025-11-13 01:00:00,29,3286.5619049062625,4
9,2025-11-13 02:00:00,29,3286.252925705945,4
10,2025-11-13 03:00:00,29,3286.469667912132,4
11,2025-11-13 04:00:00,29,3419.627327765751,4
12,2025-11-13 05:00:00,29,3468.400142078141,4
13,2025-11-13 06:00:00,29,3552.4869988595024,4
14,2025-11-13 07:00:00,29,3552.423156560711,4
15,2025-11-13 08:00:00,29,3552.0631418471653,4
16,2025-11-13 09:00:00,29,3551.365584854577,4
17,2025-11-13 10:00:00,29,3550.724738066933,4
18,2025-11-13 11:00:00,29,3550.507097330247,4
19,2025-11-13 12:00:00,29,3550.4204967423384,4
20,2025-11-13 13:00:00,29,3550.437043241569,4
21,2025-11-13 14:00:00,29,3550.308176333781,4
22,2025-11-13 15:00:00,29,3549.8325735015,4
23,2025-11-13 16:00:00,29,3550.270491096421,4
24,2025-11-13 17:00:00,29,3550.1291363321634,4
25,2025-11-13 18:00:00,29,3549.9989497055917,4
26,2025-11-13 19:00:00,29,3550.550149275082,4
27,2025-11-13 20:00:00,29,3551.3826173182365,4
28,2025-11-13 21:00:00,29,3552.054343662844,4
29,2025-11-13 22:00:00,29,3553.0191307339137,4
30,2025-11-13 23:00:00,29,3553.4251120393174,4
31,2025-11-14 00:00:00,29,3553.437742653246,4
32,2025-11-14 01:00:00,29,3468.427646161711,4
33,2025-11-14 02:00:00,29,3468.4643765423225,4
34,2025-11-14 03:00:00,29,3468.4090389826933,4
35,2025-11-14 04:00:00,29,3552.502047134933,4
36,2025-11-14 05:00:00,29,3550.544009114472,4
37,2025-11-14 06:00:00,29,3548.63366639631,4
38,2025-11-14 07:00:00,29,3548.3152739375,4
39,2025-11-14 08:00:00,29,3548.439141213884,4
40,2025-11-14 09:00:00,29,3548.989149275379,4
41,2025-11-14 10:00:00,29,3549.699140257583,4
42,2025-11-14 11:00:00,29,3549.981770201854,4
43,2025-11-14 12:00:00,29,3550.3748695014165,4
44,2025-11-14 13:00:00,29,3549.981770201854,4
45,2025-11-14 14:00:00,29,3549.6815334869466,4
46,2025-11-14 15:00:00,29,3549.185207796294,4
47,2025-11-14 16:00:00,29,3548.8818356770075,4
48,2025-11-14 17:00:00,29,3549.276471629239,4
49,2025-11-14 18:00:00,29,3549.8238680145155,4
50,2025-11-14 19:00:00,29,3550.6823602415084,4
51,2025-11-14 20:00:00,29,3551.030525297587,4
52,2025-11-14 21:00:00,29,3551.5103661492794,4
53,2025-11-14 22:00:00,29,3551.9141730746705,4
54,2025-11-14 23:00:00,29,3552.892576029276,4
55,2025-11-15 00:00:00,29,3553.2808895328017,4
56,2025-11-15 01:00:00,29,3553.384422371322,4
57,2025-11-15 02:00:00,29,3468.424080406327,4
58,2025-11-15 03:00:00,29,3553.068845514873,4
59,2025-11-15 04:00:00,29,3552.6207961213245,4
60,2025-11-15 05:00:00,29,3552.0631418471653,4
61,2025-11-15 06:00:00,29,3551.205204616536,4
62,2025-11-15 07:00:00,29,3550.690444850083,4
63,2025-11-15 08:00:00,29,3550.791001023717,4
64,2025-11-15 09:00:00,29,3551.0148551072743,4
65,2025-11-15 10:00:00,29,3551.4954229527248,4
66,2025-11-15 11:00:00,29,3551.638302301685,4
67,2025-11-15 12:00:00,29,3551.606939406593,4
68,2025-11-15 13:00:00,29,3551.6787370149414,4
69,2025-11-15 14:00:00,29,3550.8010056638595,4
70,2025-11-15 15:00:00,29,3549.683735697478,4
71,2025-11-15 16:00:00,29,3549.490680551661,4
72,2025-11-15 17:00:00,29,3549.893338600224,4
73,2025-11-15 18:00:00,29,3550.6803381591744,4
74,2025-11-15 19:00:00,29,3551.409054306056,4
75,2025-11-15 20:00:00,29,3552.2027303596324,4
76,2025-11-15 21:00:00,29,3553.1017002732506,4
77,2025-11-15 22:00:00,29,3468.456796252952,4
78,2025-11-15 23:00:00,29,3468.40720756058,4
79,2025-11-16 00:00:00,29,3468.3363759210606,4
80,2025-11-16 01:00:00,29,3468.3558885864086,4
81,2025-11-16 02:00:00,29,3468.3745403490548,4
82,2025-11-16 03:00:00,29,3468.265067694617,4
83,2025-11-16 04:00:00,29,3468.215468011539,4
84,2025-11-16 05:00:00,29,3468.352286164084,4
85,2025-11-16 06:00:00,29,3468.420508678159,4
86,2025-11-16 07:00:00,29,3552.323052387483,4
87,2025-11-16 08:00:00,29,3551.967659607428,4
88,2025-11-16 09:00:00,29,3551.829742035759,4
89,2025-11-16 10:00:00,29,3551.61432816703,4
90,2025-11-16 11:00:00,29,3551.5736194264696,4
91,2025-11-16 12:00:00,29,3551.4241295079314,4
92,2025-11-16 13:00:00,29,3550.9814780838133,4
93,2025-11-16 14:00:00,29,3550.4700639876687,4
94,2025-11-16 15:00:00,29,3549.4593367999164,4
95,2025-11-16 16:00:00,29,3548.919259032666,4
96,2025-11-16 17:00:00,29,3548.9449276001283,4
97,2025-11-16 18:00:00,29,3549.0030838062594,4
98,2025-11-16 19:00:00,29,3549.78024757209,4
99,2025-11-16 20:00:00,29,3550.2956282312803,4
100,2025-11-16 21:00:00,29,3550.8985622394325,4
101,2025-11-16 22:00:00,29,3551.2282724685306,4
102,2025-11-16 23:00:00,29,3551.636460272412,4
103,2025-11-17 00:00:00,29,3552.054343662844,4
104,2025-11-17 01:00:00,29,3552.0842219485407,4
105,2025-11-17 02:00:00,29,3552.1576078270614,4
106,2025-11-17 03:00:00,29,3552.0261308803306,4
107,2025-11-17 04:00:00,29,3551.15311070914,4
108,2025-11-17 05:00:00,29,3548.886519257137,4
109,2025-11-17 06:00:00,29,3547.1115128331576,4
110,2025-11-17 07:00:00,29,3546.691321497913,4
111,2025-11-17 08:00:00,29,3546.6179533639915,4
112,2025-11-17 09:00:00,29,3547.214205481627,4
113,2025-11-17 10:00:00,29,3547.590207243085,4
114,2025-11-17 11:00:00,29,3547.937165567718,4
115,2025-11-17 12:00:00,29,3547.808939485483,4
116,2025-11-17 13:00:00,29,3547.357899658123,4
117,2025-11-17 14:00:00,29,3546.604330774351,4
118,2025-11-17 15:00:00,29,3560.367643391371,4
119,2025-11-17 16:00:00,29,3559.714473814308,4
120,2025-11-17 17:00:00,29,3560.2156387039217,4
121,2025-11-17 18:00:00,29,3560.4253303834744,4
122,2025-11-17 19:00:00,29,3546.2851178171886,4
123,2025-11-17 20:00:00,29,3546.8478251519364,4
124,2025-11-17 21:00:00,29,3548.0568446669963,4
125,2025-11-17 22:00:00,29,3548.860739533853,4
126,2025-11-17 23:00:00,29,3550.349904928993,4
127,2025-11-18 00:00:00,29,3550.68640328988,4
128,2025-11-18 01:00:00,29,3550.791001023717,4
129,2025-11-18 02:00:00,29,3550.932201546322,4
130,2025-11-18 03:00:00,29,3551.2225104037816,4
131,2025-11-18 04:00:00,29,3550.3665540205125,4
132,2025-11-18 05:00:00,29,3547.929653349224,4
133,2025-11-18 06:00:00,29,3559.980899973756,4
134,2025-11-18 07:00:00,29,3559.645811258168,4
135,2025-11-18 08:00:00,29,3559.6887559437805,4
136,2025-11-18 09:00:00,29,3546.226675804463,4
137,2025-11-18 10:00:00,29,3546.626121527632,4
138,2025-11-18 11:00:00,29,3547.166891648404,4
139,2025-11-18 12:00:00,29,3547.061241375444,4
140,2025-11-18 13:00:00,29,3546.530574459733,4
141,2025-11-18 14:00:00,29,3560.265532580016,4
142,2025-11-18 15:00:00,29,3559.204843016694,4
143,2025-11-18 16:00:00,29,3558.2690202592507,4
144,2025-11-18 17:00:00,29,3558.6082868437843,4
145,2025-11-18 18:00:00,29,3559.307322064596,4
146,2025-11-18 19:00:00,29,3559.8311698075386,4
147,2025-11-18 20:00:00,29,3546.204359158863,4
148,2025-11-18 21:00:00,29,3547.7253808487385,4
149,2025-11-18 22:00:00,29,3548.545143803466,4
150,2025-11-18 23:00:00,29,3549.6925406414816,4
151,2025-11-19 00:00:00,29,3549.9408702229,4
152,2025-11-19 01:00:00,29,3549.968869426601,4
153,2025-11-19 02:00:00,29,3549.836923921835,4
154,2025-11-19 03:00:00,29,3549.9581082011155,4
155,2025-11-19 04:00:00,29,3549.2080834933363,4
156,2025-11-19 05:00:00,29,3546.7157049733173,4
157,2025-11-19 06:00:00,29,3558.7742147986296,4
158,2025-11-19 07:00:00,29,3558.538472727148,4
159,2025-11-19 08:00:00,29,3558.574928927386,4
160,2025-11-19 09:00:00,29,3559.078163417284,4
161,2025-11-19 10:00:00,29,3559.307322064596,4
162,2025-11-19 11:00:00,29,3559.3423276359617,4
163,2025-11-19 12:00:00,29,3559.628604798303,4
164,2025-11-19 13:00:00,29,3559.7315986955155,4
165,2025-11-19 14:00:00,29,3559.286871505579,4
166,2025-11-19 15:00:00,29,3558.7080155966746,4
167,2025-11-19 16:00:00,29,3558.10804294489,4
0,2025-11-12 17:00:00,30,2098.9721018844243,18
1,2025-11-12 18:00:00,30,2101.3700997073047,18
2,2025-11-12 19:00:00,30,2103.664523041713,18
3,2025-11-12 20:00:00,30,2107.2690745058617,18
4,2025-11-12 21:00:00,30,2013.6381007724872,18
5,2025-11-12 22:00:00,30,1987.4799651379883,17
6,2025-11-12 23:00:00,30,1988.602213279284,17
7,2025-11-13 00:00:00,30,1993.444530898228,17
8,2025-11-13 01:00:00,30,1831.350911808769,18
9,2025-11-13 02:00:00,30,1831.6436704146663,18
10,2025-11-13 03:00:00,30,1831.43871120526,18
11,2025-11-13 04:00:00,30,1992.9392760211197,17
12,2025-11-13 05:00:00,30,2013.4737504452144,18
13,2025-11-13 06:00:00,30,2105.8900736484893,18
14,2025-11-13 07:00:00,30,2105.66605528973,18
15,2025-11-13 08:00:00,30,2104.417973202139,18
16,2025-11-13 09:00:00,30,2102.065220131949,18
17,2025-11-13 10:00:00,30,2099.9685449883127,18
18,2025-11-13 11:00:00,30,2099.268768580929,18
19,2025-11-13 12:00:00,30,2098.99192356209,18
20,2025-11-13 13:00:00,30,2099.044750666444,18
21,2025-11-13 14:00:00,30,2098.6341699856425,18
22,2025-11-13 15:00:00,30,2097.1349173871795,18
23,2025-11-13 16:00:00,30,2098.5144641114225,18
24,2025-11-13 17:00:00,30,2098.066882384808,18
25,2025-11-13 18:00:00,30,2097.6566097291825,18
26,2025-11-13 19:00:00,30,2099.406731439311,18
27,2025-11-13 20:00:00,30,2102.121739692127,18
28,2025-11-13 21:00:00,30,2104.3877804184744,18
29,2025-11-13 22:00:00,30,2106.9694578137514,18
30,2025-11-13 23:00:00,30,2107.767796669042,18
31,2025-11-14 00:00:00,30,2107.7928063251884,18
32,2025-11-14 01:00:00,30,2012.728494821706,18
33,2025-11-14 02:00:00,30,2012.969946345576,18
34,2025-11-14 03:00:00,30,2012.6072595855564,18
35,2025-11-14 04:00:00,30,2105.943000911016,18
36,2025-11-14 05:00:00,30,2099.3870411736216,18
37,2025-11-14 06:00:00,30,2093.454099401327,18
38,2025-11-14 07:00:00,30,2092.497252302708,18
39,2025-11-14 08:00:00,30,2092.8685645077408,18
40,2025-11-14 09:00:00,30,2094.5320854266806,18
41,2025-11-14 10:00:00,30,2096.718586307035,18
42,2025-11-14 11:00:00,30,2097.602606295221,18
43,2025-11-14 12:00:00,30,2098.8464185696125,18
44,2025-11-14 13:00:00,30,2097.602606295221,18
45,2025-11-14 14:00:00,30,2096.6637847309853,18
46,2025-11-14 15:00:00,30,2095.131244107356,18
47,2025-11-14 16:00:00,30,2094.205546586012,18
48,2025-11-14 17:00:00,30,2095.4113173050387,18
49,2025-11-14 18:00:00,30,2097.1076996819866,18
50,2025-11-14 19:00:00,30,2099.831827570989,18
51,2025-11-14 20:00:00,30,2100.9619589036297,18
52,2025-11-14 21:00:00,30,2102.5470588349526,18
53,2025-11-14 22:00:00,30,2103.908637851902,18
54,2025-11-14 23:00:00,30,2106.722506826586,18
55,2025-11-15 00:00:00,30,2107.483012657992,18
56,2025-11-15 01:00:00,30,2107.687305568081,18
57,2025-11-15 02:00:00,30,2012.7052067877576,18
58,2025-11-15 03:00:00,30,2107.066695096552,18
59,2025-11-15 04:00:00,30,2106.1947076235865,18
60,2025-11-15 05:00:00,30,2104.417973202139,18
61,2025-11-15 06:00:00,30,2101.535125315447,18
62,2025-11-15 07:00:00,30,2099.857892311413,18
63,2025-11-15 08:00:00,30,2100.182776586261,18
64,2025-11-15 09:00:00,30,2100.910748149158,18
65,2025-11-15 10:00:00,30,2102.497178312592,18
66,2025-11-15 11:00:00,30,2102.9755495976724,18
67,2025-11-15 12:00:00,30,2102.870266371684,18
68,2025-11-15 13:00:00,30,2103.111520942289,18
69,2025-11-15 14:00:00,30,2100.2151710321164,18
70,2025-11-15 15:00:00,30,2096.6706374817354,18
71,2025-11-15 16:00:00,30,2096.0717071730005,18
72,2025-11-15 17:00:00,30,2097.325117618529,18
73,2025-11-15 18:00:00,30,2099.8253096690546,18
74,2025-11-15 19:00:00,30,2102.2095531590217,18
75,2025-11-15 20:00:00,30,2104.898922591834,18
76,2025-11-15 21:00:00,30,2107.131029630507,18
77,2025-11-15 22:00:00,30,2013.3242152889609,18
78,2025-11-15 23:00:00,30,2013.4554549170543,18
79,2025-11-16 00:00:00,30,2013.6345300509188,18
80,2025-11-16 01:00:00,30,2013.5861434531591,18
81,2025-11-16 02:00:00,30,2013.53922868451,18
82,2025-11-16 03:00:00,30,2013.8055730119077,18
83,2025-11-16 04:00:00,30,2013.919462596356,18
84,2025-11-16 05:00:00,30,2013.5951294899685,18
85,2025-11-16 06:00:00,30,2012.6819061735011,18
86,2025-11-16 07:00:00,30,2105.316475453872,18
87,2025-11-16 08:00:00,30,2104.0910561093788,18
88,2025-11-16 09:00:00,30,2103.6216980120207,18
89,2025-11-16 10:00:00,30,2102.8950557387143,18
90,2025-11-16 11:00:00,30,2102.758585777088,18
91,2025-11-16 12:00:00,30,2102.259674498501,18
92,2025-11-16 13:00:00,30,2100.801782263592,18
93,2025-11-16 14:00:00,30,2099.150271051797,18
94,2025-11-16 15:00:00,30,2095.974807261493,18
95,2025-11-16 16:00:00,30,2094.3193085518205,18
96,2025-11-16 17:00:00,30,2094.397406424785,18
97,2025-11-16 18:00:00,30,2094.574558542241,18
98,2025-11-16 19:00:00,30,2096.9714373473653,18
99,2025-11-16 20:00:00,30,2098.5942933520537,18
100,2025-11-16 21:00:00,30,2100.53173619035,18
101,2025-11-16 22:00:00,30,2101.6111392936195,18
102,2025-11-16 23:00:00,30,2102.9693616468558,18
103,2025-11-17 00:00:00,30,2104.3877804184744,18
104,2025-11-17 01:00:00,30,2104.4903716645945,18
105,2025-11-17 02:00:00,30,2104.743053909577,18
106,2025-11-17 03:00:00,30,2104.2910576076024,18
107,2025-11-17 04:00:00,30,2101.3637435729984,18
108,2025-11-17 05:00:00,30,2094.2197775424465,18
109,2025-11-17 06:00:00,30,2088.945640253706,18
110,2025-11-17 07:00:00,30,2087.727829349285,18
111,2025-11-17 08:00:00,30,2087.5162483747085,18
112,2025-11-17 09:00:00,30,2089.244886065336,18
113,2025-11-17 10:00:00,30,2090.346258998386,18
114,2025-11-17 11:00:00,30,2091.3708973644434,18
115,2025-11-17 12:00:00,30,2090.9912547488657,18
116,2025-11-17 13:00:00,30,2089.6647176688302,18
117,2025-11-17 14:00:00,30,2087.4769968293176,18
118,2025-11-17 15:00:00,30,2108.070700160482,18
119,2025-11-17 16:00:00,30,2106.2457397617623,18
120,2025-11-17 17:00:00,30,2107.644097965015,18
121,2025-11-17 18:00:00,30,2108.2329117996496,18
122,2025-11-17 19:00:00,30,2086.560182083751,18
123,2025-11-17 20:00:00,30,2088.180193512296,18
124,2025-11-17 21:00:00,30,2091.7262840465,18
125,2025-11-17 22:00:00,30,2094.141469368096,18
126,2025-11-17 23:00:00,30,2098.7669094936305,18
127,2025-11-18 00:00:00,30,2099.844861314494,18
128,2025-11-18 01:00:00,30,2100.182776586261,18
129,2025-11-18 02:00:00,30,2100.641184221404,18
130,2025-11-18 03:00:00,30,2101.592144767965,18
131,2025-11-18 04:00:00,30,2098.819926750049,18
132,2025-11-18 05:00:00,30,2091.348623895252,18
133,2025-11-18 06:00:00,30,2106.98759656652,18
134,2025-11-18 07:00:00,30,2106.055097666852,18
135,2025-11-18 08:00:00,30,2106.17430802121,18
136,2025-11-18 09:00:00,30,2086.392930856652,18
137,2025-11-18 10:00:00,30,2087.539788806146,18
138,2025-11-18 11:00:00,30,2089.1069327241244,18
139,2025-11-18 12:00:00,30,2088.7993860962656,18
140,2025-11-18 13:00:00,30,2087.2646599349314,18
141,2025-11-18 14:00:00,30,2107.78399484244,18
142,2025-11-18 15:00:00,30,2104.8358910268366,18
143,2025-11-18 16:00:00,30,2102.2760489290404,18
144,2025-11-18 17:00:00,30,2103.199953811589,18
145,2025-11-18 18:00:00,30,2105.118450546004,18
146,2025-11-18 19:00:00,30,2106.5702575274904,18
147,2025-11-18 20:00:00,30,2086.329112392816,18
148,2025-11-18 21:00:00,30,2090.7444739907737,18
149,2025-11-18 22:00:00,30,2093.187268900518,18
150,2025-11-18 23:00:00,30,2096.698041187357,18
151,2025-11-19 00:00:00,30,2097.4741641878063,18
152,2025-11-19 01:00:00,30,2097.5620736159917,18
153,2025-11-19 02:00:00,30,2097.148521899508,18
154,2025-11-19 03:00:00,30,2097.528276656248,18
155,2025-11-19 04:00:00,30,2095.20137494703,18
156,2025-11-19 05:00:00,30,2087.798215132416,18
157,2025-11-19 06:00:00,30,2103.6534890491525,18
158,2025-11-19 07:00:00,30,2103.009461630996,18
159,2025-11-19 08:00:00,30,2103.10891030158,18
160,2025-11-19 09:00:00,30,2104.487238889198,18
161,2025-11-19 10:00:00,30,2105.118450546004,18
162,2025-11-19 11:00:00,30,2105.215075834166,18
163,2025-11-19 12:00:00,30,2106.007358327608,18
164,2025-11-19 13:00:00,30,2106.293321622022,18
165,2025-11-19 14:00:00,30,2105.0620263986552,18
166,2025-11-19 15:00:00,30,2103.4724105798923,18
167,2025-11-19 16:00:00,30,2101.8392283875487,18
0,2025-11-12 17:00:00,31,5277.4927464553175,2
1,2025-11-12 18:00:00,31,5272.861265920668,2
2,2025-11-12 19:00:00,31,5268.403233678326,2
3,2025-11-12 20:00:00,31,5261.185679005106,2
4,2025-11-12 21:00:00,31,5187.018489545644,2
5,2025-11-12 22:00:00,31,5004.507286140706,2
6,2025-11-12 23:00:00,31,5002.85925336514,2
7,2025-11-13 00:00:00,31,4995.525242472566,2
8,2025-11-13 01:00:00,31,4917.939154995135,2
9,2025-11-13 02:00:00,31,4915.830201140796,2
10,2025-11-13 03:00:00,31,4917.307993713945,2
11,2025-11-13 04:00:00,31,4996.316950036776,2
12,2025-11-13 05:00:00,31,5188.017103581771,2
13,2025-11-13 06:00:00,31,5264.050562255164,2
14,2025-11-13 07:00:00,31,5264.490069619522,2
15,2025-11-13 08:00:00,31,5266.932983374302,2
16,2025-11-13 09:00:00,31,5271.513571598606,2
17,2025-11-13 10:00:00,31,5275.571425016626,2
18,2025-11-13 11:00:00,31,5276.921176351146,2
19,2025-11-13 12:00:00,31,5277.454569042859,2
20,2025-11-13 13:00:00,31,5277.352813503264,2
21,2025-11-13 14:00:00,31,5278.14336048374,2
22,2025-11-13 15:00:00,31,5281.024190200045,2
23,2025-11-13 16:00:00,31,5278.373712417527,2
24,2025-11-13 17:00:00,31,5279.234475083807,2
25,2025-11-13 18:00:00,31,5280.022772163415,2
26,2025-11-13 19:00:00,31,5276.655241091399,2
27,2025-11-13 20:00:00,31,5271.403883864214,2
28,2025-11-13 21:00:00,31,5266.991963861019,2
29,2025-11-13 22:00:00,31,5261.832274611111,2
30,2025-11-13 23:00:00,31,5260.074732749754,2
31,2025-11-14 00:00:00,31,5260.017775215808,2
32,2025-11-14 01:00:00,31,5190.873548086069,2
33,2025-11-14 02:00:00,31,5190.233957133777,2
34,2025-11-14 03:00:00,31,5191.194422317116,2
35,2025-11-14 04:00:00,31,5263.9466758037,2
36,2025-11-14 05:00:00,31,5276.693200876777,2
37,2025-11-14 06:00:00,31,5288.061877326485,2
38,2025-11-14 07:00:00,31,5289.884183504067,2
39,2025-11-14 08:00:00,31,5289.177343353807,2
40,2025-11-14 09:00:00,31,5286.0055116813965,2
41,2025-11-14 10:00:00,31,5281.822610530467,2
42,2025-11-14 11:00:00,31,5280.126484250512,2
43,2025-11-14 12:00:00,31,5277.734778865657,2
44,2025-11-14 13:00:00,31,5280.126484250512,2
45,2025-11-14 14:00:00,31,5281.927657796002,2
46,2025-11-14 15:00:00,31,5284.860932934989,2
47,2025-11-14 16:00:00,31,5286.628805814842,2
48,2025-11-14 17:00:00,31,5284.325491716814,2
49,2025-11-14 18:00:00,31,5281.076407179577,2
50,2025-11-14 19:00:00,31,5275.835302217405,2
51,2025-11-14 20:00:00,31,5273.651446988111,2
52,2025-11-14 21:00:00,31,5270.577932016888,2
53,2025-11-14 22:00:00,31,5267.927237170637,2
54,2025-11-14 23:00:00,31,5262.35466867665,2
55,2025-11-15 00:00:00,31,5260.7147127590215,2
56,2025-11-15 01:00:00,31,5260.257198516934,2
57,2025-11-15 02:00:00,31,5190.935198674792,2
58,2025-11-15 03:00:00,31,5261.624019456747,2
59,2025-11-15 04:00:00,31,5263.442317467527,2
60,2025-11-15 05:00:00,31,5266.932983374302,2
61,2025-11-15 06:00:00,31,5272.541535399885,2
62,2025-11-15 07:00:00,31,5275.785001397481,2
63,2025-11-15 08:00:00,31,5275.157767025821,2
64,2025-11-15 09:00:00,31,5273.750536420814,2
65,2025-11-15 10:00:00,31,5270.67484703643,2
66,2025-11-15 11:00:00,31,5269.74485179414,2
67,2025-11-15 12:00:00,31,5269.949637003936,2
68,2025-11-15 13:00:00,31,5269.480286307407,2
69,2025-11-15 14:00:00,31,5275.095198522745,2
70,2025-11-15 15:00:00,31,5281.914522605809,2
71,2025-11-15 16:00:00,31,5283.061884948162,2
72,2025-11-15 17:00:00,31,5280.659212779164,2
73,2025-11-15 18:00:00,31,5275.847880256245,2
74,2025-11-15 19:00:00,31,5271.233431156818,2
75,2025-11-15 20:00:00,31,5265.992733227772,2
76,2025-11-15 21:00:00,31,5261.485404573765,2
77,2025-11-15 22:00:00,31,5188.91089665569,2
78,2025-11-15 23:00:00,31,5188.127196812189,2
79,2025-11-16 00:00:00,31,5187.040374716697,2
80,2025-11-16 01:00:00,31,5187.336098289446,2
81,2025-11-16 02:00:00,31,5187.62135199758,2
82,2025-11-16 03:00:00,31,5185.98214987342,2
83,2025-11-16 04:00:00,31,5185.265839470984,2
84,2025-11-16 05:00:00,31,5187.281296168091,2
85,2025-11-16 06:00:00,31,5190.996875908432,2
86,2025-11-16 07:00:00,31,5265.175282841432,2
87,2025-11-16 08:00:00,31,5267.571319020753,2
88,2025-11-16 09:00:00,31,5268.486702787623,2
89,2025-11-16 10:00:00,31,5269.90142488784,2
90,2025-11-16 11:00:00,31,5270.166800254334,2
91,2025-11-16 12:00:00,31,5271.136123833664,2
92,2025-11-16 13:00:00,31,5273.96133628819,2
93,2025-11-16 14:00:00,31,5277.149524186526,2
94,2025-11-16 15:00:00,31,5283.247392309043,2
95,2025-11-16 16:00:00,31,5286.411697152489,2
96,2025-11-16 17:00:00,31,5286.262627404294,2
97,2025-11-16 18:00:00,31,5285.924413986726,2
98,2025-11-16 19:00:00,31,5281.337782961488,2
99,2025-11-16 20:00:00,31,5278.220102394297,2
100,2025-11-16 21:00:00,31,5274.483509867825,2
101,2025-11-16 22:00:00,31,5272.394215707141,2
102,2025-11-16 23:00:00,31,5269.756889569273,2
103,2025-11-17 00:00:00,31,5266.991963861019,2
104,2025-11-17 01:00:00,31,5266.79153367607,2
105,2025-11-17 02:00:00,31,5266.297606782651,2
106,2025-11-17 03:00:00,31,5267.180872113546,2
107,2025-11-17 04:00:00,31,5272.8735779761455,2
108,2025-11-17 05:00:00,31,5286.601649061833,2
109,2025-11-17 06:00:00,31,5296.626523792561,2
110,2025-11-17 07:00:00,31,5298.9315071212095,2
111,2025-11-17 08:00:00,31,5299.331654169979,2
112,2025-11-17 09:00:00,31,5296.059635294135,2
113,2025-11-17 10:00:00,31,5293.971402988338,2
114,2025-11-17 11:00:00,31,5292.025968430828,2
115,2025-11-17 12:00:00,31,5292.74709373524,2
116,2025-11-17 13:00:00,31,5295.263963303318,2
117,2025-11-17 14:00:00,31,5299.405877665051,2
118,2025-11-17 15:00:00,31,5300.135404163768,2
119,2025-11-17 16:00:00,31,5303.574682937155,2
120,2025-11-17 17:00:00,31,5300.939904621999,2
121,2025-11-17 18:00:00,31,5299.829409679933,2
122,2025-11-17 19:00:00,31,5301.138684646012,2
123,2025-11-17 20:00:00,31,5298.075675352887,2
124,2025-11-17 21:00:00,31,5291.350570179248,2
125,2025-11-17 22:00:00,31,5286.751075540594,2
126,2025-11-17 23:00:00,31,5277.887857317236,2
127,2025-11-18 00:00:00,31,5275.810149540713,2
128,2025-11-18 01:00:00,31,5275.157767025821,2
129,2025-11-18 02:00:00,31,5274.271917744701,2
130,2025-11-18 03:00:00,31,5272.431030958174,2
131,2025-11-18 04:00:00,31,5277.785786423349,2
132,2025-11-18 05:00:00,31,5292.068287018078,2
133,2025-11-18 06:00:00,31,5302.177305232313,2
134,2025-11-18 07:00:00,31,5303.9336323300895,2
135,2025-11-18 08:00:00,31,5303.7091847242045,2
136,2025-11-18 09:00:00,31,5301.454621151052,2
137,2025-11-18 10:00:00,31,5299.28713842962,2
138,2025-11-18 11:00:00,31,5296.320998055842,2
139,2025-11-18 12:00:00,31,5296.903512985375,2
140,2025-11-18 13:00:00,31,5299.807346867651,2
141,2025-11-18 14:00:00,31,5300.676120013815,2
142,2025-11-18 15:00:00,31,5306.227861349691,2
143,2025-11-18 16:00:00,31,5311.038088853242,2
144,2025-11-18 17:00:00,31,5309.30292671721,2
145,2025-11-18 18:00:00,31,5305.696358642286,2
146,2025-11-18 19:00:00,31,5302.9635287459,2
147,2025-11-18 20:00:00,31,5301.575160149908,2
148,2025-11-18 21:00:00,31,5293.215649303562,2
149,2025-11-18 22:00:00,31,5288.570326687974,2
150,2025-11-18 23:00:00,31,5281.861994081354,2
151,2025-11-19 00:00:00,31,5280.373107551715,2
152,2025-11-19 01:00:00,31,5280.204318564658,2
153,2025-11-19 02:00:00,31,5280.99808897198,2
154,2025-11-19 03:00:00,31,5280.269213428208,2
155,2025-11-19 04:00:00,31,5284.726882615511,2
156,2025-11-19 05:00:00,31,5298.798371556697,2
157,2025-11-19 06:00:00,31,5308.4507736013165,2
158,2025-11-19 07:00:00,31,5309.660768355709,2
159,2025-11-19 08:00:00,31,5309.473958488572,2
160,2025-11-19 09:00:00,31,5306.883527116363,2
161,2025-11-19 10:00:00,31,5305.696358642286,2
162,2025-11-19 11:00:00,31,5305.514576573472,2
163,2025-11-19 12:00:00,31,5304.023508848745,2
164,2025-11-19 13:00:00,31,5303.485084433992,2
165,2025-11-19 14:00:00,31,5305.802503498092,2
166,2025-11-19 15:00:00,31,5308.791035497161,2
167,2025-11-19 16:00:00,31,5311.858130895388,2
0,2025-11-12 17:00:00,32,2177.4769960793,17
1,2025-11-12 18:00:00,32,2179.4394476348825,17
2,2025-11-12 19:00:00,32,2181.310142895701,17
3,2025-11-12 20:00:00,32,2184.367218560491,17
4,2025-11-12 21:00:00,32,2090.466097029245,17
5,2025-11-12 22:00:00,32,2064.9784157286504,16
6,2025-11-12 23:00:00,32,2066.0292423330698,16
7,2025-11-13 00:00:00,32,2070.5329435292592,16
8,2025-11-13 01:00:00,32,1872.0429974487924,17
9,2025-11-13 02:00:00,32,1872.2985335935336,17
10,2025-11-13 03:00:00,32,1872.119659415505,17
11,2025-11-13 04:00:00,32,2070.0661211668985,16
12,2025-11-13 05:00:00,32,2090.357715116831,17
13,2025-11-13 06:00:00,32,2183.11758000648,17
14,2025-11-13 07:00:00,32,2182.935981956004,17
15,2025-11-13 08:00:00,32,2181.9228558895643,17
16,2025-11-13 09:00:00,32,2180.006943851013,17
17,2025-11-13 10:00:00,32,2178.293324480708,17
18,2025-11-13 11:00:00,32,2177.7201640039243,17
19,2025-11-13 12:00:00,32,2177.4932465497723,17
20,2025-11-13 13:00:00,32,2177.536553668765,17
21,2025-11-13 14:00:00,32,2177.1998762213834,17
22,2025-11-13 15:00:00,32,2175.968811400713,17
23,2025-11-13 16:00:00,32,2177.1016793689714,17
24,2025-11-13 17:00:00,32,2176.734371139645,17
25,2025-11-13 18:00:00,32,2176.3974763173205,17
26,2025-11-13 19:00:00,32,2177.8332114558625,17
27,2025-11-13 20:00:00,32,2180.053058327543,17
28,2025-11-13 21:00:00,32,2181.898318532909,17
29,2025-11-13 22:00:00,32,2184.092852907831,17
30,2025-11-13 23:00:00,32,2184.824815513477,17
31,2025-11-14 00:00:00,32,2184.84779521371,17
32,2025-11-14 01:00:00,32,2089.8092944927,17
33,2025-11-14 02:00:00,32,2089.996683651902,17
34,2025-11-14 03:00:00,32,2089.715150022698,17
35,2025-11-14 04:00:00,32,2183.1604736744093,17
36,2025-11-14 05:00:00,32,2177.8170785653083,17
37,2025-11-14 06:00:00,32,2172.9359332395925,17
38,2025-11-14 07:00:00,32,2172.1452339255125,17
39,2025-11-14 08:00:00,32,2172.4521783421105,17
40,2025-11-14 09:00:00,32,2173.825636727724,17
41,2025-11-14 10:00:00,32,2175.626499870699,17
42,2025-11-14 11:00:00,32,2176.3531170641468,17
43,2025-11-14 12:00:00,32,2177.3739457937586,17
44,2025-11-14 13:00:00,32,2176.3531170641468,17
45,2025-11-14 14:00:00,32,2175.581427084178,17
46,2025-11-14 15:00:00,32,2174.3196277105103,17
47,2025-11-14 16:00:00,32,2173.556256844049,17
48,2025-11-14 17:00:00,32,2174.550411384663,17
49,2025-11-14 18:00:00,32,2175.946438665167,17
50,2025-11-14 19:00:00,32,2178.181391578271,17
51,2025-11-14 20:00:00,32,2179.1059479290216,17
52,2025-11-14 21:00:00,32,2180.3999400765947,17
53,2025-11-14 22:00:00,32,2181.508748338296,17
54,2025-11-14 23:00:00,32,2183.8669922870554,17
55,2025-11-15 00:00:00,32,2184.5633693512927,17
56,2025-11-15 01:00:00,32,2184.7508795373183,17
57,2025-11-15 02:00:00,32,2089.7912131289595,17
58,2025-11-15 03:00:00,32,2184.181853447824,17
59,2025-11-15 04:00:00,32,2183.385035174106,17
60,2025-11-15 05:00:00,32,2181.9228558895643,17
61,2025-11-15 06:00:00,32,2179.5742319463934,17
62,2025-11-15 07:00:00,32,2178.202733009405,17
63,2025-11-15 08:00:00,32,2178.4686730128105,17
64,2025-11-15 09:00:00,32,2179.0640875049758,17
65,2025-11-15 10:00:00,32,2180.35927114558,17
66,2025-11-15 11:00:00,32,2180.749160538553,17
67,2025-11-15 12:00:00,32,2180.663377865324,17
68,2025-11-15 13:00:00,32,2180.859924685461,17
69,2025-11-15 14:00:00,32,2178.495182892201,17
70,2025-11-15 15:00:00,32,2175.587063465081,17
71,2025-11-15 16:00:00,32,2175.0942485899395,17
72,2025-11-15 17:00:00,32,2176.125131156135,17
73,2025-11-15 18:00:00,32,2178.1760546839514,17
74,2025-11-15 19:00:00,32,2180.124697132132,17
75,2025-11-15 20:00:00,32,2182.313538778755,17
76,2025-11-15 21:00:00,32,2184.2407601462114,17
77,2025-11-15 22:00:00,32,2090.258526875124,17
78,2025-11-15 23:00:00,32,2090.3456082668717,17
79,2025-11-16 00:00:00,32,2090.4637496414,17
80,2025-11-16 01:00:00,32,2090.43190767834,17
81,2025-11-16 02:00:00,32,2090.400976963558,17
82,2025-11-16 03:00:00,32,2090.575809053663,17
83,2025-11-16 04:00:00,32,2090.6499710934104,17
84,2025-11-16 05:00:00,32,2090.4378257300605,17
85,2025-11-16 06:00:00,32,2089.7731206565263,17
86,2025-11-16 07:00:00,32,2182.652446301118,17
87,2025-11-16 08:00:00,32,2181.6571036661862,17
88,2025-11-16 09:00:00,32,2181.2752928686987,17
89,2025-11-16 10:00:00,32,2180.683577117984,17
90,2025-11-16 11:00:00,32,2180.572366126591,17
91,2025-11-16 12:00:00,32,2180.1655818238105,17
92,2025-11-16 13:00:00,32,2178.97500603511,17
93,2025-11-16 14:00:00,32,2177.623048175617,17
94,2025-11-16 15:00:00,32,2175.0144800577555,17
95,2025-11-16 16:00:00,32,2173.650117822881,17
96,2025-11-16 17:00:00,32,2173.7145459138555,17
97,2025-11-16 18:00:00,32,2173.8606670492627,17
98,2025-11-16 19:00:00,32,2175.8344196094176,17
99,2025-11-16 20:00:00,32,2177.167166590414,17
100,2025-11-16 21:00:00,32,2178.754173695226,17
101,2025-11-16 22:00:00,32,2179.6363042365588,17
102,2025-11-16 23:00:00,32,2180.744119141219,17
103,2025-11-17 00:00:00,32,2181.898318532909,17
104,2025-11-17 01:00:00,32,2181.9816879575114,17
105,2025-11-17 02:00:00,32,2182.186961338473,17
106,2025-11-17 03:00:00,32,2181.819704025382,17
107,2025-11-17 04:00:00,32,2179.4342555666312,17
108,2025-11-17 05:00:00,32,2173.567999030429,17
109,2025-11-17 06:00:00,32,2169.202732683019,17
110,2025-11-17 07:00:00,32,2168.1911750958525,17
111,2025-11-17 08:00:00,32,2168.0152990850365,17
112,2025-11-17 09:00:00,32,2169.45109983168,17
113,2025-11-17 10:00:00,32,2170.3645269756967,17
114,2025-11-17 11:00:00,32,2171.213320651843,17
115,2025-11-17 12:00:00,32,2170.898944495859,17
116,2025-11-17 13:00:00,32,2169.799416836988,17
117,2025-11-17 14:00:00,32,2167.9826672138192,17
118,2025-11-17 15:00:00,32,2185.691160578961,17
119,2025-11-17 16:00:00,32,2184.1685554762853,17
120,2025-11-17 17:00:00,32,2185.33548027842,17
121,2025-11-17 18:00:00,32,2185.8263651170496,17
122,2025-11-17 19:00:00,32,2167.2201055706005,17
123,2025-11-17 20:00:00,32,2168.5670739504776,17
124,2025-11-17 21:00:00,32,2171.507488019861,17
125,2025-11-17 22:00:00,32,2173.503383151239,17
126,2025-11-17 23:00:00,32,2177.308744976673,17
127,2025-11-18 00:00:00,32,2178.1920635229203,17
128,2025-11-18 01:00:00,32,2178.4686730128105,17
129,2025-11-18 02:00:00,32,2178.8436868390577,17
130,2025-11-18 03:00:00,32,2179.620794196962,17
131,2025-11-18 04:00:00,32,2177.352222212761,17
132,2025-11-18 05:00:00,32,2171.194880066549,17
133,2025-11-18 06:00:00,32,2184.787829022436,17
134,2025-11-18 07:00:00,32,2184.0093439962566,17
135,2025-11-18 08:00:00,32,2184.108903847481,17
136,2025-11-18 09:00:00,32,2167.0809193883097,17
137,2025-11-18 10:00:00,32,2168.0348688602226,17
138,2025-11-18 11:00:00,32,2169.336611520725,17
139,2025-11-18 12:00:00,32,2169.0813165006275,17
140,2025-11-18 13:00:00,32,2167.806117985513,17
141,2025-11-18 14:00:00,32,2185.452136134229,17
142,2025-11-18 15:00:00,32,2182.990473167853,17
143,2025-11-18 16:00:00,32,2180.847608007871,17
144,2025-11-18 17:00:00,32,2181.6215721321205,17
145,2025-11-18 18:00:00,32,2183.2267058020907,17
146,2025-11-18 19:00:00,32,2184.439504613952,17
147,2025-11-18 20:00:00,32,2167.027803754155,17
148,2025-11-18 21:00:00,32,2170.694517194859,17
149,2025-11-18 22:00:00,32,2172.7155264963303,17
150,2025-11-18 23:00:00,32,2175.609602466163,17
151,2025-11-19 00:00:00,32,2176.2475993581443,17
152,2025-11-19 01:00:00,32,2176.3198207067926,17
153,2025-11-19 02:00:00,32,2175.979993888362,17
154,2025-11-19 03:00:00,32,2176.292056103559,17
155,2025-11-19 04:00:00,32,2174.377424161114,17
156,2025-11-19 05:00:00,32,2168.249674664637,17
157,2025-11-19 06:00:00,32,2182.001275741721,17
158,2025-11-19 07:00:00,32,2181.462045518515,17
159,2025-11-19 08:00:00,32,2181.545331552021,17
160,2025-11-19 09:00:00,32,2182.6989001970715,17
161,2025-11-19 10:00:00,32,2183.2267058020907,17
162,2025-11-19 11:00:00,32,2183.307474888072,17
163,2025-11-19 12:00:00,32,2183.96947081353,17
164,2025-11-19 13:00:00,32,2184.208288166746,17
165,2025-11-19 14:00:00,32,2183.1795375327256,17
166,2025-11-19 15:00:00,32,2181.849693423549,17
167,2025-11-19 16:00:00,32,2180.481466318038,17
0,2025-11-12 17:00:00,33,1217.1741632010633,28
1,2025-11-12 18:00:00,33,1217.3650449173315,28
2,2025-11-12 19:00:00,33,1217.5288320600566,29
3,2025-11-12 20:00:00,33,1218.745418859418,29
4,2025-11-12 21:00:00,33,1166.9573144461551,28
5,2025-11-12 22:00:00,33,1160.4284645592106,28
6,2025-11-12 23:00:00,33,1161.6277054102627,28
7,2025-11-13 00:00:00,33,1166.9520543295105,28
8,2025-11-13 01:00:00,33,937.9367524478804,33
9,2025-11-13 02:00:00,33,938.2316028871004,33
10,2025-11-13 03:00:00,33,938.0251040523128,33
11,2025-11-13 04:00:00,33,1166.3857935403614,28
12,2025-11-13 05:00:00,33,1167.008935534356,28
13,2025-11-13 06:00:00,33,1217.6687177390208,29
14,2025-11-13 07:00:00,33,1217.6555253077263,29
15,2025-11-13 08:00:00,33,1217.5783551449372,29
16,2025-11-13 09:00:00,33,1217.416676496107,28
17,2025-11-13 10:00:00,33,1217.2558322503814,28
18,2025-11-13 11:00:00,33,1217.1988203375674,28
19,2025-11-13 12:00:00,33,1217.1758196149149,28
20,2025-11-13 13:00:00,33,1217.1802279030678,28
21,2025-11-13 14:00:00,33,1217.1457275854473,28
22,2025-11-13 15:00:00,33,1217.0151846924418,28
23,2025-11-13 16:00:00,33,1217.1355663867753,28
24,2025-11-13 17:00:00,33,1217.09716731835,28
25,2025-11-13 18:00:00,33,1217.061411342453,28
26,2025-11-13 19:00:00,33,1217.2101887017604,28
27,2025-11-13 20:00:00,33,1217.420799057866,28
28,2025-11-13 21:00:00,33,1217.5764125221804,29
29,2025-11-13 22:00:00,33,1218.486907745759,29
30,2025-11-13 23:00:00,33,1219.1875095865894,29
31,2025-11-14 00:00:00,33,1219.2101022999864,29
32,2025-11-14 01:00:00,33,1167.1022869522506,28
33,2025-11-14 02:00:00,33,1167.0956715854113,28
34,2025-11-14 03:00:00,33,1167.1054640622126,28
35,2025-11-14 04:00:00,33,1217.6718048119008,29
36,2025-11-14 05:00:00,33,1217.208570024336,28
37,2025-11-14 06:00:00,33,1216.665862714051,28
38,2025-11-14 07:00:00,33,1216.5687135664723,28
39,2025-11-14 08:00:00,33,1216.606712103636,28
40,2025-11-14 09:00:00,33,1216.7722498433998,28
41,2025-11-14 10:00:00,33,1216.9776911819874,28
42,2025-11-14 11:00:00,33,1217.0566654675383,28
43,2025-11-14 12:00:00,33,1217.1636306555724,28
44,2025-11-14 13:00:00,33,1217.0566654675383,28
45,2025-11-14 14:00:00,33,1216.972716439582,28
46,2025-11-14 15:00:00,33,1216.8299456867155,28
47,2025-11-14 16:00:00,33,1216.7403711495513,28
48,2025-11-14 17:00:00,33,1216.8565572489445,28
49,2025-11-14 18:00:00,33,1217.01274981116,28
50,2025-11-14 19:00:00,33,1217.2448216411522,28
51,2025-11-14 20:00:00,33,1217.333938361707,28
52,2025-11-14 21:00:00,33,1217.45145294228,28
53,2025-11-14 22:00:00,33,1217.5451146263272,29
54,2025-11-14 23:00:00,33,1218.2774337183168,29
55,2025-11-15 00:00:00,33,1218.9331618722742,29
56,2025-11-15 01:00:00,33,1219.115084108788,29
57,2025-11-15 02:00:00,33,1167.1029047096497,28
58,2025-11-15 03:00:00,33,1218.570262730453,29
59,2025-11-15 04:00:00,33,1217.8396002257527,29
60,2025-11-15 05:00:00,33,1217.5783551449372,29
61,2025-11-15 06:00:00,33,1217.3774571578167,28
62,2025-11-15 07:00:00,33,1217.2469256022678,28
63,2025-11-15 08:00:00,33,1217.2729593474544,28
64,2025-11-15 09:00:00,33,1217.3299944972682,28
65,2025-11-15 10:00:00,33,1217.4478918045231,28
66,2025-11-15 11:00:00,33,1217.481669997564,29
67,2025-11-15 12:00:00,33,1217.4743078492793,29
68,2025-11-15 13:00:00,33,1217.4911175521297,29
69,2025-11-15 14:00:00,33,1217.275535716254,28
70,2025-11-15 15:00:00,33,1216.9733390144318,28
71,2025-11-15 16:00:00,33,1216.9183893905024,28
72,2025-11-15 17:00:00,33,1217.032136037103,28
73,2025-11-15 18:00:00,33,1217.2442951576322,28
74,2025-11-15 19:00:00,33,1217.4271814678227,28
75,2025-11-15 20:00:00,33,1217.6088213603946,29
76,2025-11-15 21:00:00,33,1218.6256947563684,29
77,2025-11-15 22:00:00,33,1167.0541755937113,28
78,2025-11-15 23:00:00,33,1167.0145568692608,28
79,2025-11-16 00:00:00,33,1166.9584580087349,28
80,2025-11-16 01:00:00,33,1166.9738563948056,28
81,2025-11-16 02:00:00,33,1166.9886145450353,28
82,2025-11-16 03:00:00,33,1166.9025285093778,28
83,2025-11-16 04:00:00,33,1166.8639294121808,28
84,2025-11-16 05:00:00,33,1166.9710104217754,28
85,2025-11-16 06:00:00,33,1167.103519242906,28
86,2025-11-16 07:00:00,33,1217.6345337556374,29
87,2025-11-16 08:00:00,33,1217.5571340634524,29
88,2025-11-16 09:00:00,33,1217.525952369764,29
89,2025-11-16 10:00:00,33,1217.476044970104,29
90,2025-11-16 11:00:00,33,1217.4664538178745,29
91,2025-11-16 12:00:00,33,1217.430811927691,28
92,2025-11-16 13:00:00,33,1217.321572659759,28
93,2025-11-16 14:00:00,33,1217.1890060540466,28
94,2025-11-16 15:00:00,33,1216.9093978128092,28
95,2025-11-16 16:00:00,33,1216.7515118376446,28
96,2025-11-16 17:00:00,33,1216.7591385816822,28
97,2025-11-16 18:00:00,33,1216.7763738983429,28
98,2025-11-16 19:00:00,33,1217.0005255681408,28
99,2025-11-16 20:00:00,33,1217.1423477882422,28
100,2025-11-16 21:00:00,33,1217.3005253527945,28
101,2025-11-16 22:00:00,33,1217.383142249405,28
102,2025-11-16 23:00:00,33,1217.481238421856,29
103,2025-11-17 00:00:00,33,1217.5764125221804,29
104,2025-11-17 01:00:00,33,1217.5829989220058,29
105,2025-11-17 02:00:00,33,1217.5990467058214,29
106,2025-11-17 03:00:00,33,1217.5701655936164,29
107,2025-11-17 04:00:00,33,1217.364564935951,28
108,2025-11-17 05:00:00,33,1216.7417668009934,28
109,2025-11-17 06:00:00,33,1216.1868095787363,28
110,2025-11-17 07:00:00,33,1216.048487315416,28
111,2025-11-17 08:00:00,33,1216.0240866945558,28
112,2025-11-17 09:00:00,33,1216.2202377096726,28
113,2025-11-17 10:00:00,33,1216.3413230804058,28
114,2025-11-17 11:00:00,33,1216.4511681545437,28
115,2025-11-17 12:00:00,33,1216.4107887967202,28
116,2025-11-17 13:00:00,33,1216.2667573525428,28
117,2025-11-17 14:00:00,33,1216.019548136911,28
118,2025-11-17 15:00:00,33,1221.8759356374874,28
119,2025-11-17 16:00:00,33,1221.6594465296018,28
120,2025-11-17 17:00:00,33,1221.8260293094158,28
121,2025-11-17 18:00:00,33,1221.8947982752095,28
122,2025-11-17 19:00:00,33,1215.912492321242,28
123,2025-11-17 20:00:00,33,1216.100292374252,28
124,2025-11-17 21:00:00,33,1216.4886225587618,28
125,2025-11-17 22:00:00,33,1216.7340798674124,28
126,2025-11-17 23:00:00,33,1217.156941159195,28
127,2025-11-18 00:00:00,33,1217.2458740162574,28
128,2025-11-18 01:00:00,33,1217.2729593474544,28
129,2025-11-18 02:00:00,33,1217.3090858018686,28
130,2025-11-18 03:00:00,33,1217.3817235566764,28
131,2025-11-18 04:00:00,33,1217.1614040404263,28
132,2025-11-18 05:00:00,33,1216.448809596153,28
133,2025-11-18 06:00:00,33,1221.7483889167097,28
134,2025-11-18 07:00:00,33,1221.6363856600883,28
135,2025-11-18 08:00:00,33,1221.6508155818124,28
136,2025-11-18 09:00:00,33,1215.8927478358298,28
137,2025-11-18 10:00:00,33,1216.0268068368316,28
138,2025-11-18 11:00:00,33,1216.2048550272314,28
139,2025-11-18 12:00:00,33,1216.170390623181,28
140,2025-11-18 13:00:00,33,1215.9949320078897,28
141,2025-11-18 14:00:00,33,1221.8424428563249,28
142,2025-11-18 15:00:00,33,1221.486959208223,28
143,2025-11-18 16:00:00,33,1221.1625794171798,28
144,2025-11-18 17:00:00,33,1221.2812849910056,28
145,2025-11-18 18:00:00,33,1221.521886994156,28
146,2025-11-18 19:00:00,33,1221.698509860695,28
147,2025-11-18 20:00:00,33,1215.8851965761728,28
148,2025-11-18 21:00:00,33,1216.3843382923228,28
149,2025-11-18 22:00:00,33,1216.6390252182855,28
150,2025-11-18 23:00:00,33,1216.975827221996,28
151,2025-11-19 00:00:00,33,1217.0453412512468,28
152,2025-11-19 01:00:00,33,1217.053097426437,28
153,2025-11-19 02:00:00,33,1217.0164008885329,28
154,2025-11-19 03:00:00,33,1217.050118400542,28
155,2025-11-19 04:00:00,33,1216.8366308071234,28
156,2025-11-19 05:00:00,33,1216.056580594142,28
157,2025-11-19 06:00:00,33,1221.338888379344,28
158,2025-11-19 07:00:00,33,1221.2569587906366,28
159,2025-11-19 08:00:00,33,1221.269668260981,28
160,2025-11-19 09:00:00,33,1221.4436172529372,28
161,2025-11-19 10:00:00,33,1221.521886994156,28
162,2025-11-19 11:00:00,33,1221.5337901628236,28
163,2025-11-19 12:00:00,33,1221.6305979135595,28
164,2025-11-19 13:00:00,33,1221.6651892602622,28
165,2025-11-19 14:00:00,33,1221.5149265088085,28
166,2025-11-19 15:00:00,33,1221.3159428427216,28
167,2025-11-19 16:00:00,33,1221.1058280706286,28
0,2025-11-12 17:00:00,34,1184.0186778366606,30
1,2025-11-12 18:00:00,34,1186.3213877000042,30
2,2025-11-12 19:00:00,34,1188.5580010063452,31
3,2025-11-12 20:00:00,34,1187.9713621695944,31
4,2025-11-12 21:00:00,34,862.257922454652,37
5,2025-11-12 22:00:00,34,858.9599446163716,37
6,2025-11-12 23:00:00,34,859.5652212765506,37
7,2025-11-13 00:00:00,34,862.1181869139333,37
8,2025-11-13 01:00:00,34,709.4261826332415,35
9,2025-11-13 02:00:00,34,709.8623779889712,35
10,2025-11-13 03:00:00,34,709.5566922130345,35
11,2025-11-13 04:00:00,34,861.8566161876347,37
12,2025-11-13 05:00:00,34,862.1206031404076,37
13,2025-11-13 06:00:00,34,1190.7612544971955,31
14,2025-11-13 07:00:00,34,1190.537895425233,31
15,2025-11-13 08:00:00,34,1189.3000413459304,31
16,2025-11-13 09:00:00,34,1186.9954273740634,30
17,2025-11-13 10:00:00,34,1184.971375578545,30
18,2025-11-13 11:00:00,34,1184.3017175753885,30
19,2025-11-13 12:00:00,34,1184.037573266711,30
20,2025-11-13 13:00:00,34,1184.08794281283,30
21,2025-11-13 14:00:00,34,1183.696882181163,30
22,2025-11-13 15:00:00,34,1182.276926686202,30
23,2025-11-13 16:00:00,34,1183.5830478029447,30
24,2025-11-13 17:00:00,34,1183.1581336869622,30
25,2025-11-13 18:00:00,34,1182.7696187137287,30
26,2025-11-13 19:00:00,34,1184.4335163718283,30
27,2025-11-13 20:00:00,34,1187.0503667470446,30
28,2025-11-13 21:00:00,34,1189.2702311533878,31
29,2025-11-13 22:00:00,34,1188.6982071671907,31
30,2025-11-13 23:00:00,34,1186.683274936926,31
31,2025-11-14 00:00:00,34,1186.61587339853,31
32,2025-11-14 01:00:00,34,861.6251274289899,37
33,2025-11-14 02:00:00,34,861.7637850725972,37
34,2025-11-14 03:00:00,34,861.5556039450225,37
35,2025-11-14 04:00:00,34,1190.814079289247,31
36,2025-11-14 05:00:00,34,1184.414699098741,30
37,2025-11-14 06:00:00,34,1178.8412192433225,30
38,2025-11-14 07:00:00,34,1177.9591274277698,30
39,2025-11-14 08:00:00,34,1178.3009116200649,30
40,2025-11-14 09:00:00,34,1179.8403026461583,30
41,2025-11-14 10:00:00,34,1181.8847954505572,30
42,2025-11-14 11:00:00,34,1182.7185483205508,30
43,2025-11-14 12:00:00,34,1183.8989198881452,30
44,2025-11-14 13:00:00,34,1182.7185483205508,30
45,2025-11-14 14:00:00,34,1181.833248427685,30
46,2025-11-14 15:00:00,34,1180.398104845217,30
47,2025-11-14 16:00:00,34,1179.5370600267645,30
48,2025-11-14 17:00:00,34,1180.6594703652545,30
49,2025-11-14 18:00:00,34,1182.2512625618313,30
50,2025-11-14 19:00:00,34,1184.840316852754,30
51,2025-11-14 20:00:00,34,1185.9270248235048,30
52,2025-11-14 21:00:00,34,1187.46444927249,31
53,2025-11-14 22:00:00,34,1188.7979965930176,31
54,2025-11-14 23:00:00,34,1189.2734322479914,31
55,2025-11-15 00:00:00,34,1187.4314285957516,31
56,2025-11-15 01:00:00,34,1186.8982955730603,31
57,2025-11-15 02:00:00,34,861.6117676319748,37
58,2025-11-15 03:00:00,34,1188.4659126716124,31
59,2025-11-15 04:00:00,34,1190.4374093759186,31
60,2025-11-15 05:00:00,34,1189.3000413459304,31
61,2025-11-15 06:00:00,34,1186.4811347967925,30
62,2025-11-15 07:00:00,34,1184.8652942737465,30
63,2025-11-15 08:00:00,34,1185.1769627750014,30
64,2025-11-15 09:00:00,34,1185.877615036981,30
65,2025-11-15 10:00:00,34,1187.4158264439768,31
66,2025-11-15 11:00:00,34,1187.8828005363048,31
67,2025-11-15 12:00:00,34,1187.7798978592157,31
68,2025-11-15 13:00:00,34,1188.015804964138,31
69,2025-11-15 14:00:00,34,1185.208073832838,30
70,2025-11-15 15:00:00,34,1181.8396933319998,30
71,2025-11-15 16:00:00,34,1181.2773475865488,30
72,2025-11-15 17:00:00,34,1182.4563822594905,30
73,2025-11-15 18:00:00,34,1184.8340714777853,30
74,2025-11-15 19:00:00,34,1187.135765428318,30
75,2025-11-15 20:00:00,34,1189.7757491551556,31
76,2025-11-15 21:00:00,34,1188.310348065305,31
77,2025-11-15 22:00:00,34,861.9967738977682,37
78,2025-11-15 23:00:00,34,862.1053972492799,37
79,2025-11-16 00:00:00,34,862.2549248341212,37
80,2025-11-16 01:00:00,34,862.2143673669351,37
81,2025-11-16 02:00:00,34,862.1751542234767,37
82,2025-11-16 03:00:00,34,862.3992570615545,37
83,2025-11-16 04:00:00,34,862.4962368736572,37
84,2025-11-16 05:00:00,34,862.221890599786,37
85,2025-11-16 06:00:00,34,861.5984030270147,37
86,2025-11-16 07:00:00,34,1190.190067767768,31
87,2025-11-16 08:00:00,34,1188.9776000471068,31
88,2025-11-16 09:00:00,34,1188.515939968755,31
89,2025-11-16 10:00:00,34,1187.8041201926983,31
90,2025-11-16 11:00:00,34,1187.6708215549345,31
91,2025-11-16 12:00:00,34,1187.184530524088,30
92,2025-11-16 13:00:00,34,1185.7725344724656,30
93,2025-11-16 14:00:00,34,1184.188602293284,30
94,2025-11-16 15:00:00,34,1181.1865438848863,30
95,2025-11-16 16:00:00,34,1179.6426457388204,30
96,2025-11-16 17:00:00,34,1179.7151677764305,30
97,2025-11-16 18:00:00,34,1179.8797846496543,30
98,2025-11-16 19:00:00,34,1182.1228381277026,30
99,2025-11-16 20:00:00,34,1183.6589524687386,30
100,2025-11-16 21:00:00,34,1185.5124279195074,30
101,2025-11-16 22:00:00,34,1186.5547744456294,30
102,2025-11-16 23:00:00,34,1187.8767504941725,31
103,2025-11-17 00:00:00,34,1189.2702311533878,31
104,2025-11-17 01:00:00,34,1189.3715480418991,31
105,2025-11-17 02:00:00,34,1189.621402650547,31
106,2025-11-17 03:00:00,34,1189.1747762473722,31
107,2025-11-17 04:00:00,34,1186.315238255695,30
108,2025-11-17 05:00:00,34,1179.5502646728498,30
109,2025-11-17 06:00:00,34,1174.7218246623618,30
110,2025-11-17 07:00:00,34,1173.62446753752,30
111,2025-11-17 08:00:00,34,1173.4344454783725,30
112,2025-11-17 09:00:00,34,1174.992434343284,30
113,2025-11-17 10:00:00,34,1175.9917589108384,30
114,2025-11-17 11:00:00,34,1176.926289692665,30
115,2025-11-17 12:00:00,34,1176.5794814766002,30
116,2025-11-17 13:00:00,34,1175.372741413026,30
117,2025-11-17 14:00:00,34,1173.399213739361,30
118,2025-11-17 15:00:00,34,1187.9027487392866,31
119,2025-11-17 16:00:00,34,1186.292989924841,31
120,2025-11-17 17:00:00,34,1187.5252618093543,31
121,2025-11-17 18:00:00,34,1188.046478522232,31
122,2025-11-17 19:00:00,34,1172.5780799594413,30
123,2025-11-17 20:00:00,34,1174.0313611988438,30
124,2025-11-17 21:00:00,34,1177.2515358731628,30
125,2025-11-17 22:00:00,34,1179.4776163484692,30
126,2025-11-17 23:00:00,34,1183.8232058367498,30
127,2025-11-18 00:00:00,34,1184.8528063789136,30
128,2025-11-18 01:00:00,34,1185.1769627750014,30
129,2025-11-18 02:00:00,34,1185.6177943300463,30
130,2025-11-18 03:00:00,34,1186.5363698410808,30
131,2025-11-18 04:00:00,34,1183.8736885407511,30
132,2025-11-18 05:00:00,34,1176.9059245039566,30
133,2025-11-18 06:00:00,34,1186.945771770805,31
134,2025-11-18 07:00:00,34,1186.1255851112733,31
135,2025-11-18 08:00:00,34,1186.2302484663714,31
136,2025-11-18 09:00:00,34,1172.428649908965,30
137,2025-11-18 10:00:00,34,1173.4555781427116,30
138,2025-11-18 11:00:00,34,1174.867634614228,30
139,2025-11-18 12:00:00,34,1174.5897056201172,30
140,2025-11-18 13:00:00,34,1173.208732240801,30
141,2025-11-18 14:00:00,34,1187.648971112072,31
142,2025-11-18 15:00:00,34,1185.0582816274757,31
143,2025-11-18 16:00:00,34,1182.8353328720607,30
144,2025-11-18 17:00:00,34,1183.6349031635957,30
145,2025-11-18 18:00:00,34,1185.3051339407464,31
146,2025-11-18 19:00:00,34,1186.5782773911394,31
147,2025-11-18 20:00:00,34,1172.3716610281351,30
148,2025-11-18 21:00:00,34,1176.3543937748325,30
149,2025-11-18 22:00:00,34,1178.594794793064,30
150,2025-11-18 23:00:00,34,1181.8654685873207,30
151,2025-11-19 00:00:00,34,1182.597146376154,30
152,2025-11-19 01:00:00,34,1182.6802275643586,30
153,2025-11-19 02:00:00,34,1182.2897561563375,30
154,2025-11-19 03:00:00,34,1182.6482818297836,30
155,2025-11-19 04:00:00,34,1180.4635136810507,30
156,2025-11-19 05:00:00,34,1173.6877224258392,30
157,2025-11-19 06:00:00,34,1184.0285266186872,30
158,2025-11-19 07:00:00,34,1183.4697966683364,30
159,2025-11-19 08:00:00,34,1183.5559761489164,30
160,2025-11-19 09:00:00,34,1184.7541014934714,31
161,2025-11-19 10:00:00,34,1185.3051339407464,31
162,2025-11-19 11:00:00,34,1185.3896177403908,31
163,2025-11-19 12:00:00,34,1186.08368672168,31
164,2025-11-19 13:00:00,34,1186.3347940402814,31
165,2025-11-19 14:00:00,34,1185.2558161092545,31
166,2025-11-19 15:00:00,34,1183.8712790192458,30
167,2025-11-19 16:00:00,34,1182.4583506841498,30
0,2025-11-12 17:00:00,35,2500.3768197399763,15
1,2025-11-12 18:00:00,35,2500.954173134306,15
2,2025-11-12 19:00:00,35,2501.485724505594,15
3,2025-11-12 20:00:00,35,2502.666355093428,15
4,2025-11-12 21:00:00,35,2479.4682859715654,15
5,2025-11-12 22:00:00,35,2419.728088116883,12
6,2025-11-12 23:00:00,35,2419.947465056614,12
7,2025-11-13 00:00:00,35,2420.9419929924547,12
8,2025-11-13 01:00:00,35,2393.026926408944,10
9,2025-11-13 02:00:00,35,2392.488361143675,10
10,2025-11-13 03:00:00,35,2392.8661189753693,10
11,2025-11-13 04:00:00,35,2420.834979568168,12
12,2025-11-13 05:00:00,35,2479.5704105820478,15
13,2025-11-13 06:00:00,35,2501.979809598468,15
14,2025-11-13 07:00:00,35,2501.9310964969823,15
15,2025-11-13 08:00:00,35,2501.655472406454,15
16,2025-11-13 09:00:00,35,2501.1174609682644,15
17,2025-11-13 10:00:00,35,2500.6192974253354,15
18,2025-11-13 11:00:00,35,2500.4493825935447,15
19,2025-11-13 12:00:00,35,2500.381677678261,15
20,2025-11-13 13:00:00,35,2500.3946179080026,15
21,2025-11-13 14:00:00,35,2500.293787298885,15
22,2025-11-13 15:00:00,35,2499.9207117564147,15
23,2025-11-13 16:00:00,35,2500.264279485052,15
24,2025-11-13 17:00:00,35,2500.1535136556954,15
25,2025-11-13 18:00:00,35,2500.051384776424,15
26,2025-11-13 19:00:00,35,2500.483021117263,15
27,2025-11-13 20:00:00,35,2501.1306536900843,15
28,2025-11-13 21:00:00,35,2501.648717854891,15
29,2025-11-13 22:00:00,35,2502.5066564549675,15
30,2025-11-13 23:00:00,35,2502.938314717596,15
31,2025-11-14 00:00:00,35,2502.952172691766,15
32,2025-11-14 01:00:00,35,2479.635016883564,15
33,2025-11-14 02:00:00,35,2479.6818833161924,15
34,2025-11-14 03:00:00,35,2479.611333073012,15
35,2025-11-14 04:00:00,35,2501.991284209645,15
36,2025-11-14 05:00:00,35,2500.478224330328,15
37,2025-11-14 06:00:00,35,2498.974520564921,14
38,2025-11-14 07:00:00,35,2498.7220537229205,14
39,2025-11-14 08:00:00,35,2498.8203267958,14
40,2025-11-14 09:00:00,35,2499.255845167868,14
41,2025-11-14 10:00:00,35,2499.815791633519,15
42,2025-11-14 11:00:00,35,2500.0378997865346,15
43,2025-11-14 12:00:00,35,2500.345984942944,15
44,2025-11-14 13:00:00,35,2500.0378997865346,15
45,2025-11-14 14:00:00,35,2499.8019393972504,15
46,2025-11-14 15:00:00,35,2499.410737830518,14
47,2025-11-14 16:00:00,35,2499.17098252417,14
48,2025-11-14 17:00:00,35,2499.4827717736625,15
49,2025-11-14 18:00:00,35,2499.913869761474,15
50,2025-11-14 19:00:00,35,2500.586239852057,15
51,2025-11-14 20:00:00,35,2500.857421957221,15
52,2025-11-14 21:00:00,35,2501.2295188735743,15
53,2025-11-14 22:00:00,35,2501.5409918729847,15
54,2025-11-14 23:00:00,35,2502.376903651081,15
55,2025-11-15 00:00:00,35,2502.782029256915,15
56,2025-11-15 01:00:00,35,2502.893863281024,15
57,2025-11-15 02:00:00,35,2479.630475297132,15
58,2025-11-15 03:00:00,35,2502.5582025742005,15
59,2025-11-15 04:00:00,35,2502.1047377065324,15
60,2025-11-15 05:00:00,35,2501.655472406454,15
61,2025-11-15 06:00:00,35,2500.9931102655005,15
62,2025-11-15 07:00:00,35,2500.5925474304354,15
63,2025-11-15 08:00:00,35,2500.670959871381,15
64,2025-11-15 09:00:00,35,2500.84523721555,15
65,2025-11-15 10:00:00,35,2501.2179620789707,15
66,2025-11-15 11:00:00,35,2501.328375752088,15
67,2025-11-15 12:00:00,35,2501.304156001036,15
68,2025-11-15 13:00:00,35,2501.359587002291,15
69,2025-11-15 14:00:00,35,2500.678757161667,15
70,2025-11-15 15:00:00,35,2499.8036720987534,15
71,2025-11-15 16:00:00,35,2499.6516706556504,15
72,2025-11-15 17:00:00,35,2499.968456752127,15
73,2025-11-15 18:00:00,35,2500.584662155642,15
74,2025-11-15 19:00:00,35,2501.1511256202984,15
75,2025-11-15 20:00:00,35,2501.762520735887,15
76,2025-11-15 21:00:00,35,2502.592453844188,15
77,2025-11-15 22:00:00,35,2479.6594340408647,15
78,2025-11-15 23:00:00,35,2479.5814968081177,15
79,2025-11-16 00:00:00,35,2479.470554499048,15
80,2025-11-16 01:00:00,35,2479.501073865877,15
81,2025-11-16 02:00:00,35,2479.5302768429246,15
82,2025-11-16 03:00:00,35,2479.359285156481,15
83,2025-11-16 04:00:00,35,2479.2821199285136,15
84,2025-11-16 05:00:00,35,2479.495436985601,15
85,2025-11-16 06:00:00,35,2479.6259275261923,15
86,2025-11-16 07:00:00,35,2501.854612395653,15
87,2025-11-16 08:00:00,35,2501.582123208324,15
88,2025-11-16 09:00:00,35,2501.476002607917,15
89,2025-11-16 10:00:00,35,2501.309862770957,15
90,2025-11-16 11:00:00,35,2501.278414517652,15
91,2025-11-16 12:00:00,35,2501.1627965157986,15
92,2025-11-16 13:00:00,35,2500.819277440443,15
93,2025-11-16 14:00:00,35,2500.4204361382667,15
94,2025-11-16 15:00:00,35,2499.6269724493386,15
95,2025-11-16 16:00:00,35,2499.200582994483,14
96,2025-11-16 17:00:00,35,2499.220881910967,14
97,2025-11-16 18:00:00,35,2499.2668603043526,14
98,2025-11-16 19:00:00,35,2499.879579852141,15
99,2025-11-16 20:00:00,35,2500.283963105503,15
100,2025-11-16 21:00:00,35,2500.7547489646213,15
101,2025-11-16 22:00:00,35,2501.0110097353577,15
102,2025-11-16 23:00:00,35,2501.326953523116,15
103,2025-11-17 00:00:00,35,2501.648717854891,15
104,2025-11-17 01:00:00,35,2501.67165254109,15
105,2025-11-17 02:00:00,35,2501.7279412338844,15
106,2025-11-17 03:00:00,35,2501.6270525347886,15
107,2025-11-17 04:00:00,35,2500.9526713133323,15
108,2025-11-17 05:00:00,35,2499.1746874334613,14
109,2025-11-17 06:00:00,35,2497.7638171079743,14
110,2025-11-17 07:00:00,35,2497.4281092903493,14
111,2025-11-17 08:00:00,35,2497.3694344914543,14
112,2025-11-17 09:00:00,35,2497.845773088956,14
113,2025-11-17 10:00:00,35,2498.1455320962864,14
114,2025-11-17 11:00:00,35,2498.421670865967,14
115,2025-11-17 12:00:00,35,2498.3196718651607,14
116,2025-11-17 13:00:00,35,2497.960389770868,14
117,2025-11-17 14:00:00,35,2497.35853823881,14
118,2025-11-17 15:00:00,35,2502.698489692926,14
119,2025-11-17 16:00:00,35,2502.166005921525,14
120,2025-11-17 17:00:00,35,2502.5746772550506,14
121,2025-11-17 18:00:00,35,2502.745459909572,14
122,2025-11-17 19:00:00,35,2497.103049537729,14
123,2025-11-17 20:00:00,35,2497.5532134607274,14
124,2025-11-17 21:00:00,35,2498.5168119757413,14
125,2025-11-17 22:00:00,35,2499.154293267998,14
126,2025-11-17 23:00:00,35,2500.326449885445,15
127,2025-11-18 00:00:00,35,2500.589394282647,15
128,2025-11-18 01:00:00,35,2500.670959871381,15
129,2025-11-18 02:00:00,35,2500.780935042208,15
130,2025-11-18 03:00:00,35,2501.006539098107,15
131,2025-11-18 04:00:00,35,2500.3394784606003,15
132,2025-11-18 05:00:00,35,2498.415696970854,14
133,2025-11-18 06:00:00,35,2502.383346698401,14
134,2025-11-18 07:00:00,35,2502.109963052017,14
135,2025-11-18 08:00:00,35,2502.1450162497367,14
136,2025-11-18 09:00:00,35,2497.0562416093253,14
137,2025-11-18 10:00:00,35,2497.3759676563527,14
138,2025-11-18 11:00:00,35,2497.808017800802,14
139,2025-11-18 12:00:00,35,2497.723683847449,14
140,2025-11-18 13:00:00,35,2497.2995331260645,14
141,2025-11-18 14:00:00,35,2502.615324675353,14
142,2025-11-18 15:00:00,35,2501.749756641425,14
143,2025-11-18 16:00:00,35,2500.9838144042533,14
144,2025-11-18 17:00:00,35,2501.2617183087536,14
145,2025-11-18 18:00:00,35,2501.833510015301,14
146,2025-11-18 19:00:00,35,2502.2612256365637,14
147,2025-11-18 20:00:00,35,2497.038364948386,14
148,2025-11-18 21:00:00,35,2498.2531696540445,14
149,2025-11-18 22:00:00,35,2498.904372751793,14
150,2025-11-18 23:00:00,35,2499.8105995559617,15
151,2025-11-19 00:00:00,35,2500.005788099168,15
152,2025-11-19 01:00:00,35,2500.0277721583666,15
153,2025-11-19 02:00:00,35,2499.9241307571424,15
154,2025-11-19 03:00:00,35,2500.019323371024,15
155,2025-11-19 04:00:00,35,2499.4287975591023,14
156,2025-11-19 05:00:00,35,2497.447605793949,14
157,2025-11-19 06:00:00,35,2501.397544201767,14
158,2025-11-19 07:00:00,35,2501.2045515222285,14
159,2025-11-19 08:00:00,35,2501.234404742584,14
160,2025-11-19 09:00:00,35,2501.6461899060387,14
161,2025-11-19 10:00:00,35,2501.833510015301,14
162,2025-11-19 11:00:00,35,2501.8621132594008,14
163,2025-11-19 12:00:00,35,2502.0959170989154,14
164,2025-11-19 13:00:00,35,2502.179981454599,14
165,2025-11-19 14:00:00,35,2501.8167983622543,14
166,2025-11-19 15:00:00,35,2501.3433619500984,14
167,2025-11-19 16:00:00,35,2500.85186849926,14
0,2025-11-12 17:00:00,37,1076.7399456854362,34
1,2025-11-12 18:00:00,37,1079.70220758271,34
2,2025-11-12 19:00:00,37,1082.5571221303524,34
3,2025-11-12 20:00:00,37,1087.391201021755,34
4,2025-11-12 21:00:00,37,1064.4781778737554,32
5,2025-11-12 22:00:00,37,1046.7285282556954,32
6,2025-11-12 23:00:00,37,1047.768585377367,32
7,2025-11-13 00:00:00,37,1052.407526370529,32
8,2025-11-13 01:00:00,37,1038.3312064304748,30
9,2025-11-13 02:00:00,37,1038.649928500728,30
10,2025-11-13 03:00:00,37,1038.4266480616295,30
11,2025-11-13 04:00:00,37,1051.9086785961083,32
12,2025-11-13 05:00:00,37,1064.144753767199,32
13,2025-11-13 06:00:00,37,1085.3474235859087,34
14,2025-11-13 07:00:00,37,1085.0655630766253,34
15,2025-11-13 08:00:00,37,1083.4993450259565,34
16,2025-11-13 09:00:00,37,1080.564921982028,34
17,2025-11-13 10:00:00,37,1077.9683115200787,34
18,2025-11-13 11:00:00,37,1077.1052931514662,34
19,2025-11-13 12:00:00,37,1076.7643466197596,34
20,2025-11-13 13:00:00,37,1076.8293846941133,34
21,2025-11-13 14:00:00,37,1076.3241542185456,34
22,2025-11-13 15:00:00,37,1074.484157777331,34
23,2025-11-13 16:00:00,37,1076.1769628455563,34
24,2025-11-13 17:00:00,37,1075.6270467847503,34
25,2025-11-13 18:00:00,37,1075.1235648478666,34
26,2025-11-13 19:00:00,37,1077.2753012510532,34
27,2025-11-13 20:00:00,37,1080.6351512975948,34
28,2025-11-13 21:00:00,37,1083.4615409184112,34
29,2025-11-13 22:00:00,37,1086.9332785630008,34
30,2025-11-13 23:00:00,37,1088.1672198689942,34
31,2025-11-14 00:00:00,37,1088.2066304759928,34
32,2025-11-14 01:00:00,37,1062.8963189292408,32
33,2025-11-14 02:00:00,37,1063.2556268464632,32
34,2025-11-14 03:00:00,37,1062.7161049263395,32
35,2025-11-14 04:00:00,37,1085.4140504013965,34
36,2025-11-14 05:00:00,37,1077.251033313666,34
37,2025-11-14 06:00:00,37,1069.997121951026,34
38,2025-11-14 07:00:00,37,1068.837257796411,34
39,2025-11-14 08:00:00,37,1069.287046689099,34
40,2025-11-14 09:00:00,37,1071.3069722689074,34
41,2025-11-14 10:00:00,37,1073.974523988907,34
42,2025-11-14 11:00:00,37,1075.05733434519,34
43,2025-11-14 12:00:00,37,1076.585258581252,34
44,2025-11-14 13:00:00,37,1075.05733434519,34
45,2025-11-14 14:00:00,37,1073.9074826887966,34
46,2025-11-14 15:00:00,37,1072.036489861209,34
47,2025-11-14 16:00:00,37,1070.9098392543146,34
48,2025-11-14 17:00:00,37,1072.3778711267437,34
49,2025-11-14 18:00:00,37,1074.45082319956,34
50,2025-11-14 19:00:00,37,1077.7995628746116,34
51,2025-11-14 20:00:00,37,1079.1965288517542,34
52,2025-11-14 21:00:00,37,1081.1640445220405,34
53,2025-11-14 22:00:00,37,1082.8621344218188,34
54,2025-11-14 23:00:00,37,1086.5600505809316,34
55,2025-11-15 00:00:00,37,1087.72186601819,34
56,2025-11-15 01:00:00,37,1088.04071682408,34
57,2025-11-15 02:00:00,37,1062.8616914536717,32
58,2025-11-15 03:00:00,37,1087.0812588246072,34
59,2025-11-15 04:00:00,37,1085.773878997877,34
60,2025-11-15 05:00:00,37,1083.4993450259565,34
61,2025-11-15 06:00:00,37,1079.906851657296,34
62,2025-11-15 07:00:00,37,1077.8317290520486,34
63,2025-11-15 08:00:00,37,1078.2328714738749,34
64,2025-11-15 09:00:00,37,1079.133124218694,34
65,2025-11-15 10:00:00,37,1081.101979751747,34
66,2025-11-15 11:00:00,37,1081.6976150425153,34
67,2025-11-15 12:00:00,37,1081.5664440891685,34
68,2025-11-15 13:00:00,37,1081.867086813332,34
69,2025-11-15 14:00:00,37,1078.2728907598405,34
70,2025-11-15 15:00:00,37,1073.9158654478022,34
71,2025-11-15 16:00:00,37,1073.183777443255,34
72,2025-11-15 17:00:00,37,1074.7171710014636,34
73,2025-11-15 18:00:00,37,1077.7915195948167,34
74,2025-11-15 19:00:00,37,1080.744290366055,34
75,2025-11-15 20:00:00,37,1084.102071870185,34
76,2025-11-15 21:00:00,37,1087.179496098182,34
77,2025-11-15 22:00:00,37,1063.8437913839489,32
78,2025-11-15 23:00:00,37,1064.1078111439078,32
79,2025-11-16 00:00:00,37,1064.470903132684,32
80,2025-11-16 01:00:00,37,1064.3724600299668,32
81,2025-11-16 02:00:00,37,1064.2772506817737,32
82,2025-11-16 03:00:00,37,1064.8209773910862,32
83,2025-11-16 04:00:00,37,1065.0559674215283,32
84,2025-11-16 05:00:00,37,1064.390723131845,32
85,2025-11-16 06:00:00,37,1062.8270422352584,32
86,2025-11-16 07:00:00,37,1084.6261762720833,34
87,2025-11-16 08:00:00,37,1083.0902237377938,34
88,2025-11-16 09:00:00,37,1082.5036396869943,34
89,2025-11-16 10:00:00,37,1081.5973247697536,34
90,2025-11-16 11:00:00,37,1081.4273519282203,34
91,2025-11-16 12:00:00,37,1080.8065973970367,34
92,2025-11-16 13:00:00,37,1078.9982450767616,34
93,2025-11-16 14:00:00,37,1076.9593253734265,34
94,2025-11-16 15:00:00,37,1073.06544071776,34
95,2025-11-16 16:00:00,37,1071.0481595698154,34
96,2025-11-16 17:00:00,37,1071.143138911851,34
97,2025-11-16 18:00:00,37,1071.3586508375156,34
98,2025-11-16 19:00:00,37,1074.2839737173967,34
99,2025-11-16 20:00:00,37,1076.2751160864188,34
100,2025-11-16 21:00:00,37,1078.6641703970924,34
101,2025-11-16 22:00:00,37,1080.0011499183145,34
102,2025-11-16 23:00:00,37,1081.6899043096676,34
103,2025-11-17 00:00:00,37,1083.4615409184112,34
104,2025-11-17 01:00:00,37,1083.5900105364908,34
105,2025-11-17 02:00:00,37,1083.906626181184,34
106,2025-11-17 03:00:00,37,1083.34046164425,34
107,2025-11-17 04:00:00,37,1079.694327590834,34
108,2025-11-17 05:00:00,37,1070.9271402318027,34
109,2025-11-17 06:00:00,37,1064.5536258835302,34
110,2025-11-17 07:00:00,37,1063.0921342662275,34
111,2025-11-17 08:00:00,37,1062.8385768509872,34
112,2025-11-17 09:00:00,37,1064.9133013972594,34
113,2025-11-17 10:00:00,37,1066.2390149617613,34
114,2025-11-17 11:00:00,37,1067.4751639472515,34
115,2025-11-17 12:00:00,37,1067.0168327192905,34
116,2025-11-17 13:00:00,37,1065.4182884891115,34
117,2025-11-17 14:00:00,37,1062.7915495670543,34
118,2025-11-17 15:00:00,37,1079.3304461306236,34
119,2025-11-17 16:00:00,37,1077.1504786306289,34
120,2025-11-17 17:00:00,37,1078.820188733987,34
121,2025-11-17 18:00:00,37,1079.5245763521596,34
122,2025-11-17 19:00:00,37,1061.694127973136,34
123,2025-11-17 20:00:00,37,1063.6345996774985,34
124,2025-11-17 21:00:00,37,1067.9045595767277,34
125,2025-11-17 22:00:00,37,1070.8319461328144,34
126,2025-11-17 23:00:00,37,1076.4874296727194,34
127,2025-11-18 00:00:00,37,1077.815647351489,34
128,2025-11-18 01:00:00,37,1078.2328714738749,34
129,2025-11-18 02:00:00,37,1078.7995361025498,34
130,2025-11-18 03:00:00,37,1079.9775843894568,34
131,2025-11-18 04:00:00,37,1076.5526602939574,34
132,2025-11-18 05:00:00,37,1067.4482632964186,34
133,2025-11-18 06:00:00,37,1078.035753417829,34
134,2025-11-18 07:00:00,37,1076.9231745944985,34
135,2025-11-18 08:00:00,37,1077.065300827504,34
136,2025-11-18 09:00:00,37,1061.4941365188083,34
137,2025-11-18 10:00:00,37,1062.8667823753992,34
138,2025-11-18 11:00:00,37,1064.7474623127628,34
139,2025-11-18 12:00:00,37,1064.37791724832,34
140,2025-11-18 13:00:00,37,1062.537210994088,34
141,2025-11-18 14:00:00,37,1078.9874731674352,34
142,2025-11-18 15:00:00,37,1075.4713333450056,34
143,2025-11-18 16:00:00,37,1072.43291047801,34
144,2025-11-18 17:00:00,37,1073.5280528301555,34
145,2025-11-18 18:00:00,37,1075.80752948012,34
146,2025-11-18 19:00:00,37,1077.537584852388,34
147,2025-11-18 20:00:00,37,1061.4178419283612,34
148,2025-11-18 21:00:00,37,1066.719105234945,34
149,2025-11-18 22:00:00,37,1069.6734173918128,34
150,2025-11-18 23:00:00,37,1073.949389064204,34
151,2025-11-19 00:00:00,37,1074.8998501757603,34
152,2025-11-19 01:00:00,37,1075.0076309121348,34
153,2025-11-19 02:00:00,37,1074.5008206568884,34
154,2025-11-19 03:00:00,37,1074.966191359571,34
155,2025-11-19 04:00:00,37,1072.121949900182,34
156,2025-11-19 05:00:00,37,1063.1765075279695,34
157,2025-11-19 06:00:00,37,1074.0662560147562,34
158,2025-11-19 07:00:00,37,1073.3021193269049,34
159,2025-11-19 08:00:00,37,1073.4200617066606,34
160,2025-11-19 09:00:00,37,1075.0567259209147,34
161,2025-11-19 10:00:00,37,1075.80752948012,34
162,2025-11-19 11:00:00,37,1075.9225347221943,34
163,2025-11-19 12:00:00,37,1076.8662668717457,34
164,2025-11-19 13:00:00,37,1077.2072230968624,34
165,2025-11-19 14:00:00,37,1075.7403814068723,34
166,2025-11-19 15:00:00,37,1073.851324284375,34
167,2025-11-19 16:00:00,37,1071.915697649382,34
0,2025-11-12 17:00:00,38,3946.87790509866,3
1,2025-11-12 18:00:00,38,3946.1658296627375,3
2,2025-11-12 19:00:00,38,3945.4637228388337,3
3,2025-11-12 20:00:00,38,3944.381125817093,3
4,2025-11-12 21:00:00,38,3896.039528811412,3
5,2025-11-12 22:00:00,38,3745.7200722887656,3
6,2025-11-12 23:00:00,38,3745.220822915119,3
7,2025-11-13 00:00:00,38,3743.012384162631,3
8,2025-11-13 01:00:00,38,3692.958349735814,3
9,2025-11-13 02:00:00,38,3691.5782977728127,3
10,2025-11-13 03:00:00,38,3692.5457490945264,3
11,2025-11-13 04:00:00,38,3743.250638908382,3
12,2025-11-13 05:00:00,38,3896.612202080976,3
13,2025-11-13 06:00:00,38,3944.7604064665848,3
14,2025-11-13 07:00:00,38,3944.832281053349,3
15,2025-11-13 08:00:00,38,3945.2282255866025,3
16,2025-11-13 09:00:00,38,3945.9553990251593,3
17,2025-11-13 10:00:00,38,3946.584516810449,3
18,2025-11-13 11:00:00,38,3946.790912172695,3
19,2025-11-13 12:00:00,38,3946.8721019312993,3
20,2025-11-13 13:00:00,38,3946.856629378832,3
21,2025-11-13 14:00:00,38,3946.9766401670745,3
22,2025-11-13 15:00:00,38,3947.410276619513,3
23,2025-11-13 16:00:00,38,3947.011525043338,3
24,2025-11-13 17:00:00,38,3947.141549932855,3
25,2025-11-13 18:00:00,38,3947.260179102562,3
26,2025-11-13 19:00:00,38,3946.7503549503326,3
27,2025-11-13 20:00:00,38,3945.938204642942,3
28,2025-11-13 21:00:00,38,3945.237712408456,3
29,2025-11-13 22:00:00,38,3944.466704797269,3
30,2025-11-13 23:00:00,38,3944.231690640722,3
31,2025-11-14 00:00:00,38,3944.223944935757,3
32,2025-11-14 01:00:00,38,3897.7824400723166,3
33,2025-11-14 02:00:00,38,3897.6481949790737,3
34,2025-11-14 03:00:00,38,3897.84966777765,3
35,2025-11-14 04:00:00,38,3944.743388215564,3
36,2025-11-14 05:00:00,38,3946.756147322621,3
37,2025-11-14 06:00:00,38,3948.447629210755,3
38,2025-11-14 07:00:00,38,3948.711722027525,3
39,2025-11-14 08:00:00,38,3948.609487087746,3
40,2025-11-14 09:00:00,38,3948.147501697818,3
41,2025-11-14 10:00:00,38,3947.52947573148,3
42,2025-11-14 11:00:00,38,3947.2757550805622,3
43,2025-11-14 12:00:00,38,3946.914670734259,3
44,2025-11-14 13:00:00,38,3947.2757550805622,3
45,2025-11-14 14:00:00,38,3947.5451280221614,3
46,2025-11-14 15:00:00,38,3947.9794259520622,3
47,2025-11-14 16:00:00,38,3948.238716811866,3
48,2025-11-14 17:00:00,38,3947.9005377639824,3
49,2025-11-14 18:00:00,38,3947.418084954043,3
50,2025-11-14 19:00:00,38,3946.624975317781,3
51,2025-11-14 20:00:00,38,3946.288509325899,3
52,2025-11-14 21:00:00,38,3945.808396897136,3
53,2025-11-14 22:00:00,38,3945.387703607268,3
54,2025-11-14 23:00:00,38,3944.535124037707,3
55,2025-11-15 00:00:00,38,3944.31815263133,3
56,2025-11-15 01:00:00,38,3944.256448109877,3
57,2025-11-15 02:00:00,38,3897.79536299914,3
58,2025-11-15 03:00:00,38,3944.439250735049,3
59,2025-11-15 04:00:00,38,3944.675585950006,3
60,2025-11-15 05:00:00,38,3945.2282255866025,3
61,2025-11-15 06:00:00,38,3946.116044136563,3
62,2025-11-15 07:00:00,38,3946.6172671284567,3
63,2025-11-15 08:00:00,38,3946.520985965157,3
64,2025-11-15 09:00:00,38,3946.3038576781246,3
65,2025-11-15 10:00:00,38,3945.823658920244,3
66,2025-11-15 11:00:00,38,3945.676862864914,3
67,2025-11-15 12:00:00,38,3945.709253296657,3
68,2025-11-15 13:00:00,38,3945.634961433832,3
69,2025-11-15 14:00:00,38,3946.511365002172,3
70,2025-11-15 15:00:00,38,3947.543171233684,3
71,2025-11-15 16:00:00,38,3947.713686320473,3
72,2025-11-15 17:00:00,38,3947.355649166877,3
73,2025-11-15 18:00:00,38,3946.626902498645,3
74,2025-11-15 19:00:00,38,3945.9114644019833,3
75,2025-11-15 20:00:00,38,3945.0765326933806,3
76,2025-11-15 21:00:00,38,3944.420920072775,3
77,2025-11-15 22:00:00,38,3897.1214716062336,3
78,2025-11-15 23:00:00,38,3896.675098433026,3
79,2025-11-16 00:00:00,38,3896.052121292462,3
80,2025-11-16 01:00:00,38,3896.222091921815,3
81,2025-11-16 02:00:00,38,3896.385718847272,3
82,2025-11-16 03:00:00,38,3895.44104981833,3
83,2025-11-16 04:00:00,38,3895.024864350042,3
84,2025-11-16 05:00:00,38,3896.190619774994,3
85,2025-11-16 06:00:00,38,3897.808288530079,3
86,2025-11-16 07:00:00,38,3944.9439419751648,3
87,2025-11-16 08:00:00,38,3945.330722499067,3
88,2025-11-16 09:00:00,38,3945.4770315545775,3
89,2025-11-16 10:00:00,38,3945.7016310634986,3
90,2025-11-16 11:00:00,38,3945.743560693936,3
91,2025-11-16 12:00:00,38,3945.89618782825,3
92,2025-11-16 13:00:00,38,3946.336483030285,3
93,2025-11-16 14:00:00,38,3946.8256953810487,3
94,2025-11-16 15:00:00,38,3947.741178415015,3
95,2025-11-16 16:00:00,38,3948.206968959803,3
96,2025-11-16 17:00:00,38,3948.1851552600174,3
97,2025-11-16 18:00:00,38,3948.1356175432857,3
98,2025-11-16 19:00:00,38,3947.457143346824,3
99,2025-11-16 20:00:00,38,3946.988266275846,3
100,2025-11-16 21:00:00,38,3946.417146729546,3
101,2025-11-16 22:00:00,38,3946.093076279353,3
102,2025-11-16 23:00:00,38,3945.6787678915816,3
103,2025-11-17 00:00:00,38,3945.237712408456,3
104,2025-11-17 01:00:00,38,3945.2054601712334,3
105,2025-11-17 02:00:00,38,3945.1258134227705,3
106,2025-11-17 03:00:00,38,3945.26807516472,3
107,2025-11-17 04:00:00,38,3946.167745093415,3
108,2025-11-17 05:00:00,38,3948.2347471041535,3
109,2025-11-17 06:00:00,38,3949.675202012543,3
110,2025-11-17 07:00:00,38,3950.000244256631,3
111,2025-11-17 08:00:00,38,3950.056471738773,3
112,2025-11-17 09:00:00,38,3949.594947252184,3
113,2025-11-17 10:00:00,38,3949.298179059931,3
114,2025-11-17 11:00:00,38,3949.020005931276,3
115,2025-11-17 12:00:00,38,3949.123316547685,3
116,2025-11-17 13:00:00,38,3949.482084856855,3
117,2025-11-17 14:00:00,38,3950.0668951265966,3
118,2025-11-17 15:00:00,38,3954.9043045202575,3
119,2025-11-17 16:00:00,38,3955.351239180432,3
120,2025-11-17 17:00:00,38,3955.009206458098,3
121,2025-11-17 18:00:00,38,3954.86434451872,3
122,2025-11-17 19:00:00,38,3950.3096951087664,3
123,2025-11-17 20:00:00,38,3949.879790269037,3
124,2025-11-17 21:00:00,38,3948.923027679088,3
125,2025-11-17 22:00:00,38,3948.256584851457,3
126,2025-11-17 23:00:00,38,3946.9379021116806,3
127,2025-11-18 00:00:00,38,3946.621121116358,3
128,2025-11-18 01:00:00,38,3946.520985965157,3
129,2025-11-18 02:00:00,38,3946.384486760157,3
130,2025-11-18 03:00:00,38,3946.098817652333,3
131,2025-11-18 04:00:00,38,3946.9224135778422,3
132,2025-11-18 05:00:00,38,3949.026075225783,3
133,2025-11-18 06:00:00,38,3955.170122236145,3
134,2025-11-18 07:00:00,38,3955.3976643981487,3
135,2025-11-18 08:00:00,38,3955.368639789654,3
136,2025-11-18 09:00:00,38,3950.353854997472,3
137,2025-11-18 10:00:00,38,3950.050219345779,3
138,2025-11-18 11:00:00,38,3949.6319644364207,3
139,2025-11-18 12:00:00,38,3949.7143693541902,3
140,2025-11-18 13:00:00,38,3950.123240767673,3
141,2025-11-18 14:00:00,38,3954.974835540508,3
142,2025-11-18 15:00:00,38,3955.693491137554,3
143,2025-11-18 16:00:00,38,3956.309230546539,3
144,2025-11-18 17:00:00,38,3956.0877630834575,3
145,2025-11-18 18:00:00,38,3955.62509139078,3
146,2025-11-18 19:00:00,38,3955.272102708942,3
147,2025-11-18 20:00:00,38,3950.3706946862335,3
148,2025-11-18 21:00:00,38,3949.1903167674736,3
149,2025-11-18 22:00:00,38,3948.5214871122,3
150,2025-11-18 23:00:00,38,3947.535344800605,3
151,2025-11-19 00:00:00,38,3947.3127651110126,3
152,2025-11-19 01:00:00,38,3947.28743985383,3
153,2025-11-19 02:00:00,38,3947.406372868076,3
154,2025-11-19 03:00:00,38,3947.297178998598,3
155,2025-11-19 04:00:00,38,3947.9596917434274,3
156,2025-11-19 05:00:00,38,3949.981523678552,3
157,2025-11-19 06:00:00,38,3955.978742367453,3
158,2025-11-19 07:00:00,38,3956.133492258146,3
159,2025-11-19 08:00:00,38,3956.109623250532,3
160,2025-11-19 09:00:00,38,3955.7777629916336,3
161,2025-11-19 10:00:00,38,3955.62509139078,3
162,2025-11-19 11:00:00,38,3955.601679492934,3
163,2025-11-19 12:00:00,38,3955.409282538508,3
164,2025-11-19 13:00:00,38,3955.3396446445417,3
165,2025-11-19 14:00:00,38,3955.638757592044,3
166,2025-11-19 15:00:00,38,3956.02229500541,3
167,2025-11-19 16:00:00,38,3956.413667548487,3
0,2025-11-12 17:00:00,39,3490.814699375071,5
1,2025-11-12 18:00:00,39,3493.6495168699767,5
2,2025-11-12 19:00:00,39,3496.3374526562434,5
3,2025-11-12 20:00:00,39,3501.2294882876217,5
4,2025-11-12 21:00:00,39,3449.814944645187,5
5,2025-11-12 22:00:00,39,3218.2728728014117,5
6,2025-11-12 23:00:00,39,3218.806245958399,5
7,2025-11-13 00:00:00,39,3221.23033961019,5
8,2025-11-13 01:00:00,39,3172.314113060357,5
9,2025-11-13 02:00:00,39,3170.7215956240443,5
10,2025-11-13 03:00:00,39,3171.838345108969,5
11,2025-11-13 04:00:00,39,3220.9678858243947,5
12,2025-11-13 05:00:00,39,3450.201216059266,5
13,2025-11-13 06:00:00,39,3498.9191783970773,5
14,2025-11-13 07:00:00,39,3498.6605281106613,5
15,2025-11-13 08:00:00,39,3497.214439971908,5
16,2025-11-13 09:00:00,39,3494.466505386068,5
17,2025-11-13 10:00:00,39,3491.9956418477063,5
18,2025-11-13 11:00:00,39,3491.166725753349,5
19,2025-11-13 12:00:00,39,3490.8382310692405,5
20,2025-11-13 13:00:00,39,3490.9009380131465,5
21,2025-11-13 14:00:00,39,3490.413273019441,5
22,2025-11-13 15:00:00,39,3488.626925835529,5
23,2025-11-13 16:00:00,39,3490.270965775984,5
24,2025-11-13 17:00:00,39,3489.738376036649,5
25,2025-11-13 18:00:00,39,3489.249497115139,5
26,2025-11-13 19:00:00,39,3491.3303103043104,5
27,2025-11-13 20:00:00,39,3494.5328351860603,5
28,2025-11-13 21:00:00,39,3497.1793534788803,5
29,2025-11-13 22:00:00,39,3500.7017152700305,5
30,2025-11-13 23:00:00,39,3502.129473325773,5
31,2025-11-14 00:00:00,39,3502.1753757839697,5
32,2025-11-14 01:00:00,39,3450.1953596922613,5
33,2025-11-14 02:00:00,39,3450.4982239085343,5
34,2025-11-14 03:00:00,39,3450.043140235432,5
35,2025-11-14 04:00:00,39,3498.980246505904,5
36,2025-11-14 05:00:00,39,3491.3069680787908,5
37,2025-11-14 06:00:00,39,3484.2069209320216,5
38,2025-11-14 07:00:00,39,3483.050649189562,5
39,2025-11-14 08:00:00,39,3483.499682948507,5
40,2025-11-14 09:00:00,39,3485.506129920496,5
41,2025-11-14 10:00:00,39,3488.129361632083,5
42,2025-11-14 11:00:00,39,3489.185098825601,5
43,2025-11-14 12:00:00,39,3490.665454947554,5
44,2025-11-14 13:00:00,39,3489.185098825601,5
45,2025-11-14 14:00:00,39,3488.0638199791074,5
46,2025-11-14 15:00:00,39,3486.2266019167314,5
47,2025-11-14 16:00:00,39,3485.1129752342454,5
48,2025-11-14 17:00:00,39,3486.562966842529,5
49,2025-11-14 18:00:00,39,3488.594417071062,5
50,2025-11-14 19:00:00,39,3491.833855439983,5
51,2025-11-14 20:00:00,39,3493.168793714363,5
52,2025-11-14 21:00:00,39,3495.0314926664887,5
53,2025-11-14 22:00:00,39,3496.621913650592,5
54,2025-11-14 23:00:00,39,3500.2732730656776,5
55,2025-11-15 00:00:00,39,3501.6120922089945,5
56,2025-11-15 01:00:00,39,3501.982263323493,5
57,2025-11-15 02:00:00,39,3450.166127553655,5
58,2025-11-15 03:00:00,39,3500.872009916313,5
59,2025-11-15 04:00:00,39,3499.375591281326,5
60,2025-11-15 05:00:00,39,3497.214439971908,5
61,2025-11-15 06:00:00,39,3493.8436760825757,5
62,2025-11-15 07:00:00,39,3491.8647056074883,5
63,2025-11-15 08:00:00,39,3492.248995776373,5
64,2025-11-15 09:00:00,39,3493.1084231256364,5
65,2025-11-15 10:00:00,39,3494.9730558411657,5
66,2025-11-15 11:00:00,39,3495.5329893960907,5
67,2025-11-15 12:00:00,39,3495.4098508566804,5
68,2025-11-15 13:00:00,39,3495.691940025671,5
69,2025-11-15 14:00:00,39,3492.287288900444,5
70,2025-11-15 15:00:00,39,3488.072016338583,5
71,2025-11-15 16:00:00,39,3487.3550150230917,5
72,2025-11-15 17:00:00,39,3488.8540234273387,5
73,2025-11-15 18:00:00,39,3491.82614041763,5
74,2025-11-15 19:00:00,39,3494.6358607987827,5
75,2025-11-15 20:00:00,39,3497.7726906251546,5
76,2025-11-15 21:00:00,39,3500.985195905609,5
77,2025-11-15 22:00:00,39,3450.537642377413,5
78,2025-11-15 23:00:00,39,3450.243126979712,5
79,2025-11-16 00:00:00,39,3449.823528726438,5
80,2025-11-16 01:00:00,39,3449.9389975491936,5
81,2025-11-16 02:00:00,39,3450.049457373489,5
82,2025-11-16 03:00:00,39,3449.402298166091,5
83,2025-11-16 04:00:00,39,3449.1099584243075,5
84,2025-11-16 05:00:00,39,3449.91767290636,5
85,2025-11-16 06:00:00,39,3450.136875979577,5
86,2025-11-16 07:00:00,39,3498.256344825787,5
87,2025-11-16 08:00:00,39,3496.834281586721,5
88,2025-11-16 09:00:00,39,3496.2875184212407,5
89,2025-11-16 10:00:00,39,3495.4388492113835,5
90,2025-11-16 11:00:00,39,3495.279170858334,5
91,2025-11-16 12:00:00,39,3494.69464844716,5
92,2025-11-16 13:00:00,39,3492.979928266065,5
93,2025-11-16 14:00:00,39,3491.0261590341497,5
94,2025-11-16 15:00:00,39,3487.23889227484,5
95,2025-11-16 16:00:00,39,3485.2499849013293,5
96,2025-11-16 17:00:00,39,3485.344017922672,5
97,2025-11-16 18:00:00,39,3485.5572420662825,5
98,2025-11-16 19:00:00,39,3488.4316243322983,5
99,2025-11-16 20:00:00,39,3490.3658737133264,5
100,2025-11-16 21:00:00,39,3492.6612586208585,5
101,2025-11-16 22:00:00,39,3493.9330676806394,5
102,2025-11-16 23:00:00,39,3495.525753512983,5
103,2025-11-17 00:00:00,39,3497.1793534788803,5
104,2025-11-17 01:00:00,39,3497.2985533607825,5
105,2025-11-17 02:00:00,39,3497.5919049083627,5
106,2025-11-17 03:00:00,39,3497.066921398842,5
107,2025-11-17 04:00:00,39,3493.64203614424,5
108,2025-11-17 05:00:00,39,3485.13011664768,5
109,2025-11-17 06:00:00,39,3478.735686124264,5
110,2025-11-17 07:00:00,39,3477.248446020192,5
111,2025-11-17 08:00:00,39,3476.9896845783287,5
112,2025-11-17 09:00:00,39,3479.1005665594585,5
113,2025-11-17 10:00:00,39,3480.4414883828726,5
114,2025-11-17 11:00:00,39,3481.68602598002,5
115,2025-11-17 12:00:00,39,3481.2252493794326,5
116,2025-11-17 13:00:00,39,3479.612090303982,5
117,2025-11-17 14:00:00,39,3476.941668547432,5
118,2025-11-17 15:00:00,39,3491.35561381042,5
119,2025-11-17 16:00:00,39,3489.0557761000737,5
120,2025-11-17 17:00:00,39,3490.8187116171853,5
121,2025-11-17 18:00:00,39,3491.559649405704,5
122,2025-11-17 19:00:00,39,3475.81910820031,5
123,2025-11-17 20:00:00,39,3477.801319667298,5
124,2025-11-17 21:00:00,39,3482.116990556579,5
125,2025-11-17 22:00:00,39,3485.035785060498,5
126,2025-11-17 23:00:00,39,3490.571007870504,5
127,2025-11-18 00:00:00,39,3491.84928250791,5
128,2025-11-18 01:00:00,39,3492.248995776373,5
129,2025-11-18 02:00:00,39,3492.7904520759294,5
130,2025-11-18 03:00:00,39,3493.910732812809,5
131,2025-11-18 04:00:00,39,3490.633988725372,5
132,2025-11-18 05:00:00,39,3481.659003694307,5
133,2025-11-18 06:00:00,39,3489.991616444512,5
134,2025-11-18 07:00:00,39,3488.8150817356177,5
135,2025-11-18 08:00:00,39,3488.9655998397,5
136,2025-11-18 09:00:00,39,3475.6141142018555,5
137,2025-11-18 10:00:00,39,3477.018479594245,5
138,2025-11-18 11:00:00,39,3478.9323840028383,5
139,2025-11-18 12:00:00,39,3478.5572702685613,5
140,2025-11-18 13:00:00,39,3476.681855452187,5
141,2025-11-18 14:00:00,39,3490.9948281359066,5
142,2025-11-18 15:00:00,39,3487.273882361805,5
143,2025-11-18 16:00:00,39,3484.0279365432066,5
144,2025-11-18 17:00:00,39,3485.200974493436,5
145,2025-11-18 18:00:00,39,3487.631352788923,5
146,2025-11-18 19:00:00,39,3489.46530543355,5
147,2025-11-18 20:00:00,39,3475.535877412061,5
148,2025-11-18 21:00:00,39,3480.925511699056,5
149,2025-11-18 22:00:00,39,3483.884761583989,5
150,2025-11-18 23:00:00,39,3488.1047913385933,5
151,2025-11-19 00:00:00,39,3489.031889024278,5
152,2025-11-19 01:00:00,39,3489.136756923084,5
153,2025-11-19 02:00:00,39,3488.643174000778,5
154,2025-11-19 03:00:00,39,3489.096443708688,5
155,2025-11-19 04:00:00,39,3486.310853405362,5
156,2025-11-19 05:00:00,39,3477.334503276121,5
157,2025-11-19 06:00:00,39,3485.776196695147,5
158,2025-11-19 07:00:00,39,3484.9592506970944,5
159,2025-11-19 08:00:00,39,3485.0854542955226,5
160,2025-11-19 09:00:00,39,3486.8325641912884,5
161,2025-11-19 10:00:00,39,3487.631352788923,5
162,2025-11-19 11:00:00,39,3487.753555726964,5
163,2025-11-19 12:00:00,39,3488.754795866505,5
164,2025-11-19 13:00:00,39,3489.115837600869,5
165,2025-11-19 14:00:00,39,3487.5599833494257,5
166,2025-11-19 15:00:00,39,3485.5465825411875,5
167,2025-11-19 16:00:00,39,3483.472762069837,5
0,2025-11-12 17:00:00,40,2776.4322972535238,11
1,2025-11-12 18:00:00,40,2779.6040480250103,11
2,2025-11-12 19:00:00,40,2782.623089434535,11
3,2025-11-12 20:00:00,40,2787.8261100205746,11
4,2025-11-12 21:00:00,40,2718.186750017103,9
5,2025-11-12 22:00:00,40,2592.602436485386,7
6,2025-11-12 23:00:00,40,2593.516000317367,7
7,2025-11-13 00:00:00,40,2597.5884208793877,7
8,2025-11-13 01:00:00,40,2541.204482048332,8
9,2025-11-13 02:00:00,40,2540.5292645390705,8
10,2025-11-13 03:00:00,40,2541.0030438818767,8
11,2025-11-13 04:00:00,40,2597.1524189505176,7
12,2025-11-13 05:00:00,40,2718.226987046843,9
13,2025-11-13 06:00:00,40,2785.535354088536,11
14,2025-11-13 07:00:00,40,2785.2429777370394,11
15,2025-11-13 08:00:00,40,2783.610881919717,11
16,2025-11-13 09:00:00,40,2780.520390558701,11
17,2025-11-13 10:00:00,40,2777.752197554764,11
18,2025-11-13 11:00:00,40,2776.8255457245277,11
19,2025-11-13 12:00:00,40,2776.4585793215338,11
20,2025-11-13 13:00:00,40,2776.528619026258,11
21,2025-11-13 14:00:00,40,2775.984064913073,11
22,2025-11-13 15:00:00,40,2773.991903119284,11
23,2025-11-13 16:00:00,40,2775.825215257624,11
24,2025-11-13 17:00:00,40,2775.2309447454577,11
25,2025-11-13 18:00:00,40,2774.6857595064776,11
26,2025-11-13 19:00:00,40,2777.008342934333,11
27,2025-11-13 20:00:00,40,2780.5948342109828,11
28,2025-11-13 21:00:00,40,2783.571334208073,11
29,2025-11-13 22:00:00,40,2787.3113731588337,11
30,2025-11-13 23:00:00,40,2788.696607423465,11
31,2025-11-14 00:00:00,40,2788.7407520673514,11
32,2025-11-14 01:00:00,40,2717.613011803324,9
33,2025-11-14 02:00:00,40,2717.948155962905,9
34,2025-11-14 03:00:00,40,2717.444646245872,9
35,2025-11-14 04:00:00,40,2785.604405977433,11
36,2025-11-14 05:00:00,40,2776.982256980631,11
37,2025-11-14 06:00:00,40,2769.077967949463,10
38,2025-11-14 07:00:00,40,2767.7956084851053,10
39,2025-11-14 08:00:00,40,2768.2934689422545,10
40,2025-11-14 09:00:00,40,2770.5203038739714,11
41,2025-11-14 10:00:00,40,2773.437694601054,11
42,2025-11-14 11:00:00,40,2774.6139659984246,11
43,2025-11-14 12:00:00,40,2776.265626299289,11
44,2025-11-14 13:00:00,40,2774.6139659984246,11
45,2025-11-14 14:00:00,40,2773.36471266289,11
46,2025-11-14 15:00:00,40,2771.320850878235,11
47,2025-11-14 16:00:00,40,2770.083668679946,11
48,2025-11-14 17:00:00,40,2771.6947802796567,11
49,2025-11-14 18:00:00,40,2773.955684684045,11
50,2025-11-14 19:00:00,40,2777.5712599038598,11
51,2025-11-14 20:00:00,40,2779.0653563317937,11
52,2025-11-14 21:00:00,40,2781.154725028566,11
53,2025-11-14 22:00:00,40,2782.9433326787034,11
54,2025-11-14 23:00:00,40,2786.8912959437016,11
55,2025-11-15 00:00:00,40,2788.1973199504146,11
56,2025-11-15 01:00:00,40,2788.554865566597,11
57,2025-11-15 02:00:00,40,2717.5806749739904,9
58,2025-11-15 03:00:00,40,2787.477795444825,11
59,2025-11-15 04:00:00,40,2786.0049535919165,11
60,2025-11-15 05:00:00,40,2783.610881919717,11
61,2025-11-15 06:00:00,40,2779.8217222699072,11
62,2025-11-15 07:00:00,40,2777.6057590592395,11
63,2025-11-15 08:00:00,40,2778.035616883992,11
64,2025-11-15 09:00:00,40,2778.997730984509,11
65,2025-11-15 10:00:00,40,2781.089090734261,11
66,2025-11-15 11:00:00,40,2781.718230360994,11
67,2025-11-15 12:00:00,40,2781.5798257802235,11
68,2025-11-15 13:00:00,40,2781.896926136556,11
69,2025-11-15 14:00:00,40,2778.078462268071,11
70,2025-11-15 15:00:00,40,2773.373839205703,11
71,2025-11-15 16:00:00,40,2772.575751718623,11
72,2025-11-15 17:00:00,40,2774.2449501556,11
73,2025-11-15 18:00:00,40,2777.5626325509825,11
74,2025-11-15 19:00:00,40,2780.710476940403,11
75,2025-11-15 20:00:00,40,2784.240438402823,11
76,2025-11-15 21:00:00,40,2787.588232628599,11
77,2025-11-15 22:00:00,40,2718.256630852433,9
78,2025-11-15 23:00:00,40,2718.230961344333,9
79,2025-11-16 00:00:00,40,2718.1877131774067,9
80,2025-11-16 01:00:00,40,2718.2003691045134,9
81,2025-11-16 02:00:00,40,2718.2119460330955,9
82,2025-11-16 03:00:00,40,2718.136919646923,9
83,2025-11-16 04:00:00,40,2718.0975960070787,9
84,2025-11-16 05:00:00,40,2718.1980741270463,9
85,2025-11-16 06:00:00,40,2717.548318554212,9
86,2025-11-16 07:00:00,40,2784.7863752136773,11
87,2025-11-16 08:00:00,40,2783.1825128770406,11
88,2025-11-16 09:00:00,40,2782.5668894181263,11
89,2025-11-16 10:00:00,40,2781.6124168102824,11
90,2025-11-16 11:00:00,40,2781.4329736389,11
91,2025-11-16 12:00:00,40,2780.7764719618463,11
92,2025-11-16 13:00:00,40,2778.8538132465646,11
93,2025-11-16 14:00:00,40,2776.6684987515414,11
94,2025-11-16 15:00:00,40,2772.4465498637564,11
95,2025-11-16 16:00:00,40,2770.235813817517,11
96,2025-11-16 17:00:00,40,2770.340245143076,11
97,2025-11-16 18:00:00,40,2770.5770797515743,11
98,2025-11-16 19:00:00,40,2773.7743337328234,11
99,2025-11-16 20:00:00,40,2775.9311527953028,11
100,2025-11-16 21:00:00,40,2778.497001566064,11
101,2025-11-16 22:00:00,40,2779.9219603257284,11
102,2025-11-16 23:00:00,40,2781.71009667978,11
103,2025-11-17 00:00:00,40,2783.571334208073,11
104,2025-11-17 01:00:00,40,2783.705699990882,11
105,2025-11-17 02:00:00,40,2784.0364933089318,11
106,2025-11-17 03:00:00,40,2783.444622509045,11
107,2025-11-17 04:00:00,40,2779.5956624793243,11
108,2025-11-17 05:00:00,40,2770.102702720995,11
109,2025-11-17 06:00:00,40,2763.019537761372,10
110,2025-11-17 07:00:00,40,2761.376362590537,10
111,2025-11-17 08:00:00,40,2761.090608309855,10
112,2025-11-17 09:00:00,40,2763.422891132682,10
113,2025-11-17 10:00:00,40,2764.90597968461,10
114,2025-11-17 11:00:00,40,2766.283630972965,10
115,2025-11-17 12:00:00,40,2765.7734339422395,10
116,2025-11-17 13:00:00,40,2763.9885001497896,10
117,2025-11-17 14:00:00,40,2761.037587788255,10
118,2025-11-17 15:00:00,40,2782.663997021661,11
119,2025-11-17 16:00:00,40,2780.1590135396573,11
120,2025-11-17 17:00:00,40,2782.078958386,11
121,2025-11-17 18:00:00,40,2782.8863667562423,11
122,2025-11-17 19:00:00,40,2759.798402444119,10
123,2025-11-17 20:00:00,40,2761.9870438309413,10
124,2025-11-17 21:00:00,40,2766.7609687258378,10
125,2025-11-17 22:00:00,40,2769.99795921966,10
126,2025-11-17 23:00:00,40,2776.160166288885,11
127,2025-11-18 00:00:00,40,2777.5885115325323,11
128,2025-11-18 01:00:00,40,2778.035616883992,11
129,2025-11-18 02:00:00,40,2778.6416401086126,11
130,2025-11-18 03:00:00,40,2779.8969142337414,11
131,2025-11-18 04:00:00,40,2776.2304896783944,11
132,2025-11-18 05:00:00,40,2766.253705881726,10
133,2025-11-18 06:00:00,40,2781.1780065928974,11
134,2025-11-18 07:00:00,40,2779.897000806478,11
135,2025-11-18 08:00:00,40,2780.060847146088,11
136,2025-11-18 09:00:00,40,2759.5721864450497,10
137,2025-11-18 10:00:00,40,2761.1224051447844,10
138,2025-11-18 11:00:00,40,2763.236964498706,10
139,2025-11-18 12:00:00,40,2762.822341558222,10
140,2025-11-18 13:00:00,40,2760.7507187758574,10
141,2025-11-18 14:00:00,40,2782.270847692307,11
142,2025-11-18 15:00:00,40,2778.2199203632144,11
143,2025-11-18 16:00:00,40,2774.690946997658,11
144,2025-11-18 17:00:00,40,2775.965814027707,11
145,2025-11-18 18:00:00,40,2778.60881437842,11
146,2025-11-18 19:00:00,40,2780.6048783844594,11
147,2025-11-18 20:00:00,40,2759.4858561301776,10
148,2025-11-18 21:00:00,40,2765.441635013913,10
149,2025-11-18 22:00:00,40,2768.7205596612275,10
150,2025-11-18 23:00:00,40,2773.410334516908,11
151,2025-11-19 00:00:00,40,2774.443182388104,11
152,2025-11-19 01:00:00,40,2774.560076021065,11
153,2025-11-19 02:00:00,40,2774.010005874476,11
154,2025-11-19 03:00:00,40,2774.5151383200946,11
155,2025-11-19 04:00:00,40,2771.41450045669,11
156,2025-11-19 05:00:00,40,2761.471405746681,10
157,2025-11-19 06:00:00,40,2776.5911507038204,11
158,2025-11-19 07:00:00,40,2775.703067054619,11
159,2025-11-19 08:00:00,40,2775.840244186217,11
160,2025-11-19 09:00:00,40,2777.739882093172,11
161,2025-11-19 10:00:00,40,2778.60881437842,11
162,2025-11-19 11:00:00,40,2778.741772207057,11
163,2025-11-19 12:00:00,40,2779.8313796537645,11
164,2025-11-19 13:00:00,40,2780.224398972002,11
165,2025-11-19 14:00:00,40,2778.531166811819,11
166,2025-11-19 15:00:00,40,2776.341517336536,11
167,2025-11-19 16:00:00,40,2774.087741641112,11
0,2025-11-12 17:00:00,41,2779.1647636551165,10
1,2025-11-12 18:00:00,41,2783.760602537529,10
2,2025-11-12 19:00:00,41,2788.1792567518296,10
3,2025-11-12 20:00:00,41,2794.5999472197345,10
4,2025-11-12 21:00:00,41,2594.452679448548,11
5,2025-11-12 22:00:00,41,2531.840545842725,10
6,2025-11-12 23:00:00,41,2533.433998667032,10
7,2025-11-13 00:00:00,41,2540.400778666856,10
8,2025-11-13 01:00:00,41,2385.7765427360173,11
9,2025-11-13 02:00:00,41,2385.9666484058907,11
10,2025-11-13 03:00:00,41,2385.833682180657,11
11,2025-11-13 04:00:00,41,2539.665163328248,10
12,2025-11-13 05:00:00,41,2594.169090699524,11
13,2025-11-13 06:00:00,41,2792.486910763975,10
14,2025-11-13 07:00:00,41,2792.052296352927,10
15,2025-11-13 08:00:00,41,2789.6351179050457,10
16,2025-11-13 09:00:00,41,2785.0970001279497,10
17,2025-11-13 10:00:00,41,2781.0718300836884,10
18,2025-11-13 11:00:00,41,2779.732161922879,10
19,2025-11-13 12:00:00,41,2779.2026641150383,10
20,2025-11-13 13:00:00,41,2779.3036803130235,10
21,2025-11-13 14:00:00,41,2778.518833630156,10
22,2025-11-13 15:00:00,41,2775.658038833312,10
23,2025-11-13 16:00:00,41,2778.2901244360924,10
24,2025-11-13 17:00:00,41,2777.4354326737493,10
25,2025-11-13 18:00:00,41,2776.6526090292923,10
26,2025-11-13 19:00:00,41,2779.9961370048013,10
27,2025-11-13 20:00:00,41,2785.20574689672,10
28,2025-11-13 21:00:00,41,2789.57672978581,10
29,2025-11-13 22:00:00,41,2794.1565920162902,10
30,2025-11-13 23:00:00,41,2795.32829292749,10
31,2025-11-14 00:00:00,41,2795.3644722538693,10
32,2025-11-14 01:00:00,41,2592.815619394501,11
33,2025-11-14 02:00:00,41,2593.265684122773,11
34,2025-11-14 03:00:00,41,2592.589770813818,11
35,2025-11-14 04:00:00,41,2792.58962830261,10
36,2025-11-14 05:00:00,41,2779.9584577813566,10
37,2025-11-14 06:00:00,41,2768.6665284920527,11
38,2025-11-14 07:00:00,41,2766.8560415878856,11
39,2025-11-14 08:00:00,41,2767.558287775883,11
40,2025-11-14 09:00:00,41,2770.709590374297,10
41,2025-11-14 10:00:00,41,2774.8650042929644,10
42,2025-11-14 11:00:00,41,2776.549611376368,10
43,2025-11-14 12:00:00,41,2778.924481535812,10
44,2025-11-14 13:00:00,41,2776.549611376368,10
45,2025-11-14 14:00:00,41,2774.760661254656,10
46,2025-11-14 15:00:00,41,2771.8467334410816,10
47,2025-11-14 16:00:00,41,2770.090332152521,10
48,2025-11-14 17:00:00,41,2772.378679992128,10
49,2025-11-14 18:00:00,41,2775.60617597519,10
50,2025-11-14 19:00:00,41,2780.809951181473,10
51,2025-11-14 20:00:00,41,2782.976830024452,10
52,2025-11-14 21:00:00,41,2786.024503195712,10
53,2025-11-14 22:00:00,41,2788.6506791684983,10
54,2025-11-14 23:00:00,41,2793.788226539797,10
55,2025-11-15 00:00:00,41,2794.9139408883043,10
56,2025-11-15 01:00:00,41,2795.211619152494,10
57,2025-11-15 02:00:00,41,2592.77222932832,11
58,2025-11-15 03:00:00,41,2794.300921168629,10
59,2025-11-15 04:00:00,41,2792.992853937737,10
60,2025-11-15 05:00:00,41,2789.6351179050457,10
61,2025-11-15 06:00:00,41,2784.077696018181,10
62,2025-11-15 07:00:00,41,2780.859872132838,10
63,2025-11-15 08:00:00,41,2781.48232753679,10
64,2025-11-15 09:00:00,41,2782.878533665188,10
65,2025-11-15 10:00:00,41,2785.9284427464013,10
66,2025-11-15 11:00:00,41,2786.8501205817342,10
67,2025-11-15 12:00:00,41,2786.6471896105486,10
68,2025-11-15 13:00:00,41,2787.1122710137006,10
69,2025-11-15 14:00:00,41,2781.5444149445866,10
70,2025-11-15 15:00:00,41,2774.773708440413,10
71,2025-11-15 16:00:00,41,2773.633980979039,10
72,2025-11-15 17:00:00,41,2776.020533197674,10
73,2025-11-15 18:00:00,41,2780.7974680544626,10
74,2025-11-15 19:00:00,41,2785.3747306673918,10
75,2025-11-15 20:00:00,41,2790.565745536851,10
76,2025-11-15 21:00:00,41,2794.396181917148,10
77,2025-11-15 22:00:00,41,2593.9106338799475,11
78,2025-11-15 23:00:00,41,2594.13749015804,11
79,2025-11-16 00:00:00,41,2594.4465236577357,11
80,2025-11-16 01:00:00,41,2594.363082289396,11
81,2025-11-16 02:00:00,41,2594.282135834825,11
82,2025-11-16 03:00:00,41,2594.7411041072114,11
83,2025-11-16 04:00:00,41,2594.9369061083776,11
84,2025-11-16 05:00:00,41,2594.3785819168943,11
85,2025-11-16 06:00:00,41,2592.7288191064954,11
86,2025-11-16 07:00:00,41,2791.374546366744,10
87,2025-11-16 08:00:00,41,2789.0031249885933,10
88,2025-11-16 09:00:00,41,2788.0965816717867,10
89,2025-11-16 10:00:00,41,2786.6949663637656,10
90,2025-11-16 11:00:00,41,2786.431978482354,10
91,2025-11-16 12:00:00,41,2785.471195724487,10
92,2025-11-16 13:00:00,41,2782.669413359117,10
93,2025-11-16 14:00:00,41,2779.505487395056,10
94,2025-11-16 15:00:00,41,2773.4496989877457,10
95,2025-11-16 16:00:00,41,2770.306035719206,10
96,2025-11-16 17:00:00,41,2770.454140305043,10
97,2025-11-16 18:00:00,41,2770.7901624186998,10
98,2025-11-16 19:00:00,41,2775.3465686886248,10
99,2025-11-16 20:00:00,41,2778.442639882887,10
100,2025-11-16 21:00:00,41,2782.1513567316038,10
101,2025-11-16 22:00:00,41,2784.2237918569504,10
102,2025-11-16 23:00:00,41,2786.838192166012,10
103,2025-11-17 00:00:00,41,2789.57672978581,10
104,2025-11-17 01:00:00,41,2789.7751416383885,10
105,2025-11-17 02:00:00,41,2790.264029496303,10
106,2025-11-17 03:00:00,41,2789.3897101001985,10
107,2025-11-17 04:00:00,41,2783.748391511414,10
108,2025-11-17 05:00:00,41,2770.1173131847654,10
109,2025-11-17 06:00:00,41,2760.15913489528,11
110,2025-11-17 07:00:00,41,2757.8708084267423,11
111,2025-11-17 08:00:00,41,2757.47363325437,11
112,2025-11-17 09:00:00,41,2760.7220363941296,11
113,2025-11-17 10:00:00,41,2762.795896594188,11
114,2025-11-17 11:00:00,41,2764.7283080077464,11
115,2025-11-17 12:00:00,41,2764.011975399404,11
116,2025-11-17 13:00:00,41,2761.5121768884,11
117,2025-11-17 14:00:00,41,2757.3999638245023,11
118,2025-11-17 15:00:00,41,2800.2726194763886,10
119,2025-11-17 16:00:00,41,2796.8753230621,10
120,2025-11-17 17:00:00,41,2799.477720869168,10
121,2025-11-17 18:00:00,41,2800.574994367001,10
122,2025-11-17 19:00:00,41,2755.6803557399103,11
123,2025-11-17 20:00:00,41,2758.720366848434,11
124,2025-11-17 21:00:00,41,2765.3992488707927,11
125,2025-11-17 22:00:00,41,2769.968853482555,11
126,2025-11-17 23:00:00,41,2778.772505267566,10
127,2025-11-18 00:00:00,41,2780.834913968193,10
128,2025-11-18 01:00:00,41,2781.48232753679,10
129,2025-11-18 02:00:00,41,2782.361287966323,10
130,2025-11-18 03:00:00,41,2784.187282973984,10
131,2025-11-18 04:00:00,41,2778.873841649449,10
132,2025-11-18 05:00:00,41,2764.686269671827,11
133,2025-11-18 06:00:00,41,2798.255342355569,10
134,2025-11-18 07:00:00,41,2796.520903717216,10
135,2025-11-18 08:00:00,41,2796.742515233449,10
136,2025-11-18 09:00:00,41,2755.3668830040388,11
137,2025-11-18 10:00:00,41,2757.517817118327,11
138,2025-11-18 11:00:00,41,2760.462506893916,11
139,2025-11-18 12:00:00,41,2759.884108542094,11
140,2025-11-18 13:00:00,41,2757.0015070987097,11
141,2025-11-18 14:00:00,41,2799.738343275573,10
142,2025-11-18 15:00:00,41,2794.25636175678,10
143,2025-11-18 16:00:00,41,2789.512956959621,10
144,2025-11-18 17:00:00,41,2791.223248946704,10
145,2025-11-18 18:00:00,41,2794.780870340876,10
146,2025-11-18 19:00:00,41,2797.478832089986,10
147,2025-11-18 20:00:00,41,2755.247288883989,11
148,2025-11-18 21:00:00,41,2763.5465548499365,11
149,2025-11-18 22:00:00,41,2768.1613698335946,11
150,2025-11-18 23:00:00,41,2774.8258848789856,10
151,2025-11-19 00:00:00,41,2776.304681952542,10
152,2025-11-19 01:00:00,41,2776.472312406308,10
153,2025-11-19 02:00:00,41,2775.683962946085,10
154,2025-11-19 03:00:00,41,2776.407863353332,10
155,2025-11-19 04:00:00,41,2771.9799100030064,10
156,2025-11-19 05:00:00,41,2758.002960777858,11
157,2025-11-19 06:00:00,41,2792.0635129927136,10
158,2025-11-19 07:00:00,41,2790.870462623227,10
159,2025-11-19 08:00:00,41,2791.0546286934755,10
160,2025-11-19 09:00:00,41,2793.609425015107,10
161,2025-11-19 10:00:00,41,2794.780870340876,10
162,2025-11-19 11:00:00,41,2794.960276817982,10
163,2025-11-19 12:00:00,41,2796.43216615986,10
164,2025-11-19 13:00:00,41,2796.963795440135,10
165,2025-11-19 14:00:00,41,2794.676116489914,10
166,2025-11-19 15:00:00,41,2791.727973370008,10
167,2025-11-19 16:00:00,41,2788.7049894710835,10
0,2025-11-12 17:00:00,44,2966.799136498165,9
1,2025-11-12 18:00:00,44,2973.7409665172645,9
2,2025-11-12 19:00:00,44,2980.4415714418874,9
3,2025-11-12 20:00:00,44,2990.134125793822,9
4,2025-11-12 21:00:00,44,2576.724155814928,13
5,2025-11-12 22:00:00,44,2503.106110879244,11
6,2025-11-12 23:00:00,44,2505.293393512748,11
7,2025-11-13 00:00:00,44,2514.9058037787845,11
8,2025-11-13 01:00:00,44,2362.4440294304486,12
9,2025-11-13 02:00:00,44,2362.7771134701097,12
10,2025-11-13 03:00:00,44,2362.5437850758603,12
11,2025-11-13 04:00:00,44,2513.88597384042,11
12,2025-11-13 05:00:00,44,2576.1865340097565,13
13,2025-11-13 06:00:00,44,2987.000760024217,9
14,2025-11-13 07:00:00,44,2986.3377155521075,9
15,2025-11-13 08:00:00,44,2982.655310424948,9
16,2025-11-13 09:00:00,44,2975.764704003134,9
17,2025-11-13 10:00:00,44,2969.6764198936885,9
18,2025-11-13 11:00:00,44,2967.6547247268672,9
19,2025-11-13 12:00:00,44,2966.856274803399,9
20,2025-11-13 13:00:00,44,2967.008574303287,9
21,2025-11-13 14:00:00,44,2965.8256098699885,9
22,2025-11-13 15:00:00,44,2961.519922505653,9
23,2025-11-13 16:00:00,44,2965.4810278792947,9
24,2025-11-13 17:00:00,44,2964.193874872932,9
25,2025-11-13 18:00:00,44,2963.015719015348,9
26,2025-11-13 19:00:00,44,2968.0529123948663,9
27,2025-11-13 20:00:00,44,2975.929487611785,9
28,2025-11-13 21:00:00,44,2982.566467799412,9
29,2025-11-13 22:00:00,44,2989.4840449734984,9
30,2025-11-13 23:00:00,44,2991.193310875017,9
31,2025-11-14 00:00:00,44,2991.24560565207,9
32,2025-11-14 01:00:00,44,2574.053719604851,13
33,2025-11-14 02:00:00,44,2574.691136371357,13
34,2025-11-14 03:00:00,44,2573.734004351083,13
35,2025-11-14 04:00:00,44,2987.157507700472,9
36,2025-11-14 05:00:00,44,2967.996070664369,9
37,2025-11-14 06:00:00,44,2951.0362739119505,9
38,2025-11-14 07:00:00,44,2948.3299624731303,9
39,2025-11-14 08:00:00,44,2949.379281774912,9
40,2025-11-14 09:00:00,44,2954.0943177178383,9
41,2025-11-14 10:00:00,44,2960.328050187477,9
42,2025-11-14 11:00:00,44,2962.860760640837,9
43,2025-11-14 12:00:00,44,2966.436930867044,9
44,2025-11-14 13:00:00,44,2962.860760640837,9
45,2025-11-14 14:00:00,44,2960.1712840515625,9
46,2025-11-14 15:00:00,44,2955.798311568303,9
47,2025-11-14 16:00:00,44,2953.166950623756,9
48,2025-11-14 17:00:00,44,2956.5959083449343,9
49,2025-11-14 18:00:00,44,2961.441954298393,9
50,2025-11-14 19:00:00,44,2969.2810408135947,9
51,2025-11-14 20:00:00,44,2972.5551873277464,9
52,2025-11-14 21:00:00,44,2977.1706645801914,9
53,2025-11-14 22:00:00,44,2981.1580663037453,9
54,2025-11-14 23:00:00,44,2988.941240057131,9
55,2025-11-15 00:00:00,44,2990.5921784204074,9
56,2025-11-15 01:00:00,44,2991.02444885429,9
57,2025-11-15 02:00:00,44,2573.9922881563125,13
58,2025-11-15 03:00:00,44,2989.6960748100646,9
59,2025-11-15 04:00:00,44,2987.761914345465,9
60,2025-11-15 05:00:00,44,2982.655310424948,9
61,2025-11-15 06:00:00,44,2974.2209320684524,9
62,2025-11-15 07:00:00,44,2969.3564036952544,9
63,2025-11-15 08:00:00,44,2970.29635506736,9
64,2025-11-15 09:00:00,44,2972.406530498896,9
65,2025-11-15 10:00:00,44,2977.0249960826886,9
66,2025-11-15 11:00:00,44,2978.4231785457746,9
67,2025-11-15 12:00:00,44,2978.115231532224,9
68,2025-11-15 13:00:00,44,2978.821076177127,9
69,2025-11-15 14:00:00,44,2970.390138444912,9
70,2025-11-15 15:00:00,44,2960.190885607516,9
71,2025-11-15 16:00:00,44,2958.479334473373,9
72,2025-11-15 17:00:00,44,2962.064966814217,9
73,2025-11-15 18:00:00,44,2969.262196223089,9
74,2025-11-15 19:00:00,44,2976.185580058699,9
75,2025-11-15 20:00:00,44,2984.0720211648368,9
76,2025-11-15 21:00:00,44,2989.8358100017654,9
77,2025-11-15 22:00:00,44,2575.6992234537424,13
78,2025-11-15 23:00:00,44,2576.126819585712,13
79,2025-11-16 00:00:00,44,2576.712451752408,13
80,2025-11-16 01:00:00,44,2576.553955456488,13
81,2025-11-16 02:00:00,44,2576.400463948231,13
82,2025-11-16 03:00:00,44,2577.274322904417,13
83,2025-11-16 04:00:00,44,2577.64989559276,13
84,2025-11-16 05:00:00,44,2576.583375682888,13
85,2025-11-16 06:00:00,44,2573.930831841399,13
86,2025-11-16 07:00:00,44,2985.3043225681854,9
87,2025-11-16 08:00:00,44,2981.693943138074,9
88,2025-11-16 09:00:00,44,2980.315949973992,9
89,2025-11-16 10:00:00,44,2978.18772740843,9
90,2025-11-16 11:00:00,44,2977.7887121366853,9
91,2025-11-16 12:00:00,44,2976.3317889000155,9
92,2025-11-16 13:00:00,44,2972.0903129270337,9
93,2025-11-16 14:00:00,44,2967.312871217616,9
94,2025-11-16 15:00:00,44,2958.202732042944,9
95,2025-11-16 16:00:00,44,2953.4899301468977,9
96,2025-11-16 17:00:00,44,2953.7117202692207,9
97,2025-11-16 18:00:00,44,2954.2150080470733,9
98,2025-11-16 19:00:00,44,2961.051719530567,9
99,2025-11-16 20:00:00,44,2965.710806421593,9
100,2025-11-16 21:00:00,44,2971.307187559031,9
101,2025-11-16 22:00:00,44,2974.442113729452,9
102,2025-11-16 23:00:00,44,2978.405075626641,9
103,2025-11-17 00:00:00,44,2982.566467799412,9
104,2025-11-17 01:00:00,44,2982.868389185008,9
105,2025-11-17 02:00:00,44,2983.612572899709,9
106,2025-11-17 03:00:00,44,2982.2819346526285,9
107,2025-11-17 04:00:00,44,2973.722486084183,9
108,2025-11-17 05:00:00,44,2953.207347446342,9
109,2025-11-17 06:00:00,44,2938.347380706409,9
110,2025-11-17 07:00:00,44,2934.945873296383,9
111,2025-11-17 08:00:00,44,2934.3559587939426,9
112,2025-11-17 09:00:00,44,2939.184832058803,9
113,2025-11-17 10:00:00,44,2942.2727156189894,9
114,2025-11-17 11:00:00,44,2945.153638710068,9
115,2025-11-17 12:00:00,44,2944.08528104538,9
116,2025-11-17 13:00:00,44,2940.36084503019,9
117,2025-11-17 14:00:00,44,2934.246554497657,9
118,2025-11-17 15:00:00,44,3013.291694388686,8
119,2025-11-17 16:00:00,44,3008.344438163168,7
120,2025-11-17 17:00:00,44,3012.1332262134315,7
121,2025-11-17 18:00:00,44,3013.732517724756,8
122,2025-11-17 19:00:00,44,2931.6941421374727,9
123,2025-11-17 20:00:00,44,2936.208165534173,9
124,2025-11-17 21:00:00,44,2946.1547504502173,9
125,2025-11-17 22:00:00,44,2952.9850786048523,9
126,2025-11-17 23:00:00,44,2966.207875539077,9
127,2025-11-18 00:00:00,44,2969.3187253500737,9
128,2025-11-18 01:00:00,44,2970.29635506736,9
129,2025-11-18 02:00:00,44,2971.6244902525623,9
130,2025-11-18 03:00:00,44,2974.3868384681205,9
131,2025-11-18 04:00:00,44,2966.360604397669,9
132,2025-11-18 05:00:00,44,2945.090927877945,9
133,2025-11-18 06:00:00,44,3010.352850422219,7
134,2025-11-18 07:00:00,44,3007.8288977048933,7
135,2025-11-18 08:00:00,44,3008.151242567412,7
136,2025-11-18 09:00:00,44,2931.2291261780542,9
137,2025-11-18 10:00:00,44,2934.42157720818,9
138,2025-11-18 11:00:00,44,2938.798683698085,9
139,2025-11-18 12:00:00,44,2937.9383173799797,9
140,2025-11-18 13:00:00,44,2933.6548996671067,9
141,2025-11-18 14:00:00,44,3012.512989581573,7
142,2025-11-18 15:00:00,44,3004.5373802482222,7
143,2025-11-18 16:00:00,44,2997.6563471304803,7
144,2025-11-18 17:00:00,44,3000.1353307736176,7
145,2025-11-18 18:00:00,44,3005.299374185504,7
146,2025-11-18 19:00:00,44,3009.222553316181,7
147,2025-11-18 20:00:00,44,2931.051738056001,9
148,2025-11-18 21:00:00,44,2943.3914051909783,9
149,2025-11-18 22:00:00,44,2950.2808268720078,9
150,2025-11-18 23:00:00,44,2960.2692752890352,9
151,2025-11-19 00:00:00,44,2962.4923181634986,9
152,2025-11-19 01:00:00,44,2962.7444737296573,9
153,2025-11-19 02:00:00,44,2961.55889677823,9
154,2025-11-19 03:00:00,44,2962.647523321054,9
155,2025-11-19 04:00:00,44,2955.997966512259,9
156,2025-11-19 05:00:00,44,2935.142186462545,9
157,2025-11-19 06:00:00,44,3001.354092420506,7
158,2025-11-19 07:00:00,44,2999.623797710066,7
159,2025-11-19 08:00:00,44,2999.890822604131,7
160,2025-11-19 09:00:00,44,3003.597837146432,7
161,2025-11-19 10:00:00,44,3005.299374185504,7
162,2025-11-19 11:00:00,44,3005.5600640343832,7
163,2025-11-19 12:00:00,44,3007.699836275385,7
164,2025-11-19 13:00:00,44,3008.473147328328,7
165,2025-11-19 14:00:00,44,3005.147172039892,7
166,2025-11-19 15:00:00,44,3000.867341585819,7
167,2025-11-19 16:00:00,44,2996.4860233851427,7
0,2025-11-12 17:00:00,47,3033.8432953952183,7
1,2025-11-12 18:00:00,47,3043.017495920566,7
2,2025-11-12 19:00:00,47,3051.858114683491,7
3,2025-11-12 20:00:00,47,3067.0163128529216,7
4,2025-11-12 21:00:00,47,3034.9322667964743,7
5,2025-11-12 22:00:00,47,2545.914580480304,9
6,2025-11-12 23:00:00,47,2547.608351199206,9
7,2025-11-13 00:00:00,47,2555.223305412849,9
8,2025-11-13 01:00:00,47,2526.259873003902,9
9,2025-11-13 02:00:00,47,2523.932317071928,9
10,2025-11-13 03:00:00,47,2525.5636997163647,9
11,2025-11-13 04:00:00,47,2554.3993378287464,9
12,2025-11-13 05:00:00,47,3035.571367041248,7
13,2025-11-13 06:00:00,47,3060.497694784878,7
14,2025-11-13 07:00:00,47,3059.6250128402294,7
15,2025-11-13 08:00:00,47,3054.775609295625,7
16,2025-11-13 09:00:00,47,3045.6891156988645,7
17,2025-11-13 10:00:00,47,3037.64772763203,7
18,2025-11-13 11:00:00,47,3034.9748541362023,7
19,2025-11-13 12:00:00,47,3033.918870892386,7
20,2025-11-13 13:00:00,47,3034.1203088439524,7
21,2025-11-13 14:00:00,47,3032.555476618851,7
22,2025-11-13 15:00:00,47,3026.856191185935,7
23,2025-11-13 16:00:00,47,3032.099578829871,7
24,2025-11-13 17:00:00,47,3030.396287315657,7
25,2025-11-13 18:00:00,47,3028.836778390376,7
26,2025-11-13 19:00:00,47,3035.501398621057,7
27,2025-11-13 20:00:00,47,3045.9065947241907,7
28,2025-11-13 21:00:00,47,3054.658554852275,7
29,2025-11-13 22:00:00,47,3065.537598557323,7
30,2025-11-13 23:00:00,47,3069.5464232844733,7
31,2025-11-14 00:00:00,47,3069.675769217084,7
32,2025-11-14 01:00:00,47,3034.291708613061,7
33,2025-11-14 02:00:00,47,3035.425182112417,7
34,2025-11-14 03:00:00,47,3033.723194005873,7
35,2025-11-14 04:00:00,47,3060.7039800422926,7
36,2025-11-14 05:00:00,47,3035.426236882213,7
37,2025-11-14 06:00:00,47,3012.9555306294387,7
38,2025-11-14 07:00:00,47,3009.3617458981957,7
39,2025-11-14 08:00:00,47,3010.755424758985,7
40,2025-11-14 09:00:00,47,3017.013750873921,7
41,2025-11-14 10:00:00,47,3025.2775349110843,7
42,2025-11-14 11:00:00,47,3028.6316299355717,7
43,2025-11-14 12:00:00,47,3033.364190572809,7
44,2025-11-14 13:00:00,47,3028.6316299355717,7
45,2025-11-14 14:00:00,47,3025.0698627378324,7
46,2025-11-14 15:00:00,47,3019.2738359242985,7
47,2025-11-14 16:00:00,47,3015.783372543027,7
48,2025-11-14 17:00:00,47,3020.3314223450875,7
49,2025-11-14 18:00:00,47,3026.752934312129,7
50,2025-11-14 19:00:00,47,3037.1251009276148,7
51,2025-11-14 20:00:00,47,3041.4514834510524,7
52,2025-11-14 21:00:00,47,3047.544397046976,7
53,2025-11-14 22:00:00,47,3052.802564913104,7
54,2025-11-14 23:00:00,47,3064.3397651263845,7
55,2025-11-15 00:00:00,47,3068.0905695914366,7
56,2025-11-15 01:00:00,47,3069.1318103165227,7
57,2025-11-15 02:00:00,47,3034.182471143659,7
58,2025-11-15 03:00:00,47,3066.014340639525,7
59,2025-11-15 04:00:00,47,3061.837136917429,7
60,2025-11-15 05:00:00,47,3054.775609295625,7
61,2025-11-15 06:00:00,47,3043.651238578252,7
62,2025-11-15 07:00:00,47,3037.2247222112856,7
63,2025-11-15 08:00:00,47,3038.467080639627,7
64,2025-11-15 09:00:00,47,3041.255126179641,7
65,2025-11-15 10:00:00,47,3047.352205446315,7
66,2025-11-15 11:00:00,47,3049.1966470314,7
67,2025-11-15 12:00:00,47,3048.790467503498,7
68,2025-11-15 13:00:00,47,3049.7214243753288,7
69,2025-11-15 14:00:00,47,3038.5910211374235,7
70,2025-11-15 15:00:00,47,3025.095829842401,7
71,2025-11-15 16:00:00,47,3022.828012283305,7
72,2025-11-15 17:00:00,47,3027.577965811949,7
73,2025-11-15 18:00:00,47,3037.100190208583,7
74,2025-11-15 19:00:00,47,3046.244564248623,7
75,2025-11-15 20:00:00,47,3056.641835390219,7
76,2025-11-15 21:00:00,47,3066.3314100736434,7
77,2025-11-15 22:00:00,47,3036.12097715165,7
78,2025-11-15 23:00:00,47,3035.640201803123,7
79,2025-11-16 00:00:00,47,3034.94655895563,7
80,2025-11-16 01:00:00,47,3035.138421064589,7
81,2025-11-16 02:00:00,47,3035.321272767181,7
82,2025-11-16 03:00:00,47,3034.240656279631,7
83,2025-11-16 04:00:00,47,3033.7454875612084,7
84,2025-11-16 05:00:00,47,3035.1030430591445,7
85,2025-11-16 06:00:00,47,3034.0731897683204,7
86,2025-11-16 07:00:00,47,3058.264588895466,7
87,2025-11-16 08:00:00,47,3053.508820988411,7
88,2025-11-16 09:00:00,47,3051.692508703948,7
89,2025-11-16 10:00:00,47,3048.886091767272,7
90,2025-11-16 11:00:00,47,3048.359757060205,7
91,2025-11-16 12:00:00,47,3046.437508919678,7
92,2025-11-16 13:00:00,47,3040.8374182598186,7
93,2025-11-16 14:00:00,47,3034.522763283276,7
94,2025-11-16 15:00:00,47,3022.461427721937,7
95,2025-11-16 16:00:00,47,3016.211912989829,7
96,2025-11-16 17:00:00,47,3016.50617361022,7
97,2025-11-16 18:00:00,47,3017.173856901255,7
98,2025-11-16 19:00:00,47,3026.23610025978,7
99,2025-11-16 20:00:00,47,3032.403590527196,7
100,2025-11-16 21:00:00,47,3039.8028097527654,7
101,2025-11-16 22:00:00,47,3043.943259946537,7
102,2025-11-16 23:00:00,47,3049.1727702972994,7
103,2025-11-17 00:00:00,47,3054.658554852275,7
104,2025-11-17 01:00:00,47,3055.0563400395104,7
105,2025-11-17 02:00:00,47,3056.036680510322,7
106,2025-11-17 03:00:00,47,3054.2836508947594,7
107,2025-11-17 04:00:00,47,3042.993093014532,7
108,2025-11-17 05:00:00,47,3015.8369741701467,7
109,2025-11-17 06:00:00,47,2996.0869135624466,7
110,2025-11-17 07:00:00,47,2991.556967010384,7
111,2025-11-17 08:00:00,47,2990.771011609498,7
112,2025-11-17 09:00:00,47,2997.2016741673,7
113,2025-11-17 10:00:00,47,3001.310302770692,7
114,2025-11-17 11:00:00,47,3005.1410450010844,7
115,2025-11-17 12:00:00,47,3003.7207417767686,7
116,2025-11-17 13:00:00,47,2998.7667625347035,7
117,2025-11-17 14:00:00,47,2990.6252390136096,7
118,2025-11-17 15:00:00,47,3013.530652803297,7
119,2025-11-17 16:00:00,47,3006.6870054205283,8
120,2025-11-17 17:00:00,47,3011.9289283412245,8
121,2025-11-17 18:00:00,47,3014.140014751831,7
122,2025-11-17 19:00:00,47,2987.22337918194,7
123,2025-11-17 20:00:00,47,2993.238409585433,7
124,2025-11-17 21:00:00,47,3006.4716446969287,7
125,2025-11-17 22:00:00,47,3015.5420446003363,7
126,2025-11-17 23:00:00,47,3033.061188015497,7
127,2025-11-18 00:00:00,47,3037.1749158873417,7
128,2025-11-18 01:00:00,47,3038.467080639627,7
129,2025-11-18 02:00:00,47,3040.2220308002543,7
130,2025-11-18 03:00:00,47,3043.870282699943,7
131,2025-11-18 04:00:00,47,3033.263225030563,7
132,2025-11-18 05:00:00,47,3005.057684820683,7
133,2025-11-18 06:00:00,47,3009.466373911915,8
134,2025-11-18 07:00:00,47,3005.973328563545,8
135,2025-11-18 08:00:00,47,3006.419570872596,8
136,2025-11-18 09:00:00,47,2986.603404857401,7
137,2025-11-18 10:00:00,47,2990.85844132512,7
138,2025-11-18 11:00:00,47,2996.6876839012957,7
139,2025-11-18 12:00:00,47,2995.5423213524327,7
140,2025-11-18 13:00:00,47,2989.8368462071585,7
141,2025-11-18 14:00:00,47,3012.454052495968,8
142,2025-11-18 15:00:00,47,3001.4144928100327,8
143,2025-11-18 16:00:00,47,2991.871311827341,8
144,2025-11-18 17:00:00,47,2995.3113548423544,8
145,2025-11-18 18:00:00,47,3002.4702267797843,8
146,2025-11-18 19:00:00,47,3007.9023795526077,8
147,2025-11-18 20:00:00,47,2986.366889051562,7
148,2025-11-18 21:00:00,47,3002.798105107332,7
149,2025-11-18 22:00:00,47,3011.952571769297,7
150,2025-11-18 23:00:00,47,3025.1996751632523,7
151,2025-11-19 00:00:00,47,3028.1438212078588,7
152,2025-11-19 01:00:00,47,3028.477673495327,7
153,2025-11-19 02:00:00,47,3026.9078058980986,7
154,2025-11-19 03:00:00,47,3028.3493141375448,7
155,2025-11-19 04:00:00,47,3019.5385897921187,7
156,2025-11-19 05:00:00,47,2991.818496993898,7
157,2025-11-19 06:00:00,47,2997.0017906202515,8
158,2025-11-19 07:00:00,47,2994.601691933875,8
159,2025-11-19 08:00:00,47,2994.9721542669586,8
160,2025-11-19 09:00:00,47,3000.112474329077,8
161,2025-11-19 10:00:00,47,3002.4702267797843,8
162,2025-11-19 11:00:00,47,3002.8313608497933,8
163,2025-11-19 12:00:00,47,3005.794649996562,8
164,2025-11-19 13:00:00,47,3006.865165832528,8
165,2025-11-19 14:00:00,47,3002.259369403499,8
166,2025-11-19 15:00:00,47,2996.326726689218,8
167,2025-11-19 16:00:00,47,2990.246499101655,8
0,2025-11-12 17:00:00,48,2513.403213675999,14
1,2025-11-12 18:00:00,48,2522.640062674533,14
2,2025-11-12 19:00:00,48,2531.562248222317,14
3,2025-11-12 20:00:00,48,2547.1212886286626,14
4,2025-11-12 21:00:00,48,2523.9186955471423,14
5,2025-11-12 22:00:00,48,1754.986900433952,20
6,2025-11-12 23:00:00,48,1756.476200662266,20
7,2025-11-13 00:00:00,48,1763.1793738253275,20
8,2025-11-13 01:00:00,48,1746.206391604425,20
9,2025-11-13 02:00:00,48,1745.1262962903477,20
10,2025-11-13 03:00:00,48,1745.8833126422182,20
11,2025-11-13 04:00:00,48,1762.4533818157556,20
12,2025-11-13 05:00:00,48,2524.7481993830143,14
13,2025-11-13 06:00:00,48,2540.302967947787,14
14,2025-11-13 07:00:00,48,2539.419068552383,14
15,2025-11-13 08:00:00,48,2534.5114596857,14
16,2025-11-13 09:00:00,48,2525.334076301587,14
17,2025-11-13 10:00:00,48,2517.230996978124,14
18,2025-11-13 11:00:00,48,2514.541335874288,14
19,2025-11-13 12:00:00,48,2513.4792175490466,14
20,2025-11-13 13:00:00,48,2513.681804259249,14
21,2025-11-13 14:00:00,48,2512.1083138634167,14
22,2025-11-13 15:00:00,48,2506.3825683440245,14
23,2025-11-13 16:00:00,48,2511.650007872828,14
24,2025-11-13 17:00:00,48,2509.938171289336,14
25,2025-11-13 18:00:00,48,2508.3714590592804,14
26,2025-11-13 19:00:00,48,2515.0710441990477,14
27,2025-11-13 20:00:00,48,2525.553463026596,14
28,2025-11-13 21:00:00,48,2534.393085547679,14
29,2025-11-13 22:00:00,48,2545.5702444572366,14
30,2025-11-13 23:00:00,48,2549.777015913106,14
31,2025-11-14 00:00:00,48,2549.912848612091,14
32,2025-11-14 01:00:00,48,2523.713109949185,14
33,2025-11-14 02:00:00,48,2524.874480708163,14
34,2025-11-14 03:00:00,48,2523.1307624205047,14
35,2025-11-14 04:00:00,48,2540.5119384041086,14
36,2025-11-14 05:00:00,48,2514.995426558935,14
37,2025-11-14 06:00:00,48,2492.4492056336626,15
38,2025-11-14 07:00:00,48,2488.853940340075,15
39,2025-11-14 08:00:00,48,2490.2478652386458,15
40,2025-11-14 09:00:00,48,2496.5124671134404,15
41,2025-11-14 10:00:00,48,2504.7979627398454,14
42,2025-11-14 11:00:00,48,2508.165406824741,14
43,2025-11-14 12:00:00,48,2512.921426340682,14
44,2025-11-14 13:00:00,48,2508.165406824741,14
45,2025-11-14 14:00:00,48,2504.5895517323947,14
46,2025-11-14 15:00:00,48,2498.7769433698977,15
47,2025-11-14 16:00:00,48,2495.2801774931286,15
48,2025-11-14 17:00:00,48,2499.836980160159,14
49,2025-11-14 18:00:00,48,2506.2789042801546,14
50,2025-11-14 19:00:00,48,2516.7049448153234,14
51,2025-11-14 20:00:00,48,2521.0618095272,14
52,2025-11-14 21:00:00,48,2527.206046325882,14
53,2025-11-14 22:00:00,48,2532.5166989180966,14
54,2025-11-14 23:00:00,48,2544.314387022654,14
55,2025-11-15 00:00:00,48,2548.2485891160577,14
56,2025-11-15 01:00:00,48,2549.341653080647,14
57,2025-11-15 02:00:00,48,2523.601206304419,14
58,2025-11-15 03:00:00,48,2546.070220494602,14
59,2025-11-15 04:00:00,48,2541.692111167605,14
60,2025-11-15 05:00:00,48,2534.5114596857,14
61,2025-11-15 06:00:00,48,2523.278944146566,14
62,2025-11-15 07:00:00,48,2516.8052136582683,14
63,2025-11-15 08:00:00,48,2518.055861320957,14
64,2025-11-15 09:00:00,48,2520.8639631462443,14
65,2025-11-15 10:00:00,48,2527.012082178724,14
66,2025-11-15 11:00:00,48,2528.873955250787,14
67,2025-11-15 12:00:00,48,2528.463856131953,14
68,2025-11-15 13:00:00,48,2529.4038646514296,14
69,2025-11-15 14:00:00,48,2518.180650545866,14
70,2025-11-15 15:00:00,48,2504.6156106651256,14
71,2025-11-15 16:00:00,48,2502.340367947888,14
72,2025-11-15 17:00:00,48,2507.107260210601,14
73,2025-11-15 18:00:00,48,2516.6798725676445,14
74,2025-11-15 19:00:00,48,2525.894422699242,14
75,2025-11-15 20:00:00,48,2536.3992648026256,14
76,2025-11-15 21:00:00,48,2546.4027870586924,14
77,2025-11-15 22:00:00,48,2525.46694569758,14
78,2025-11-15 23:00:00,48,2524.837932621656,14
79,2025-11-16 00:00:00,48,2523.9371768212345,14
80,2025-11-16 01:00:00,48,2524.1855724928,14
81,2025-11-16 02:00:00,48,2524.422829691352,14
82,2025-11-16 03:00:00,48,2523.027871674773,14
83,2025-11-16 04:00:00,48,2522.394034835308,14
84,2025-11-16 05:00:00,48,2524.1397280446545,14
85,2025-11-16 06:00:00,48,2523.489261608987,14
86,2025-11-16 07:00:00,48,2538.041613676213,14
87,2025-11-16 08:00:00,48,2533.2305997650224,14
88,2025-11-16 09:00:00,48,2531.3949148293905,14
89,2025-11-16 10:00:00,48,2528.5603990344416,14
90,2025-11-16 11:00:00,48,2528.0290393905893,14
91,2025-11-16 12:00:00,48,2526.089088377945,14
92,2025-11-16 13:00:00,48,2520.443121172282,14
93,2025-11-16 14:00:00,48,2514.0865842225617,14
94,2025-11-16 15:00:00,48,2501.972695416063,14
95,2025-11-16 16:00:00,48,2495.709345555128,15
96,2025-11-16 17:00:00,48,2496.0040606803163,15
97,2025-11-16 18:00:00,48,2496.672846580234,15
98,2025-11-16 19:00:00,48,2505.76007017602,14
99,2025-11-16 20:00:00,48,2511.955619754904,14
100,2025-11-16 21:00:00,48,2519.400946706789,14
101,2025-11-16 22:00:00,48,2523.573369546494,14
102,2025-11-16 23:00:00,48,2528.849846839622,14
103,2025-11-17 00:00:00,48,2534.393085547679,14
104,2025-11-17 01:00:00,48,2534.795371636409,14
105,2025-11-17 02:00:00,48,2535.7870010905094,14
106,2025-11-17 03:00:00,48,2534.0139815445687,14
107,2025-11-17 04:00:00,48,2522.615464034508,14
108,2025-11-17 05:00:00,48,2495.3338554002885,15
109,2025-11-17 06:00:00,48,2475.596855435655,15
110,2025-11-17 07:00:00,48,2471.08095011226,15
111,2025-11-17 08:00:00,48,2470.297828324404,15
112,2025-11-17 09:00:00,48,2476.7087674752934,15
113,2025-11-17 10:00:00,48,2480.8090102777987,15
114,2025-11-17 11:00:00,48,2484.634987267355,15
115,2025-11-17 12:00:00,48,2483.216102270386,15
116,2025-11-17 13:00:00,48,2478.2702672573264,15
117,2025-11-17 14:00:00,48,2470.1525940545785,15
118,2025-11-17 15:00:00,48,2492.6486757331068,15
119,2025-11-17 16:00:00,48,2485.854988291432,15
120,2025-11-17 17:00:00,48,2491.0578780266387,15
121,2025-11-17 18:00:00,48,2493.2540055229824,15
122,2025-11-17 19:00:00,48,2466.76442144107,15
123,2025-11-17 20:00:00,48,2472.7567228241564,15
124,2025-11-17 21:00:00,48,2485.964635153613,15
125,2025-11-17 22:00:00,48,2495.038513975277,15
126,2025-11-17 23:00:00,48,2512.616756764261,14
127,2025-11-18 00:00:00,48,2516.7550832657794,14
128,2025-11-18 01:00:00,48,2518.055861320957,14
129,2025-11-18 02:00:00,48,2519.8231997755665,14
130,2025-11-18 03:00:00,48,2523.4997893829163,14
131,2025-11-18 04:00:00,48,2512.819902784162,14
132,2025-11-18 05:00:00,48,2484.5516988865347,15
133,2025-11-18 06:00:00,48,2488.613041266053,15
134,2025-11-18 07:00:00,48,2485.14700763208,15
135,2025-11-18 08:00:00,48,2485.589677663655,15
136,2025-11-18 09:00:00,48,2466.147171836479,15
137,2025-11-18 10:00:00,48,2470.384937083604,15
138,2025-11-18 11:00:00,48,2476.196060513114,15
139,2025-11-18 12:00:00,48,2475.0537427133872,15
140,2025-11-18 13:00:00,48,2469.367181714856,15
141,2025-11-18 14:00:00,48,2491.579367655268,15
142,2025-11-18 15:00:00,48,2480.626672282731,15
143,2025-11-18 16:00:00,48,2471.175575857683,15
144,2025-11-18 17:00:00,48,2474.580670592297,15
145,2025-11-18 18:00:00,48,2481.673167813965,15
146,2025-11-18 19:00:00,48,2487.060870877287,15
147,2025-11-18 20:00:00,48,2465.911714033652,15
148,2025-11-18 21:00:00,48,2482.294607678201,15
149,2025-11-18 22:00:00,48,2491.4455547717944,15
150,2025-11-18 23:00:00,48,2504.7198248019404,14
151,2025-11-19 00:00:00,48,2507.67548974066,14
152,2025-11-19 01:00:00,48,2508.0107787893367,14
153,2025-11-19 02:00:00,48,2506.434387548014,14
154,2025-11-19 03:00:00,48,2507.8818638566154,14
155,2025-11-19 04:00:00,48,2499.04228686144,15
156,2025-11-19 05:00:00,48,2471.3415630224417,15
157,2025-11-19 06:00:00,48,2476.2546511226037,15
158,2025-11-19 07:00:00,48,2473.8780576141435,15
159,2025-11-19 08:00:00,48,2474.2448292796003,15
160,2025-11-19 09:00:00,48,2479.3363119719734,15
161,2025-11-19 10:00:00,48,2481.673167813965,15
162,2025-11-19 11:00:00,48,2482.031186038293,15
163,2025-11-19 12:00:00,48,2484.9697693331914,15
164,2025-11-19 13:00:00,48,2486.031740849753,15
165,2025-11-19 14:00:00,48,2481.4641401731305,15
166,2025-11-19 15:00:00,48,2475.5861012032005,15
167,2025-11-19 16:00:00,48,2469.567942505262,15
0,2025-11-12 17:00:00,50,1284.332235315212,27
1,2025-11-12 18:00:00,50,1283.8738838547956,27
2,2025-11-12 19:00:00,50,1283.4255889729957,27
3,2025-11-12 20:00:00,50,1282.7133622466472,27
4,2025-11-12 21:00:00,50,1174.2331644289063,27
5,2025-11-12 22:00:00,50,1168.672715919463,27
6,2025-11-12 23:00:00,50,1168.4756170606847,27
7,2025-11-13 00:00:00,50,1167.5947949360911,27
8,2025-11-13 01:00:00,50,666.3196129152692,36
9,2025-11-13 02:00:00,50,666.7122878677704,36
10,2025-11-13 03:00:00,50,666.4371307306399,36
11,2025-11-13 04:00:00,50,1167.690190049697,27
12,2025-11-13 05:00:00,50,1174.4076043448065,27
13,2025-11-13 06:00:00,50,1282.9810255107195,27
14,2025-11-13 07:00:00,50,1283.0262266910895,27
15,2025-11-13 08:00:00,50,1283.2761891172404,27
16,2025-11-13 09:00:00,50,1283.7391029898165,27
17,2025-11-13 10:00:00,50,1284.1429969696271,27
18,2025-11-13 11:00:00,50,1284.2760723317,27
19,2025-11-13 12:00:00,50,1284.3284874742862,27
20,2025-11-13 13:00:00,50,1284.3184957784138,27
21,2025-11-13 14:00:00,50,1284.3960284779364,27
22,2025-11-13 15:00:00,50,1284.6767563388166,27
23,2025-11-13 16:00:00,50,1284.4185798197518,27
24,2025-11-13 17:00:00,50,1284.5026872742242,27
25,2025-11-13 18:00:00,50,1284.579491951008,27
26,2025-11-13 19:00:00,50,1284.2499029155342,27
27,2025-11-13 20:00:00,50,1283.728105122035,27
28,2025-11-13 21:00:00,50,1283.2821973977807,27
29,2025-11-13 22:00:00,50,1282.7736240574186,27
30,2025-11-13 23:00:00,50,1282.6093495567925,27
31,2025-11-14 00:00:00,50,1282.6040006525388,27
32,2025-11-14 01:00:00,50,1174.8891957468506,27
33,2025-11-14 02:00:00,50,1174.7860391848908,27
34,2025-11-14 03:00:00,50,1174.9408809175316,27
35,2025-11-14 04:00:00,50,1282.9703309940558,27
36,2025-11-14 05:00:00,50,1284.2536398493917,27
37,2025-11-14 06:00:00,50,1285.350793533325,27
38,2025-11-14 07:00:00,50,1285.52264741839,27
39,2025-11-14 08:00:00,50,1285.456117734196,27
40,2025-11-14 09:00:00,50,1285.155552234858,27
41,2025-11-14 10:00:00,50,1284.7540606376788,27
42,2025-11-14 11:00:00,50,1284.5895809789463,27
43,2025-11-14 12:00:00,50,1284.3559837498856,27
44,2025-11-14 13:00:00,50,1284.5895809789463,27
45,2025-11-14 14:00:00,50,1284.7642154312225,27
46,2025-11-14 15:00:00,50,1285.0462726713902,27
47,2025-11-14 16:00:00,50,1285.2148786101773,27
48,2025-11-14 17:00:00,50,1284.9950010385614,27
49,2025-11-14 18:00:00,50,1284.6818186635755,27
50,2025-11-14 19:00:00,50,1284.1690628561769,27
51,2025-11-14 20:00:00,50,1283.9526120195233,27
52,2025-11-14 21:00:00,50,1283.6451542446066,27
53,2025-11-14 22:00:00,50,1283.3773054241797,27
54,2025-11-14 23:00:00,50,1282.8221631943672,27
55,2025-11-15 00:00:00,50,1282.6693413049422,27
56,2025-11-15 01:00:00,50,1282.6264742952048,27
57,2025-11-15 02:00:00,50,1174.899129659017,27
58,2025-11-15 03:00:00,50,1282.7542370281185,27
59,2025-11-15 04:00:00,50,1282.92280445867,27
60,2025-11-15 05:00:00,50,1283.2761891172404,27
61,2025-11-15 06:00:00,50,1283.8419658993994,27
62,2025-11-15 07:00:00,50,1284.1640959843985,27
63,2025-11-15 08:00:00,50,1284.1020870712327,27
64,2025-11-15 09:00:00,50,1283.9624691807594,27
65,2025-11-15 10:00:00,50,1283.6548999881995,27
66,2025-11-15 11:00:00,50,1283.5612424934372,27
67,2025-11-15 12:00:00,50,1283.581892275473,27
68,2025-11-15 13:00:00,50,1283.5345425969988,27
69,2025-11-15 14:00:00,50,1284.0958940053797,27
70,2025-11-15 15:00:00,50,1284.762945871964,27
71,2025-11-15 16:00:00,50,1284.873622823058,27
72,2025-11-15 17:00:00,50,1284.6413467410125,27
73,2025-11-15 18:00:00,50,1284.17030471695,27
74,2025-11-15 19:00:00,50,1283.711006206235,27
75,2025-11-15 20:00:00,50,1283.1802372956458,27
76,2025-11-15 21:00:00,50,1282.741321388401,27
77,2025-11-15 22:00:00,50,1174.563489867519,27
78,2025-11-15 23:00:00,50,1174.426818062254,27
79,2025-11-16 00:00:00,50,1174.2369904498762,27
80,2025-11-16 01:00:00,50,1174.288676096034,27
81,2025-11-16 02:00:00,50,1174.3385080136711,27
82,2025-11-16 03:00:00,50,1174.0518316615835,27
83,2025-11-16 04:00:00,50,1173.92631630092,27
84,2025-11-16 05:00:00,50,1174.2790998498167,27
85,2025-11-16 06:00:00,50,1174.909066209779,27
86,2025-11-16 07:00:00,50,1283.096557118137,27
87,2025-11-16 08:00:00,50,1283.3411491353577,27
88,2025-11-16 09:00:00,50,1283.4340474468056,27
89,2025-11-16 10:00:00,50,1283.577032086464,27
90,2025-11-16 11:00:00,50,1283.6037739271533,27
91,2025-11-16 12:00:00,50,1283.7012402452472,27
92,2025-11-16 13:00:00,50,1283.9834275925673,27
93,2025-11-16 14:00:00,50,1284.2985234888256,27
94,2025-11-16 15:00:00,50,1284.8914756397924,27
95,2025-11-16 16:00:00,50,1285.1942284013946,27
96,2025-11-16 17:00:00,50,1285.1800406384511,27
97,2025-11-16 18:00:00,50,1285.1478237148615,27
98,2025-11-16 19:00:00,50,1284.7071446043783,27
99,2025-11-16 20:00:00,50,1284.4035434945415,27
100,2025-11-16 21:00:00,50,1284.0352769939525,27
101,2025-11-16 22:00:00,50,1283.8272472301985,27
102,2025-11-16 23:00:00,50,1283.562456750736,27
103,2025-11-17 00:00:00,50,1283.2821973977807,27
104,2025-11-17 01:00:00,50,1283.2617746751612,27
105,2025-11-17 02:00:00,50,1283.2113844019996,27
106,2025-11-17 03:00:00,50,1283.301432850059,27
107,2025-11-17 04:00:00,50,1283.8751122210867,27
108,2025-11-17 05:00:00,50,1285.2122964606724,27
109,2025-11-17 06:00:00,50,1286.149103286137,27
110,2025-11-17 07:00:00,50,1286.359924963273,27
111,2025-11-17 08:00:00,50,1286.39635230723,27
112,2025-11-17 09:00:00,50,1286.096994768693,27
113,2025-11-17 10:00:00,50,1285.904156614756,27
114,2025-11-17 11:00:00,50,1285.7232419208156,27
115,2025-11-17 12:00:00,50,1285.7904453212134,27
116,2025-11-17 13:00:00,50,1286.023683189343,27
117,2025-11-17 14:00:00,50,1286.403103676547,27
118,2025-11-17 15:00:00,50,1286.643119504458,27
119,2025-11-17 16:00:00,50,1286.956564622271,27
120,2025-11-17 17:00:00,50,1286.7167788207184,27
121,2025-11-17 18:00:00,50,1286.615048234565,27
122,2025-11-17 19:00:00,50,1286.5602267968234,27
123,2025-11-17 20:00:00,50,1286.281844432058,27
124,2025-11-17 21:00:00,50,1285.6601469502136,27
125,2025-11-17 22:00:00,50,1285.2265013740046,27
126,2025-11-17 23:00:00,50,1284.3709935501165,27
127,2025-11-18 00:00:00,50,1284.1665793060392,27
128,2025-11-18 01:00:00,50,1284.1020870712327,27
129,2025-11-18 02:00:00,50,1284.0142783442473,27
130,2025-11-18 03:00:00,50,1283.8309261466873,27
131,2025-11-18 04:00:00,50,1284.360986087822,27
132,2025-11-18 05:00:00,50,1285.727190346641,27
133,2025-11-18 06:00:00,50,1286.829668517376,27
134,2025-11-18 07:00:00,50,1286.9890604682564,27
135,2025-11-18 08:00:00,50,1286.9687459273543,27
136,2025-11-18 09:00:00,50,1286.5887728453213,27
137,2025-11-18 10:00:00,50,1286.3923023212442,27
138,2025-11-18 11:00:00,50,1286.1210320346954,27
139,2025-11-18 12:00:00,50,1286.1745269218602,27
140,2025-11-18 13:00:00,50,1286.4395911985644,27
141,2025-11-18 14:00:00,50,1286.6926498824362,27
142,2025-11-18 15:00:00,50,1287.1957932320984,27
143,2025-11-18 16:00:00,50,1287.6238732199574,27
144,2025-11-18 17:00:00,50,1287.4702877524908,27
145,2025-11-18 18:00:00,50,1287.148047696857,27
146,2025-11-18 19:00:00,50,1286.901142226047,27
147,2025-11-18 20:00:00,50,1286.5996557555386,27
148,2025-11-18 21:00:00,50,1285.8340209433825,27
149,2025-11-18 22:00:00,50,1285.3988529198637,27
150,2025-11-18 23:00:00,50,1284.757868235179,27
151,2025-11-19 00:00:00,50,1284.6135576002907,27
152,2025-11-19 01:00:00,50,1284.5971502343723,27
153,2025-11-19 02:00:00,50,1284.6742255340273,27
154,2025-11-19 03:00:00,50,1284.603459575054,27
155,2025-11-19 04:00:00,50,1285.0334455532288,27
156,2025-11-19 05:00:00,50,1286.3477937641103,27
157,2025-11-19 06:00:00,50,1287.394517269094,27
158,2025-11-19 07:00:00,50,1287.5020382500668,27
159,2025-11-19 08:00:00,50,1287.4854680008934,27
160,2025-11-19 09:00:00,50,1287.25456985126,27
161,2025-11-19 10:00:00,50,1287.148047696857,27
162,2025-11-19 11:00:00,50,1287.131697530927,27
163,2025-11-19 12:00:00,50,1286.9971906183462,27
164,2025-11-19 13:00:00,50,1286.948446839588,27
165,2025-11-19 14:00:00,50,1287.1575899408772,27
166,2025-11-19 15:00:00,50,1287.424799364226,27
167,2025-11-19 16:00:00,50,1287.6961330901445,27
0,2025-11-12 17:00:00,53,3026.2847659789163,8
1,2025-11-12 18:00:00,53,3035.898960242733,8
2,2025-11-12 19:00:00,53,3045.16845807265,8
3,2025-11-12 20:00:00,53,3060.998582215194,8
4,2025-11-12 21:00:00,53,3030.5100799675424,8
5,2025-11-12 22:00:00,53,2580.695077347691,8
6,2025-11-12 23:00:00,53,2582.5436061452046,8
7,2025-11-13 00:00:00,53,2590.848748925513,8
8,2025-11-13 01:00:00,53,2562.3601159380246,7
9,2025-11-13 02:00:00,53,2559.7701810536205,7
10,2025-11-13 03:00:00,53,2561.585325446854,7
11,2025-11-13 04:00:00,53,2589.950268362637,8
12,2025-11-13 05:00:00,53,3031.0207372543955,8
13,2025-11-13 06:00:00,53,3054.23214812302,8
14,2025-11-13 07:00:00,53,3053.3163927567048,8
15,2025-11-13 08:00:00,53,3048.2286011227893,8
16,2025-11-13 09:00:00,53,3038.699664640455,8
17,2025-11-13 10:00:00,53,3030.2710559969755,8
18,2025-11-13 11:00:00,53,3027.4703277391545,8
19,2025-11-13 12:00:00,53,3026.3639459961664,8
20,2025-11-13 13:00:00,53,3026.574992978682,8
21,2025-11-13 14:00:00,53,3024.9355754057806,8
22,2025-11-13 15:00:00,53,3018.965795459086,8
23,2025-11-13 16:00:00,53,3024.457973969123,8
24,2025-11-13 17:00:00,53,3022.673697757109,8
25,2025-11-13 18:00:00,53,3021.040181313812,8
26,2025-11-13 19:00:00,53,3028.022026309284,8
27,2025-11-13 20:00:00,53,3038.927671168576,8
28,2025-11-13 21:00:00,53,3048.105812409961,8
29,2025-11-13 22:00:00,53,3059.46487925511,8
30,2025-11-13 23:00:00,53,3063.6225739413453,8
31,2025-11-14 00:00:00,53,3063.756712274232,8
32,2025-11-14 01:00:00,53,3029.4216791502067,8
33,2025-11-14 02:00:00,53,3030.6133800565717,8
34,2025-11-14 03:00:00,53,3028.823993882639,8
35,2025-11-14 04:00:00,53,3054.448622992136,8
36,2025-11-14 05:00:00,53,3027.9432729663645,8
37,2025-11-14 06:00:00,53,3004.412565872776,8
38,2025-11-14 07:00:00,53,3000.6516251102967,8
39,2025-11-14 08:00:00,53,3002.11005491542,8
40,2025-11-14 09:00:00,53,3008.660291875733,8
41,2025-11-14 10:00:00,53,3017.3125268761773,8
42,2025-11-14 11:00:00,53,3020.8253073350606,8
43,2025-11-14 12:00:00,53,3025.7828181454643,8
44,2025-11-14 13:00:00,53,3020.8253073350606,8
45,2025-11-14 14:00:00,53,3017.0950493442983,8
46,2025-11-14 15:00:00,53,3011.026268656513,8
47,2025-11-14 16:00:00,53,3007.3723736359666,8
48,2025-11-14 17:00:00,53,3012.1334946422808,8
49,2025-11-14 18:00:00,53,3018.857654258585,8
50,2025-11-14 19:00:00,53,3029.723397155095,8
51,2025-11-14 20:00:00,53,3034.25748697292,8
52,2025-11-14 21:00:00,53,3040.644850386816,8
53,2025-11-14 22:00:00,53,3046.1590242402726,8
54,2025-11-14 23:00:00,53,3058.2224383239063,8
55,2025-11-15 00:00:00,53,3062.1127318396834,8
56,2025-11-15 01:00:00,53,3063.192594474691,8
57,2025-11-15 02:00:00,53,3029.306834896433,8
58,2025-11-15 03:00:00,53,3059.9593594224293,8
59,2025-11-15 04:00:00,53,3055.6264300953853,8
60,2025-11-15 05:00:00,53,3048.2286011227893,8
61,2025-11-15 06:00:00,53,3036.563283456096,8
62,2025-11-15 07:00:00,53,3029.827788743685,8
63,2025-11-15 08:00:00,53,3031.1296856849262,8
64,2025-11-15 09:00:00,53,3034.051678434204,8
65,2025-11-15 10:00:00,53,3040.443335323125,8
66,2025-11-15 11:00:00,53,3042.37735058506,8
67,2025-11-15 12:00:00,53,3041.9514265656057,8
68,2025-11-15 13:00:00,53,3042.927653266618,8
69,2025-11-15 14:00:00,53,3031.259570869742,8
70,2025-11-15 15:00:00,53,3017.1222423751647,8
71,2025-11-15 16:00:00,53,3014.7474934465217,8
72,2025-11-15 17:00:00,53,3019.7217280011478,8
73,2025-11-15 18:00:00,53,3029.697293692052,8
74,2025-11-15 19:00:00,53,3039.282006676313,8
75,2025-11-15 20:00:00,53,3050.186375768224,8
76,2025-11-15 21:00:00,53,3060.288220989416,8
77,2025-11-15 22:00:00,53,3031.4556085579243,8
78,2025-11-15 23:00:00,53,3031.075427760781,8
79,2025-11-16 00:00:00,53,3030.5215544018424,8
80,2025-11-16 01:00:00,53,3030.6753544377634,8
81,2025-11-16 02:00:00,53,3030.821513553484,8
82,2025-11-16 03:00:00,53,3029.952044944882,8
83,2025-11-16 04:00:00,53,3029.5493714370605,8
84,2025-11-16 05:00:00,53,3030.6470281697266,8
85,2025-11-16 06:00:00,53,3029.191945329354,8
86,2025-11-16 07:00:00,53,3051.8889284973293,8
87,2025-11-16 08:00:00,53,3046.899804379794,8
88,2025-11-16 09:00:00,53,3044.994771907649,8
89,2025-11-16 10:00:00,53,3042.0516981927594,8
90,2025-11-16 11:00:00,53,3041.4997907725688,8
91,2025-11-16 12:00:00,53,3039.4842978098386,8
92,2025-11-16 13:00:00,53,3033.613872724404,8
93,2025-11-16 14:00:00,53,3026.9966523122266,8
94,2025-11-16 15:00:00,53,3014.3636490855724,8
95,2025-11-16 16:00:00,53,3007.82094672762,8
96,2025-11-16 17:00:00,53,3008.128968166957,8
97,2025-11-16 18:00:00,53,3008.8278909410565,8
98,2025-11-16 19:00:00,53,3018.31638117426,8
99,2025-11-16 20:00:00,53,3024.776457267216,8
100,2025-11-16 21:00:00,53,3032.5295297931534,8
101,2025-11-16 22:00:00,53,3036.869404323604,8
102,2025-11-16 23:00:00,53,3042.352312902449,8
103,2025-11-17 00:00:00,53,3048.105812409961,8
104,2025-11-17 01:00:00,53,3048.523088097412,8
105,2025-11-17 02:00:00,53,3049.551508715977,8
106,2025-11-17 03:00:00,53,3047.7125488627603,8
107,2025-11-17 04:00:00,53,3035.873380294804,8
108,2025-11-17 05:00:00,53,3007.428480441401,8
109,2025-11-17 06:00:00,53,2986.764445217332,8
110,2025-11-17 07:00:00,53,2982.027272922678,8
111,2025-11-17 08:00:00,53,2981.2054487905752,8
112,2025-11-17 09:00:00,53,2987.930332209908,8
113,2025-11-17 10:00:00,53,2992.2278534458856,8
114,2025-11-17 11:00:00,53,2996.2353779192827,8
115,2025-11-17 12:00:00,53,2994.749453901053,8
116,2025-11-17 13:00:00,53,2989.5672893196524,8
117,2025-11-17 14:00:00,53,2981.05302628961,8
118,2025-11-17 15:00:00,53,3004.6442520410137,9
119,2025-11-17 16:00:00,53,2997.494116341284,9
120,2025-11-17 17:00:00,53,3002.970631899318,9
121,2025-11-17 18:00:00,53,3005.2809928218617,9
122,2025-11-17 19:00:00,53,2977.4962193787223,8
123,2025-11-17 20:00:00,53,2983.785535798566,8
124,2025-11-17 21:00:00,53,2997.6275365533465,8
125,2025-11-17 22:00:00,53,3007.119768503319,8
126,2025-11-17 23:00:00,53,3025.465375595528,8
127,2025-11-18 00:00:00,53,3029.775597401474,8
128,2025-11-18 01:00:00,53,3031.1296856849262,8
129,2025-11-18 02:00:00,53,3032.968895378621,8
130,2025-11-18 03:00:00,53,3036.792903065089,8
131,2025-11-18 04:00:00,53,3025.677040377373,8
132,2025-11-18 05:00:00,53,2996.148163829,8
133,2025-11-18 06:00:00,53,3000.3977385240896,9
134,2025-11-18 07:00:00,53,2996.7485813096537,9
135,2025-11-18 08:00:00,53,2997.2147414055257,9
136,2025-11-18 09:00:00,53,2976.8480556725654,8
137,2025-11-18 10:00:00,53,2981.2968673151536,8
138,2025-11-18 11:00:00,53,2987.392762241911,8
139,2025-11-18 12:00:00,53,2986.194895308156,8
140,2025-11-18 13:00:00,53,2980.228683064643,8
141,2025-11-18 14:00:00,53,3003.5193158217808,9
142,2025-11-18 15:00:00,53,2991.986687558771,9
143,2025-11-18 16:00:00,53,2982.020839116367,9
144,2025-11-18 17:00:00,53,2985.612877614632,9
145,2025-11-18 18:00:00,53,2993.089377769667,9
146,2025-11-18 19:00:00,53,2998.7637884316887,9
147,2025-11-18 20:00:00,53,2976.6007897571703,8
148,2025-11-18 21:00:00,53,2993.784237923384,8
149,2025-11-18 22:00:00,53,3003.3628951410824,8
150,2025-11-18 23:00:00,53,3017.2309906683067,8
151,2025-11-19 00:00:00,53,3020.3143821535846,8
152,2025-11-19 01:00:00,53,3020.664053752181,8
153,2025-11-19 02:00:00,53,3019.019851900348,8
154,2025-11-19 03:00:00,53,3020.52961147579,8
155,2025-11-19 04:00:00,53,3011.303443854852,8
156,2025-11-19 05:00:00,53,2982.300743911691,8
157,2025-11-19 06:00:00,53,2987.3781524907567,9
158,2025-11-19 07:00:00,53,2984.8718258519525,9
159,2025-11-19 08:00:00,53,2985.2586718193284,9
160,2025-11-19 09:00:00,53,2990.6268142214417,9
161,2025-11-19 10:00:00,53,2993.089377769667,9
162,2025-11-19 11:00:00,53,2993.466583435602,9
163,2025-11-19 12:00:00,53,2996.5619296155564,9
164,2025-11-19 13:00:00,53,2997.6802327361384,9
165,2025-11-19 14:00:00,53,2992.8691387804283,9
166,2025-11-19 15:00:00,53,2986.6731901948683,9
167,2025-11-19 16:00:00,53,2980.3243737994403,9
0,2025-11-12 17:00:00,54,2642.41783599461,12
1,2025-11-12 18:00:00,54,2650.198838502189,12
2,2025-11-12 19:00:00,54,2657.707183498037,12
3,2025-11-12 20:00:00,54,2670.98458432152,12
4,2025-11-12 21:00:00,54,2622.930534475189,10
5,2025-11-12 22:00:00,54,2170.165053223818,13
6,2025-11-12 23:00:00,54,2171.786029345733,13
7,2025-11-13 00:00:00,54,2179.071136678167,13
8,2025-11-13 01:00:00,54,2147.2121040642824,13
9,2025-11-13 02:00:00,54,2145.872013971134,13
10,2025-11-13 03:00:00,54,2146.811276703815,13
11,2025-11-13 04:00:00,54,2178.2839285081463,13
12,2025-11-13 05:00:00,54,2623.33153645783,10
13,2025-11-13 06:00:00,54,2665.0550800160486,12
14,2025-11-13 07:00:00,54,2664.3123920475623,12
15,2025-11-13 08:00:00,54,2660.1873236498272,12
16,2025-11-13 09:00:00,54,2652.4667589464834,12
17,2025-11-13 10:00:00,54,2645.6432466525043,12
18,2025-11-13 11:00:00,54,2643.3769890828207,12
19,2025-11-13 12:00:00,54,2642.481891839257,12
20,2025-11-13 13:00:00,54,2642.652628863584,12
21,2025-11-13 14:00:00,54,2641.3264207928614,12
22,2025-11-13 15:00:00,54,2636.498715161912,12
23,2025-11-13 16:00:00,54,2640.940099574897,12
24,2025-11-13 17:00:00,54,2639.496976309209,12
25,2025-11-13 18:00:00,54,2638.175977761613,12
26,2025-11-13 19:00:00,54,2643.823362157013,12
27,2025-11-13 20:00:00,54,2652.651416442116,12
28,2025-11-13 21:00:00,54,2660.087793932131,12
29,2025-11-13 22:00:00,54,2669.6366377382,12
30,2025-11-13 23:00:00,54,2673.286653820652,12
31,2025-11-14 00:00:00,54,2673.404191689295,12
32,2025-11-14 01:00:00,54,2622.0421923369863,10
33,2025-11-14 02:00:00,54,2622.9924413750555,10
34,2025-11-14 03:00:00,54,2621.565662188809,10
35,2025-11-14 04:00:00,54,2665.230653217376,12
36,2025-11-14 05:00:00,54,2643.7596424212998,12
37,2025-11-14 06:00:00,54,2624.739553192262,12
38,2025-11-14 07:00:00,54,2621.702883325541,12
39,2025-11-14 08:00:00,54,2622.8803476485505,12
40,2025-11-14 09:00:00,54,2628.170341134173,12
41,2025-11-14 10:00:00,54,2635.1621573188995,12
42,2025-11-14 11:00:00,54,2638.0022260802702,12
43,2025-11-14 12:00:00,54,2642.011775282183,12
44,2025-11-14 13:00:00,54,2638.0022260802702,12
45,2025-11-14 14:00:00,54,2634.98635475323,12
46,2025-11-14 15:00:00,54,2630.0817866092534,12
47,2025-11-14 16:00:00,54,2627.129998311934,12
48,2025-11-14 17:00:00,54,2630.9764263885654,12
49,2025-11-14 18:00:00,54,2636.411284595161,12
50,2025-11-14 19:00:00,54,2645.200055851304,12
51,2025-11-14 20:00:00,54,2648.869889711246,12
52,2025-11-14 21:00:00,54,2654.0422447533224,12
53,2025-11-14 22:00:00,54,2658.509925442055,12
54,2025-11-14 23:00:00,54,2668.5434239921888,12
55,2025-11-15 00:00:00,54,2671.962691680706,12
56,2025-11-15 01:00:00,54,2672.9097912491534,12
57,2025-11-15 02:00:00,54,2621.950624872599,10
58,2025-11-15 03:00:00,54,2670.0714171684995,12
59,2025-11-15 04:00:00,54,2666.255727860656,12
60,2025-11-15 05:00:00,54,2660.1873236498272,12
61,2025-11-15 06:00:00,54,2650.7367346270453,12
62,2025-11-15 07:00:00,54,2645.284532715124,12
63,2025-11-15 08:00:00,54,2646.338131914172,12
64,2025-11-15 09:00:00,54,2648.703279254305,12
65,2025-11-15 10:00:00,54,2653.8790165173014,12
66,2025-11-15 11:00:00,54,2655.4457026293458,12
67,2025-11-15 12:00:00,54,2655.1006509332456,12
68,2025-11-15 13:00:00,54,2655.8915365584467,12
69,2025-11-15 14:00:00,54,2646.443251957583,12
70,2025-11-15 15:00:00,54,2635.008336643052,12
71,2025-11-15 16:00:00,54,2633.0888580101987,12
72,2025-11-15 17:00:00,54,2637.109897400266,12
73,2025-11-15 18:00:00,54,2645.1789322508366,12
74,2025-11-15 19:00:00,54,2652.9383925616794,12
75,2025-11-15 20:00:00,54,2661.7744070171284,12
76,2025-11-15 21:00:00,54,2670.3604748314065,12
77,2025-11-15 22:00:00,54,2623.67100068486,10
78,2025-11-15 23:00:00,54,2623.374336317739,10
79,2025-11-16 00:00:00,54,2622.939570804833,10
80,2025-11-16 01:00:00,54,2623.060580050438,10
81,2025-11-16 02:00:00,54,2623.17538037583,10
82,2025-11-16 03:00:00,54,2622.489764922871,10
83,2025-11-16 04:00:00,54,2622.170239437557,10
84,2025-11-16 05:00:00,54,2623.038308785134,10
85,2025-11-16 06:00:00,54,2621.859022693808,10
86,2025-11-16 07:00:00,54,2663.1548332689417,12
87,2025-11-16 08:00:00,54,2659.1102925382675,12
88,2025-11-16 09:00:00,54,2657.5664381121064,12
89,2025-11-16 10:00:00,54,2655.181882273013,12
90,2025-11-16 11:00:00,54,2654.7347841865226,12
91,2025-11-16 12:00:00,54,2653.1022321562223,12
92,2025-11-16 13:00:00,54,2648.348867646255,12
93,2025-11-16 14:00:00,54,2642.993760535535,12
94,2025-11-16 15:00:00,54,2632.77863659782,12
95,2025-11-16 16:00:00,54,2627.4923305106126,12
96,2025-11-16 17:00:00,54,2627.7411404305712,12
97,2025-11-16 18:00:00,54,2628.3057306074616,12
98,2025-11-16 19:00:00,54,2635.9736850571926,12
99,2025-11-16 20:00:00,54,2641.1977119160206,12
100,2025-11-16 21:00:00,54,2647.471131394669,12
101,2025-11-16 22:00:00,54,2650.9846084970486,12
102,2025-11-16 23:00:00,54,2655.4254186039598,12
103,2025-11-17 00:00:00,54,2660.087793932131,12
104,2025-11-17 01:00:00,54,2660.4260327414986,12
105,2025-11-17 02:00:00,54,2661.2597154527007,12
106,2025-11-17 03:00:00,54,2659.7690312560044,12
107,2025-11-17 04:00:00,54,2650.178127301344,12
108,2025-11-17 05:00:00,54,2627.1753175393687,12
109,2025-11-17 06:00:00,54,2610.497598630441,12
110,2025-11-17 07:00:00,54,2606.677911294702,12
111,2025-11-17 08:00:00,54,2606.0153898046133,12
112,2025-11-17 09:00:00,54,2611.4378820826373,12
113,2025-11-17 10:00:00,54,2614.9045173062104,12
114,2025-11-17 11:00:00,54,2618.138228665477,12
115,2025-11-17 12:00:00,54,2616.93910773349,12
116,2025-11-17 13:00:00,54,2612.758218265989,12
117,2025-11-17 14:00:00,54,2605.892517240588,12
118,2025-11-17 15:00:00,54,2633.587425067897,12
119,2025-11-17 16:00:00,54,2627.851930112188,12
120,2025-11-17 17:00:00,54,2632.24465445578,12
121,2025-11-17 18:00:00,54,2634.0983359547004,12
122,2025-11-17 19:00:00,54,2603.025644621312,12
123,2025-11-17 20:00:00,54,2608.0954841266744,12
124,2025-11-17 21:00:00,54,2619.2618049734792,12
125,2025-11-17 22:00:00,54,2626.9259637134264,12
126,2025-11-17 23:00:00,54,2641.7549827772177,12
127,2025-11-18 00:00:00,54,2645.2422977903293,12
128,2025-11-18 01:00:00,54,2646.338131914172,12
129,2025-11-18 02:00:00,54,2647.826771797922,12
130,2025-11-18 03:00:00,54,2650.9226628417123,12
131,2025-11-18 04:00:00,54,2641.9262064661884,12
132,2025-11-18 05:00:00,54,2618.067844322237,12
133,2025-11-18 06:00:00,54,2630.1807098569107,12
134,2025-11-18 07:00:00,54,2627.254071985706,12
135,2025-11-18 08:00:00,54,2627.627890435839,12
136,2025-11-18 09:00:00,54,2602.5032872905394,12
137,2025-11-18 10:00:00,54,2606.089085794596,12
138,2025-11-18 11:00:00,54,2611.004323916036,12
139,2025-11-18 12:00:00,54,2610.038288060174,12
140,2025-11-18 13:00:00,54,2605.2280116173856,12
141,2025-11-18 14:00:00,54,2632.684853316065,12
142,2025-11-18 15:00:00,54,2623.436188736398,12
143,2025-11-18 16:00:00,54,2615.4502181509224,12
144,2025-11-18 17:00:00,54,2618.327988552044,12
145,2025-11-18 18:00:00,54,2624.320161359256,12
146,2025-11-18 19:00:00,54,2628.870178560914,12
147,2025-11-18 20:00:00,54,2602.3040211806906,12
148,2025-11-18 21:00:00,54,2616.1602634290984,12
149,2025-11-18 22:00:00,54,2623.891935517683,12
150,2025-11-18 23:00:00,54,2635.096245430666,12
151,2025-11-19 00:00:00,54,2637.5890936080223,12
152,2025-11-19 01:00:00,54,2637.871835044,12
153,2025-11-19 02:00:00,54,2636.5424192919018,12
154,2025-11-19 03:00:00,54,2637.76312520353,12
155,2025-11-19 04:00:00,54,2630.305736983832,12
156,2025-11-19 05:00:00,54,2606.898381294893,12
157,2025-11-19 06:00:00,54,2619.7425106045694,12
158,2025-11-19 07:00:00,54,2617.7342334496384,12
159,2025-11-19 08:00:00,54,2618.04418330922,12
160,2025-11-19 09:00:00,54,2622.346141810071,12
161,2025-11-19 10:00:00,54,2624.320161359256,12
162,2025-11-19 11:00:00,54,2624.622564808756,12
163,2025-11-19 12:00:00,54,2627.1043976977367,12
164,2025-11-19 13:00:00,54,2628.0011853353503,12
165,2025-11-19 14:00:00,54,2624.143600940929,12
166,2025-11-19 15:00:00,54,2619.1776001421817,12
167,2025-11-19 16:00:00,54,2614.091343124913,12
0,2025-11-12 17:00:00,55,1044.1284849599722,37
1,2025-11-12 18:00:00,55,1048.2201765559696,36
2,2025-11-12 19:00:00,55,1052.1697130574844,35
3,2025-11-12 20:00:00,55,1059.121897826666,35
4,2025-11-12 21:00:00,55,1055.7404625188517,33
5,2025-11-12 22:00:00,55,1001.3827650776644,35
6,2025-11-12 23:00:00,55,1002.56044139965,35
7,2025-11-13 00:00:00,55,1007.8654417206984,35
8,2025-11-13 01:00:00,55,1003.0661835169828,32
9,2025-11-13 02:00:00,55,1003.139276627027,32
10,2025-11-13 03:00:00,55,1003.0880631831744,32
11,2025-11-13 04:00:00,55,1007.2897831458022,35
12,2025-11-13 05:00:00,55,1055.3887914842478,33
13,2025-11-13 06:00:00,55,1056.0362108512595,35
14,2025-11-13 07:00:00,55,1055.645337998135,35
15,2025-11-13 08:00:00,55,1053.4746140388006,35
16,2025-11-13 09:00:00,55,1049.4130112207472,35
17,2025-11-13 10:00:00,55,1045.8244453150876,36
18,2025-11-13 11:00:00,55,1044.632799291481,37
19,2025-11-13 12:00:00,55,1044.1621644478394,37
20,2025-11-13 13:00:00,55,1044.2519354684628,37
21,2025-11-13 14:00:00,55,1043.5546483490998,37
22,2025-11-13 15:00:00,55,1041.0166125545657,37
23,2025-11-13 16:00:00,55,1043.3515360945603,37
24,2025-11-13 17:00:00,55,1042.5928221397955,37
25,2025-11-13 18:00:00,55,1041.8983449862817,37
26,2025-11-13 19:00:00,55,1044.867504077545,37
27,2025-11-13 20:00:00,55,1049.5101386120973,35
28,2025-11-13 21:00:00,55,1053.4222444224029,35
29,2025-11-13 22:00:00,55,1058.4182023905712,35
30,2025-11-13 23:00:00,55,1060.3279566022418,35
31,2025-11-14 00:00:00,55,1060.389684156632,35
32,2025-11-14 01:00:00,55,1053.7845247095524,33
33,2025-11-14 02:00:00,55,1054.305390667544,33
34,2025-11-14 03:00:00,55,1053.5233270119334,33
35,2025-11-14 04:00:00,55,1056.1286164287003,35
36,2025-11-14 05:00:00,55,1044.8339997557046,37
37,2025-11-14 06:00:00,55,1034.835964343538,37
38,2025-11-14 07:00:00,55,1033.240150610054,37
39,2025-11-14 08:00:00,55,1033.8589138485609,37
40,2025-11-14 09:00:00,55,1036.6390136769085,37
41,2025-11-14 10:00:00,55,1040.314018817379,37
42,2025-11-14 11:00:00,55,1041.8070021264218,37
43,2025-11-14 12:00:00,55,1043.914986755462,37
44,2025-11-14 13:00:00,55,1041.8070021264218,37
45,2025-11-14 14:00:00,55,1040.221605972308,37
46,2025-11-14 15:00:00,55,1037.643634097532,37
47,2025-11-14 16:00:00,55,1036.0922475080836,37
48,2025-11-14 17:00:00,55,1038.1138562140018,37
49,2025-11-14 18:00:00,55,1040.9706517461989,37
50,2025-11-14 19:00:00,55,1045.59139861518,36
51,2025-11-14 20:00:00,55,1047.521254452822,36
52,2025-11-14 21:00:00,55,1050.24172068167,35
53,2025-11-14 22:00:00,55,1052.5920505678598,35
54,2025-11-14 23:00:00,55,1057.8487891258897,35
55,2025-11-15 00:00:00,55,1059.6336594999768,35
56,2025-11-15 01:00:00,55,1060.1301385494662,35
57,2025-11-15 02:00:00,55,1053.734334071385,33
58,2025-11-15 03:00:00,55,1058.6449831727732,35
59,2025-11-15 04:00:00,55,1056.6608321410135,35
60,2025-11-15 05:00:00,55,1053.4746140388006,35
61,2025-11-15 06:00:00,55,1048.5030780879413,36
62,2025-11-15 07:00:00,55,1045.6358194957097,36
63,2025-11-15 08:00:00,55,1046.1898502435404,36
64,2025-11-15 09:00:00,55,1047.4336331163026,36
65,2025-11-15 10:00:00,55,1050.1558595870015,35
66,2025-11-15 11:00:00,55,1050.979991346216,35
67,2025-11-15 12:00:00,55,1050.798477115249,35
68,2025-11-15 13:00:00,55,1051.2145262106228,35
69,2025-11-15 14:00:00,55,1046.245128364931,36
70,2025-11-15 15:00:00,55,1040.233161006027,37
71,2025-11-15 16:00:00,55,1039.2241914250117,37
72,2025-11-15 17:00:00,55,1041.3379042909512,37
73,2025-11-15 18:00:00,55,1045.5802911108224,36
74,2025-11-15 19:00:00,55,1049.6610857639475,35
75,2025-11-15 20:00:00,55,1054.3097260931152,35
76,2025-11-15 21:00:00,55,1058.7958581595385,35
77,2025-11-15 22:00:00,55,1055.0686603411043,33
78,2025-11-15 23:00:00,55,1055.349631638841,33
79,2025-11-16 00:00:00,55,1055.732824090384,33
80,2025-11-16 01:00:00,55,1055.6293070170325,33
81,2025-11-16 02:00:00,55,1055.52892253904,33
82,2025-11-16 03:00:00,55,1056.0986066643543,33
83,2025-11-16 04:00:00,55,1056.342033655121,33
84,2025-11-16 05:00:00,55,1055.6485328138178,33
85,2025-11-16 06:00:00,55,1053.684124546758,33
86,2025-11-16 07:00:00,55,1055.036151829356,35
87,2025-11-16 08:00:00,55,1052.9079255488791,35
88,2025-11-16 09:00:00,55,1052.0956659469175,35
89,2025-11-16 10:00:00,55,1050.8412085570394,35
90,2025-11-16 11:00:00,55,1050.6060162153328,35
91,2025-11-16 12:00:00,55,1049.747264919571,35
92,2025-11-16 13:00:00,55,1047.2472480475274,36
93,2025-11-16 14:00:00,55,1044.4312990650333,37
94,2025-11-16 15:00:00,55,1039.0611291727191,37
95,2025-11-16 16:00:00,55,1036.2826746073192,37
96,2025-11-16 17:00:00,55,1036.4134399054722,37
97,2025-11-16 18:00:00,55,1036.7101703926544,37
98,2025-11-16 19:00:00,55,1040.740614639477,37
99,2025-11-16 20:00:00,55,1043.4869780788674,37
100,2025-11-16 21:00:00,55,1046.7856575824187,36
101,2025-11-16 22:00:00,55,1048.6334471737955,36
102,2025-11-16 23:00:00,55,1050.9693208689696,35
103,2025-11-17 00:00:00,55,1053.4222444224029,35
104,2025-11-17 01:00:00,55,1053.6002168145455,35
105,2025-11-17 02:00:00,55,1054.0388916811703,35
106,2025-11-17 03:00:00,55,1053.2545225963545,35
107,2025-11-17 04:00:00,55,1048.209283813803,36
108,2025-11-17 05:00:00,55,1036.1160653701795,37
109,2025-11-17 06:00:00,55,1027.3523125629904,37
110,2025-11-17 07:00:00,55,1025.3454429085857,37
111,2025-11-17 08:00:00,55,1024.9973604537693,37
112,2025-11-17 09:00:00,55,1027.8463513687138,37
113,2025-11-17 10:00:00,55,1029.66782203765,37
114,2025-11-17 11:00:00,55,1031.3669871032082,37
115,2025-11-17 12:00:00,55,1030.7368950676382,37
116,2025-11-17 13:00:00,55,1028.5400847727833,37
117,2025-11-17 14:00:00,55,1024.9328045991062,37
118,2025-11-17 15:00:00,55,1033.7437073976168,37
119,2025-11-17 16:00:00,55,1030.723289157133,37
120,2025-11-17 17:00:00,55,1033.0365747435692,37
121,2025-11-17 18:00:00,55,1034.012765416108,37
122,2025-11-17 19:00:00,55,1023.4265996323616,37
123,2025-11-17 20:00:00,55,1026.0902290467675,37
124,2025-11-17 21:00:00,55,1031.9573943770142,37
125,2025-11-17 22:00:00,55,1035.9850158826112,37
126,2025-11-17 23:00:00,55,1043.7799721519063,37
127,2025-11-18 00:00:00,55,1045.613610882562,36
128,2025-11-18 01:00:00,55,1046.1898502435404,36
129,2025-11-18 02:00:00,55,1046.972682518406,36
130,2025-11-18 03:00:00,55,1048.6008667756678,36
131,2025-11-18 04:00:00,55,1043.8699968404103,37
132,2025-11-18 05:00:00,55,1031.3300025011972,37
133,2025-11-18 06:00:00,55,1031.9496623903574,37
134,2025-11-18 07:00:00,55,1030.408447991553,37
135,2025-11-18 08:00:00,55,1030.6053064429982,37
136,2025-11-18 09:00:00,55,1023.152165463358,37
137,2025-11-18 10:00:00,55,1025.0360795248084,37
138,2025-11-18 11:00:00,55,1027.6185528461465,37
139,2025-11-18 12:00:00,55,1027.1109859117173,37
140,2025-11-18 13:00:00,55,1024.5836819917083,37
141,2025-11-18 14:00:00,55,1033.2683927671233,37
142,2025-11-18 15:00:00,55,1028.3978930481476,37
143,2025-11-18 16:00:00,55,1024.1923044322918,37
144,2025-11-18 17:00:00,55,1025.7078170510133,37
145,2025-11-18 18:00:00,55,1028.8634067816029,37
146,2025-11-18 19:00:00,55,1031.2595147335203,37
147,2025-11-18 20:00:00,55,1023.0474760083648,37
148,2025-11-18 21:00:00,55,1030.3276485108129,37
149,2025-11-18 22:00:00,55,1034.3905194326328,37
150,2025-11-18 23:00:00,55,1040.2793713448868,37
151,2025-11-19 00:00:00,55,1041.5898165174003,37
152,2025-11-19 01:00:00,55,1041.7384546750136,37
153,2025-11-19 02:00:00,55,1041.039587139721,37
154,2025-11-19 03:00:00,55,1041.6813053827302,37
155,2025-11-19 04:00:00,55,1037.7613412996436,37
156,2025-11-19 05:00:00,55,1025.461276183154,37
157,2025-11-19 06:00:00,55,1026.4527357353802,37
158,2025-11-19 07:00:00,55,1025.3951311370256,37
159,2025-11-19 08:00:00,55,1025.5583583940388,37
160,2025-11-19 09:00:00,55,1027.823856516897,37
161,2025-11-19 10:00:00,55,1028.8634067816029,37
162,2025-11-19 11:00:00,55,1029.0226570384032,37
163,2025-11-19 12:00:00,55,1030.329627262209,37
164,2025-11-19 13:00:00,55,1030.801889251449,37
165,2025-11-19 14:00:00,55,1028.7704273579477,37
166,2025-11-19 15:00:00,55,1026.1552418507094,37
167,2025-11-19 16:00:00,55,1023.4766751815488,37
0,2025-11-12 17:00:00,56,1840.0255458478468,23
1,2025-11-12 18:00:00,56,1840.7881240849763,23
2,2025-11-12 19:00:00,56,1841.506587952573,23
3,2025-11-12 20:00:00,56,1842.8521215291928,24
4,2025-11-12 21:00:00,56,1824.861588040576,23
5,2025-11-12 22:00:00,56,1804.6699055518725,19
6,2025-11-12 23:00:00,56,1805.0635515360443,19
7,2025-11-13 00:00:00,56,1806.800309212636,19
8,2025-11-13 01:00:00,56,1779.2620205392816,19
9,2025-11-13 02:00:00,56,1779.2101293614955,19
10,2025-11-13 03:00:00,56,1779.2466928742642,19
11,2025-11-13 04:00:00,56,1806.6159840094044,19
12,2025-11-13 05:00:00,56,1824.82442803632,23
13,2025-11-13 06:00:00,56,1842.192005949828,23
14,2025-11-13 07:00:00,56,1842.1235567758451,23
15,2025-11-13 08:00:00,56,1841.7399532956424,23
16,2025-11-13 09:00:00,56,1841.006993004873,23
17,2025-11-13 10:00:00,56,1840.3438002537173,23
18,2025-11-13 11:00:00,56,1840.1204977830712,23
19,2025-11-13 12:00:00,56,1840.0318952317664,23
20,2025-11-13 13:00:00,56,1840.0488134578063,23
21,2025-11-13 14:00:00,56,1839.917183996107,23
22,2025-11-13 15:00:00,56,1839.4339005726797,23
23,2025-11-13 16:00:00,56,1839.878747676185,23
24,2025-11-13 17:00:00,56,1839.734799160903,23
25,2025-11-13 18:00:00,56,1839.6025285489688,23
26,2025-11-13 19:00:00,56,1840.164597363364,23
27,2025-11-13 20:00:00,56,1841.024744034063,23
28,2025-11-13 21:00:00,56,1841.7306271549503,23
29,2025-11-13 22:00:00,56,1842.7018692315364,23
30,2025-11-13 23:00:00,56,1843.1065423158911,24
31,2025-11-14 00:00:00,56,1843.119455827902,24
32,2025-11-14 01:00:00,56,1824.602083427434,23
33,2025-11-14 02:00:00,56,1824.6831264357147,23
34,2025-11-14 03:00:00,56,1824.561316545343,23
35,2025-11-14 04:00:00,56,1842.2081596133328,23
36,2025-11-14 05:00:00,56,1840.158305638004,23
37,2025-11-14 06:00:00,56,1838.231039204711,23
38,2025-11-14 07:00:00,56,1837.9148218916016,22
39,2025-11-14 08:00:00,56,1838.0376965703888,22
40,2025-11-14 09:00:00,56,1838.5856020235788,23
41,2025-11-14 10:00:00,56,1839.298984502411,23
42,2025-11-14 11:00:00,56,1839.5850953942536,23
43,2025-11-14 12:00:00,56,1839.985269057408,23
44,2025-11-14 13:00:00,56,1839.5850953942536,23
45,2025-11-14 14:00:00,56,1839.281203048721,23
46,2025-11-14 15:00:00,56,1838.7818741934973,23
47,2025-11-14 16:00:00,56,1838.4783921768849,23
48,2025-11-14 17:00:00,56,1838.8734200740728,23
49,2025-11-14 18:00:00,56,1839.425089687084,23
50,2025-11-14 19:00:00,56,1840.3002477615828,23
51,2025-11-14 20:00:00,56,1840.6591454745744,23
52,2025-11-14 21:00:00,56,1841.158102984745,23
53,2025-11-14 22:00:00,56,1841.5823412537504,23
54,2025-11-14 23:00:00,56,1842.579346560041,23
55,2025-11-15 00:00:00,56,1842.9605642851895,24
56,2025-11-15 01:00:00,56,1843.065086550824,24
57,2025-11-15 02:00:00,56,1824.594256369253,23
58,2025-11-15 03:00:00,56,1842.750433285266,23
59,2025-11-15 04:00:00,56,1842.3211029904223,23
60,2025-11-15 05:00:00,56,1841.7399532956424,23
61,2025-11-15 06:00:00,56,1840.840176739294,23
62,2025-11-15 07:00:00,56,1840.308553728988,23
63,2025-11-15 08:00:00,56,1840.411971628786,23
64,2025-11-15 09:00:00,56,1840.642937961063,23
65,2025-11-15 10:00:00,56,1841.1424832007967,23
66,2025-11-15 11:00:00,56,1841.292057808392,23
67,2025-11-15 12:00:00,56,1841.259181611161,23
68,2025-11-15 13:00:00,56,1841.3344804222932,23
69,2025-11-15 14:00:00,56,1840.4222720827952,23
70,2025-11-15 15:00:00,56,1839.2834268434565,23
71,2025-11-15 16:00:00,56,1839.0887627481125,23
72,2025-11-15 17:00:00,56,1839.495435500384,23
73,2025-11-15 18:00:00,56,1840.298170515125,23
74,2025-11-15 19:00:00,56,1841.0523099271377,23
75,2025-11-15 20:00:00,56,1841.8882206136616,23
76,2025-11-15 21:00:00,56,1842.7826679501504,23
77,2025-11-15 22:00:00,56,1824.7899084647795,23
78,2025-11-15 23:00:00,56,1824.8202399569996,23
79,2025-11-16 00:00:00,56,1824.8607897523516,23
80,2025-11-16 01:00:00,56,1824.849931889437,23
81,2025-11-16 02:00:00,56,1824.839333614592,23
82,2025-11-16 03:00:00,56,1824.8985545479147,23
83,2025-11-16 04:00:00,56,1824.9231396487075,23
84,2025-11-16 05:00:00,56,1824.8519539819672,23
85,2025-11-16 06:00:00,56,1824.5864232536744,23
86,2025-11-16 07:00:00,56,1842.0164933604003,23
87,2025-11-16 08:00:00,56,1841.638859364508,23
88,2025-11-16 09:00:00,56,1841.4932844997609,23
89,2025-11-16 10:00:00,56,1841.266924653384,23
90,2025-11-16 11:00:00,56,1841.2242809956297,23
91,2025-11-16 12:00:00,56,1841.0680363022557,23
92,2025-11-16 13:00:00,56,1840.6084339458448,23
93,2025-11-16 14:00:00,56,1840.0825912134696,23
94,2025-11-16 15:00:00,56,1839.057210980303,23
95,2025-11-16 16:00:00,56,1838.5157619372733,23
96,2025-11-16 17:00:00,56,1838.541404494347,23
97,2025-11-16 18:00:00,56,1838.599534394793,23
98,2025-11-16 19:00:00,56,1839.3809594291647,23
99,2025-11-16 20:00:00,56,1839.9043829826817,23
100,2025-11-16 21:00:00,56,1840.5228202610267,23
101,2025-11-16 22:00:00,56,1840.864134063857,23
102,2025-11-16 23:00:00,56,1841.290126210879,23
103,2025-11-17 00:00:00,56,1841.7306271549503,23
104,2025-11-17 01:00:00,56,1841.762307443464,23
105,2025-11-17 02:00:00,56,1841.8402297066543,23
106,2025-11-17 03:00:00,56,1841.7007363658847,23
107,2025-11-17 04:00:00,56,1840.7861180887417,23
108,2025-11-17 05:00:00,56,1838.4830680355667,23
109,2025-11-17 06:00:00,56,1836.7295538874744,22
110,2025-11-17 07:00:00,56,1836.3192238240877,22
111,2025-11-17 08:00:00,56,1836.2477412633268,22
112,2025-11-17 09:00:00,56,1836.830087531316,22
113,2025-11-17 10:00:00,56,1837.1990700211904,22
114,2025-11-17 11:00:00,56,1837.54084702467,22
115,2025-11-17 12:00:00,56,1837.4143857610427,22
116,2025-11-17 13:00:00,56,1836.970932575785,22
117,2025-11-17 14:00:00,56,1836.2344739853825,22
118,2025-11-17 15:00:00,56,1842.0297270839344,23
119,2025-11-17 16:00:00,56,1841.3991194865976,23
120,2025-11-17 17:00:00,56,1841.882680097612,23
121,2025-11-17 18:00:00,56,1842.085580847142,23
122,2025-11-17 19:00:00,56,1835.9240437118683,22
123,2025-11-17 20:00:00,56,1836.4718655826805,22
124,2025-11-17 21:00:00,56,1837.6590422038191,22
125,2025-11-17 22:00:00,56,1838.4573343954,23
126,2025-11-17 23:00:00,56,1839.959774034354,23
127,2025-11-18 00:00:00,56,1840.3044013489068,23
128,2025-11-18 01:00:00,56,1840.411971628786,23
129,2025-11-18 02:00:00,56,1840.5575367078527,23
130,2025-11-18 03:00:00,56,1840.8581486937403,23
131,2025-11-18 04:00:00,56,1839.976775628038,23
132,2025-11-18 05:00:00,56,1837.5334332478835,22
133,2025-11-18 06:00:00,56,1841.6559513187697,23
134,2025-11-18 07:00:00,56,1841.333013742176,23
135,2025-11-18 08:00:00,56,1841.374355299976,23
136,2025-11-18 09:00:00,56,1835.867302552321,22
137,2025-11-18 10:00:00,56,1836.2556971601089,22
138,2025-11-18 11:00:00,56,1836.783755839624,22
139,2025-11-18 12:00:00,56,1836.680376038161,22
140,2025-11-18 13:00:00,56,1836.1626695021816,22
141,2025-11-18 14:00:00,56,1841.9309265086235,23
142,2025-11-18 15:00:00,56,1840.9092567565956,22
143,2025-11-18 16:00:00,56,1840.0141843525405,22
144,2025-11-18 17:00:00,56,1840.3380469293304,22
145,2025-11-18 18:00:00,56,1841.00761639503,22
146,2025-11-18 19:00:00,56,1841.5115485744896,23
147,2025-11-18 20:00:00,56,1835.8456428183435,22
148,2025-11-18 21:00:00,56,1837.332072612054,22
149,2025-11-18 22:00:00,56,1838.142996905612,23
150,2025-11-18 23:00:00,56,1839.292318841961,23
151,2025-11-19 00:00:00,56,1839.5436112887207,23
152,2025-11-19 01:00:00,56,1839.572007375752,23
153,2025-11-19 02:00:00,56,1839.4383041215867,23
154,2025-11-19 03:00:00,56,1839.56109207581,23
155,2025-11-19 04:00:00,56,1838.804809529085,23
156,2025-11-19 05:00:00,56,1836.3429911814087,22
157,2025-11-19 06:00:00,56,1840.4966968984425,22
158,2025-11-19 07:00:00,56,1840.271345886534,22
159,2025-11-19 08:00:00,56,1840.306172749585,22
160,2025-11-19 09:00:00,56,1840.7877666671031,22
161,2025-11-19 10:00:00,56,1841.00761639503,22
162,2025-11-19 11:00:00,56,1841.0412311693217,22
163,2025-11-19 12:00:00,56,1841.3164533154336,23
164,2025-11-19 13:00:00,56,1841.4156119901504,23
165,2025-11-19 14:00:00,56,1840.98798221838,22
166,2025-11-19 15:00:00,56,1840.4333807774765,22
167,2025-11-19 16:00:00,56,1839.8607540993405,22
